game_id,year,date,league,game_number,split,playoffs,patch,datacompleteness,source_url,source_series_id,blue_team,blue_team_id,red_team,red_team_id,first_pick_side,blue_result,red_result,winner_side,winner_team,blue_ban1,red_ban1,blue_pick1,red_pick1,blue_ban2,red_ban2,blue_pick2,red_pick2,blue_ban3,red_ban3,blue_pick3,red_pick3,blue_ban4,red_ban4,blue_pick4,red_pick4,blue_ban5,red_ban5,blue_pick5,red_pick5,team_pair,series_id,fearless_unavailable_before_game,fearless_unavailable_count,fearless_repeat_detected,blue_games_before,blue_wins_before,blue_win_rate_before,blue_season_games_before,blue_season_wins_before,blue_season_win_rate_before,blue_last5_games,blue_last5_win_rate,blue_last10_games,blue_last10_win_rate,blue_side_games_before,blue_side_win_rate_before,blue_patch_games_before,blue_patch_win_rate_before,blue_h2h_games_before,blue_h2h_win_rate_before,red_games_before,red_wins_before,red_win_rate_before,red_season_games_before,red_season_wins_before,red_season_win_rate_before,red_last5_games,red_last5_win_rate,red_last10_games,red_last10_win_rate,red_side_games_before,red_side_win_rate_before,red_patch_games_before,red_patch_win_rate_before,red_h2h_games_before,red_h2h_win_rate_before
LOLTMNT03_337058,2026,2026-01-14 08:13:43+00:00,LCK,1,Cup,0,16.01,complete,,,DN SOOPers,oe:team:b3c72a20aa56f5d28022ac04a7dc294,KT Rolster,oe:team:d723992568441c6bafa2658129eade7,RED,1,0,BLUE,DN SOOPers,Jayce,Neeko,Rumble,Malphite,Azir,Vi,Wukong,Yunara,Orianna,Sylas,Ahri,Taliyah,Ambessa,Rakan,Corki,Alistar,Nautilus,Aphelios,Pantheon,K'Sante,oe:team:b3c72a20aa56f5d28022ac04a7dc294|oe:team:d723992568441c6bafa2658129eade7,2026_20260114_DN_SOOPers_vs_KT_Rolster_S1,[],0,False,0.0,0.0,,0.0,0.0,,0.0,,0.0,,0.0,,0.0,,0.0,,0.0,0.0,,0.0,0.0,,0.0,,0.0,,0.0,,0.0,,0.0,
LOLTMNT03_337069,2026,2026-01-14 09:06:16+00:00,LCK,2,Cup,0,16.01,complete,,,DN SOOPers,oe:team:b3c72a20aa56f5d28022ac04a7dc294,KT Rolster,oe:team:d723992568441c6bafa2658129eade7,RED,0,1,RED,KT Rolster,Jayce,Neeko,Ashe,Ryze,Azir,Vi,Dr. Mundo,Lucian,Orianna,Cassiopeia,Viktor,Braum,Jarvan IV,Renata Glasc,Soraka,Renekton,Nocturne,Lulu,Sion,Sylas,oe:team:b3c72a20aa56f5d28022ac04a7dc294|oe:team:d723992568441c6bafa2658129eade7,2026_20260114_DN_SOOPers_vs_KT_Rolster_S1,"[""Rumble"", ""Malphite"", ""Wukong"", ""Yunara"", ""Ahri"", ""Taliyah"", ""Corki"", ""Alistar"", ""Pantheon"", ""K'Sante""]",10,False,1.0,1.0,1.0,1.0,1.0,1.0,1.0,1.0,1.0,1.0,1.0,1.0,1.0,1.0,1.0,1.0,1.0,0.0,0.0,1.0,0.0,0.0,1.0,0.0,1.0,0.0,1.0,0.0,1.0,0.0,1.0,0.0
LOLTMNT03_337081,2026,2026-01-14 09:54:54+00:00,LCK,3,Cup,0,16.01,complete,,,KT Rolster,oe:team:d723992568441c6bafa2658129eade7,DN SOOPers,oe:team:b3c72a20aa56f5d28022ac04a7dc294,RED,1,0,BLUE,KT Rolster,Vi,Poppy,Aphelios,Ambessa,Neeko,Jayce,Jarvan IV,Nocturne,Orianna,Azir,Thresh,Ziggs,Nautilus,Akali,Rek'Sai,Aurora,Leona,Mel,Zoe,Rell,oe:team:b3c72a20aa56f5d28022ac04a7dc294|oe:team:d723992568441c6bafa2658129eade7,2026_20260114_DN_SOOPers_vs_KT_Rolster_S1,"[""Rumble"", ""Malphite"", ""Wukong"", ""Yunara"", ""Ahri"", ""Taliyah"", ""Corki"", ""Alistar"", ""Pantheon"", ""K'Sante"", ""Ashe"", ""Ryze"", ""Dr. Mundo"", ""Lucian"", ""Viktor"", ""Braum"", ""Soraka"", ""Renekton"", ""Sion"", ""Sylas""]",20,False,2.0,1.0,0.5,2.0,1.0,0.5,2.0,0.5,2.0,0.5,0.0,,2.0,0.5,2.0,0.5,2.0,1.0,0.5,2.0,1.0,0.5,2.0,0.5,2.0,0.5,0.0,,2.0,0.5,2.0,0.5
LOLTMNT03_337109,2026,2026-01-14 11:22:18+00:00,LCK,1,Cup,0,16.01,complete,,,Dplus Kia,oe:team:ef69efa6acebe94107f0cf1ba716806,HANJIN BRION,oe:team:b77b3f6068e20a2b3edc0ecd3dc70d4,RED,1,0,BLUE,Dplus Kia,Azir,Qiyana,Jarvan IV,Neeko,Jayce,Malphite,Ryze,Xin Zhao,Orianna,Rumble,Ambessa,Taliyah,Renekton,Bard,Karma,Yunara,Kai'Sa,Lucian,Ezreal,Rek'Sai,oe:team:b77b3f6068e20a2b3edc0ecd3dc70d4|oe:team:ef69efa6acebe94107f0cf1ba716806,2026_20260114_Dplus_Kia_vs_HANJIN_BRION_S1,[],0,False,0.0,0.0,,0.0,0.0,,0.0,,0.0,,0.0,,0.0,,0.0,,0.0,0.0,,0.0,0.0,,0.0,,0.0,,0.0,,0.0,,0.0,
LOLTMNT03_336084,2026,2026-01-14 12:11:18+00:00,LCK,2,Cup,0,16.01,complete,,,Dplus Kia,oe:team:ef69efa6acebe94107f0cf1ba716806,HANJIN BRION,oe:team:b77b3f6068e20a2b3edc0ecd3dc70d4,RED,1,0,BLUE,Dplus Kia,Azir,Qiyana,Rumble,Orianna,Jayce,Malphite,Pantheon,Nocturne,Vi,Akali,LeBlanc,K'Sante,Rakan,Lucian,Bard,Jhin,Nautilus,Kalista,Sivir,Elise,oe:team:b77b3f6068e20a2b3edc0ecd3dc70d4|oe:team:ef69efa6acebe94107f0cf1ba716806,2026_20260114_Dplus_Kia_vs_HANJIN_BRION_S1,"[""Jarvan IV"", ""Neeko"", ""Ryze"", ""Xin Zhao"", ""Ambessa"", ""Taliyah"", ""Karma"", ""Yunara"", ""Ezreal"", ""Rek'Sai""]",10,False,1.0,1.0,1.0,1.0,1.0,1.0,1.0,1.0,1.0,1.0,1.0,1.0,1.0,1.0,1.0,1.0,1.0,0.0,0.0,1.0,0.0,0.0,1.0,0.0,1.0,0.0,1.0,0.0,1.0,0.0,1.0,0.0
LOLTMNT03_336244,2026,2026-01-15 08:05:23+00:00,LCK,1,Cup,0,16.01,complete,,,Kiwoom DRX,oe:team:1d0389df0c5eea93b04122ba167c010,Gen.G,oe:team:50f58982d91a36557ec8aec52ab014f,RED,0,1,RED,Gen.G,Rumble,Neeko,Yunara,Azir,Jayce,Malphite,Xin Zhao,Pantheon,Poppy,Varus,Orianna,Corki,K'Sante,Lulu,Alistar,Renekton,Sion,Bard,Kennen,Nami,oe:team:1d0389df0c5eea93b04122ba167c010|oe:team:50f58982d91a36557ec8aec52ab014f,2026_20260115_Gen_G_vs_Kiwoom_DRX_S1,[],0,False,0.0,0.0,,0.0,0.0,,0.0,,0.0,,0.0,,0.0,,0.0,,0.0,0.0,,0.0,0.0,,0.0,,0.0,,0.0,,0.0,,0.0,
LOLTMNT03_336246,2026,2026-01-15 08:56:47+00:00,LCK,2,Cup,0,16.01,complete,,,Gen.G,oe:team:50f58982d91a36557ec8aec52ab014f,Kiwoom DRX,oe:team:1d0389df0c5eea93b04122ba167c010,BLUE,1,0,BLUE,Gen.G,Neeko,Rumble,Ryze,Cassiopeia,Sylas,Jayce,Ambessa,Jarvan IV,Vi,Malphite,Wukong,Bard,Varus,Nautilus,Ezreal,Sion,Sivir,Rakan,Leona,Jhin,oe:team:1d0389df0c5eea93b04122ba167c010|oe:team:50f58982d91a36557ec8aec52ab014f,2026_20260115_Gen_G_vs_Kiwoom_DRX_S1,"[""Yunara"", ""Azir"", ""Xin Zhao"", ""Pantheon"", ""Orianna"", ""Corki"", ""Alistar"", ""Renekton"", ""Kennen"", ""Nami""]",10,False,1.0,1.0,1.0,1.0,1.0,1.0,1.0,1.0,1.0,1.0,0.0,,1.0,1.0,1.0,1.0,1.0,0.0,0.0,1.0,0.0,0.0,1.0,0.0,1.0,0.0,0.0,,1.0,0.0,1.0,0.0
LOLTMNT03_337298,2026,2026-01-15 10:15:24+00:00,LCK,1,Cup,0,16.01,complete,,,Nongshim RedForce,oe:team:5cd2cd09ec94296f605dd13a2924d6c,BNK FEARX,oe:team:5c2e7e9ea8dfcba0150d9a5619baecf,BLUE,0,1,RED,BNK FEARX,Vi,Rumble,Malphite,Yunara,Azir,Orianna,Aphelios,Nautilus,Sylas,Jayce,Taliyah,Ahri,Ambessa,Alistar,Sion,Lulu,Dr. Mundo,Neeko,Karma,Rek'Sai,oe:team:5c2e7e9ea8dfcba0150d9a5619baecf|oe:team:5cd2cd09ec94296f605dd13a2924d6c,2026_20260115_BNK_FEARX_vs_Nongshim_RedForce_S1,[],0,False,0.0,0.0,,0.0,0.0,,0.0,,0.0,,0.0,,0.0,,0.0,,0.0,0.0,,0.0,0.0,,0.0,,0.0,,0.0,,0.0,,0.0,
LOLTMNT03_337304,2026,2026-01-15 11:14:42+00:00,LCK,2,Cup,0,16.01,complete,,,BNK FEARX,oe:team:5c2e7e9ea8dfcba0150d9a5619baecf,Nongshim RedForce,oe:team:5cd2cd09ec94296f605dd13a2924d6c,RED,1,0,BLUE,BNK FEARX,Rumble,Vi,Neeko,Orianna,Jayce,Azir,Pantheon,Varus,Jarvan IV,Ambessa,Ezreal,Alistar,Nocturne,LeBlanc,Sylas,Renekton,Xin Zhao,Gnar,Kennen,Wukong,oe:team:5c2e7e9ea8dfcba0150d9a5619baecf|oe:team:5cd2cd09ec94296f605dd13a2924d6c,2026_20260115_BNK_FEARX_vs_Nongshim_RedForce_S1,"[""Malphite"", ""Yunara"", ""Aphelios"", ""Nautilus"", ""Taliyah"", ""Ahri"", ""Sion"", ""Lulu"", ""Karma"", ""Rek'Sai""]",10,False,1.0,1.0,1.0,1.0,1.0,1.0,1.0,1.0,1.0,1.0,0.0,,1.0,1.0,1.0,1.0,1.0,0.0,0.0,1.0,0.0,0.0,1.0,0.0,1.0,0.0,0.0,,1.0,0.0,1.0,0.0
LOLTMNT03_336495,2026,2026-01-16 08:05:40+00:00,LCK,1,Cup,0,16.01,complete,,,Dplus Kia,oe:team:ef69efa6acebe94107f0cf1ba716806,DN SOOPers,oe:team:b3c72a20aa56f5d28022ac04a7dc294,RED,1,0,BLUE,Dplus Kia,Azir,Qiyana,K'Sante,Rumble,Orianna,Jayce,Ryze,Wukong,Neeko,Cassiopeia,Yunara,Taliyah,Varus,Jarvan IV,Ambessa,Corki,Jhin,Nautilus,Lulu,Nami,oe:team:b3c72a20aa56f5d28022ac04a7dc294|oe:team:ef69efa6acebe94107f0cf1ba716806,2026_20260116_DN_SOOPers_vs_Dplus_Kia_S1,[],0,False,2.0,2.0,1.0,2.0,2.0,1.0,2.0,1.0,2.0,1.0,2.0,1.0,2.0,1.0,0.0,,3.0,1.0,0.3333333333333333,3.0,1.0,0.3333333333333333,3.0,0.3333333333333333,3.0,0.3333333333333333,1.0,0.0,3.0,0.3333333333333333,0.0,
LOLTMNT03_336502,2026,2026-01-16 08:53:11+00:00,LCK,2,Cup,0,16.01,complete,,,Dplus Kia,oe:team:ef69efa6acebe94107f0cf1ba716806,DN SOOPers,oe:team:b3c72a20aa56f5d28022ac04a7dc294,RED,1,0,BLUE,Dplus Kia,Orianna,Qiyana,Varus,Jarvan IV,Azir,Jayce,Xin Zhao,Sion,Akali,LeBlanc,Gwen,Syndra,Ezreal,Bard,Ekko,Ashe,Sivir,Neeko,Rakan,Braum,oe:team:b3c72a20aa56f5d28022ac04a7dc294|oe:team:ef69efa6acebe94107f0cf1ba716806,2026_20260116_DN_SOOPers_vs_Dplus_Kia_S1,"[""K'Sante"", ""Rumble"", ""Ryze"", ""Wukong"", ""Yunara"", ""Taliyah"", ""Ambessa"", ""Corki"", ""Lulu"", ""Nami""]",10,False,3.0,3.0,1.0,3.0,3.0,1.0,3.0,1.0,3.0,1.0,3.0,1.0,3.0,1.0,1.0,1.0,4.0,1.0,0.25,4.0,1.0,0.25,4.0,0.25,4.0,0.25,2.0,0.0,4.0,0.25,1.0,0.0
LOLTMNT03_337590,2026,2026-01-16 10:08:16+00:00,LCK,1,Cup,0,16.01,complete,,,T1,oe:team:ce499dea30cfce118f4fe85da0227e8,Hanwha Life Esports,oe:team:3a1d18f46bcb3716ebcfcf4ef068934,RED,0,1,RED,Hanwha Life Esports,Jayce,Malphite,Ryze,Rumble,Azir,Orianna,Pantheon,Vi,Varus,Yunara,Ambessa,Taliyah,Rell,Bard,Lucian,Corki,Nautilus,Aphelios,Milio,Alistar,oe:team:3a1d18f46bcb3716ebcfcf4ef068934|oe:team:ce499dea30cfce118f4fe85da0227e8,2026_20260116_Hanwha_Life_Esports_vs_T1_S1,[],0,False,0.0,0.0,,0.0,0.0,,0.0,,0.0,,0.0,,0.0,,0.0,,0.0,0.0,,0.0,0.0,,0.0,,0.0,,0.0,,0.0,,0.0,
LOLTMNT03_336511,2026,2026-01-16 11:07:37+00:00,LCK,2,Cup,0,16.01,complete,,,Hanwha Life Esports,oe:team:3a1d18f46bcb3716ebcfcf4ef068934,T1,oe:team:ce499dea30cfce118f4fe85da0227e8,BLUE,0,1,RED,T1,Malphite,Jayce,Aurora,Aphelios,Orianna,Azir,Wukong,Xin Zhao,Yunara,Varus,Rakan,Lulu,Galio,Yone,Gnar,K'Sante,Sion,Gwen,Ziggs,Sylas,oe:team:3a1d18f46bcb3716ebcfcf4ef068934|oe:team:ce499dea30cfce118f4fe85da0227e8,2026_20260116_Hanwha_Life_Esports_vs_T1_S1,"[""Ryze"", ""Rumble"", ""Pantheon"", ""Vi"", ""Ambessa"", ""Taliyah"", ""Lucian"", ""Corki"", ""Milio"", ""Alistar""]",10,False,1.0,1.0,1.0,1.0,1.0,1.0,1.0,1.0,1.0,1.0,0.0,,1.0,1.0,1.0,1.0,1.0,0.0,0.0,1.0,0.0,0.0,1.0,0.0,1.0,0.0,0.0,,1.0,0.0,1.0,0.0
LOLTMNT03_337603,2026,2026-01-16 11:56:34+00:00,LCK,3,Cup,0,16.01,complete,,,T1,oe:team:ce499dea30cfce118f4fe85da0227e8,Hanwha Life Esports,oe:team:3a1d18f46bcb3716ebcfcf4ef068934,RED,1,0,BLUE,T1,Jayce,Malphite,Bard,Azir,Varus,Poppy,Orianna,Jarvan IV,Rell,Yunara,Nocturne,Rek'Sai,Renata Glasc,Ezreal,Sivir,Nautilus,Ashe,Gwen,Akali,Jhin,oe:team:3a1d18f46bcb3716ebcfcf4ef068934|oe:team:ce499dea30cfce118f4fe85da0227e8,2026_20260116_Hanwha_Life_Esports_vs_T1_S1,"[""Ryze"", ""Rumble"", ""Pantheon"", ""Vi"", ""Ambessa"", ""Taliyah"", ""Lucian"", ""Corki"", ""Milio"", ""Alistar"", ""Aurora"", ""Aphelios"", ""Wukong"", ""Xin Zhao"", ""Rakan"", ""Lulu"", ""Gnar"", ""K'Sante"", ""Ziggs"", ""Sylas""]",20,False,2.0,1.0,0.5,2.0,1.0,0.5,2.0,0.5,2.0,0.5,1.0,0.0,2.0,0.5,2.0,0.5,2.0,1.0,0.5,2.0,1.0,0.5,2.0,0.5,2.0,0.5,1.0,1.0,2.0,0.5,2.0,0.5
LOLTMNT03_336667,2026,2026-01-17 08:05:53+00:00,LCK,1,Cup,0,16.01,complete,,,BNK FEARX,oe:team:5c2e7e9ea8dfcba0150d9a5619baecf,HANJIN BRION,oe:team:b77b3f6068e20a2b3edc0ecd3dc70d4,BLUE,1,0,BLUE,BNK FEARX,Neeko,Jayce,Azir,Taliyah,Malphite,Rumble,Pantheon,Vi,Gwen,Sion,Renekton,Gnar,Poppy,Bard,Xayah,Ezreal,Yunara,Lucian,Rakan,Leona,oe:team:5c2e7e9ea8dfcba0150d9a5619baecf|oe:team:b77b3f6068e20a2b3edc0ecd3dc70d4,2026_20260117_BNK_FEARX_vs_HANJIN_BRION_S1,[],0,False,2.0,2.0,1.0,2.0,2.0,1.0,2.0,1.0,2.0,1.0,1.0,1.0,2.0,1.0,0.0,,2.0,0.0,0.0,2.0,0.0,0.0,2.0,0.0,2.0,0.0,2.0,0.0,2.0,0.0,0.0,
LOLTMNT03_337754,2026,2026-01-17 09:01:27+00:00,LCK,2,Cup,0,16.01,complete,,,BNK FEARX,oe:team:5c2e7e9ea8dfcba0150d9a5619baecf,HANJIN BRION,oe:team:b77b3f6068e20a2b3edc0ecd3dc70d4,RED,0,1,RED,HANJIN BRION,Rumble,Neeko,Yunara,Ryze,Orianna,Jarvan IV,Lulu,Ambessa,Jayce,Malphite,Xin Zhao,Nautilus,Corki,Cassiopeia,Galio,Varus,Aphelios,Syndra,Aatrox,Trundle,oe:team:5c2e7e9ea8dfcba0150d9a5619baecf|oe:team:b77b3f6068e20a2b3edc0ecd3dc70d4,2026_20260117_BNK_FEARX_vs_HANJIN_BRION_S1,"[""Azir"", ""Taliyah"", ""Pantheon"", ""Vi"", ""Renekton"", ""Gnar"", ""Xayah"", ""Ezreal"", ""Rakan"", ""Leona""]",10,False,3.0,3.0,1.0,3.0,3.0,1.0,3.0,1.0,3.0,1.0,2.0,1.0,3.0,1.0,1.0,1.0,3.0,0.0,0.0,3.0,0.0,0.0,3.0,0.0,3.0,0.0,3.0,0.0,3.0,0.0,1.0,0.0
LOLTMNT03_337756,2026,2026-01-17 09:47:06+00:00,LCK,3,Cup,0,16.01,complete,,,HANJIN BRION,oe:team:b77b3f6068e20a2b3edc0ecd3dc70d4,BNK FEARX,oe:team:5c2e7e9ea8dfcba0150d9a5619baecf,RED,0,1,RED,BNK FEARX,Jayce,Malphite,Sion,Orianna,Rumble,Jarvan IV,Lucian,Rek'Sai,Neeko,Gwen,Braum,Wukong,Kalista,Akali,Syndra,Kai'Sa,Aphelios,LeBlanc,Poppy,Alistar,oe:team:5c2e7e9ea8dfcba0150d9a5619baecf|oe:team:b77b3f6068e20a2b3edc0ecd3dc70d4,2026_20260117_BNK_FEARX_vs_HANJIN_BRION_S1,"[""Azir"", ""Taliyah"", ""Pantheon"", ""Vi"", ""Renekton"", ""Gnar"", ""Xayah"", ""Ezreal"", ""Rakan"", ""Leona"", ""Yunara"", ""Ryze"", ""Lulu"", ""Ambessa"", ""Xin Zhao"", ""Nautilus"", ""Galio"", ""Varus"", ""Aatrox"", ""Trundle""]",20,False,4.0,1.0,0.25,4.0,1.0,0.25,4.0,0.25,4.0,0.25,0.0,,4.0,0.25,2.0,0.5,4.0,3.0,0.75,4.0,3.0,0.75,4.0,0.75,4.0,0.75,1.0,1.0,4.0,0.75,2.0,0.5
LOLTMNT03_336695,2026,2026-01-17 11:10:45+00:00,LCK,1,Cup,0,16.01,complete,,,KT Rolster,oe:team:d723992568441c6bafa2658129eade7,Gen.G,oe:team:50f58982d91a36557ec8aec52ab014f,RED,0,1,RED,Gen.G,Jayce,Neeko,Taliyah,Rumble,Azir,Malphite,Vi,Varus,Ambessa,Orianna,K'Sante,Yone,Bard,Sivir,Alistar,Rakan,Poppy,Ziggs,Ezreal,Xin Zhao,oe:team:50f58982d91a36557ec8aec52ab014f|oe:team:d723992568441c6bafa2658129eade7,2026_20260117_Gen_G_vs_KT_Rolster_S1,[],0,False,3.0,2.0,0.6666666666666666,3.0,2.0,0.6666666666666666,3.0,0.6666666666666666,3.0,0.6666666666666666,1.0,1.0,3.0,0.6666666666666666,0.0,,2.0,2.0,1.0,2.0,2.0,1.0,2.0,1.0,2.0,1.0,1.0,1.0,2.0,1.0,0.0,
LOLTMNT03_337782,2026,2026-01-17 12:05:01+00:00,LCK,2,Cup,0,16.01,complete,,,Gen.G,oe:team:50f58982d91a36557ec8aec52ab014f,KT Rolster,oe:team:d723992568441c6bafa2658129eade7,RED,1,0,BLUE,Gen.G,Azir,Neeko,Yunara,Ryze,Orianna,Jayce,Anivia,Renekton,Malphite,Cassiopeia,Sion,Wukong,Aphelios,Lulu,Ambessa,Ziggs,Corki,Poppy,Rell,Nautilus,oe:team:50f58982d91a36557ec8aec52ab014f|oe:team:d723992568441c6bafa2658129eade7,2026_20260117_Gen_G_vs_KT_Rolster_S1,"[""Taliyah"", ""Rumble"", ""Vi"", ""Varus"", ""K'Sante"", ""Yone"", ""Alistar"", ""Rakan"", ""Ezreal"", ""Xin Zhao""]",10,False,3.0,3.0,1.0,3.0,3.0,1.0,3.0,1.0,3.0,1.0,1.0,1.0,3.0,1.0,1.0,1.0,4.0,2.0,0.5,4.0,2.0,0.5,4.0,0.5,4.0,0.5,2.0,0.5,4.0,0.5,1.0,0.0
LOLTMNT03_336834,2026,2026-01-18 08:05:24+00:00,LCK,1,Cup,0,16.01,complete,,,Hanwha Life Esports,oe:team:3a1d18f46bcb3716ebcfcf4ef068934,Nongshim RedForce,oe:team:5cd2cd09ec94296f605dd13a2924d6c,RED,0,1,RED,Nongshim RedForce,Rumble,Ambessa,Aphelios,Pantheon,Jayce,Malphite,Azir,Orianna,Varus,Yunara,Lulu,Neeko,Gwen,Xin Zhao,Sion,Corki,Miss Fortune,Jarvan IV,Aatrox,Zaahen,oe:team:3a1d18f46bcb3716ebcfcf4ef068934|oe:team:5cd2cd09ec94296f605dd13a2924d6c,2026_20260118_Hanwha_Life_Esports_vs_Nongshim_RedForce_S1,[],0,False,3.0,1.0,0.3333333333333333,3.0,1.0,0.3333333333333333,3.0,0.3333333333333333,3.0,0.3333333333333333,1.0,0.0,3.0,0.3333333333333333,0.0,,2.0,0.0,0.0,2.0,0.0,0.0,2.0,0.0,2.0,0.0,1.0,0.0,2.0,0.0,0.0,
LOLTMNT03_336842,2026,2026-01-18 08:58:36+00:00,LCK,2,Cup,0,16.01,complete,,,Nongshim RedForce,oe:team:5cd2cd09ec94296f605dd13a2924d6c,Hanwha Life Esports,oe:team:3a1d18f46bcb3716ebcfcf4ef068934,RED,1,0,BLUE,Nongshim RedForce,Jayce,Malphite,Jarvan IV,Ryze,Rumble,Vi,Yunara,Ambessa,Yone,Poppy,Taliyah,Varus,Rakan,Alistar,Nautilus,Xin Zhao,Rell,Renekton,Gwen,Braum,oe:team:3a1d18f46bcb3716ebcfcf4ef068934|oe:team:5cd2cd09ec94296f605dd13a2924d6c,2026_20260118_Hanwha_Life_Esports_vs_Nongshim_RedForce_S1,"[""Aphelios"", ""Pantheon"", ""Azir"", ""Orianna"", ""Lulu"", ""Neeko"", ""Sion"", ""Corki"", ""Aatrox"", ""Zaahen""]",10,False,3.0,1.0,0.3333333333333333,3.0,1.0,0.3333333333333333,3.0,0.3333333333333333,3.0,0.3333333333333333,1.0,0.0,3.0,0.3333333333333333,1.0,1.0,4.0,1.0,0.25,4.0,1.0,0.25,4.0,0.25,4.0,0.25,2.0,0.5,4.0,0.25,1.0,0.0
LOLTMNT03_337890,2026,2026-01-18 10:20:18+00:00,LCK,1,Cup,0,16.01,complete,,,T1,oe:team:ce499dea30cfce118f4fe85da0227e8,Kiwoom DRX,oe:team:1d0389df0c5eea93b04122ba167c010,RED,1,0,BLUE,T1,Jayce,Malphite,Nocturne,Orianna,Varus,Pantheon,Azir,Xin Zhao,Jarvan IV,Rumble,Aphelios,Yunara,Renekton,Lulu,Zaahen,Jax,Rek'Sai,Ambessa,Thresh,Bard,oe:team:1d0389df0c5eea93b04122ba167c010|oe:team:ce499dea30cfce118f4fe85da0227e8,2026_20260118_Kiwoom_DRX_vs_T1_S1,[],0,False,3.0,2.0,0.6666666666666666,3.0,2.0,0.6666666666666666,3.0,0.6666666666666666,3.0,0.6666666666666666,2.0,0.5,3.0,0.6666666666666666,0.0,,2.0,0.0,0.0,2.0,0.0,0.0,2.0,0.0,2.0,0.0,1.0,0.0,2.0,0.0,0.0,
LOLTMNT03_337894,2026,2026-01-18 11:12:18+00:00,LCK,2,Cup,0,16.01,complete,,,T1,oe:team:ce499dea30cfce118f4fe85da0227e8,Kiwoom DRX,oe:team:1d0389df0c5eea93b04122ba167c010,BLUE,0,1,RED,Kiwoom DRX,Varus,Rumble,Ryze,Renekton,Malphite,Jayce,Neeko,Ambessa,Vi,Pantheon,Gnar,Taliyah,Nami,Jarvan IV,Sylas,Alistar,Karma,Wukong,Kai'Sa,Corki,oe:team:1d0389df0c5eea93b04122ba167c010|oe:team:ce499dea30cfce118f4fe85da0227e8,2026_20260118_Kiwoom_DRX_vs_T1_S1,"[""Nocturne"", ""Orianna"", ""Azir"", ""Xin Zhao"", ""Aphelios"", ""Yunara"", ""Zaahen"", ""Jax"", ""Thresh"", ""Bard""]",10,False,4.0,3.0,0.75,4.0,3.0,0.75,4.0,0.75,4.0,0.75,3.0,0.6666666666666666,4.0,0.75,1.0,1.0,3.0,0.0,0.0,3.0,0.0,0.0,3.0,0.0,3.0,0.0,2.0,0.0,3.0,0.0,1.0,0.0
LOLTMNT03_336867,2026,2026-01-18 12:05:41+00:00,LCK,3,Cup,0,16.01,complete,,,Kiwoom DRX,oe:team:1d0389df0c5eea93b04122ba167c010,T1,oe:team:ce499dea30cfce118f4fe85da0227e8,BLUE,0,1,RED,T1,Malphite,Jayce,Vi,Jarvan IV,Pantheon,Rumble,Lucian,Aurora,Wukong,Akali,Braum,Gwen,Xayah,K'Sante,Gragas,Kalista,Zeri,Kennen,Syndra,Renata Glasc,oe:team:1d0389df0c5eea93b04122ba167c010|oe:team:ce499dea30cfce118f4fe85da0227e8,2026_20260118_Kiwoom_DRX_vs_T1_S1,"[""Nocturne"", ""Orianna"", ""Azir"", ""Xin Zhao"", ""Aphelios"", ""Yunara"", ""Zaahen"", ""Jax"", ""Thresh"", ""Bard"", ""Ryze"", ""Renekton"", ""Neeko"", ""Ambessa"", ""Gnar"", ""Taliyah"", ""Sylas"", ""Alistar"", ""Kai'Sa"", ""Corki""]",20,False,4.0,1.0,0.25,4.0,1.0,0.25,4.0,0.25,4.0,0.25,1.0,0.0,4.0,0.25,2.0,0.5,5.0,3.0,0.6,5.0,3.0,0.6,5.0,0.6,5.0,0.6,1.0,1.0,5.0,0.6,2.0,0.5
LOLTMNT03_338494,2026,2026-01-21 08:05:24+00:00,LCK,1,Cup,0,16.01,complete,,,Dplus Kia,oe:team:ef69efa6acebe94107f0cf1ba716806,Nongshim RedForce,oe:team:5cd2cd09ec94296f605dd13a2924d6c,RED,1,0,BLUE,Dplus Kia,Orianna,Malphite,Ryze,Rumble,Azir,Yunara,K'Sante,Pantheon,Jayce,Vi,Jarvan IV,Taliyah,Nautilus,Lucian,Bard,Ezreal,Varus,Karma,Sivir,Neeko,oe:team:5cd2cd09ec94296f605dd13a2924d6c|oe:team:ef69efa6acebe94107f0cf1ba716806,2026_20260121_Dplus_Kia_vs_Nongshim_RedForce_S1,[],0,False,4.0,4.0,1.0,4.0,4.0,1.0,4.0,1.0,4.0,1.0,4.0,1.0,4.0,1.0,0.0,,4.0,2.0,0.5,4.0,2.0,0.5,4.0,0.5,4.0,0.5,2.0,0.5,4.0,0.5,0.0,
LOLTMNT03_339373,2026,2026-01-21 09:07:05+00:00,LCK,2,Cup,0,16.01,complete,,,Dplus Kia,oe:team:ef69efa6acebe94107f0cf1ba716806,Nongshim RedForce,oe:team:5cd2cd09ec94296f605dd13a2924d6c,RED,0,1,RED,Nongshim RedForce,Orianna,Malphite,Qiyana,Ambessa,Azir,Vi,Varus,Yunara,Jayce,Renekton,Nautilus,Aurora,Braum,Ahri,Zoe,Nocturne,Alistar,LeBlanc,Gwen,Leona,oe:team:5cd2cd09ec94296f605dd13a2924d6c|oe:team:ef69efa6acebe94107f0cf1ba716806,2026_20260121_Dplus_Kia_vs_Nongshim_RedForce_S1,"[""Ryze"", ""Rumble"", ""K'Sante"", ""Pantheon"", ""Jarvan IV"", ""Taliyah"", ""Bard"", ""Ezreal"", ""Sivir"", ""Neeko""]",10,False,5.0,5.0,1.0,5.0,5.0,1.0,5.0,1.0,5.0,1.0,5.0,1.0,5.0,1.0,1.0,1.0,5.0,2.0,0.4,5.0,2.0,0.4,5.0,0.4,5.0,0.4,3.0,0.3333333333333333,5.0,0.4,1.0,0.0
LOLTMNT03_338498,2026,2026-01-21 09:52:46+00:00,LCK,3,Cup,0,16.01,complete,,,Dplus Kia,oe:team:ef69efa6acebe94107f0cf1ba716806,Nongshim RedForce,oe:team:5cd2cd09ec94296f605dd13a2924d6c,RED,1,0,BLUE,Dplus Kia,Orianna,Malphite,Vi,Jayce,Azir,Poppy,Lucian,Kalista,Lulu,Sion,Nami,Renata Glasc,Xin Zhao,Ahri,Zaahen,Gnar,Wukong,LeBlanc,Twisted Fate,Akali,oe:team:5cd2cd09ec94296f605dd13a2924d6c|oe:team:ef69efa6acebe94107f0cf1ba716806,2026_20260121_Dplus_Kia_vs_Nongshim_RedForce_S1,"[""Ryze"", ""Rumble"", ""K'Sante"", ""Pantheon"", ""Jarvan IV"", ""Taliyah"", ""Bard"", ""Ezreal"", ""Sivir"", ""Neeko"", ""Qiyana"", ""Ambessa"", ""Varus"", ""Yunara"", ""Nautilus"", ""Aurora"", ""Zoe"", ""Nocturne"", ""Gwen"", ""Leona""]",20,False,6.0,5.0,0.8333333333333334,6.0,5.0,0.8333333333333334,5.0,0.8,6.0,0.8333333333333334,6.0,0.8333333333333334,6.0,0.8333333333333334,2.0,0.5,6.0,3.0,0.5,6.0,3.0,0.5,5.0,0.6,6.0,0.5,4.0,0.5,6.0,0.5,2.0,0.5
LOLTMNT03_338517,2026,2026-01-21 11:14:52+00:00,LCK,1,Cup,0,16.01,complete,,,DN SOOPers,oe:team:b3c72a20aa56f5d28022ac04a7dc294,Kiwoom DRX,oe:team:1d0389df0c5eea93b04122ba167c010,RED,0,1,RED,Kiwoom DRX,Jayce,Malphite,Azir,Orianna,Ambessa,Neeko,Yunara,Nocturne,Bard,Rumble,Alistar,Corki,Poppy,Gnar,Xin Zhao,Renekton,Rakan,K'Sante,Rek'Sai,Braum,oe:team:1d0389df0c5eea93b04122ba167c010|oe:team:b3c72a20aa56f5d28022ac04a7dc294,2026_20260121_DN_SOOPers_vs_Kiwoom_DRX_S1,[],0,False,5.0,1.0,0.2,5.0,1.0,0.2,5.0,0.2,5.0,0.2,2.0,0.5,5.0,0.2,0.0,,5.0,1.0,0.2,5.0,1.0,0.2,5.0,0.2,5.0,0.2,3.0,0.3333333333333333,5.0,0.2,0.0,
LOLTMNT03_338532,2026,2026-01-21 12:06:46+00:00,LCK,2,Cup,0,16.01,complete,,,Kiwoom DRX,oe:team:1d0389df0c5eea93b04122ba167c010,DN SOOPers,oe:team:b3c72a20aa56f5d28022ac04a7dc294,BLUE,0,1,RED,DN SOOPers,Malphite,Jayce,Pantheon,Neeko,Vi,Ambessa,Gnar,Ryze,K'Sante,Rumble,Taliyah,Kennen,Jarvan IV,Bard,Leona,Lee Sin,Wukong,Nautilus,Sivir,Aphelios,oe:team:1d0389df0c5eea93b04122ba167c010|oe:team:b3c72a20aa56f5d28022ac04a7dc294,2026_20260121_DN_SOOPers_vs_Kiwoom_DRX_S1,"[""Azir"", ""Orianna"", ""Yunara"", ""Nocturne"", ""Alistar"", ""Corki"", ""Xin Zhao"", ""Renekton"", ""Rek'Sai"", ""Braum""]",10,False,6.0,2.0,0.3333333333333333,6.0,2.0,0.3333333333333333,5.0,0.4,6.0,0.3333333333333333,2.0,0.0,6.0,0.3333333333333333,1.0,1.0,6.0,1.0,0.16666666666666666,6.0,1.0,0.16666666666666666,5.0,0.0,6.0,0.16666666666666666,3.0,0.0,6.0,0.16666666666666666,1.0,0.0
LOLTMNT03_338544,2026,2026-01-21 13:00:21+00:00,LCK,3,Cup,0,16.01,complete,,,DN SOOPers,oe:team:b3c72a20aa56f5d28022ac04a7dc294,Kiwoom DRX,oe:team:1d0389df0c5eea93b04122ba167c010,BLUE,1,0,BLUE,DN SOOPers,Malphite,Rumble,Jayce,Aurora,Bard,Varus,Zoe,Jarvan IV,Ambessa,Vi,K'Sante,Gwen,Miss Fortune,Nautilus,Kalista,Lucian,Ashe,Rell,Renata Glasc,Nami,oe:team:1d0389df0c5eea93b04122ba167c010|oe:team:b3c72a20aa56f5d28022ac04a7dc294,2026_20260121_DN_SOOPers_vs_Kiwoom_DRX_S1,"[""Azir"", ""Orianna"", ""Yunara"", ""Nocturne"", ""Alistar"", ""Corki"", ""Xin Zhao"", ""Renekton"", ""Rek'Sai"", ""Braum"", ""Pantheon"", ""Neeko"", ""Gnar"", ""Ryze"", ""Taliyah"", ""Kennen"", ""Leona"", ""Lee Sin"", ""Sivir"", ""Aphelios""]",20,False,7.0,2.0,0.2857142857142857,7.0,2.0,0.2857142857142857,5.0,0.2,7.0,0.2857142857142857,3.0,0.3333333333333333,7.0,0.2857142857142857,2.0,0.5,7.0,2.0,0.2857142857142857,7.0,2.0,0.2857142857142857,5.0,0.4,7.0,0.2857142857142857,4.0,0.5,7.0,0.2857142857142857,2.0,0.5
LOLTMNT03_339583,2026,2026-01-22 08:05:25+00:00,LCK,1,Cup,0,16.01,complete,,,Hanwha Life Esports,oe:team:3a1d18f46bcb3716ebcfcf4ef068934,HANJIN BRION,oe:team:b77b3f6068e20a2b3edc0ecd3dc70d4,RED,1,0,BLUE,Hanwha Life Esports,Jayce,Malphite,Azir,Pantheon,Rumble,Ambessa,Varus,Orianna,Poppy,Aurora,Jarvan IV,Jhin,Bard,Alistar,Rakan,Nocturne,Neeko,Nautilus,Gnar,Renekton,oe:team:3a1d18f46bcb3716ebcfcf4ef068934|oe:team:b77b3f6068e20a2b3edc0ecd3dc70d4,2026_20260122_HANJIN_BRION_vs_Hanwha_Life_Esports_S1,[],0,False,5.0,1.0,0.2,5.0,1.0,0.2,5.0,0.2,5.0,0.2,2.0,0.0,5.0,0.2,0.0,,5.0,1.0,0.2,5.0,1.0,0.2,5.0,0.2,5.0,0.2,4.0,0.25,5.0,0.2,0.0,
LOLTMNT03_339592,2026,2026-01-22 09:06:13+00:00,LCK,2,Cup,0,16.01,complete,,,Hanwha Life Esports,oe:team:3a1d18f46bcb3716ebcfcf4ef068934,HANJIN BRION,oe:team:b77b3f6068e20a2b3edc0ecd3dc70d4,RED,0,1,RED,HANJIN BRION,Jayce,Malphite,Yunara,Ambessa,Rumble,Aphelios,Aurora,Corki,Vi,Ryze,Aatrox,Taliyah,Nautilus,Lulu,Poppy,Xin Zhao,Neeko,Alistar,Zaahen,Elise,oe:team:3a1d18f46bcb3716ebcfcf4ef068934|oe:team:b77b3f6068e20a2b3edc0ecd3dc70d4,2026_20260122_HANJIN_BRION_vs_Hanwha_Life_Esports_S1,"[""Azir"", ""Pantheon"", ""Varus"", ""Orianna"", ""Jarvan IV"", ""Jhin"", ""Rakan"", ""Nocturne"", ""Gnar"", ""Renekton""]",10,False,6.0,2.0,0.3333333333333333,6.0,2.0,0.3333333333333333,5.0,0.2,6.0,0.3333333333333333,3.0,0.3333333333333333,6.0,0.3333333333333333,1.0,1.0,6.0,1.0,0.16666666666666666,6.0,1.0,0.16666666666666666,5.0,0.2,6.0,0.16666666666666666,5.0,0.2,6.0,0.16666666666666666,1.0,0.0
LOLTMNT03_339605,2026,2026-01-22 10:02:22+00:00,LCK,3,Cup,0,16.01,complete,,,HANJIN BRION,oe:team:b77b3f6068e20a2b3edc0ecd3dc70d4,Hanwha Life Esports,oe:team:3a1d18f46bcb3716ebcfcf4ef068934,RED,0,1,RED,Hanwha Life Esports,Rumble,Malphite,Ryze,Vi,Jayce,Neeko,Lucian,Sivir,Aphelios,Cassiopeia,Braum,Alistar,Anivia,Trundle,Wukong,Gwen,Galio,Kennen,K'Sante,Akali,oe:team:3a1d18f46bcb3716ebcfcf4ef068934|oe:team:b77b3f6068e20a2b3edc0ecd3dc70d4,2026_20260122_HANJIN_BRION_vs_Hanwha_Life_Esports_S1,"[""Azir"", ""Pantheon"", ""Varus"", ""Orianna"", ""Jarvan IV"", ""Jhin"", ""Rakan"", ""Nocturne"", ""Gnar"", ""Renekton"", ""Yunara"", ""Ambessa"", ""Aurora"", ""Corki"", ""Aatrox"", ""Taliyah"", ""Poppy"", ""Xin Zhao"", ""Zaahen"", ""Elise""]",20,False,7.0,2.0,0.2857142857142857,7.0,2.0,0.2857142857142857,5.0,0.4,7.0,0.2857142857142857,1.0,0.0,7.0,0.2857142857142857,2.0,0.5,7.0,2.0,0.2857142857142857,7.0,2.0,0.2857142857142857,5.0,0.2,7.0,0.2857142857142857,3.0,0.3333333333333333,7.0,0.2857142857142857,2.0,0.5
LOLTMNT03_339627,2026,2026-01-22 11:14:53+00:00,LCK,1,Cup,0,16.01,complete,,,Gen.G,oe:team:50f58982d91a36557ec8aec52ab014f,BNK FEARX,oe:team:5c2e7e9ea8dfcba0150d9a5619baecf,BLUE,1,0,BLUE,Gen.G,Neeko,Jayce,Azir,Yunara,Malphite,Rumble,Corki,Pantheon,Varus,Xin Zhao,Jarvan IV,Lulu,Taliyah,Nautilus,Renekton,K'Sante,Sion,Gwen,Nami,Akali,oe:team:50f58982d91a36557ec8aec52ab014f|oe:team:5c2e7e9ea8dfcba0150d9a5619baecf,2026_20260122_BNK_FEARX_vs_Gen_G_S1,[],0,False,4.0,4.0,1.0,4.0,4.0,1.0,4.0,1.0,4.0,1.0,2.0,1.0,4.0,1.0,0.0,,5.0,4.0,0.8,5.0,4.0,0.8,5.0,0.8,5.0,0.8,2.0,1.0,5.0,0.8,0.0,
LOLTMNT03_340003,2026,2026-01-22 12:11:59+00:00,LCK,2,Cup,0,16.01,complete,,,Gen.G,oe:team:50f58982d91a36557ec8aec52ab014f,BNK FEARX,oe:team:5c2e7e9ea8dfcba0150d9a5619baecf,RED,1,0,BLUE,Gen.G,Rumble,Malphite,Xin Zhao,Orianna,Jayce,Varus,Ryze,Ambessa,Neeko,Vi,Gwen,Ezreal,Jax,Lucian,Jhin,Qiyana,Aurora,Poppy,Rakan,Leona,oe:team:50f58982d91a36557ec8aec52ab014f|oe:team:5c2e7e9ea8dfcba0150d9a5619baecf,2026_20260122_BNK_FEARX_vs_Gen_G_S1,"[""Azir"", ""Yunara"", ""Corki"", ""Pantheon"", ""Jarvan IV"", ""Lulu"", ""Renekton"", ""K'Sante"", ""Nami"", ""Akali""]",10,False,5.0,5.0,1.0,5.0,5.0,1.0,5.0,1.0,5.0,1.0,3.0,1.0,5.0,1.0,1.0,1.0,6.0,4.0,0.6666666666666666,6.0,4.0,0.6666666666666666,5.0,0.6,6.0,0.6666666666666666,3.0,0.6666666666666666,6.0,0.6666666666666666,1.0,0.0
LOLTMNT03_341143,2026,2026-01-23 08:04:55+00:00,LCK,1,Cup,0,16.01,complete,,,T1,oe:team:ce499dea30cfce118f4fe85da0227e8,KT Rolster,oe:team:d723992568441c6bafa2658129eade7,RED,1,0,BLUE,T1,Jayce,Bard,Ryze,Varus,Rumble,Neeko,Vi,Renekton,Orianna,Azir,Gnar,Taliyah,Nautilus,Yunara,Ezreal,Rakan,Malphite,Poppy,Lissandra,Wukong,oe:team:ce499dea30cfce118f4fe85da0227e8|oe:team:d723992568441c6bafa2658129eade7,2026_20260123_KT_Rolster_vs_T1_S1,[],0,False,6.0,4.0,0.6666666666666666,6.0,4.0,0.6666666666666666,5.0,0.8,6.0,0.6666666666666666,4.0,0.5,6.0,0.6666666666666666,0.0,,5.0,2.0,0.4,5.0,2.0,0.4,5.0,0.4,5.0,0.4,3.0,0.3333333333333333,5.0,0.4,0.0,
LOLTMNT03_341150,2026,2026-01-23 09:00:11+00:00,LCK,2,Cup,0,16.01,complete,,,T1,oe:team:ce499dea30cfce118f4fe85da0227e8,KT Rolster,oe:team:d723992568441c6bafa2658129eade7,BLUE,1,0,BLUE,T1,Malphite,Bard,Azir,Yunara,Nocturne,Jayce,Aphelios,Neeko,Rumble,Ambessa,Lulu,Akali,Jarvan IV,Poppy,Zaahen,Sejuani,Pantheon,Xin Zhao,Dr. Mundo,Rek'Sai,oe:team:ce499dea30cfce118f4fe85da0227e8|oe:team:d723992568441c6bafa2658129eade7,2026_20260123_KT_Rolster_vs_T1_S1,"[""Ryze"", ""Varus"", ""Vi"", ""Renekton"", ""Gnar"", ""Taliyah"", ""Ezreal"", ""Rakan"", ""Lissandra"", ""Wukong""]",10,False,7.0,5.0,0.7142857142857143,7.0,5.0,0.7142857142857143,5.0,0.8,7.0,0.7142857142857143,5.0,0.6,7.0,0.7142857142857143,1.0,1.0,6.0,2.0,0.3333333333333333,6.0,2.0,0.3333333333333333,5.0,0.4,6.0,0.3333333333333333,4.0,0.25,6.0,0.3333333333333333,1.0,0.0
LOLTMNT03_340138,2026,2026-01-23 10:33:19+00:00,LCK,1,Cup,0,16.01,complete,,,Kiwoom DRX,oe:team:1d0389df0c5eea93b04122ba167c010,Nongshim RedForce,oe:team:5cd2cd09ec94296f605dd13a2924d6c,RED,1,0,BLUE,Kiwoom DRX,Rumble,Malphite,Ryze,Yunara,Orianna,Azir,Vi,Jayce,Pantheon,Corki,Kai'Sa,Taliyah,Nautilus,Rakan,Neeko,Alistar,Poppy,Sion,Gnar,Renekton,oe:team:1d0389df0c5eea93b04122ba167c010|oe:team:5cd2cd09ec94296f605dd13a2924d6c,2026_20260123_Kiwoom_DRX_vs_Nongshim_RedForce_S1,[],0,False,8.0,2.0,0.25,8.0,2.0,0.25,5.0,0.4,8.0,0.25,3.0,0.0,8.0,0.25,0.0,,7.0,3.0,0.42857142857142855,7.0,3.0,0.42857142857142855,5.0,0.6,7.0,0.42857142857142855,5.0,0.4,7.0,0.42857142857142855,0.0,
LOLTMNT03_340145,2026,2026-01-23 11:24:18+00:00,LCK,2,Cup,0,16.01,complete,,,Kiwoom DRX,oe:team:1d0389df0c5eea93b04122ba167c010,Nongshim RedForce,oe:team:5cd2cd09ec94296f605dd13a2924d6c,RED,0,1,RED,Nongshim RedForce,Rumble,Malphite,Pantheon,Aurora,Orianna,Azir,Corki,Jarvan IV,Ambessa,Varus,Gwen,Zaahen,Ezreal,Ahri,Akali,Kalista,Lucian,Bard,Poppy,Renata Glasc,oe:team:1d0389df0c5eea93b04122ba167c010|oe:team:5cd2cd09ec94296f605dd13a2924d6c,2026_20260123_Kiwoom_DRX_vs_Nongshim_RedForce_S1,"[""Ryze"", ""Yunara"", ""Vi"", ""Jayce"", ""Kai'Sa"", ""Taliyah"", ""Neeko"", ""Alistar"", ""Gnar"", ""Renekton""]",10,False,9.0,3.0,0.3333333333333333,9.0,3.0,0.3333333333333333,5.0,0.4,9.0,0.3333333333333333,4.0,0.25,9.0,0.3333333333333333,1.0,1.0,8.0,3.0,0.375,8.0,3.0,0.375,5.0,0.4,8.0,0.375,6.0,0.3333333333333333,8.0,0.375,1.0,0.0
LOLTMNT03_341173,2026,2026-01-23 12:21:14+00:00,LCK,3,Cup,0,16.01,complete,,,Nongshim RedForce,oe:team:5cd2cd09ec94296f605dd13a2924d6c,Kiwoom DRX,oe:team:1d0389df0c5eea93b04122ba167c010,RED,0,1,RED,Kiwoom DRX,Rumble,Sylas,Sion,Orianna,Malphite,Varus,Xin Zhao,K'Sante,Nocturne,Ambessa,Azir,Jax,Lucian,Leona,Caitlyn,Jhin,Karma,Nautilus,Braum,Bard,oe:team:1d0389df0c5eea93b04122ba167c010|oe:team:5cd2cd09ec94296f605dd13a2924d6c,2026_20260123_Kiwoom_DRX_vs_Nongshim_RedForce_S1,"[""Ryze"", ""Yunara"", ""Vi"", ""Jayce"", ""Kai'Sa"", ""Taliyah"", ""Neeko"", ""Alistar"", ""Gnar"", ""Renekton"", ""Pantheon"", ""Aurora"", ""Corki"", ""Jarvan IV"", ""Gwen"", ""Zaahen"", ""Akali"", ""Kalista"", ""Poppy"", ""Renata Glasc""]",20,False,9.0,4.0,0.4444444444444444,9.0,4.0,0.4444444444444444,5.0,0.4,9.0,0.4444444444444444,2.0,0.5,9.0,0.4444444444444444,2.0,0.5,10.0,3.0,0.3,10.0,3.0,0.3,5.0,0.4,10.0,0.3,5.0,0.4,10.0,0.3,2.0,0.5
LOLTMNT03_341253,2026,2026-01-24 08:04:56+00:00,LCK,1,Cup,0,16.01,complete,,,DN SOOPers,oe:team:b3c72a20aa56f5d28022ac04a7dc294,Hanwha Life Esports,oe:team:3a1d18f46bcb3716ebcfcf4ef068934,RED,0,1,RED,Hanwha Life Esports,Jayce,Malphite,Orianna,Azir,Ambessa,Akali,Jarvan IV,Varus,Rumble,Nocturne,Sivir,Xin Zhao,Poppy,Bard,Alistar,Rakan,Gnar,Gwen,Rek'Sai,Sion,oe:team:3a1d18f46bcb3716ebcfcf4ef068934|oe:team:b3c72a20aa56f5d28022ac04a7dc294,2026_20260124_DN_SOOPers_vs_Hanwha_Life_Esports_S1,[],0,False,8.0,3.0,0.375,8.0,3.0,0.375,5.0,0.4,8.0,0.375,4.0,0.5,8.0,0.375,0.0,,8.0,3.0,0.375,8.0,3.0,0.375,5.0,0.4,8.0,0.375,4.0,0.5,8.0,0.375,0.0,
LOLTMNT03_340232,2026,2026-01-24 09:04:12+00:00,LCK,2,Cup,0,16.01,complete,,,DN SOOPers,oe:team:b3c72a20aa56f5d28022ac04a7dc294,Hanwha Life Esports,oe:team:3a1d18f46bcb3716ebcfcf4ef068934,RED,1,0,BLUE,DN SOOPers,Jayce,Malphite,Neeko,Vi,Ambessa,Renekton,Wukong,Corki,Rumble,Pantheon,Ahri,Taliyah,Nautilus,Yunara,Ezreal,Bard,Gnar,Jax,K'Sante,Aurora,oe:team:3a1d18f46bcb3716ebcfcf4ef068934|oe:team:b3c72a20aa56f5d28022ac04a7dc294,2026_20260124_DN_SOOPers_vs_Hanwha_Life_Esports_S1,"[""Orianna"", ""Azir"", ""Jarvan IV"", ""Varus"", ""Sivir"", ""Xin Zhao"", ""Alistar"", ""Rakan"", ""Rek'Sai"", ""Sion""]",10,False,9.0,3.0,0.3333333333333333,9.0,3.0,0.3333333333333333,5.0,0.4,9.0,0.3333333333333333,5.0,0.4,9.0,0.3333333333333333,1.0,0.0,9.0,4.0,0.4444444444444444,9.0,4.0,0.4444444444444444,5.0,0.6,9.0,0.4444444444444444,5.0,0.6,9.0,0.4444444444444444,1.0,1.0
LOLTMNT03_341276,2026,2026-01-24 10:06:14+00:00,LCK,3,Cup,0,16.01,complete,,,DN SOOPers,oe:team:b3c72a20aa56f5d28022ac04a7dc294,Hanwha Life Esports,oe:team:3a1d18f46bcb3716ebcfcf4ef068934,RED,0,1,RED,Hanwha Life Esports,Jayce,Malphite,Aphelios,Ryze,Ambessa,Yunara,Cassiopeia,Ziggs,Rumble,Pantheon,Rell,Nautilus,Gnar,Lee Sin,Hecarim,Trundle,Qiyana,Nocturne,Aatrox,Renekton,oe:team:3a1d18f46bcb3716ebcfcf4ef068934|oe:team:b3c72a20aa56f5d28022ac04a7dc294,2026_20260124_DN_SOOPers_vs_Hanwha_Life_Esports_S1,"[""Orianna"", ""Azir"", ""Jarvan IV"", ""Varus"", ""Sivir"", ""Xin Zhao"", ""Alistar"", ""Rakan"", ""Rek'Sai"", ""Sion"", ""Neeko"", ""Vi"", ""Wukong"", ""Corki"", ""Ahri"", ""Taliyah"", ""Ezreal"", ""Bard"", ""K'Sante"", ""Aurora""]",20,False,10.0,4.0,0.4,10.0,4.0,0.4,5.0,0.6,10.0,0.4,6.0,0.5,10.0,0.4,2.0,0.5,10.0,4.0,0.4,10.0,4.0,0.4,5.0,0.6,10.0,0.4,6.0,0.5,10.0,0.4,2.0,0.5
LOLTMNT03_341342,2026,2026-01-24 11:24:48+00:00,LCK,1,Cup,0,16.01,complete,,,Dplus Kia,oe:team:ef69efa6acebe94107f0cf1ba716806,Gen.G,oe:team:50f58982d91a36557ec8aec52ab014f,BLUE,0,1,RED,Gen.G,Malphite,Jayce,Ryze,Varus,Azir,Rumble,Jarvan IV,Xin Zhao,Yunara,Orianna,Corki,Anivia,Renekton,Nautilus,Ambessa,Bard,Poppy,Neeko,Nami,Gwen,oe:team:50f58982d91a36557ec8aec52ab014f|oe:team:ef69efa6acebe94107f0cf1ba716806,2026_20260124_Dplus_Kia_vs_Gen_G_S1,[],0,False,7.0,6.0,0.8571428571428571,7.0,6.0,0.8571428571428571,5.0,0.8,7.0,0.8571428571428571,7.0,0.8571428571428571,7.0,0.8571428571428571,0.0,,6.0,6.0,1.0,6.0,6.0,1.0,5.0,1.0,6.0,1.0,2.0,1.0,6.0,1.0,0.0,
LOLTMNT03_341348,2026,2026-01-24 12:21:19+00:00,LCK,2,Cup,0,16.01,complete,,,Gen.G,oe:team:50f58982d91a36557ec8aec52ab014f,Dplus Kia,oe:team:ef69efa6acebe94107f0cf1ba716806,BLUE,1,0,BLUE,Gen.G,Neeko,Azir,Rumble,Vi,Malphite,Jayce,Wukong,Yunara,Orianna,Aurora,Galio,Lulu,K'Sante,Nautilus,Ashe,Sion,Ornn,Blitzcrank,Seraphine,Syndra,oe:team:50f58982d91a36557ec8aec52ab014f|oe:team:ef69efa6acebe94107f0cf1ba716806,2026_20260124_Dplus_Kia_vs_Gen_G_S1,"[""Ryze"", ""Varus"", ""Jarvan IV"", ""Xin Zhao"", ""Corki"", ""Anivia"", ""Ambessa"", ""Bard"", ""Nami"", ""Gwen""]",10,False,7.0,7.0,1.0,7.0,7.0,1.0,5.0,1.0,7.0,1.0,4.0,1.0,7.0,1.0,1.0,1.0,8.0,6.0,0.75,8.0,6.0,0.75,5.0,0.6,8.0,0.75,0.0,,8.0,0.75,1.0,0.0
LOLTMNT03_341399,2026,2026-01-25 08:05:39+00:00,LCK,1,Cup,0,16.01,complete,,,BNK FEARX,oe:team:5c2e7e9ea8dfcba0150d9a5619baecf,T1,oe:team:ce499dea30cfce118f4fe85da0227e8,RED,0,1,RED,T1,Azir,Malphite,Rumble,Jayce,Orianna,Yunara,Varus,Ryze,Bard,Akali,Taliyah,Vi,Alistar,Ambessa,Neeko,Corki,Karma,Pantheon,Nocturne,Nami,oe:team:5c2e7e9ea8dfcba0150d9a5619baecf|oe:team:ce499dea30cfce118f4fe85da0227e8,2026_20260125_BNK_FEARX_vs_T1_S1,[],0,False,7.0,4.0,0.5714285714285714,7.0,4.0,0.5714285714285714,5.0,0.4,7.0,0.5714285714285714,3.0,0.6666666666666666,7.0,0.5714285714285714,0.0,,8.0,6.0,0.75,8.0,6.0,0.75,5.0,0.8,8.0,0.75,2.0,1.0,8.0,0.75,0.0,
LOLTMNT03_340339,2026,2026-01-25 09:06:56+00:00,LCK,2,Cup,0,16.01,complete,,,T1,oe:team:ce499dea30cfce118f4fe85da0227e8,BNK FEARX,oe:team:5c2e7e9ea8dfcba0150d9a5619baecf,BLUE,0,1,RED,BNK FEARX,Malphite,Azir,Xin Zhao,Lucian,Yunara,Orianna,Aphelios,Jarvan IV,Pantheon,Ambessa,Thresh,Milio,Akali,Gwen,Aurora,Sion,Rek'Sai,Gnar,Yone,Syndra,oe:team:5c2e7e9ea8dfcba0150d9a5619baecf|oe:team:ce499dea30cfce118f4fe85da0227e8,2026_20260125_BNK_FEARX_vs_T1_S1,"[""Rumble"", ""Jayce"", ""Varus"", ""Ryze"", ""Taliyah"", ""Vi"", ""Neeko"", ""Corki"", ""Nocturne"", ""Nami""]",10,False,9.0,7.0,0.7777777777777778,9.0,7.0,0.7777777777777778,5.0,0.8,9.0,0.7777777777777778,6.0,0.6666666666666666,9.0,0.7777777777777778,1.0,1.0,8.0,4.0,0.5,8.0,4.0,0.5,5.0,0.2,8.0,0.5,4.0,0.5,8.0,0.5,1.0,0.0
LOLTMNT03_340341,2026,2026-01-25 10:12:05+00:00,LCK,3,Cup,0,16.01,complete,,,BNK FEARX,oe:team:5c2e7e9ea8dfcba0150d9a5619baecf,T1,oe:team:ce499dea30cfce118f4fe85da0227e8,RED,0,1,RED,T1,Azir,Malphite,Qiyana,Pantheon,Orianna,Ambessa,Ezreal,K'Sante,Yunara,Nautilus,Gnar,Bard,Sivir,Leona,Rell,Galio,Sylas,Akali,Ahri,Kai'Sa,oe:team:5c2e7e9ea8dfcba0150d9a5619baecf|oe:team:ce499dea30cfce118f4fe85da0227e8,2026_20260125_BNK_FEARX_vs_T1_S1,"[""Rumble"", ""Jayce"", ""Varus"", ""Ryze"", ""Taliyah"", ""Vi"", ""Neeko"", ""Corki"", ""Nocturne"", ""Nami"", ""Xin Zhao"", ""Lucian"", ""Aphelios"", ""Jarvan IV"", ""Thresh"", ""Milio"", ""Aurora"", ""Sion"", ""Yone"", ""Syndra""]",20,False,9.0,5.0,0.5555555555555556,9.0,5.0,0.5555555555555556,5.0,0.4,9.0,0.5555555555555556,4.0,0.5,9.0,0.5555555555555556,2.0,0.5,10.0,7.0,0.7,10.0,7.0,0.7,5.0,0.8,10.0,0.7,3.0,1.0,10.0,0.7,2.0,0.5
LOLTMNT03_341439,2026,2026-01-25 11:28:02+00:00,LCK,1,Cup,0,16.01,complete,,,HANJIN BRION,oe:team:b77b3f6068e20a2b3edc0ecd3dc70d4,KT Rolster,oe:team:d723992568441c6bafa2658129eade7,RED,1,0,BLUE,HANJIN BRION,Rumble,Malphite,Pantheon,Azir,Jayce,Neeko,Orianna,Xin Zhao,Ambessa,Renekton,Gwen,K'Sante,Alistar,Varus,Corki,Lucian,Yunara,Nocturne,Rakan,Braum,oe:team:b77b3f6068e20a2b3edc0ecd3dc70d4|oe:team:d723992568441c6bafa2658129eade7,2026_20260125_HANJIN_BRION_vs_KT_Rolster_S1,[],0,False,8.0,2.0,0.25,8.0,2.0,0.25,5.0,0.4,8.0,0.25,2.0,0.0,8.0,0.25,0.0,,7.0,2.0,0.2857142857142857,7.0,2.0,0.2857142857142857,5.0,0.2,7.0,0.2857142857142857,5.0,0.2,7.0,0.2857142857142857,0.0,
LOLTMNT03_341446,2026,2026-01-25 12:29:52+00:00,LCK,2,Cup,0,16.01,complete,,,HANJIN BRION,oe:team:b77b3f6068e20a2b3edc0ecd3dc70d4,KT Rolster,oe:team:d723992568441c6bafa2658129eade7,BLUE,0,1,RED,KT Rolster,Malphite,Jayce,Ryze,Yunara,Jarvan IV,Rumble,Ambessa,Taliyah,Vi,Wukong,Renekton,Neeko,Nocturne,Aphelios,Varus,Gnar,Trundle,Nautilus,Karma,Dr. Mundo,oe:team:b77b3f6068e20a2b3edc0ecd3dc70d4|oe:team:d723992568441c6bafa2658129eade7,2026_20260125_HANJIN_BRION_vs_KT_Rolster_S1,"[""Pantheon"", ""Azir"", ""Orianna"", ""Xin Zhao"", ""Gwen"", ""K'Sante"", ""Corki"", ""Lucian"", ""Rakan"", ""Braum""]",10,False,9.0,3.0,0.3333333333333333,9.0,3.0,0.3333333333333333,5.0,0.4,9.0,0.3333333333333333,3.0,0.3333333333333333,9.0,0.3333333333333333,1.0,1.0,8.0,2.0,0.25,8.0,2.0,0.25,5.0,0.0,8.0,0.25,6.0,0.16666666666666666,8.0,0.25,1.0,0.0
LOLTMNT03_341450,2026,2026-01-25 13:39:08+00:00,LCK,3,Cup,0,16.01,complete,,,KT Rolster,oe:team:d723992568441c6bafa2658129eade7,HANJIN BRION,oe:team:b77b3f6068e20a2b3edc0ecd3dc70d4,RED,1,0,BLUE,KT Rolster,Jayce,Malphite,Wukong,Vi,Rumble,Akali,Zoe,Ziggs,Nocturne,Aurora,Kennen,Zaahen,Ahri,Sivir,Nautilus,Miss Fortune,Alistar,Ezreal,Kai'Sa,Leona,oe:team:b77b3f6068e20a2b3edc0ecd3dc70d4|oe:team:d723992568441c6bafa2658129eade7,2026_20260125_HANJIN_BRION_vs_KT_Rolster_S1,"[""Pantheon"", ""Azir"", ""Orianna"", ""Xin Zhao"", ""Gwen"", ""K'Sante"", ""Corki"", ""Lucian"", ""Rakan"", ""Braum"", ""Ryze"", ""Yunara"", ""Ambessa"", ""Taliyah"", ""Renekton"", ""Neeko"", ""Varus"", ""Gnar"", ""Karma"", ""Dr. Mundo""]",20,False,9.0,3.0,0.3333333333333333,9.0,3.0,0.3333333333333333,5.0,0.2,9.0,0.3333333333333333,2.0,0.5,9.0,0.3333333333333333,2.0,0.5,10.0,3.0,0.3,10.0,3.0,0.3,5.0,0.4,10.0,0.3,6.0,0.3333333333333333,10.0,0.3,2.0,0.5
LOLTMNT01_326821,2026,2026-01-28 08:04:54+00:00,LCK,1,Cup,0,16.02,complete,,,Kiwoom DRX,oe:team:1d0389df0c5eea93b04122ba167c010,HANJIN BRION,oe:team:b77b3f6068e20a2b3edc0ecd3dc70d4,RED,1,0,BLUE,Kiwoom DRX,Rumble,Malphite,Taliyah,Ryze,Jayce,Vi,Yunara,Pantheon,Orianna,Azir,Gnar,Renekton,Varus,Lulu,Xin Zhao,Ezreal,Corki,Neeko,Bard,Braum,oe:team:1d0389df0c5eea93b04122ba167c010|oe:team:b77b3f6068e20a2b3edc0ecd3dc70d4,2026_20260128_HANJIN_BRION_vs_Kiwoom_DRX_S1,[],0,False,11.0,4.0,0.36363636363636365,11.0,4.0,0.36363636363636365,5.0,0.4,10.0,0.4,5.0,0.2,0.0,,0.0,,11.0,3.0,0.2727272727272727,11.0,3.0,0.2727272727272727,5.0,0.4,10.0,0.3,7.0,0.2857142857142857,0.0,,0.0,
LOLTMNT01_326837,2026,2026-01-28 09:03:47+00:00,LCK,2,Cup,0,16.02,complete,,,Kiwoom DRX,oe:team:1d0389df0c5eea93b04122ba167c010,HANJIN BRION,oe:team:b77b3f6068e20a2b3edc0ecd3dc70d4,BLUE,0,1,RED,HANJIN BRION,Malphite,Jayce,Orianna,Jarvan IV,Varus,Rumble,Ambessa,Azir,Corki,Nocturne,Neeko,Gwen,Aphelios,Aurora,Kai'Sa,Sivir,Elise,Kennen,Vi,Karma,oe:team:1d0389df0c5eea93b04122ba167c010|oe:team:b77b3f6068e20a2b3edc0ecd3dc70d4,2026_20260128_HANJIN_BRION_vs_Kiwoom_DRX_S1,"[""Taliyah"", ""Ryze"", ""Yunara"", ""Pantheon"", ""Gnar"", ""Renekton"", ""Xin Zhao"", ""Ezreal"", ""Bard"", ""Braum""]",10,False,12.0,5.0,0.4166666666666667,12.0,5.0,0.4166666666666667,5.0,0.6,10.0,0.5,6.0,0.3333333333333333,1.0,1.0,1.0,1.0,12.0,3.0,0.25,12.0,3.0,0.25,5.0,0.2,10.0,0.3,8.0,0.25,1.0,0.0,1.0,0.0
LOLTMNT01_327784,2026,2026-01-28 09:59:21+00:00,LCK,3,Cup,0,16.02,complete,,,HANJIN BRION,oe:team:b77b3f6068e20a2b3edc0ecd3dc70d4,Kiwoom DRX,oe:team:1d0389df0c5eea93b04122ba167c010,BLUE,1,0,BLUE,HANJIN BRION,Malphite,Jayce,Aurora,Wukong,Akali,Varus,Aphelios,Ahri,Corki,Rumble,Thresh,Zaahen,Ziggs,Kennen,Sylas,Alistar,Lucian,Jax,Trundle,Zeri,oe:team:1d0389df0c5eea93b04122ba167c010|oe:team:b77b3f6068e20a2b3edc0ecd3dc70d4,2026_20260128_HANJIN_BRION_vs_Kiwoom_DRX_S1,"[""Taliyah"", ""Ryze"", ""Yunara"", ""Pantheon"", ""Gnar"", ""Renekton"", ""Xin Zhao"", ""Ezreal"", ""Bard"", ""Braum"", ""Orianna"", ""Jarvan IV"", ""Ambessa"", ""Azir"", ""Neeko"", ""Gwen"", ""Kai'Sa"", ""Sivir"", ""Vi"", ""Karma""]",20,False,13.0,4.0,0.3076923076923077,13.0,4.0,0.3076923076923077,5.0,0.4,10.0,0.4,4.0,0.25,2.0,0.5,2.0,0.5,13.0,5.0,0.38461538461538464,13.0,5.0,0.38461538461538464,5.0,0.6,10.0,0.5,6.0,0.5,2.0,0.5,2.0,0.5
LOLTMNT01_327799,2026,2026-01-28 10:54:21+00:00,LCK,4,Cup,0,16.02,complete,,,HANJIN BRION,oe:team:b77b3f6068e20a2b3edc0ecd3dc70d4,Kiwoom DRX,oe:team:1d0389df0c5eea93b04122ba167c010,RED,0,1,RED,Kiwoom DRX,Rumble,Poppy,Akali,Malphite,Corki,Varus,Sejuani,Xayah,Jayce,Zoe,Yorick,Rakan,Galio,Lucian,Kalista,Jax,Twisted Fate,Lulu,Renata Glasc,Viktor,oe:team:1d0389df0c5eea93b04122ba167c010|oe:team:b77b3f6068e20a2b3edc0ecd3dc70d4,2026_20260128_HANJIN_BRION_vs_Kiwoom_DRX_S1,"[""Taliyah"", ""Ryze"", ""Yunara"", ""Pantheon"", ""Gnar"", ""Renekton"", ""Xin Zhao"", ""Ezreal"", ""Bard"", ""Braum"", ""Orianna"", ""Jarvan IV"", ""Ambessa"", ""Azir"", ""Neeko"", ""Gwen"", ""Kai'Sa"", ""Sivir"", ""Vi"", ""Karma"", ""Aurora"", ""Wukong"", ""Aphelios"", ""Ahri"", ""Thresh"", ""Zaahen"", ""Sylas"", ""Alistar"", ""Trundle"", ""Zeri""]",30,False,14.0,5.0,0.35714285714285715,14.0,5.0,0.35714285714285715,5.0,0.4,10.0,0.4,5.0,0.4,3.0,0.6666666666666666,3.0,0.6666666666666666,14.0,5.0,0.35714285714285715,14.0,5.0,0.35714285714285715,5.0,0.4,10.0,0.4,7.0,0.42857142857142855,3.0,0.3333333333333333,3.0,0.3333333333333333
LOLTMNT01_326904,2026,2026-01-28 11:49:42+00:00,LCK,5,Cup,0,16.02,complete,,,Kiwoom DRX,oe:team:1d0389df0c5eea93b04122ba167c010,HANJIN BRION,oe:team:b77b3f6068e20a2b3edc0ecd3dc70d4,RED,1,0,BLUE,Kiwoom DRX,Rumble,Lucian,Syndra,Zoe,Jayce,LeBlanc,Nautilus,Rell,Varus,Corki,Jhin,Nocturne,Miss Fortune,Kennen,Aatrox,Tristana,Caitlyn,Lee Sin,K'Sante,Sion,oe:team:1d0389df0c5eea93b04122ba167c010|oe:team:b77b3f6068e20a2b3edc0ecd3dc70d4,2026_20260128_HANJIN_BRION_vs_Kiwoom_DRX_S1,"[""Taliyah"", ""Ryze"", ""Yunara"", ""Pantheon"", ""Gnar"", ""Renekton"", ""Xin Zhao"", ""Ezreal"", ""Bard"", ""Braum"", ""Orianna"", ""Jarvan IV"", ""Ambessa"", ""Azir"", ""Neeko"", ""Gwen"", ""Kai'Sa"", ""Sivir"", ""Vi"", ""Karma"", ""Aurora"", ""Wukong"", ""Aphelios"", ""Ahri"", ""Thresh"", ""Zaahen"", ""Sylas"", ""Alistar"", ""Trundle"", ""Zeri"", ""Akali"", ""Malphite"", ""Sejuani"", ""Xayah"", ""Yorick"", ""Rakan"", ""Kalista"", ""Jax"", ""Renata Glasc"", ""Viktor""]",40,False,15.0,6.0,0.4,15.0,6.0,0.4,5.0,0.6,10.0,0.5,7.0,0.2857142857142857,4.0,0.5,4.0,0.5,15.0,5.0,0.3333333333333333,15.0,5.0,0.3333333333333333,5.0,0.4,10.0,0.4,9.0,0.3333333333333333,4.0,0.5,4.0,0.5
LOLTMNT01_331103,2026,2026-01-29 08:07:19+00:00,LCK,1,Cup,0,16.02,complete,,,BNK FEARX,oe:team:5c2e7e9ea8dfcba0150d9a5619baecf,DN SOOPers,oe:team:b3c72a20aa56f5d28022ac04a7dc294,BLUE,1,0,BLUE,BNK FEARX,Neeko,Rumble,Azir,Orianna,Varus,Jayce,Renekton,Jarvan IV,K'Sante,Pantheon,Vi,Yunara,Gnar,Bard,Lucian,Lulu,Nautilus,Ezreal,Nami,Sion,oe:team:5c2e7e9ea8dfcba0150d9a5619baecf|oe:team:b3c72a20aa56f5d28022ac04a7dc294,2026_20260129_BNK_FEARX_vs_DN_SOOPers_S1,[],0,False,10.0,5.0,0.5,10.0,5.0,0.5,5.0,0.2,10.0,0.5,5.0,0.4,0.0,,0.0,,11.0,4.0,0.36363636363636365,11.0,4.0,0.36363636363636365,5.0,0.6,10.0,0.3,4.0,0.25,0.0,,0.0,
LOLTMNT01_332133,2026,2026-01-29 09:07:12+00:00,LCK,2,Cup,0,16.02,complete,,,BNK FEARX,oe:team:5c2e7e9ea8dfcba0150d9a5619baecf,DN SOOPers,oe:team:b3c72a20aa56f5d28022ac04a7dc294,RED,1,0,BLUE,BNK FEARX,Rumble,Neeko,Ryze,Ambessa,Jayce,Pantheon,Xin Zhao,Wukong,K'Sante,Varus,Bard,Taliyah,Nautilus,Ezreal,Corki,Sivir,Alistar,Gwen,Kennen,Rakan,oe:team:5c2e7e9ea8dfcba0150d9a5619baecf|oe:team:b3c72a20aa56f5d28022ac04a7dc294,2026_20260129_BNK_FEARX_vs_DN_SOOPers_S1,"[""Azir"", ""Orianna"", ""Renekton"", ""Jarvan IV"", ""Vi"", ""Yunara"", ""Lucian"", ""Lulu"", ""Nami"", ""Sion""]",10,False,11.0,6.0,0.5454545454545454,11.0,6.0,0.5454545454545454,5.0,0.4,10.0,0.5,6.0,0.5,1.0,1.0,1.0,1.0,12.0,4.0,0.3333333333333333,12.0,4.0,0.3333333333333333,5.0,0.4,10.0,0.3,5.0,0.2,1.0,0.0,1.0,0.0
LOLTMNT01_332152,2026,2026-01-29 09:53:36+00:00,LCK,3,Cup,0,16.02,complete,,,BNK FEARX,oe:team:5c2e7e9ea8dfcba0150d9a5619baecf,DN SOOPers,oe:team:b3c72a20aa56f5d28022ac04a7dc294,RED,0,1,RED,DN SOOPers,Rumble,Pantheon,Aurora,Neeko,Jayce,Nocturne,Ezreal,K'Sante,Varus,Karma,Gnar,Kai'Sa,Sylas,Alistar,Rell,Syndra,Zoe,Leona,Aatrox,Lee Sin,oe:team:5c2e7e9ea8dfcba0150d9a5619baecf|oe:team:b3c72a20aa56f5d28022ac04a7dc294,2026_20260129_BNK_FEARX_vs_DN_SOOPers_S1,"[""Azir"", ""Orianna"", ""Renekton"", ""Jarvan IV"", ""Vi"", ""Yunara"", ""Lucian"", ""Lulu"", ""Nami"", ""Sion"", ""Ryze"", ""Ambessa"", ""Xin Zhao"", ""Wukong"", ""Bard"", ""Taliyah"", ""Corki"", ""Sivir"", ""Kennen"", ""Rakan""]",20,False,12.0,7.0,0.5833333333333334,12.0,7.0,0.5833333333333334,5.0,0.6,10.0,0.5,7.0,0.5714285714285714,2.0,1.0,2.0,1.0,13.0,4.0,0.3076923076923077,13.0,4.0,0.3076923076923077,5.0,0.2,10.0,0.3,6.0,0.16666666666666666,2.0,0.0,2.0,0.0
LOLTMNT01_332170,2026,2026-01-29 10:47:32+00:00,LCK,4,Cup,0,16.02,complete,,,DN SOOPers,oe:team:b3c72a20aa56f5d28022ac04a7dc294,BNK FEARX,oe:team:5c2e7e9ea8dfcba0150d9a5619baecf,RED,0,1,RED,BNK FEARX,Rumble,Nocturne,Ziggs,Jayce,Varus,Sylas,Pantheon,Jhin,Akali,Malphite,Yone,Leona,LeBlanc,Alistar,Sejuani,Jax,Gwen,Zaahen,Rek'Sai,Lillia,oe:team:5c2e7e9ea8dfcba0150d9a5619baecf|oe:team:b3c72a20aa56f5d28022ac04a7dc294,2026_20260129_BNK_FEARX_vs_DN_SOOPers_S1,"[""Azir"", ""Orianna"", ""Renekton"", ""Jarvan IV"", ""Vi"", ""Yunara"", ""Lucian"", ""Lulu"", ""Nami"", ""Sion"", ""Ryze"", ""Ambessa"", ""Xin Zhao"", ""Wukong"", ""Bard"", ""Taliyah"", ""Corki"", ""Sivir"", ""Kennen"", ""Rakan"", ""Aurora"", ""Neeko"", ""Ezreal"", ""K'Sante"", ""Gnar"", ""Kai'Sa"", ""Rell"", ""Syndra"", ""Aatrox"", ""Lee Sin""]",30,False,14.0,5.0,0.35714285714285715,14.0,5.0,0.35714285714285715,5.0,0.4,10.0,0.4,7.0,0.42857142857142855,3.0,0.3333333333333333,3.0,0.3333333333333333,13.0,7.0,0.5384615384615384,13.0,7.0,0.5384615384615384,5.0,0.6,10.0,0.4,5.0,0.6,3.0,0.6666666666666666,3.0,0.6666666666666666
LOLTMNT01_331607,2026,2026-01-30 08:05:48+00:00,LCK,1,Cup,0,16.02,complete,,,KT Rolster,oe:team:d723992568441c6bafa2658129eade7,Nongshim RedForce,oe:team:5cd2cd09ec94296f605dd13a2924d6c,RED,0,1,RED,Nongshim RedForce,Rumble,Malphite,Taliyah,Yunara,Orianna,Azir,Vi,Pantheon,Jayce,Varus,Ambessa,Ryze,Renekton,Aphelios,Corki,Neeko,Gwen,Braum,Nautilus,Aatrox,oe:team:5cd2cd09ec94296f605dd13a2924d6c|oe:team:d723992568441c6bafa2658129eade7,2026_20260130_KT_Rolster_vs_Nongshim_RedForce_S1,[],0,False,10.0,4.0,0.4,10.0,4.0,0.4,5.0,0.4,10.0,0.4,3.0,0.6666666666666666,0.0,,0.0,,10.0,4.0,0.4,10.0,4.0,0.4,5.0,0.4,10.0,0.4,7.0,0.42857142857142855,0.0,,0.0,
LOLTMNT01_332667,2026,2026-01-30 08:56:59+00:00,LCK,2,Cup,0,16.02,complete,,,Nongshim RedForce,oe:team:5cd2cd09ec94296f605dd13a2924d6c,KT Rolster,oe:team:d723992568441c6bafa2658129eade7,RED,1,0,BLUE,Nongshim RedForce,Jayce,Malphite,Xin Zhao,Azir,Rumble,Nocturne,Orianna,Wukong,Varus,Jarvan IV,Gnar,Renekton,Braum,Aphelios,Kalista,Ezreal,Ziggs,Rakan,Renata Glasc,Karma,oe:team:5cd2cd09ec94296f605dd13a2924d6c|oe:team:d723992568441c6bafa2658129eade7,2026_20260130_KT_Rolster_vs_Nongshim_RedForce_S1,"[""Taliyah"", ""Yunara"", ""Vi"", ""Pantheon"", ""Ambessa"", ""Ryze"", ""Corki"", ""Neeko"", ""Nautilus"", ""Aatrox""]",10,False,11.0,5.0,0.45454545454545453,11.0,5.0,0.45454545454545453,5.0,0.4,10.0,0.5,3.0,0.3333333333333333,1.0,1.0,1.0,1.0,11.0,4.0,0.36363636363636365,11.0,4.0,0.36363636363636365,5.0,0.4,10.0,0.4,7.0,0.2857142857142857,1.0,0.0,1.0,0.0
LOLTMNT01_331640,2026,2026-01-30 09:57:18+00:00,LCK,3,Cup,0,16.02,complete,,,Nongshim RedForce,oe:team:5cd2cd09ec94296f605dd13a2924d6c,KT Rolster,oe:team:d723992568441c6bafa2658129eade7,BLUE,0,1,RED,KT Rolster,Aurora,Rumble,Malphite,Aphelios,Jarvan IV,Jayce,Jinx,Dr. Mundo,Sylas,Varus,Lulu,Blitzcrank,Zoe,Akali,Yone,Zaahen,Jax,Kennen,K'Sante,Ahri,oe:team:5cd2cd09ec94296f605dd13a2924d6c|oe:team:d723992568441c6bafa2658129eade7,2026_20260130_KT_Rolster_vs_Nongshim_RedForce_S1,"[""Taliyah"", ""Yunara"", ""Vi"", ""Pantheon"", ""Ambessa"", ""Ryze"", ""Corki"", ""Neeko"", ""Nautilus"", ""Aatrox"", ""Xin Zhao"", ""Azir"", ""Orianna"", ""Wukong"", ""Gnar"", ""Renekton"", ""Kalista"", ""Ezreal"", ""Renata Glasc"", ""Karma""]",20,False,12.0,6.0,0.5,12.0,6.0,0.5,5.0,0.6,10.0,0.6,4.0,0.5,2.0,1.0,2.0,1.0,12.0,4.0,0.3333333333333333,12.0,4.0,0.3333333333333333,5.0,0.4,10.0,0.3,8.0,0.25,2.0,0.0,2.0,0.0
LOLTMNT01_331650,2026,2026-01-30 10:47:33+00:00,LCK,4,Cup,0,16.02,complete,,,KT Rolster,oe:team:d723992568441c6bafa2658129eade7,Nongshim RedForce,oe:team:5cd2cd09ec94296f605dd13a2924d6c,RED,1,0,BLUE,KT Rolster,Rumble,Nocturne,Lucian,Jarvan IV,Jayce,Aurora,Akali,Caitlyn,Varus,Leona,Braum,Galio,Bard,Trundle,Jax,Tahm Kench,Elise,Gwen,Rek'Sai,Gragas,oe:team:5cd2cd09ec94296f605dd13a2924d6c|oe:team:d723992568441c6bafa2658129eade7,2026_20260130_KT_Rolster_vs_Nongshim_RedForce_S1,"[""Taliyah"", ""Yunara"", ""Vi"", ""Pantheon"", ""Ambessa"", ""Ryze"", ""Corki"", ""Neeko"", ""Nautilus"", ""Aatrox"", ""Xin Zhao"", ""Azir"", ""Orianna"", ""Wukong"", ""Gnar"", ""Renekton"", ""Kalista"", ""Ezreal"", ""Renata Glasc"", ""Karma"", ""Malphite"", ""Aphelios"", ""Jinx"", ""Dr. Mundo"", ""Lulu"", ""Blitzcrank"", ""Yone"", ""Zaahen"", ""K'Sante"", ""Ahri""]",30,False,13.0,5.0,0.38461538461538464,13.0,5.0,0.38461538461538464,5.0,0.6,10.0,0.3,4.0,0.5,3.0,0.3333333333333333,3.0,0.3333333333333333,13.0,6.0,0.46153846153846156,13.0,6.0,0.46153846153846156,5.0,0.6,10.0,0.5,8.0,0.5,3.0,0.6666666666666666,3.0,0.6666666666666666
LOLTMNT01_332727,2026,2026-01-30 11:49:42+00:00,LCK,5,Cup,0,16.02,complete,,,KT Rolster,oe:team:d723992568441c6bafa2658129eade7,Nongshim RedForce,oe:team:5cd2cd09ec94296f605dd13a2924d6c,RED,0,1,RED,Nongshim RedForce,Rumble,Alistar,Nocturne,Aurora,Jayce,Gwen,Sion,Kai'Sa,Varus,Zoe,Rakan,Trundle,Leona,Xayah,Miss Fortune,Shen,Rell,Zeri,Syndra,Olaf,oe:team:5cd2cd09ec94296f605dd13a2924d6c|oe:team:d723992568441c6bafa2658129eade7,2026_20260130_KT_Rolster_vs_Nongshim_RedForce_S1,"[""Taliyah"", ""Yunara"", ""Vi"", ""Pantheon"", ""Ambessa"", ""Ryze"", ""Corki"", ""Neeko"", ""Nautilus"", ""Aatrox"", ""Xin Zhao"", ""Azir"", ""Orianna"", ""Wukong"", ""Gnar"", ""Renekton"", ""Kalista"", ""Ezreal"", ""Renata Glasc"", ""Karma"", ""Malphite"", ""Aphelios"", ""Jinx"", ""Dr. Mundo"", ""Lulu"", ""Blitzcrank"", ""Yone"", ""Zaahen"", ""K'Sante"", ""Ahri"", ""Lucian"", ""Jarvan IV"", ""Akali"", ""Caitlyn"", ""Braum"", ""Galio"", ""Jax"", ""Tahm Kench"", ""Rek'Sai"", ""Gragas""]",40,False,14.0,6.0,0.42857142857142855,14.0,6.0,0.42857142857142855,5.0,0.6,10.0,0.4,5.0,0.6,4.0,0.5,4.0,0.5,14.0,6.0,0.42857142857142855,14.0,6.0,0.42857142857142855,5.0,0.4,10.0,0.4,9.0,0.4444444444444444,4.0,0.5,4.0,0.5
LOLTMNT01_334295,2026,2026-01-31 08:17:53+00:00,LCK,1,Cup,0,16.02,complete,,,Dplus Kia,oe:team:ef69efa6acebe94107f0cf1ba716806,T1,oe:team:ce499dea30cfce118f4fe85da0227e8,RED,0,1,RED,T1,Jayce,Malphite,Rumble,Azir,Bard,Varus,Orianna,Ambessa,Nocturne,Vi,Xin Zhao,Jarvan IV,Sivir,Yunara,Ezreal,Neeko,Kai'Sa,Nami,Karma,Jhin,oe:team:ce499dea30cfce118f4fe85da0227e8|oe:team:ef69efa6acebe94107f0cf1ba716806,2026_20260131_Dplus_Kia_vs_T1_S1,[],0,False,9.0,6.0,0.6666666666666666,9.0,6.0,0.6666666666666666,5.0,0.4,9.0,0.6666666666666666,8.0,0.75,0.0,,0.0,,11.0,8.0,0.7272727272727273,11.0,8.0,0.7272727272727273,5.0,0.8,10.0,0.8,4.0,1.0,0.0,,0.0,
LOLTMNT01_334313,2026,2026-01-31 09:15:38+00:00,LCK,2,Cup,0,16.02,complete,,,T1,oe:team:ce499dea30cfce118f4fe85da0227e8,Dplus Kia,oe:team:ef69efa6acebe94107f0cf1ba716806,BLUE,1,0,BLUE,T1,Malphite,Jayce,Vi,Wukong,Varus,Bard,Ryze,Corki,Gwen,Aphelios,Sion,Anivia,Rek'Sai,Yunara,Kai'Sa,Zaahen,Nami,Ashe,Nautilus,Alistar,oe:team:ce499dea30cfce118f4fe85da0227e8|oe:team:ef69efa6acebe94107f0cf1ba716806,2026_20260131_Dplus_Kia_vs_T1_S1,"[""Rumble"", ""Azir"", ""Orianna"", ""Ambessa"", ""Xin Zhao"", ""Jarvan IV"", ""Ezreal"", ""Neeko"", ""Karma"", ""Jhin""]",10,False,12.0,9.0,0.75,12.0,9.0,0.75,5.0,0.8,10.0,0.8,7.0,0.5714285714285714,1.0,1.0,1.0,1.0,10.0,6.0,0.6,10.0,6.0,0.6,5.0,0.2,10.0,0.6,1.0,0.0,1.0,0.0,1.0,0.0
LOLTMNT01_333373,2026,2026-01-31 10:06:58+00:00,LCK,3,Cup,0,16.02,complete,,,T1,oe:team:ce499dea30cfce118f4fe85da0227e8,Dplus Kia,oe:team:ef69efa6acebe94107f0cf1ba716806,BLUE,1,0,BLUE,T1,Malphite,Jayce,Varus,Pantheon,K'Sante,Bard,Nocturne,Lucian,Lulu,Aurora,Galio,Nami,Twisted Fate,Blitzcrank,Kennen,Ahri,Gwen,Ashe,Rell,Yorick,oe:team:ce499dea30cfce118f4fe85da0227e8|oe:team:ef69efa6acebe94107f0cf1ba716806,2026_20260131_Dplus_Kia_vs_T1_S1,"[""Rumble"", ""Azir"", ""Orianna"", ""Ambessa"", ""Xin Zhao"", ""Jarvan IV"", ""Ezreal"", ""Neeko"", ""Karma"", ""Jhin"", ""Vi"", ""Wukong"", ""Ryze"", ""Corki"", ""Sion"", ""Anivia"", ""Kai'Sa"", ""Zaahen"", ""Nautilus"", ""Alistar""]",20,False,13.0,10.0,0.7692307692307693,13.0,10.0,0.7692307692307693,5.0,0.8,10.0,0.8,8.0,0.625,2.0,1.0,2.0,1.0,11.0,6.0,0.5454545454545454,11.0,6.0,0.5454545454545454,5.0,0.2,10.0,0.5,2.0,0.0,2.0,0.0,2.0,0.0
LOLTMNT01_336016,2026,2026-02-01 08:08:08+00:00,LCK,1,Cup,0,16.02,complete,,,Gen.G,oe:team:50f58982d91a36557ec8aec52ab014f,Hanwha Life Esports,oe:team:3a1d18f46bcb3716ebcfcf4ef068934,RED,1,0,BLUE,Gen.G,Jayce,Ambessa,Neeko,Azir,Varus,Orianna,Vi,Corki,Rumble,Malphite,Yunara,Xin Zhao,Nami,Taliyah,Aurora,Rakan,Bard,Akali,Yone,K'Sante,oe:team:3a1d18f46bcb3716ebcfcf4ef068934|oe:team:50f58982d91a36557ec8aec52ab014f,2026_20260201_Gen_G_vs_Hanwha_Life_Esports_S1,[],0,False,8.0,8.0,1.0,8.0,8.0,1.0,5.0,1.0,8.0,1.0,5.0,1.0,0.0,,0.0,,11.0,5.0,0.45454545454545453,11.0,5.0,0.45454545454545453,5.0,0.6,10.0,0.4,7.0,0.5714285714285714,0.0,,0.0,
LOLTMNT01_336021,2026,2026-02-01 09:10:50+00:00,LCK,2,Cup,0,16.02,complete,,,Gen.G,oe:team:50f58982d91a36557ec8aec52ab014f,Hanwha Life Esports,oe:team:3a1d18f46bcb3716ebcfcf4ef068934,RED,1,0,BLUE,Gen.G,Rumble,Ambessa,Aatrox,Orianna,Varus,Sion,Galio,Renekton,Jayce,Ryze,Gnar,Jarvan IV,Sivir,Ezreal,Jhin,Miss Fortune,Kalista,Lucian,Bard,Rell,oe:team:3a1d18f46bcb3716ebcfcf4ef068934|oe:team:50f58982d91a36557ec8aec52ab014f,2026_20260201_Gen_G_vs_Hanwha_Life_Esports_S1,"[""Neeko"", ""Azir"", ""Vi"", ""Corki"", ""Yunara"", ""Xin Zhao"", ""Aurora"", ""Rakan"", ""Yone"", ""K'Sante""]",10,False,9.0,9.0,1.0,9.0,9.0,1.0,5.0,1.0,9.0,1.0,6.0,1.0,1.0,1.0,1.0,1.0,12.0,5.0,0.4166666666666667,12.0,5.0,0.4166666666666667,5.0,0.6,10.0,0.4,8.0,0.5,1.0,0.0,1.0,0.0
LOLTMNT01_335069,2026,2026-02-01 10:09:06+00:00,LCK,3,Cup,0,16.02,complete,,,Gen.G,oe:team:50f58982d91a36557ec8aec52ab014f,Hanwha Life Esports,oe:team:3a1d18f46bcb3716ebcfcf4ef068934,BLUE,1,0,BLUE,Gen.G,Malphite,Varus,Pantheon,Rumble,Ambessa,Jayce,Ornn,Ryze,Poppy,Wukong,Cassiopeia,Trundle,Ashe,Ezreal,Aphelios,Alistar,Kalista,Lulu,Thresh,Sivir,oe:team:3a1d18f46bcb3716ebcfcf4ef068934|oe:team:50f58982d91a36557ec8aec52ab014f,2026_20260201_Gen_G_vs_Hanwha_Life_Esports_S1,"[""Neeko"", ""Azir"", ""Vi"", ""Corki"", ""Yunara"", ""Xin Zhao"", ""Aurora"", ""Rakan"", ""Yone"", ""K'Sante"", ""Aatrox"", ""Orianna"", ""Galio"", ""Renekton"", ""Gnar"", ""Jarvan IV"", ""Jhin"", ""Miss Fortune"", ""Bard"", ""Rell""]",20,False,10.0,10.0,1.0,10.0,10.0,1.0,5.0,1.0,10.0,1.0,7.0,1.0,2.0,1.0,2.0,1.0,13.0,5.0,0.38461538461538464,13.0,5.0,0.38461538461538464,5.0,0.4,10.0,0.4,9.0,0.4444444444444444,2.0,0.0,2.0,0.0
LOLTMNT01_338397,2026,2026-02-06 08:05:10+00:00,LCK,1,Cup,0,16.02,complete,,,HANJIN BRION,oe:team:b77b3f6068e20a2b3edc0ecd3dc70d4,Kiwoom DRX,oe:team:1d0389df0c5eea93b04122ba167c010,RED,0,1,RED,Kiwoom DRX,Jayce,Malphite,Rumble,Orianna,Varus,Jarvan IV,Pantheon,Xin Zhao,Vi,Azir,Corki,Yunara,Bard,Neeko,Alistar,Nautilus,Lulu,Akali,Ryze,Ambessa,oe:team:1d0389df0c5eea93b04122ba167c010|oe:team:b77b3f6068e20a2b3edc0ecd3dc70d4,2026_20260206_HANJIN_BRION_vs_Kiwoom_DRX_S2,[],0,False,16.0,5.0,0.3125,16.0,5.0,0.3125,5.0,0.4,10.0,0.4,6.0,0.3333333333333333,5.0,0.4,5.0,0.4,16.0,7.0,0.4375,16.0,7.0,0.4375,5.0,0.6,10.0,0.5,8.0,0.5,5.0,0.6,5.0,0.6
LOLTMNT01_338416,2026,2026-02-06 08:50:09+00:00,LCK,2,Cup,0,16.02,complete,,,Kiwoom DRX,oe:team:1d0389df0c5eea93b04122ba167c010,HANJIN BRION,oe:team:b77b3f6068e20a2b3edc0ecd3dc70d4,BLUE,0,1,RED,HANJIN BRION,Malphite,Jayce,Azir,Vi,Kennen,Varus,Jarvan IV,Taliyah,Gnar,Renekton,Gwen,Aurora,Neeko,Bard,Xayah,Ezreal,Poppy,Sivir,Rakan,Elise,oe:team:1d0389df0c5eea93b04122ba167c010|oe:team:b77b3f6068e20a2b3edc0ecd3dc70d4,2026_20260206_HANJIN_BRION_vs_Kiwoom_DRX_S2,"[""Rumble"", ""Orianna"", ""Pantheon"", ""Xin Zhao"", ""Corki"", ""Yunara"", ""Alistar"", ""Nautilus"", ""Ryze"", ""Ambessa""]",10,False,17.0,8.0,0.47058823529411764,17.0,8.0,0.47058823529411764,5.0,0.6,10.0,0.6,8.0,0.375,6.0,0.6666666666666666,6.0,0.6666666666666666,17.0,5.0,0.29411764705882354,17.0,5.0,0.29411764705882354,5.0,0.4,10.0,0.3,10.0,0.3,6.0,0.3333333333333333,6.0,0.3333333333333333
LOLTMNT01_338422,2026,2026-02-06 09:45:35+00:00,LCK,3,Cup,0,16.02,complete,,,HANJIN BRION,oe:team:b77b3f6068e20a2b3edc0ecd3dc70d4,Kiwoom DRX,oe:team:1d0389df0c5eea93b04122ba167c010,RED,0,1,RED,Kiwoom DRX,Jayce,Malphite,Aphelios,Zaahen,Varus,Kennen,Aatrox,Lucian,Renekton,Gnar,Lulu,Galio,Nocturne,Yorick,Wukong,K'Sante,Nami,Rek'Sai,Cassiopeia,Sona,oe:team:1d0389df0c5eea93b04122ba167c010|oe:team:b77b3f6068e20a2b3edc0ecd3dc70d4,2026_20260206_HANJIN_BRION_vs_Kiwoom_DRX_S2,"[""Rumble"", ""Orianna"", ""Pantheon"", ""Xin Zhao"", ""Corki"", ""Yunara"", ""Alistar"", ""Nautilus"", ""Ryze"", ""Ambessa"", ""Azir"", ""Vi"", ""Jarvan IV"", ""Taliyah"", ""Gwen"", ""Aurora"", ""Xayah"", ""Ezreal"", ""Rakan"", ""Elise""]",20,False,18.0,6.0,0.3333333333333333,18.0,6.0,0.3333333333333333,5.0,0.4,10.0,0.4,7.0,0.2857142857142857,7.0,0.42857142857142855,7.0,0.42857142857142855,18.0,8.0,0.4444444444444444,18.0,8.0,0.4444444444444444,5.0,0.6,10.0,0.6,9.0,0.5555555555555556,7.0,0.5714285714285714,7.0,0.5714285714285714
LOLTMNT01_338447,2026,2026-02-06 10:59:51+00:00,LCK,1,Cup,0,16.02,complete,,,DN SOOPers,oe:team:b3c72a20aa56f5d28022ac04a7dc294,KT Rolster,oe:team:d723992568441c6bafa2658129eade7,RED,1,0,BLUE,DN SOOPers,Jayce,Malphite,Neeko,Vi,Rumble,Pantheon,Ambessa,Renekton,Varus,Orianna,Akali,Azir,Poppy,Kennen,Gwen,Corki,Lulu,Kai'Sa,Ezreal,Nami,oe:team:b3c72a20aa56f5d28022ac04a7dc294|oe:team:d723992568441c6bafa2658129eade7,2026_20260206_DN_SOOPers_vs_KT_Rolster_S2,[],0,False,15.0,5.0,0.3333333333333333,15.0,5.0,0.3333333333333333,5.0,0.2,10.0,0.4,8.0,0.375,4.0,0.25,3.0,0.3333333333333333,15.0,6.0,0.4,15.0,6.0,0.4,5.0,0.4,10.0,0.4,9.0,0.3333333333333333,5.0,0.4,3.0,0.6666666666666666
LOLTMNT01_338459,2026,2026-02-06 12:11:32+00:00,LCK,2,Cup,0,16.02,complete,,,DN SOOPers,oe:team:b3c72a20aa56f5d28022ac04a7dc294,KT Rolster,oe:team:d723992568441c6bafa2658129eade7,RED,1,0,BLUE,DN SOOPers,Rumble,Malphite,Ryze,Jayce,Varus,Orianna,Yunara,Sion,Cassiopeia,Aphelios,Lee Sin,Taliyah,Braum,Zaahen,Rek'Sai,Caitlyn,Nautilus,Lulu,Rell,Bard,oe:team:b3c72a20aa56f5d28022ac04a7dc294|oe:team:d723992568441c6bafa2658129eade7,2026_20260206_DN_SOOPers_vs_KT_Rolster_S2,"[""Neeko"", ""Vi"", ""Ambessa"", ""Renekton"", ""Akali"", ""Azir"", ""Gwen"", ""Corki"", ""Ezreal"", ""Nami""]",10,False,16.0,6.0,0.375,16.0,6.0,0.375,5.0,0.4,10.0,0.5,9.0,0.4444444444444444,5.0,0.4,4.0,0.5,16.0,6.0,0.375,16.0,6.0,0.375,5.0,0.4,10.0,0.4,10.0,0.3,6.0,0.3333333333333333,4.0,0.5
LOLTMNT01_338589,2026,2026-02-07 08:07:00+00:00,LCK,1,Cup,0,16.02,complete,,,Dplus Kia,oe:team:ef69efa6acebe94107f0cf1ba716806,Kiwoom DRX,oe:team:1d0389df0c5eea93b04122ba167c010,RED,1,0,BLUE,Dplus Kia,Jayce,Ambessa,Jarvan IV,Rumble,Varus,Ryze,Yunara,Xin Zhao,Orianna,Azir,Lulu,Corki,Nautilus,K'Sante,Ornn,Neeko,Nami,Gwen,Ahri,Taliyah,oe:team:1d0389df0c5eea93b04122ba167c010|oe:team:ef69efa6acebe94107f0cf1ba716806,2026_20260207_Dplus_Kia_vs_Kiwoom_DRX_S1,[],0,False,12.0,6.0,0.5,12.0,6.0,0.5,5.0,0.0,10.0,0.4,9.0,0.6666666666666666,3.0,0.0,0.0,,19.0,9.0,0.47368421052631576,19.0,9.0,0.47368421052631576,5.0,0.8,10.0,0.6,10.0,0.6,8.0,0.625,0.0,
LOLTMNT01_338603,2026,2026-02-07 08:55:19+00:00,LCK,2,Cup,0,16.02,complete,,,Dplus Kia,oe:team:ef69efa6acebe94107f0cf1ba716806,Kiwoom DRX,oe:team:1d0389df0c5eea93b04122ba167c010,RED,1,0,BLUE,Dplus Kia,Orianna,Azir,Pantheon,Ambessa,Jayce,Vi,Lucian,Aurora,Varus,Ryze,Braum,Nautilus,Ziggs,Gwen,Kennen,Sion,Sivir,Renekton,Cassiopeia,Ezreal,oe:team:1d0389df0c5eea93b04122ba167c010|oe:team:ef69efa6acebe94107f0cf1ba716806,2026_20260207_Dplus_Kia_vs_Kiwoom_DRX_S1,"[""Jarvan IV"", ""Rumble"", ""Yunara"", ""Xin Zhao"", ""Lulu"", ""Corki"", ""Ornn"", ""Neeko"", ""Ahri"", ""Taliyah""]",10,False,13.0,7.0,0.5384615384615384,13.0,7.0,0.5384615384615384,5.0,0.2,10.0,0.4,10.0,0.7,4.0,0.25,1.0,1.0,20.0,9.0,0.45,20.0,9.0,0.45,5.0,0.6,10.0,0.6,11.0,0.5454545454545454,9.0,0.5555555555555556,1.0,0.0
LOLTMNT01_338625,2026,2026-02-07 10:09:22+00:00,LCK,1,Cup,0,16.02,complete,,,DN SOOPers,oe:team:b3c72a20aa56f5d28022ac04a7dc294,Nongshim RedForce,oe:team:5cd2cd09ec94296f605dd13a2924d6c,RED,0,1,RED,Nongshim RedForce,Rumble,Malphite,Jayce,Ryze,Varus,Vi,Anivia,Jarvan IV,Orianna,Azir,Corki,Yunara,Bard,Nami,Nautilus,Ambessa,Neeko,Renekton,Rek'Sai,Leona,oe:team:5cd2cd09ec94296f605dd13a2924d6c|oe:team:b3c72a20aa56f5d28022ac04a7dc294,2026_20260207_DN_SOOPers_vs_Nongshim_RedForce_S1,[],0,False,17.0,7.0,0.4117647058823529,17.0,7.0,0.4117647058823529,5.0,0.6,10.0,0.5,10.0,0.5,6.0,0.5,0.0,,15.0,7.0,0.4666666666666667,15.0,7.0,0.4666666666666667,5.0,0.6,10.0,0.5,10.0,0.5,5.0,0.6,0.0,
LOLTMNT01_337768,2026,2026-02-07 11:00:32+00:00,LCK,2,Cup,0,16.02,complete,,,Nongshim RedForce,oe:team:5cd2cd09ec94296f605dd13a2924d6c,DN SOOPers,oe:team:b3c72a20aa56f5d28022ac04a7dc294,RED,0,1,RED,DN SOOPers,Varus,Pantheon,Vi,Rumble,Neeko,Nocturne,K'Sante,Wukong,Orianna,Azir,Akali,Ahri,Poppy,Renata Glasc,Lucian,Xayah,Bard,Lulu,Nami,Rakan,oe:team:5cd2cd09ec94296f605dd13a2924d6c|oe:team:b3c72a20aa56f5d28022ac04a7dc294,2026_20260207_DN_SOOPers_vs_Nongshim_RedForce_S1,"[""Jayce"", ""Ryze"", ""Anivia"", ""Jarvan IV"", ""Corki"", ""Yunara"", ""Nautilus"", ""Ambessa"", ""Rek'Sai"", ""Leona""]",10,False,16.0,8.0,0.5,16.0,8.0,0.5,5.0,0.6,10.0,0.5,5.0,0.4,6.0,0.6666666666666666,1.0,1.0,18.0,7.0,0.3888888888888889,18.0,7.0,0.3888888888888889,5.0,0.6,10.0,0.4,7.0,0.2857142857142857,7.0,0.42857142857142855,1.0,0.0
LOLTMNT01_338644,2026,2026-02-07 11:54:25+00:00,LCK,3,Cup,0,16.02,complete,,,DN SOOPers,oe:team:b3c72a20aa56f5d28022ac04a7dc294,Nongshim RedForce,oe:team:5cd2cd09ec94296f605dd13a2924d6c,RED,1,0,BLUE,DN SOOPers,Varus,Malphite,Orianna,Azir,Pantheon,Neeko,Lee Sin,Xin Zhao,Poppy,Nocturne,Gwen,Sion,Sivir,Karma,Ezreal,Kai'Sa,Kalista,Braum,Rell,Alistar,oe:team:5cd2cd09ec94296f605dd13a2924d6c|oe:team:b3c72a20aa56f5d28022ac04a7dc294,2026_20260207_DN_SOOPers_vs_Nongshim_RedForce_S1,"[""Jayce"", ""Ryze"", ""Anivia"", ""Jarvan IV"", ""Corki"", ""Yunara"", ""Nautilus"", ""Ambessa"", ""Rek'Sai"", ""Leona"", ""Vi"", ""Rumble"", ""K'Sante"", ""Wukong"", ""Akali"", ""Ahri"", ""Lucian"", ""Xayah"", ""Nami"", ""Rakan""]",20,False,19.0,8.0,0.42105263157894735,19.0,8.0,0.42105263157894735,5.0,0.6,10.0,0.5,11.0,0.45454545454545453,8.0,0.5,2.0,0.5,17.0,8.0,0.47058823529411764,17.0,8.0,0.47058823529411764,5.0,0.4,10.0,0.5,11.0,0.5454545454545454,7.0,0.5714285714285714,2.0,0.5
LOLTMNT01_338745,2026,2026-02-08 08:06:06+00:00,LCK,1,Cup,0,16.02,complete,,,Nongshim RedForce,oe:team:5cd2cd09ec94296f605dd13a2924d6c,Kiwoom DRX,oe:team:1d0389df0c5eea93b04122ba167c010,RED,0,1,RED,Kiwoom DRX,Varus,Neeko,Ambessa,Yunara,Bard,Jarvan IV,Orianna,Azir,Xin Zhao,Rumble,Malphite,Nautilus,Renekton,Leona,Lucian,Pantheon,Dr. Mundo,Alistar,Braum,Gwen,oe:team:1d0389df0c5eea93b04122ba167c010|oe:team:5cd2cd09ec94296f605dd13a2924d6c,2026_20260208_Kiwoom_DRX_vs_Nongshim_RedForce_S2,[],0,False,18.0,8.0,0.4444444444444444,18.0,8.0,0.4444444444444444,5.0,0.4,10.0,0.5,6.0,0.3333333333333333,8.0,0.5,3.0,0.3333333333333333,21.0,9.0,0.42857142857142855,21.0,9.0,0.42857142857142855,5.0,0.4,10.0,0.5,12.0,0.5,10.0,0.5,3.0,0.6666666666666666
LOLTMNT01_337856,2026,2026-02-08 08:59:00+00:00,LCK,2,Cup,0,16.02,complete,,,Kiwoom DRX,oe:team:1d0389df0c5eea93b04122ba167c010,Nongshim RedForce,oe:team:5cd2cd09ec94296f605dd13a2924d6c,RED,1,0,BLUE,Kiwoom DRX,Varus,Bard,Corki,Vi,Rumble,Xin Zhao,Jarvan IV,Sion,Neeko,Ryze,K'Sante,Taliyah,Kai'Sa,Nami,Syndra,Ezreal,Kalista,Ahri,Alistar,Leona,oe:team:1d0389df0c5eea93b04122ba167c010|oe:team:5cd2cd09ec94296f605dd13a2924d6c,2026_20260208_Kiwoom_DRX_vs_Nongshim_RedForce_S2,"[""Ambessa"", ""Yunara"", ""Orianna"", ""Azir"", ""Malphite"", ""Nautilus"", ""Lucian"", ""Pantheon"", ""Braum"", ""Gwen""]",10,False,22.0,10.0,0.45454545454545453,22.0,10.0,0.45454545454545453,5.0,0.4,10.0,0.5,9.0,0.3333333333333333,11.0,0.5454545454545454,4.0,0.75,19.0,8.0,0.42105263157894735,19.0,8.0,0.42105263157894735,5.0,0.4,10.0,0.4,12.0,0.5,9.0,0.4444444444444444,4.0,0.25
LOLTMNT01_337859,2026,2026-02-08 09:55:03+00:00,LCK,3,Cup,0,16.02,complete,,,Kiwoom DRX,oe:team:1d0389df0c5eea93b04122ba167c010,Nongshim RedForce,oe:team:5cd2cd09ec94296f605dd13a2924d6c,RED,1,0,BLUE,Kiwoom DRX,Ryze,Bard,Xin Zhao,Varus,Rumble,Nocturne,Aurora,Viktor,Jayce,Neeko,Sivir,Wukong,Rell,Lulu,Karma,Renekton,Rakan,Kennen,Gnar,Renata Glasc,oe:team:1d0389df0c5eea93b04122ba167c010|oe:team:5cd2cd09ec94296f605dd13a2924d6c,2026_20260208_Kiwoom_DRX_vs_Nongshim_RedForce_S2,"[""Ambessa"", ""Yunara"", ""Orianna"", ""Azir"", ""Malphite"", ""Nautilus"", ""Lucian"", ""Pantheon"", ""Braum"", ""Gwen"", ""Corki"", ""Vi"", ""Jarvan IV"", ""Sion"", ""K'Sante"", ""Taliyah"", ""Syndra"", ""Ezreal"", ""Alistar"", ""Leona""]",20,False,23.0,11.0,0.4782608695652174,23.0,11.0,0.4782608695652174,5.0,0.6,10.0,0.6,10.0,0.4,12.0,0.5833333333333334,5.0,0.8,20.0,8.0,0.4,20.0,8.0,0.4,5.0,0.2,10.0,0.4,13.0,0.46153846153846156,10.0,0.4,5.0,0.2
LOLTMNT02_352362,2026,2026-02-12 08:04:05+00:00,LCK,1,Cup,0,16.03,complete,,,DN SOOPers,oe:team:b3c72a20aa56f5d28022ac04a7dc294,BNK FEARX,oe:team:5c2e7e9ea8dfcba0150d9a5619baecf,RED,1,0,BLUE,DN SOOPers,Rumble,Neeko,Orianna,Azir,Varus,K'Sante,Nocturne,Jarvan IV,Pantheon,Gwen,Yunara,Bard,Corki,Lulu,Ambessa,Aurora,Renekton,Nautilus,Rakan,Ezreal,oe:team:5c2e7e9ea8dfcba0150d9a5619baecf|oe:team:b3c72a20aa56f5d28022ac04a7dc294,2026_20260212_BNK_FEARX_vs_DN_SOOPers_S2,[],0,False,20.0,9.0,0.45,20.0,9.0,0.45,5.0,0.8,10.0,0.5,12.0,0.5,0.0,,4.0,0.25,14.0,8.0,0.5714285714285714,14.0,8.0,0.5714285714285714,5.0,0.6,10.0,0.5,6.0,0.6666666666666666,0.0,,4.0,0.75
LOLTMNT02_351385,2026,2026-02-12 08:55:20+00:00,LCK,2,Cup,0,16.03,complete,,,DN SOOPers,oe:team:b3c72a20aa56f5d28022ac04a7dc294,BNK FEARX,oe:team:5c2e7e9ea8dfcba0150d9a5619baecf,RED,0,1,RED,BNK FEARX,Rumble,Neeko,Corki,Ryze,Varus,K'Sante,Cassiopeia,Renekton,Pantheon,Vi,Wukong,Lee Sin,Lucian,Nami,Gnar,Sivir,Lulu,Gwen,Alistar,Karma,oe:team:5c2e7e9ea8dfcba0150d9a5619baecf|oe:team:b3c72a20aa56f5d28022ac04a7dc294,2026_20260212_BNK_FEARX_vs_DN_SOOPers_S2,"[""Orianna"", ""Azir"", ""Nocturne"", ""Jarvan IV"", ""Yunara"", ""Bard"", ""Ambessa"", ""Aurora"", ""Rakan"", ""Ezreal""]",10,False,21.0,10.0,0.47619047619047616,21.0,10.0,0.47619047619047616,5.0,0.8,10.0,0.6,13.0,0.5384615384615384,1.0,1.0,5.0,0.4,15.0,8.0,0.5333333333333333,15.0,8.0,0.5333333333333333,5.0,0.6,10.0,0.4,7.0,0.5714285714285714,1.0,0.0,5.0,0.6
LOLTMNT02_351402,2026,2026-02-12 09:56:42+00:00,LCK,3,Cup,0,16.03,complete,,,BNK FEARX,oe:team:5c2e7e9ea8dfcba0150d9a5619baecf,DN SOOPers,oe:team:b3c72a20aa56f5d28022ac04a7dc294,RED,1,0,BLUE,BNK FEARX,Rumble,Lucian,K'Sante,Vi,Varus,Kennen,Ahri,Gwen,Ziggs,Neeko,Poppy,Akali,Nautilus,Renata Glasc,Xayah,Jhin,Ashe,Lulu,Pantheon,Leona,oe:team:5c2e7e9ea8dfcba0150d9a5619baecf|oe:team:b3c72a20aa56f5d28022ac04a7dc294,2026_20260212_BNK_FEARX_vs_DN_SOOPers_S2,"[""Orianna"", ""Azir"", ""Nocturne"", ""Jarvan IV"", ""Yunara"", ""Bard"", ""Ambessa"", ""Aurora"", ""Rakan"", ""Ezreal"", ""Corki"", ""Ryze"", ""Cassiopeia"", ""Renekton"", ""Wukong"", ""Lee Sin"", ""Gnar"", ""Sivir"", ""Alistar"", ""Karma""]",20,False,16.0,9.0,0.5625,16.0,9.0,0.5625,5.0,0.6,10.0,0.5,8.0,0.5,2.0,0.5,6.0,0.6666666666666666,22.0,10.0,0.45454545454545453,22.0,10.0,0.45454545454545453,5.0,0.6,10.0,0.6,8.0,0.375,2.0,0.5,6.0,0.3333333333333333
LOLTMNT02_352407,2026,2026-02-12 10:48:56+00:00,LCK,4,Cup,0,16.03,complete,,,BNK FEARX,oe:team:5c2e7e9ea8dfcba0150d9a5619baecf,DN SOOPers,oe:team:b3c72a20aa56f5d28022ac04a7dc294,RED,0,1,RED,DN SOOPers,Rumble,Lucian,Kalista,Neeko,Varus,Kennen,Xin Zhao,Zaahen,Yone,Jayce,Renata Glasc,Caitlyn,Trundle,Galio,Taliyah,Zoe,Jax,Twisted Fate,Rek'Sai,Dr. Mundo,oe:team:5c2e7e9ea8dfcba0150d9a5619baecf|oe:team:b3c72a20aa56f5d28022ac04a7dc294,2026_20260212_BNK_FEARX_vs_DN_SOOPers_S2,"[""Orianna"", ""Azir"", ""Nocturne"", ""Jarvan IV"", ""Yunara"", ""Bard"", ""Ambessa"", ""Aurora"", ""Rakan"", ""Ezreal"", ""Corki"", ""Ryze"", ""Cassiopeia"", ""Renekton"", ""Wukong"", ""Lee Sin"", ""Gnar"", ""Sivir"", ""Alistar"", ""Karma"", ""K'Sante"", ""Vi"", ""Ahri"", ""Gwen"", ""Poppy"", ""Akali"", ""Xayah"", ""Jhin"", ""Pantheon"", ""Leona""]",30,False,17.0,10.0,0.5882352941176471,17.0,10.0,0.5882352941176471,5.0,0.6,10.0,0.6,9.0,0.5555555555555556,3.0,0.6666666666666666,7.0,0.7142857142857143,23.0,10.0,0.43478260869565216,23.0,10.0,0.43478260869565216,5.0,0.6,10.0,0.6,9.0,0.3333333333333333,3.0,0.3333333333333333,7.0,0.2857142857142857
LOLTMNT02_352429,2026,2026-02-12 11:41:51+00:00,LCK,5,Cup,0,16.03,complete,,,DN SOOPers,oe:team:b3c72a20aa56f5d28022ac04a7dc294,BNK FEARX,oe:team:5c2e7e9ea8dfcba0150d9a5619baecf,RED,0,1,RED,BNK FEARX,Lucian,Ziggs,Rell,Sion,Varus,Yone,Miss Fortune,Aphelios,Rumble,Aatrox,Jax,Thresh,Naafiri,Trundle,Rammus,Galio,Malphite,Jayce,Smolder,Zac,oe:team:5c2e7e9ea8dfcba0150d9a5619baecf|oe:team:b3c72a20aa56f5d28022ac04a7dc294,2026_20260212_BNK_FEARX_vs_DN_SOOPers_S2,"[""Orianna"", ""Azir"", ""Nocturne"", ""Jarvan IV"", ""Yunara"", ""Bard"", ""Ambessa"", ""Aurora"", ""Rakan"", ""Ezreal"", ""Corki"", ""Ryze"", ""Cassiopeia"", ""Renekton"", ""Wukong"", ""Lee Sin"", ""Gnar"", ""Sivir"", ""Alistar"", ""Karma"", ""K'Sante"", ""Vi"", ""Ahri"", ""Gwen"", ""Poppy"", ""Akali"", ""Xayah"", ""Jhin"", ""Pantheon"", ""Leona"", ""Kalista"", ""Neeko"", ""Xin Zhao"", ""Zaahen"", ""Renata Glasc"", ""Caitlyn"", ""Taliyah"", ""Zoe"", ""Rek'Sai"", ""Dr. Mundo""]",40,False,24.0,11.0,0.4583333333333333,24.0,11.0,0.4583333333333333,5.0,0.6,10.0,0.6,14.0,0.5,4.0,0.5,8.0,0.375,18.0,10.0,0.5555555555555556,18.0,10.0,0.5555555555555556,5.0,0.6,10.0,0.6,8.0,0.625,4.0,0.5,8.0,0.625
LOLTMNT02_352782,2026,2026-02-13 08:06:47+00:00,LCK,1,Cup,0,16.03,complete,,,Dplus Kia,oe:team:ef69efa6acebe94107f0cf1ba716806,Kiwoom DRX,oe:team:1d0389df0c5eea93b04122ba167c010,RED,0,1,RED,Kiwoom DRX,Varus,Jarvan IV,Ambessa,Orianna,Nocturne,Pantheon,Bard,Nautilus,Yunara,Rumble,Azir,Corki,Renekton,Ezreal,Jhin,Xin Zhao,Gwen,Sivir,Jayce,Kennen,oe:team:1d0389df0c5eea93b04122ba167c010|oe:team:ef69efa6acebe94107f0cf1ba716806,2026_20260213_Dplus_Kia_vs_Kiwoom_DRX_S2,[],0,False,14.0,8.0,0.5714285714285714,14.0,8.0,0.5714285714285714,5.0,0.4,10.0,0.4,11.0,0.7272727272727273,0.0,,2.0,1.0,24.0,12.0,0.5,24.0,12.0,0.5,5.0,0.6,10.0,0.7,13.0,0.5384615384615384,0.0,,2.0,0.0
LOLTMNT02_352790,2026,2026-02-13 09:03:09+00:00,LCK,2,Cup,0,16.03,complete,,,Dplus Kia,oe:team:ef69efa6acebe94107f0cf1ba716806,Kiwoom DRX,oe:team:1d0389df0c5eea93b04122ba167c010,RED,1,0,BLUE,Dplus Kia,Varus,Rumble,Ashe,Yunara,Vi,Jarvan IV,Dr. Mundo,Aurora,Ryze,Pantheon,Seraphine,Karma,Nocturne,Ahri,Gnar,Sylas,Jax,Gwen,Zoe,Zaahen,oe:team:1d0389df0c5eea93b04122ba167c010|oe:team:ef69efa6acebe94107f0cf1ba716806,2026_20260213_Dplus_Kia_vs_Kiwoom_DRX_S2,"[""Ambessa"", ""Orianna"", ""Bard"", ""Nautilus"", ""Azir"", ""Corki"", ""Jhin"", ""Xin Zhao"", ""Jayce"", ""Kennen""]",10,False,15.0,8.0,0.5333333333333333,15.0,8.0,0.5333333333333333,5.0,0.4,10.0,0.3,12.0,0.6666666666666666,1.0,0.0,3.0,0.6666666666666666,25.0,13.0,0.52,25.0,13.0,0.52,5.0,0.8,10.0,0.7,14.0,0.5714285714285714,1.0,1.0,3.0,0.3333333333333333
LOLTMNT02_351807,2026,2026-02-13 10:06:25+00:00,LCK,3,Cup,0,16.03,complete,,,Dplus Kia,oe:team:ef69efa6acebe94107f0cf1ba716806,Kiwoom DRX,oe:team:1d0389df0c5eea93b04122ba167c010,RED,0,1,RED,Kiwoom DRX,Neeko,Rumble,Varus,Ryze,Pantheon,Gwen,Nocturne,Sivir,Vi,Jarvan IV,Alistar,Renekton,Rakan,Cassiopeia,K'Sante,Olaf,Lee Sin,Anivia,Viktor,Poppy,oe:team:1d0389df0c5eea93b04122ba167c010|oe:team:ef69efa6acebe94107f0cf1ba716806,2026_20260213_Dplus_Kia_vs_Kiwoom_DRX_S2,"[""Ambessa"", ""Orianna"", ""Bard"", ""Nautilus"", ""Azir"", ""Corki"", ""Jhin"", ""Xin Zhao"", ""Jayce"", ""Kennen"", ""Ashe"", ""Yunara"", ""Dr. Mundo"", ""Aurora"", ""Seraphine"", ""Karma"", ""Gnar"", ""Sylas"", ""Zoe"", ""Zaahen""]",20,False,16.0,9.0,0.5625,16.0,9.0,0.5625,5.0,0.6,10.0,0.4,13.0,0.6923076923076923,2.0,0.5,4.0,0.75,26.0,13.0,0.5,26.0,13.0,0.5,5.0,0.8,10.0,0.6,15.0,0.5333333333333333,2.0,0.5,4.0,0.25
LOLTMNT02_352851,2026,2026-02-13 11:11:59+00:00,LCK,4,Cup,0,16.03,complete,,,Dplus Kia,oe:team:ef69efa6acebe94107f0cf1ba716806,Kiwoom DRX,oe:team:1d0389df0c5eea93b04122ba167c010,BLUE,1,0,BLUE,Dplus Kia,Malphite,Rumble,Vi,Galio,Neeko,Gwen,Jax,Naafiri,Pantheon,Ahri,Taliyah,Sion,Kai'Sa,Lucian,Ziggs,Kalista,Xayah,Lulu,Rakan,Renata Glasc,oe:team:1d0389df0c5eea93b04122ba167c010|oe:team:ef69efa6acebe94107f0cf1ba716806,2026_20260213_Dplus_Kia_vs_Kiwoom_DRX_S2,"[""Ambessa"", ""Orianna"", ""Bard"", ""Nautilus"", ""Azir"", ""Corki"", ""Jhin"", ""Xin Zhao"", ""Jayce"", ""Kennen"", ""Ashe"", ""Yunara"", ""Dr. Mundo"", ""Aurora"", ""Seraphine"", ""Karma"", ""Gnar"", ""Sylas"", ""Zoe"", ""Zaahen"", ""Varus"", ""Ryze"", ""Nocturne"", ""Sivir"", ""Alistar"", ""Renekton"", ""K'Sante"", ""Olaf"", ""Viktor"", ""Poppy""]",30,False,17.0,9.0,0.5294117647058824,17.0,9.0,0.5294117647058824,5.0,0.6,10.0,0.3,14.0,0.6428571428571429,3.0,0.3333333333333333,5.0,0.6,27.0,14.0,0.5185185185185185,27.0,14.0,0.5185185185185185,5.0,0.8,10.0,0.6,16.0,0.5625,3.0,0.6666666666666666,5.0,0.4
LOLTMNT02_351868,2026,2026-02-13 12:01:25+00:00,LCK,5,Cup,0,16.03,complete,,,Dplus Kia,oe:team:ef69efa6acebe94107f0cf1ba716806,Kiwoom DRX,oe:team:1d0389df0c5eea93b04122ba167c010,RED,1,0,BLUE,Dplus Kia,Pantheon,Jarvan IV,Gwen,Rumble,Neeko,Ahri,Lee Sin,Aphelios,Yone,Akali,Twisted Fate,Lulu,Syndra,Lucian,Jinx,Sejuani,Wukong,Ezreal,Thresh,Tristana,oe:team:1d0389df0c5eea93b04122ba167c010|oe:team:ef69efa6acebe94107f0cf1ba716806,2026_20260213_Dplus_Kia_vs_Kiwoom_DRX_S2,"[""Ambessa"", ""Orianna"", ""Bard"", ""Nautilus"", ""Azir"", ""Corki"", ""Jhin"", ""Xin Zhao"", ""Jayce"", ""Kennen"", ""Ashe"", ""Yunara"", ""Dr. Mundo"", ""Aurora"", ""Seraphine"", ""Karma"", ""Gnar"", ""Sylas"", ""Zoe"", ""Zaahen"", ""Varus"", ""Ryze"", ""Nocturne"", ""Sivir"", ""Alistar"", ""Renekton"", ""K'Sante"", ""Olaf"", ""Viktor"", ""Poppy"", ""Vi"", ""Galio"", ""Jax"", ""Naafiri"", ""Taliyah"", ""Sion"", ""Ziggs"", ""Kalista"", ""Rakan"", ""Renata Glasc""]",40,False,18.0,10.0,0.5555555555555556,18.0,10.0,0.5555555555555556,5.0,0.6,10.0,0.4,15.0,0.6666666666666666,4.0,0.5,6.0,0.6666666666666666,28.0,14.0,0.5,28.0,14.0,0.5,5.0,0.6,10.0,0.6,17.0,0.5294117647058824,4.0,0.5,6.0,0.3333333333333333
LOLTMNT02_354256,2026,2026-02-14 08:07:25+00:00,LCK,1,Cup,0,16.03,complete,,,Dplus Kia,oe:team:ef69efa6acebe94107f0cf1ba716806,Gen.G,oe:team:50f58982d91a36557ec8aec52ab014f,RED,0,1,RED,Gen.G,Varus,Neeko,Azir,Rumble,Yone,Pantheon,Jarvan IV,Vi,Orianna,Yunara,Ornn,Taliyah,Sivir,Bard,Ezreal,Jhin,Nautilus,Karma,Yuumi,Rakan,oe:team:50f58982d91a36557ec8aec52ab014f|oe:team:ef69efa6acebe94107f0cf1ba716806,2026_20260214_Dplus_Kia_vs_Gen_G_S2,[],0,False,19.0,11.0,0.5789473684210527,19.0,11.0,0.5789473684210527,5.0,0.6,10.0,0.5,16.0,0.6875,5.0,0.6,2.0,0.0,11.0,11.0,1.0,11.0,11.0,1.0,5.0,1.0,10.0,1.0,3.0,1.0,0.0,,2.0,1.0
LOLTMNT02_354263,2026,2026-02-14 09:01:24+00:00,LCK,2,Cup,0,16.03,complete,,,Dplus Kia,oe:team:ef69efa6acebe94107f0cf1ba716806,Gen.G,oe:team:50f58982d91a36557ec8aec52ab014f,BLUE,1,0,BLUE,Dplus Kia,Aurora,Ambessa,Yunara,Corki,Varus,Orianna,Wukong,Xin Zhao,Anivia,Ryze,Gwen,Ahri,Jax,LeBlanc,Lulu,Jayce,Nautilus,Twisted Fate,Cassiopeia,Nami,oe:team:50f58982d91a36557ec8aec52ab014f|oe:team:ef69efa6acebe94107f0cf1ba716806,2026_20260214_Dplus_Kia_vs_Gen_G_S2,"[""Azir"", ""Rumble"", ""Jarvan IV"", ""Vi"", ""Ornn"", ""Taliyah"", ""Ezreal"", ""Jhin"", ""Yuumi"", ""Rakan""]",10,False,20.0,11.0,0.55,20.0,11.0,0.55,5.0,0.6,10.0,0.5,17.0,0.6470588235294118,6.0,0.5,3.0,0.0,12.0,12.0,1.0,12.0,12.0,1.0,5.0,1.0,10.0,1.0,4.0,1.0,1.0,1.0,3.0,1.0
LOLTMNT02_353283,2026,2026-02-14 10:10:21+00:00,LCK,3,Cup,0,16.03,complete,,,Dplus Kia,oe:team:ef69efa6acebe94107f0cf1ba716806,Gen.G,oe:team:50f58982d91a36557ec8aec52ab014f,RED,0,1,RED,Gen.G,Varus,Neeko,Ashe,Ryze,Orianna,Ambessa,Dr. Mundo,Pantheon,Aurora,Anivia,Seraphine,Zaahen,Nautilus,Gnar,Jax,Kalista,Blitzcrank,Viktor,Malzahar,Renata Glasc,oe:team:50f58982d91a36557ec8aec52ab014f|oe:team:ef69efa6acebe94107f0cf1ba716806,2026_20260214_Dplus_Kia_vs_Gen_G_S2,"[""Azir"", ""Rumble"", ""Jarvan IV"", ""Vi"", ""Ornn"", ""Taliyah"", ""Ezreal"", ""Jhin"", ""Yuumi"", ""Rakan"", ""Yunara"", ""Corki"", ""Wukong"", ""Xin Zhao"", ""Gwen"", ""Ahri"", ""Lulu"", ""Jayce"", ""Cassiopeia"", ""Nami""]",20,False,21.0,12.0,0.5714285714285714,21.0,12.0,0.5714285714285714,5.0,0.6,10.0,0.6,18.0,0.6666666666666666,7.0,0.5714285714285714,4.0,0.25,13.0,12.0,0.9230769230769231,13.0,12.0,0.9230769230769231,5.0,0.8,10.0,0.9,5.0,0.8,2.0,0.5,4.0,0.75
LOLTMNT02_353312,2026,2026-02-14 11:05:18+00:00,LCK,4,Cup,0,16.03,complete,,,Gen.G,oe:team:50f58982d91a36557ec8aec52ab014f,Dplus Kia,oe:team:ef69efa6acebe94107f0cf1ba716806,BLUE,1,0,BLUE,Gen.G,Neeko,Varus,Aurora,Sion,LeBlanc,Orianna,Nocturne,Aphelios,Ambessa,Gnar,Rek'Sai,Thresh,Lee Sin,Nautilus,Miss Fortune,Aatrox,Zoe,Sivir,Rell,Anivia,oe:team:50f58982d91a36557ec8aec52ab014f|oe:team:ef69efa6acebe94107f0cf1ba716806,2026_20260214_Dplus_Kia_vs_Gen_G_S2,"[""Azir"", ""Rumble"", ""Jarvan IV"", ""Vi"", ""Ornn"", ""Taliyah"", ""Ezreal"", ""Jhin"", ""Yuumi"", ""Rakan"", ""Yunara"", ""Corki"", ""Wukong"", ""Xin Zhao"", ""Gwen"", ""Ahri"", ""Lulu"", ""Jayce"", ""Cassiopeia"", ""Nami"", ""Ashe"", ""Ryze"", ""Dr. Mundo"", ""Pantheon"", ""Seraphine"", ""Zaahen"", ""Jax"", ""Kalista"", ""Malzahar"", ""Renata Glasc""]",30,False,14.0,13.0,0.9285714285714286,14.0,13.0,0.9285714285714286,5.0,0.8,10.0,0.9,8.0,1.0,3.0,0.6666666666666666,5.0,0.8,22.0,12.0,0.5454545454545454,22.0,12.0,0.5454545454545454,5.0,0.6,10.0,0.6,3.0,0.0,8.0,0.5,5.0,0.2
LOLTMNT02_353559,2026,2026-02-15 08:05:24+00:00,LCK,1,Cup,0,16.03,complete,,,BNK FEARX,oe:team:5c2e7e9ea8dfcba0150d9a5619baecf,T1,oe:team:ce499dea30cfce118f4fe85da0227e8,RED,1,0,BLUE,BNK FEARX,Bard,Yunara,Rumble,Azir,Ambessa,Nocturne,Pantheon,Ornn,Vi,Varus,Orianna,Xin Zhao,Corki,Lucian,Aphelios,Jinx,Miss Fortune,Neeko,Lulu,Thresh,oe:team:5c2e7e9ea8dfcba0150d9a5619baecf|oe:team:ce499dea30cfce118f4fe85da0227e8,2026_20260215_BNK_FEARX_vs_T1_S2,[],0,False,19.0,11.0,0.5789473684210527,19.0,11.0,0.5789473684210527,5.0,0.6,10.0,0.6,10.0,0.5,5.0,0.6,3.0,0.3333333333333333,14.0,11.0,0.7857142857142857,14.0,11.0,0.7857142857142857,5.0,0.8,10.0,0.8,5.0,1.0,0.0,,3.0,0.6666666666666666
LOLTMNT02_353572,2026,2026-02-15 09:00:12+00:00,LCK,2,Cup,0,16.03,complete,,,BNK FEARX,oe:team:5c2e7e9ea8dfcba0150d9a5619baecf,T1,oe:team:ce499dea30cfce118f4fe85da0227e8,RED,0,1,RED,T1,Bard,Wukong,Jarvan IV,Varus,Vi,Nocturne,Ahri,Ambessa,Ryze,Neeko,Renekton,Sylas,Gnar,Lucian,Sivir,Alistar,Lee Sin,Yunara,Poppy,Rek'Sai,oe:team:5c2e7e9ea8dfcba0150d9a5619baecf|oe:team:ce499dea30cfce118f4fe85da0227e8,2026_20260215_BNK_FEARX_vs_T1_S2,"[""Rumble"", ""Azir"", ""Pantheon"", ""Ornn"", ""Orianna"", ""Xin Zhao"", ""Aphelios"", ""Jinx"", ""Lulu"", ""Thresh""]",10,False,20.0,12.0,0.6,20.0,12.0,0.6,5.0,0.8,10.0,0.7,11.0,0.5454545454545454,6.0,0.6666666666666666,4.0,0.5,15.0,11.0,0.7333333333333333,15.0,11.0,0.7333333333333333,5.0,0.8,10.0,0.8,6.0,0.8333333333333334,1.0,0.0,4.0,0.5
LOLTMNT02_354619,2026,2026-02-15 09:56:35+00:00,LCK,3,Cup,0,16.03,complete,,,T1,oe:team:ce499dea30cfce118f4fe85da0227e8,BNK FEARX,oe:team:5c2e7e9ea8dfcba0150d9a5619baecf,RED,0,1,RED,BNK FEARX,Lucian,Bard,Anivia,Ryze,Yunara,Neeko,Wukong,Ashe,Vi,Nocturne,Kennen,Seraphine,Lee Sin,Nautilus,Jhin,Yone,Aurora,Karma,Rakan,Maokai,oe:team:5c2e7e9ea8dfcba0150d9a5619baecf|oe:team:ce499dea30cfce118f4fe85da0227e8,2026_20260215_BNK_FEARX_vs_T1_S2,"[""Rumble"", ""Azir"", ""Pantheon"", ""Ornn"", ""Orianna"", ""Xin Zhao"", ""Aphelios"", ""Jinx"", ""Lulu"", ""Thresh"", ""Jarvan IV"", ""Varus"", ""Ahri"", ""Ambessa"", ""Renekton"", ""Sylas"", ""Sivir"", ""Alistar"", ""Poppy"", ""Rek'Sai""]",20,False,16.0,12.0,0.75,16.0,12.0,0.75,5.0,0.8,10.0,0.8,9.0,0.6666666666666666,2.0,0.5,5.0,0.6,21.0,12.0,0.5714285714285714,21.0,12.0,0.5714285714285714,5.0,0.6,10.0,0.6,9.0,0.6666666666666666,7.0,0.5714285714285714,5.0,0.4
LOLTMNT02_354641,2026,2026-02-15 10:48:53+00:00,LCK,4,Cup,0,16.03,complete,,,BNK FEARX,oe:team:5c2e7e9ea8dfcba0150d9a5619baecf,T1,oe:team:ce499dea30cfce118f4fe85da0227e8,BLUE,1,0,BLUE,BNK FEARX,Bard,Nami,Lucian,Aurora,Nocturne,Vi,Milio,Yunara,Karma,Neeko,Twisted Fate,Nautilus,Lee Sin,Dr. Mundo,Gnar,Malphite,Taliyah,Jayce,Trundle,Jax,oe:team:5c2e7e9ea8dfcba0150d9a5619baecf|oe:team:ce499dea30cfce118f4fe85da0227e8,2026_20260215_BNK_FEARX_vs_T1_S2,"[""Rumble"", ""Azir"", ""Pantheon"", ""Ornn"", ""Orianna"", ""Xin Zhao"", ""Aphelios"", ""Jinx"", ""Lulu"", ""Thresh"", ""Jarvan IV"", ""Varus"", ""Ahri"", ""Ambessa"", ""Renekton"", ""Sylas"", ""Sivir"", ""Alistar"", ""Poppy"", ""Rek'Sai"", ""Anivia"", ""Ryze"", ""Wukong"", ""Ashe"", ""Kennen"", ""Seraphine"", ""Jhin"", ""Yone"", ""Rakan"", ""Maokai""]",30,False,22.0,13.0,0.5909090909090909,22.0,13.0,0.5909090909090909,5.0,0.6,10.0,0.6,12.0,0.5,8.0,0.625,6.0,0.5,17.0,12.0,0.7058823529411765,17.0,12.0,0.7058823529411765,5.0,0.6,10.0,0.7,7.0,0.8571428571428571,3.0,0.3333333333333333,6.0,0.5
LOLTMNT02_356392,2026,2026-02-19 08:06:05+00:00,LCK,1,Cup,0,16.03,complete,,,Kiwoom DRX,oe:team:1d0389df0c5eea93b04122ba167c010,DN SOOPers,oe:team:b3c72a20aa56f5d28022ac04a7dc294,RED,0,1,RED,DN SOOPers,Varus,Bard,Ambessa,Rumble,Neeko,Yunara,Azir,Pantheon,Corki,Nocturne,Ornn,Orianna,Kai'Sa,Lucian,Ezreal,Jhin,Sivir,Poppy,Nautilus,Alistar,oe:team:1d0389df0c5eea93b04122ba167c010|oe:team:b3c72a20aa56f5d28022ac04a7dc294,2026_20260219_DN_SOOPers_vs_Kiwoom_DRX_S2,[],0,False,29.0,14.0,0.4827586206896552,29.0,14.0,0.4827586206896552,5.0,0.4,10.0,0.5,11.0,0.45454545454545453,5.0,0.4,3.0,0.3333333333333333,25.0,11.0,0.44,25.0,11.0,0.44,5.0,0.4,10.0,0.6,10.0,0.4,5.0,0.4,3.0,0.6666666666666666
LOLTMNT02_356399,2026,2026-02-19 08:59:02+00:00,LCK,2,Cup,0,16.03,complete,,,DN SOOPers,oe:team:b3c72a20aa56f5d28022ac04a7dc294,Kiwoom DRX,oe:team:1d0389df0c5eea93b04122ba167c010,RED,1,0,BLUE,DN SOOPers,Bard,Vi,Varus,Xin Zhao,Yunara,Gwen,Ahri,Sivir,Ryze,Nocturne,Wukong,Aurora,Poppy,Neeko,Rakan,Leona,Karma,K'Sante,Yorick,Kennen,oe:team:1d0389df0c5eea93b04122ba167c010|oe:team:b3c72a20aa56f5d28022ac04a7dc294,2026_20260219_DN_SOOPers_vs_Kiwoom_DRX_S2,"[""Ambessa"", ""Rumble"", ""Azir"", ""Pantheon"", ""Ornn"", ""Orianna"", ""Ezreal"", ""Jhin"", ""Nautilus"", ""Alistar""]",10,False,26.0,12.0,0.46153846153846156,26.0,12.0,0.46153846153846156,5.0,0.4,10.0,0.6,15.0,0.4666666666666667,6.0,0.5,4.0,0.75,30.0,14.0,0.4666666666666667,30.0,14.0,0.4666666666666667,5.0,0.2,10.0,0.5,18.0,0.5,6.0,0.3333333333333333,4.0,0.25
LOLTMNT02_355443,2026,2026-02-19 09:49:11+00:00,LCK,3,Cup,0,16.03,complete,,,DN SOOPers,oe:team:b3c72a20aa56f5d28022ac04a7dc294,Kiwoom DRX,oe:team:1d0389df0c5eea93b04122ba167c010,BLUE,0,1,RED,Kiwoom DRX,Bard,Gwen,Ryze,Gnar,Yunara,Nocturne,Jarvan IV,Vi,Cassiopeia,Lee Sin,Jax,Taliyah,Lucian,Kalista,Xayah,Neeko,Corki,Karma,Lulu,Kai'Sa,oe:team:1d0389df0c5eea93b04122ba167c010|oe:team:b3c72a20aa56f5d28022ac04a7dc294,2026_20260219_DN_SOOPers_vs_Kiwoom_DRX_S2,"[""Ambessa"", ""Rumble"", ""Azir"", ""Pantheon"", ""Ornn"", ""Orianna"", ""Ezreal"", ""Jhin"", ""Nautilus"", ""Alistar"", ""Varus"", ""Xin Zhao"", ""Ahri"", ""Sivir"", ""Wukong"", ""Aurora"", ""Rakan"", ""Leona"", ""Yorick"", ""Kennen""]",20,False,27.0,13.0,0.48148148148148145,27.0,13.0,0.48148148148148145,5.0,0.6,10.0,0.6,16.0,0.5,7.0,0.5714285714285714,5.0,0.8,31.0,14.0,0.45161290322580644,31.0,14.0,0.45161290322580644,5.0,0.2,10.0,0.5,19.0,0.47368421052631576,7.0,0.2857142857142857,5.0,0.2
LOLTMNT02_355446,2026,2026-02-19 10:37:09+00:00,LCK,4,Cup,0,16.03,complete,,,Kiwoom DRX,oe:team:1d0389df0c5eea93b04122ba167c010,DN SOOPers,oe:team:b3c72a20aa56f5d28022ac04a7dc294,BLUE,0,1,RED,DN SOOPers,Lee Sin,Bard,Yunara,Renekton,Nocturne,Nami,Dr. Mundo,Corki,K'Sante,Gwen,Jayce,Rell,Yone,Poppy,Twisted Fate,Naafiri,Zoe,Braum,Karma,Viktor,oe:team:1d0389df0c5eea93b04122ba167c010|oe:team:b3c72a20aa56f5d28022ac04a7dc294,2026_20260219_DN_SOOPers_vs_Kiwoom_DRX_S2,"[""Ambessa"", ""Rumble"", ""Azir"", ""Pantheon"", ""Ornn"", ""Orianna"", ""Ezreal"", ""Jhin"", ""Nautilus"", ""Alistar"", ""Varus"", ""Xin Zhao"", ""Ahri"", ""Sivir"", ""Wukong"", ""Aurora"", ""Rakan"", ""Leona"", ""Yorick"", ""Kennen"", ""Ryze"", ""Gnar"", ""Jarvan IV"", ""Vi"", ""Jax"", ""Taliyah"", ""Xayah"", ""Neeko"", ""Lulu"", ""Kai'Sa""]",30,False,32.0,15.0,0.46875,32.0,15.0,0.46875,5.0,0.2,10.0,0.5,12.0,0.4166666666666667,8.0,0.375,6.0,0.3333333333333333,28.0,13.0,0.4642857142857143,28.0,13.0,0.4642857142857143,5.0,0.6,10.0,0.6,11.0,0.45454545454545453,8.0,0.5,6.0,0.6666666666666666
LOLTMNT02_356582,2026,2026-02-20 08:06:25+00:00,LCK,1,Cup,0,16.03,complete,,,DN SOOPers,oe:team:b3c72a20aa56f5d28022ac04a7dc294,Dplus Kia,oe:team:ef69efa6acebe94107f0cf1ba716806,RED,0,1,RED,Dplus Kia,Rumble,Neeko,Corki,Ambessa,Varus,Yunara,Vi,Ezreal,Orianna,Pantheon,Taliyah,Azir,Karma,Renekton,Nautilus,Xin Zhao,Alistar,Nami,Gwen,Leona,oe:team:b3c72a20aa56f5d28022ac04a7dc294|oe:team:ef69efa6acebe94107f0cf1ba716806,2026_20260220_DN_SOOPers_vs_Dplus_Kia_S2,[],0,False,29.0,14.0,0.4827586206896552,29.0,14.0,0.4827586206896552,5.0,0.6,10.0,0.6,17.0,0.47058823529411764,9.0,0.5555555555555556,2.0,0.0,23.0,12.0,0.5217391304347826,23.0,12.0,0.5217391304347826,5.0,0.4,10.0,0.5,4.0,0.0,9.0,0.4444444444444444,2.0,1.0
LOLTMNT02_355631,2026,2026-02-20 09:07:24+00:00,LCK,2,Cup,0,16.03,complete,,,Dplus Kia,oe:team:ef69efa6acebe94107f0cf1ba716806,DN SOOPers,oe:team:b3c72a20aa56f5d28022ac04a7dc294,RED,1,0,BLUE,Dplus Kia,Orianna,Cassiopeia,Ryze,Rumble,Pantheon,Gnar,Jarvan IV,Sejuani,Varus,Yunara,K'Sante,Yone,Jhin,Lucian,Aphelios,Kalista,Ashe,Poppy,Lulu,Renata Glasc,oe:team:b3c72a20aa56f5d28022ac04a7dc294|oe:team:ef69efa6acebe94107f0cf1ba716806,2026_20260220_DN_SOOPers_vs_Dplus_Kia_S2,"[""Corki"", ""Ambessa"", ""Vi"", ""Ezreal"", ""Taliyah"", ""Azir"", ""Nautilus"", ""Xin Zhao"", ""Gwen"", ""Leona""]",10,False,24.0,13.0,0.5416666666666666,24.0,13.0,0.5416666666666666,5.0,0.4,10.0,0.5,19.0,0.631578947368421,10.0,0.5,3.0,1.0,30.0,14.0,0.4666666666666667,30.0,14.0,0.4666666666666667,5.0,0.6,10.0,0.5,12.0,0.5,10.0,0.5,3.0,0.0
LOLTMNT02_355637,2026,2026-02-20 10:07:12+00:00,LCK,3,Cup,0,16.03,complete,,,Dplus Kia,oe:team:ef69efa6acebe94107f0cf1ba716806,DN SOOPers,oe:team:b3c72a20aa56f5d28022ac04a7dc294,BLUE,0,1,RED,DN SOOPers,Neeko,Orianna,Aurora,Varus,Yorick,Kennen,Lee Sin,Wukong,Ahri,Pantheon,Bard,Rakan,Akali,Sivir,Jhin,Renekton,Viktor,Gnar,LeBlanc,Galio,oe:team:b3c72a20aa56f5d28022ac04a7dc294|oe:team:ef69efa6acebe94107f0cf1ba716806,2026_20260220_DN_SOOPers_vs_Dplus_Kia_S2,"[""Corki"", ""Ambessa"", ""Vi"", ""Ezreal"", ""Taliyah"", ""Azir"", ""Nautilus"", ""Xin Zhao"", ""Gwen"", ""Leona"", ""Ryze"", ""Rumble"", ""Jarvan IV"", ""Sejuani"", ""K'Sante"", ""Yone"", ""Aphelios"", ""Kalista"", ""Lulu"", ""Renata Glasc""]",20,False,25.0,14.0,0.56,25.0,14.0,0.56,5.0,0.6,10.0,0.6,20.0,0.65,11.0,0.5454545454545454,4.0,1.0,31.0,14.0,0.45161290322580644,31.0,14.0,0.45161290322580644,5.0,0.4,10.0,0.4,13.0,0.46153846153846156,11.0,0.45454545454545453,4.0,0.0
LOLTMNT02_356609,2026,2026-02-20 11:02:23+00:00,LCK,4,Cup,0,16.03,complete,,,DN SOOPers,oe:team:b3c72a20aa56f5d28022ac04a7dc294,Dplus Kia,oe:team:ef69efa6acebe94107f0cf1ba716806,RED,0,1,RED,Dplus Kia,Orianna,Nocturne,Yunara,Ahri,Lucian,Dr. Mundo,Neeko,Ashe,Pantheon,Sylas,Kennen,Seraphine,Yorick,Akali,Naafiri,Sion,Jayce,Yasuo,Viktor,Aatrox,oe:team:b3c72a20aa56f5d28022ac04a7dc294|oe:team:ef69efa6acebe94107f0cf1ba716806,2026_20260220_DN_SOOPers_vs_Dplus_Kia_S2,"[""Corki"", ""Ambessa"", ""Vi"", ""Ezreal"", ""Taliyah"", ""Azir"", ""Nautilus"", ""Xin Zhao"", ""Gwen"", ""Leona"", ""Ryze"", ""Rumble"", ""Jarvan IV"", ""Sejuani"", ""K'Sante"", ""Yone"", ""Aphelios"", ""Kalista"", ""Lulu"", ""Renata Glasc"", ""Aurora"", ""Varus"", ""Lee Sin"", ""Wukong"", ""Bard"", ""Rakan"", ""Jhin"", ""Renekton"", ""LeBlanc"", ""Galio""]",30,False,32.0,15.0,0.46875,32.0,15.0,0.46875,5.0,0.4,10.0,0.5,18.0,0.4444444444444444,12.0,0.5,5.0,0.2,26.0,14.0,0.5384615384615384,26.0,14.0,0.5384615384615384,5.0,0.4,10.0,0.5,5.0,0.2,12.0,0.5,5.0,0.8
LOLTMNT02_356695,2026,2026-02-21 08:08:52+00:00,LCK,1,Cup,0,16.03,complete,,,Gen.G,oe:team:50f58982d91a36557ec8aec52ab014f,BNK FEARX,oe:team:5c2e7e9ea8dfcba0150d9a5619baecf,BLUE,1,0,BLUE,Gen.G,Neeko,Rumble,Varus,Pantheon,Yunara,Bard,Taliyah,Azir,Orianna,Gwen,Vi,Ambessa,Ezreal,Renekton,Rakan,Jhin,Sivir,Nautilus,Rek'Sai,Poppy,oe:team:50f58982d91a36557ec8aec52ab014f|oe:team:5c2e7e9ea8dfcba0150d9a5619baecf,2026_20260221_BNK_FEARX_vs_Gen_G_S2,[],0,False,15.0,14.0,0.9333333333333333,15.0,14.0,0.9333333333333333,5.0,0.8,10.0,0.9,9.0,1.0,4.0,0.75,2.0,1.0,23.0,14.0,0.6086956521739131,23.0,14.0,0.6086956521739131,5.0,0.8,10.0,0.7,10.0,0.7,9.0,0.6666666666666666,2.0,0.0
LOLTMNT02_355782,2026,2026-02-21 09:07:41+00:00,LCK,2,Cup,0,16.03,complete,,,Gen.G,oe:team:50f58982d91a36557ec8aec52ab014f,BNK FEARX,oe:team:5c2e7e9ea8dfcba0150d9a5619baecf,BLUE,1,0,BLUE,Gen.G,Neeko,Rumble,Aurora,Xin Zhao,Yunara,Gwen,Ashe,Lucian,Ryze,Orianna,Seraphine,Milio,Mel,Dr. Mundo,Wukong,Sion,Twisted Fate,Jarvan IV,Zaahen,Ahri,oe:team:50f58982d91a36557ec8aec52ab014f|oe:team:5c2e7e9ea8dfcba0150d9a5619baecf,2026_20260221_BNK_FEARX_vs_Gen_G_S2,"[""Varus"", ""Pantheon"", ""Taliyah"", ""Azir"", ""Vi"", ""Ambessa"", ""Rakan"", ""Jhin"", ""Rek'Sai"", ""Poppy""]",10,False,16.0,15.0,0.9375,16.0,15.0,0.9375,5.0,0.8,10.0,0.9,10.0,1.0,5.0,0.8,3.0,1.0,24.0,14.0,0.5833333333333334,24.0,14.0,0.5833333333333334,5.0,0.6,10.0,0.6,11.0,0.6363636363636364,10.0,0.6,3.0,0.0
LOLTMNT02_356711,2026,2026-02-21 10:03:38+00:00,LCK,3,Cup,0,16.03,complete,,,Gen.G,oe:team:50f58982d91a36557ec8aec52ab014f,BNK FEARX,oe:team:5c2e7e9ea8dfcba0150d9a5619baecf,RED,0,1,RED,BNK FEARX,Rumble,Nocturne,Mel,Twisted Fate,Orianna,Jarvan IV,Yunara,Ezreal,Ryze,Anivia,Lulu,Karma,Kha'Zix,Jax,Aatrox,Dr. Mundo,Lee Sin,Jayce,Gnar,Gwen,oe:team:50f58982d91a36557ec8aec52ab014f|oe:team:5c2e7e9ea8dfcba0150d9a5619baecf,2026_20260221_BNK_FEARX_vs_Gen_G_S2,"[""Varus"", ""Pantheon"", ""Taliyah"", ""Azir"", ""Vi"", ""Ambessa"", ""Rakan"", ""Jhin"", ""Rek'Sai"", ""Poppy"", ""Aurora"", ""Xin Zhao"", ""Ashe"", ""Lucian"", ""Seraphine"", ""Milio"", ""Wukong"", ""Sion"", ""Zaahen"", ""Ahri""]",20,False,17.0,16.0,0.9411764705882353,17.0,16.0,0.9411764705882353,5.0,0.8,10.0,0.9,11.0,1.0,6.0,0.8333333333333334,4.0,1.0,25.0,14.0,0.56,25.0,14.0,0.56,5.0,0.4,10.0,0.6,12.0,0.5833333333333334,11.0,0.5454545454545454,4.0,0.0
LOLTMNT02_355793,2026,2026-02-21 10:56:33+00:00,LCK,4,Cup,0,16.03,complete,,,Gen.G,oe:team:50f58982d91a36557ec8aec52ab014f,BNK FEARX,oe:team:5c2e7e9ea8dfcba0150d9a5619baecf,BLUE,1,0,BLUE,Gen.G,Renata Glasc,Rumble,Renekton,Aphelios,Neeko,Corki,Nidalee,Jarvan IV,Orianna,Ryze,Zoe,Thresh,Akali,Leona,Nautilus,Syndra,Galio,Blitzcrank,Jinx,Ornn,oe:team:50f58982d91a36557ec8aec52ab014f|oe:team:5c2e7e9ea8dfcba0150d9a5619baecf,2026_20260221_BNK_FEARX_vs_Gen_G_S2,"[""Varus"", ""Pantheon"", ""Taliyah"", ""Azir"", ""Vi"", ""Ambessa"", ""Rakan"", ""Jhin"", ""Rek'Sai"", ""Poppy"", ""Aurora"", ""Xin Zhao"", ""Ashe"", ""Lucian"", ""Seraphine"", ""Milio"", ""Wukong"", ""Sion"", ""Zaahen"", ""Ahri"", ""Mel"", ""Twisted Fate"", ""Yunara"", ""Ezreal"", ""Lulu"", ""Karma"", ""Aatrox"", ""Dr. Mundo"", ""Gnar"", ""Gwen""]",30,False,18.0,16.0,0.8888888888888888,18.0,16.0,0.8888888888888888,5.0,0.8,10.0,0.8,12.0,0.9166666666666666,7.0,0.7142857142857143,5.0,0.8,26.0,15.0,0.5769230769230769,26.0,15.0,0.5769230769230769,5.0,0.6,10.0,0.6,13.0,0.6153846153846154,12.0,0.5833333333333334,5.0,0.2
LOLTMNT02_356869,2026,2026-02-22 08:08:41+00:00,LCK,1,Cup,0,16.03,complete,,,Dplus Kia,oe:team:ef69efa6acebe94107f0cf1ba716806,T1,oe:team:ce499dea30cfce118f4fe85da0227e8,RED,0,1,RED,T1,Bard,Vi,Orianna,Rumble,Nocturne,Ambessa,Jarvan IV,Azir,Varus,Pantheon,K'Sante,Xin Zhao,Jhin,Lulu,Ashe,Zeri,Nami,Karma,Seraphine,Yuumi,oe:team:ce499dea30cfce118f4fe85da0227e8|oe:team:ef69efa6acebe94107f0cf1ba716806,2026_20260222_Dplus_Kia_vs_T1_S2,[],0,False,27.0,15.0,0.5555555555555556,27.0,15.0,0.5555555555555556,5.0,0.6,10.0,0.6,21.0,0.6190476190476191,13.0,0.5384615384615384,3.0,0.0,18.0,12.0,0.6666666666666666,18.0,12.0,0.6666666666666666,5.0,0.4,10.0,0.6,8.0,0.75,4.0,0.25,3.0,1.0
LOLTMNT02_356875,2026,2026-02-22 09:08:21+00:00,LCK,2,Cup,0,16.03,complete,,,Dplus Kia,oe:team:ef69efa6acebe94107f0cf1ba716806,T1,oe:team:ce499dea30cfce118f4fe85da0227e8,RED,0,1,RED,T1,Bard,Vi,Ryze,Pantheon,Nocturne,Ambessa,Lee Sin,Jayce,Anivia,Varus,Sion,Taliyah,Nautilus,Lulu,Ezreal,Yunara,Kalista,Leona,Blitzcrank,Karma,oe:team:ce499dea30cfce118f4fe85da0227e8|oe:team:ef69efa6acebe94107f0cf1ba716806,2026_20260222_Dplus_Kia_vs_T1_S2,"[""Orianna"", ""Rumble"", ""Jarvan IV"", ""Azir"", ""K'Sante"", ""Xin Zhao"", ""Ashe"", ""Zeri"", ""Seraphine"", ""Yuumi""]",10,False,28.0,15.0,0.5357142857142857,28.0,15.0,0.5357142857142857,5.0,0.6,10.0,0.5,22.0,0.5909090909090909,14.0,0.5,4.0,0.0,19.0,13.0,0.6842105263157895,19.0,13.0,0.6842105263157895,5.0,0.4,10.0,0.6,9.0,0.7777777777777778,5.0,0.4,4.0,1.0
LOLTMNT02_356881,2026,2026-02-22 10:01:38+00:00,LCK,3,Cup,0,16.03,complete,,,T1,oe:team:ce499dea30cfce118f4fe85da0227e8,Dplus Kia,oe:team:ef69efa6acebe94107f0cf1ba716806,RED,0,1,RED,Dplus Kia,Varus,Bard,Aphelios,Ambessa,Vi,Nocturne,Lulu,Lucian,Dr. Mundo,Nautilus,Renekton,Nami,Aurora,Wukong,Twisted Fate,Ahri,Gnar,Sejuani,Kha'Zix,Olaf,oe:team:ce499dea30cfce118f4fe85da0227e8|oe:team:ef69efa6acebe94107f0cf1ba716806,2026_20260222_Dplus_Kia_vs_T1_S2,"[""Orianna"", ""Rumble"", ""Jarvan IV"", ""Azir"", ""K'Sante"", ""Xin Zhao"", ""Ashe"", ""Zeri"", ""Seraphine"", ""Yuumi"", ""Ryze"", ""Pantheon"", ""Lee Sin"", ""Jayce"", ""Sion"", ""Taliyah"", ""Ezreal"", ""Yunara"", ""Blitzcrank"", ""Karma""]",20,False,20.0,14.0,0.7,20.0,14.0,0.7,5.0,0.6,10.0,0.7,10.0,0.6,6.0,0.5,5.0,1.0,29.0,15.0,0.5172413793103449,29.0,15.0,0.5172413793103449,5.0,0.4,10.0,0.4,6.0,0.3333333333333333,15.0,0.4666666666666667,5.0,0.0
LOLTMNT02_355917,2026,2026-02-22 11:04:59+00:00,LCK,4,Cup,0,16.03,complete,,,Dplus Kia,oe:team:ef69efa6acebe94107f0cf1ba716806,T1,oe:team:ce499dea30cfce118f4fe85da0227e8,RED,1,0,BLUE,Dplus Kia,Bard,Vi,Wukong,Varus,Nocturne,Ziggs,Sivir,Zaahen,Aurora,Zoe,Gnar,Galio,Kennen,Neeko,Alistar,Sylas,Renata Glasc,Poppy,Cassiopeia,Rakan,oe:team:ce499dea30cfce118f4fe85da0227e8|oe:team:ef69efa6acebe94107f0cf1ba716806,2026_20260222_Dplus_Kia_vs_T1_S2,"[""Orianna"", ""Rumble"", ""Jarvan IV"", ""Azir"", ""K'Sante"", ""Xin Zhao"", ""Ashe"", ""Zeri"", ""Seraphine"", ""Yuumi"", ""Ryze"", ""Pantheon"", ""Lee Sin"", ""Jayce"", ""Sion"", ""Taliyah"", ""Ezreal"", ""Yunara"", ""Blitzcrank"", ""Karma"", ""Aphelios"", ""Ambessa"", ""Lulu"", ""Lucian"", ""Renekton"", ""Nami"", ""Twisted Fate"", ""Ahri"", ""Kha'Zix"", ""Olaf""]",30,False,30.0,16.0,0.5333333333333333,30.0,16.0,0.5333333333333333,5.0,0.4,10.0,0.5,23.0,0.5652173913043478,16.0,0.5,6.0,0.16666666666666666,21.0,14.0,0.6666666666666666,21.0,14.0,0.6666666666666666,5.0,0.4,10.0,0.6,10.0,0.8,7.0,0.42857142857142855,6.0,0.8333333333333334
LOLTMNT02_356890,2026,2026-02-22 12:02:50+00:00,LCK,5,Cup,0,16.03,complete,,,Dplus Kia,oe:team:ef69efa6acebe94107f0cf1ba716806,T1,oe:team:ce499dea30cfce118f4fe85da0227e8,RED,1,0,BLUE,Dplus Kia,Bard,Zoe,Gwen,Kennen,Nocturne,Vi,Neeko,Kalista,Aurora,Yorick,Miss Fortune,Renata Glasc,Viktor,Yone,Maokai,Anivia,Trundle,Akali,Tristana,Aatrox,oe:team:ce499dea30cfce118f4fe85da0227e8|oe:team:ef69efa6acebe94107f0cf1ba716806,2026_20260222_Dplus_Kia_vs_T1_S2,"[""Orianna"", ""Rumble"", ""Jarvan IV"", ""Azir"", ""K'Sante"", ""Xin Zhao"", ""Ashe"", ""Zeri"", ""Seraphine"", ""Yuumi"", ""Ryze"", ""Pantheon"", ""Lee Sin"", ""Jayce"", ""Sion"", ""Taliyah"", ""Ezreal"", ""Yunara"", ""Blitzcrank"", ""Karma"", ""Aphelios"", ""Ambessa"", ""Lulu"", ""Lucian"", ""Renekton"", ""Nami"", ""Twisted Fate"", ""Ahri"", ""Kha'Zix"", ""Olaf"", ""Wukong"", ""Varus"", ""Sivir"", ""Zaahen"", ""Gnar"", ""Galio"", ""Alistar"", ""Sylas"", ""Cassiopeia"", ""Rakan""]",40,False,31.0,17.0,0.5483870967741935,31.0,17.0,0.5483870967741935,5.0,0.6,10.0,0.5,24.0,0.5833333333333334,17.0,0.5294117647058824,7.0,0.2857142857142857,22.0,14.0,0.6363636363636364,22.0,14.0,0.6363636363636364,5.0,0.4,10.0,0.5,11.0,0.7272727272727273,8.0,0.375,7.0,0.7142857142857143
LOLTMNT02_360177,2026,2026-02-28 08:23:00+00:00,LCK,1,Cup,0,16.03,complete,,,Dplus Kia,oe:team:ef69efa6acebe94107f0cf1ba716806,BNK FEARX,oe:team:5c2e7e9ea8dfcba0150d9a5619baecf,BLUE,0,1,RED,BNK FEARX,Renekton,Rumble,Azir,Varus,Pantheon,Orianna,Xin Zhao,Jarvan IV,Vi,Ambessa,Ezreal,Taliyah,Nautilus,Leona,Yuumi,Karma,Rek'Sai,Gwen,Sion,Gnar,oe:team:5c2e7e9ea8dfcba0150d9a5619baecf|oe:team:ef69efa6acebe94107f0cf1ba716806,2026_20260228_BNK_FEARX_vs_Dplus_Kia_S1,[],0,False,32.0,18.0,0.5625,32.0,18.0,0.5625,5.0,0.6,10.0,0.6,25.0,0.6,18.0,0.5555555555555556,0.0,,27.0,15.0,0.5555555555555556,27.0,15.0,0.5555555555555556,5.0,0.4,10.0,0.5,14.0,0.5714285714285714,13.0,0.5384615384615384,0.0,
LOLTMNT02_360180,2026,2026-02-28 09:16:16+00:00,LCK,2,Cup,0,16.03,complete,,,BNK FEARX,oe:team:5c2e7e9ea8dfcba0150d9a5619baecf,Dplus Kia,oe:team:ef69efa6acebe94107f0cf1ba716806,BLUE,1,0,BLUE,BNK FEARX,Ambessa,Orianna,Ashe,Wukong,Poppy,Pantheon,Seraphine,Ziggs,Vi,Rumble,Ryze,Nautilus,Cassiopeia,Dr. Mundo,Renekton,Yone,Olaf,Lee Sin,Trundle,Aurora,oe:team:5c2e7e9ea8dfcba0150d9a5619baecf|oe:team:ef69efa6acebe94107f0cf1ba716806,2026_20260228_BNK_FEARX_vs_Dplus_Kia_S1,"[""Azir"", ""Varus"", ""Xin Zhao"", ""Jarvan IV"", ""Ezreal"", ""Taliyah"", ""Yuumi"", ""Karma"", ""Sion"", ""Gnar""]",10,False,28.0,16.0,0.5714285714285714,28.0,16.0,0.5714285714285714,5.0,0.4,10.0,0.6,13.0,0.5384615384615384,14.0,0.5714285714285714,1.0,1.0,33.0,18.0,0.5454545454545454,33.0,18.0,0.5454545454545454,5.0,0.6,10.0,0.6,7.0,0.42857142857142855,19.0,0.5263157894736842,1.0,0.0
LOLTMNT02_360183,2026,2026-02-28 10:13:45+00:00,LCK,3,Cup,0,16.03,complete,,,BNK FEARX,oe:team:5c2e7e9ea8dfcba0150d9a5619baecf,Dplus Kia,oe:team:ef69efa6acebe94107f0cf1ba716806,RED,1,0,BLUE,BNK FEARX,Orianna,Twisted Fate,Yunara,Pantheon,Vi,Rumble,Lulu,Corki,Ambessa,Lucian,Nocturne,Nami,Gwen,Ahri,K'Sante,Zoe,Akali,Kennen,Syndra,Jax,oe:team:5c2e7e9ea8dfcba0150d9a5619baecf|oe:team:ef69efa6acebe94107f0cf1ba716806,2026_20260228_BNK_FEARX_vs_Dplus_Kia_S1,"[""Azir"", ""Varus"", ""Xin Zhao"", ""Jarvan IV"", ""Ezreal"", ""Taliyah"", ""Yuumi"", ""Karma"", ""Sion"", ""Gnar"", ""Ashe"", ""Wukong"", ""Seraphine"", ""Ziggs"", ""Ryze"", ""Nautilus"", ""Renekton"", ""Yone"", ""Trundle"", ""Aurora""]",20,False,29.0,17.0,0.5862068965517241,29.0,17.0,0.5862068965517241,5.0,0.6,10.0,0.6,14.0,0.5714285714285714,15.0,0.6,2.0,1.0,34.0,18.0,0.5294117647058824,34.0,18.0,0.5294117647058824,5.0,0.6,10.0,0.5,8.0,0.375,20.0,0.5,2.0,0.0
LOLTMNT02_360283,2026,2026-03-01 08:22:46+00:00,LCK,1,Cup,0,16.03,complete,,,Gen.G,oe:team:50f58982d91a36557ec8aec52ab014f,BNK FEARX,oe:team:5c2e7e9ea8dfcba0150d9a5619baecf,BLUE,1,0,BLUE,Gen.G,Yunara,Rumble,Ryze,Varus,Neeko,Vi,Gwen,Pantheon,Azir,Orianna,Jarvan IV,Taliyah,Karma,Ezreal,Sivir,Gnar,Nautilus,Jhin,Bard,Rakan,oe:team:50f58982d91a36557ec8aec52ab014f|oe:team:5c2e7e9ea8dfcba0150d9a5619baecf,2026_20260301_BNK_FEARX_vs_Gen_G_S3,[],0,False,19.0,17.0,0.8947368421052632,19.0,17.0,0.8947368421052632,5.0,0.8,10.0,0.8,13.0,0.9230769230769231,8.0,0.75,6.0,0.8333333333333334,30.0,18.0,0.6,30.0,18.0,0.6,5.0,0.8,10.0,0.6,15.0,0.6,16.0,0.625,6.0,0.16666666666666666
LOLTMNT02_360285,2026,2026-03-01 09:14:27+00:00,LCK,2,Cup,0,16.03,complete,,,Gen.G,oe:team:50f58982d91a36557ec8aec52ab014f,BNK FEARX,oe:team:5c2e7e9ea8dfcba0150d9a5619baecf,RED,1,0,BLUE,Gen.G,Rumble,Aurora,Ashe,Orianna,Karma,Vi,Seraphine,Nocturne,Yunara,Nautilus,Galio,Renekton,Neeko,Xin Zhao,Ambessa,Kalista,Zeri,Wukong,Zaahen,Renata Glasc,oe:team:50f58982d91a36557ec8aec52ab014f|oe:team:5c2e7e9ea8dfcba0150d9a5619baecf,2026_20260301_BNK_FEARX_vs_Gen_G_S3,"[""Ryze"", ""Varus"", ""Gwen"", ""Pantheon"", ""Jarvan IV"", ""Taliyah"", ""Sivir"", ""Gnar"", ""Bard"", ""Rakan""]",10,False,20.0,18.0,0.9,20.0,18.0,0.9,5.0,0.8,10.0,0.8,14.0,0.9285714285714286,9.0,0.7777777777777778,7.0,0.8571428571428571,31.0,18.0,0.5806451612903226,31.0,18.0,0.5806451612903226,5.0,0.6,10.0,0.6,16.0,0.5625,17.0,0.5882352941176471,7.0,0.14285714285714285
LOLTMNT02_360286,2026,2026-03-01 10:01:17+00:00,LCK,3,Cup,0,16.03,complete,,,Gen.G,oe:team:50f58982d91a36557ec8aec52ab014f,BNK FEARX,oe:team:5c2e7e9ea8dfcba0150d9a5619baecf,RED,1,0,BLUE,Gen.G,Rumble,Aurora,Neeko,Azir,Lulu,Vi,Wukong,Lucian,Karma,Yone,Yunara,Nami,Xin Zhao,Rek'Sai,Annie,Dr. Mundo,K'Sante,Ahri,Aatrox,Sion,oe:team:50f58982d91a36557ec8aec52ab014f|oe:team:5c2e7e9ea8dfcba0150d9a5619baecf,2026_20260301_BNK_FEARX_vs_Gen_G_S3,"[""Ryze"", ""Varus"", ""Gwen"", ""Pantheon"", ""Jarvan IV"", ""Taliyah"", ""Sivir"", ""Gnar"", ""Bard"", ""Rakan"", ""Ashe"", ""Orianna"", ""Seraphine"", ""Nocturne"", ""Galio"", ""Renekton"", ""Ambessa"", ""Kalista"", ""Zaahen"", ""Renata Glasc""]",20,False,21.0,19.0,0.9047619047619048,21.0,19.0,0.9047619047619048,5.0,0.8,10.0,0.8,15.0,0.9333333333333333,10.0,0.8,8.0,0.875,32.0,18.0,0.5625,32.0,18.0,0.5625,5.0,0.6,10.0,0.5,17.0,0.5294117647058824,18.0,0.5555555555555556,8.0,0.125
LOLTMNT02_375568,2026,2026-04-01 08:11:43+00:00,LCK,1,Rounds 1-2,0,16.06,complete,,,HANJIN BRION,oe:team:b77b3f6068e20a2b3edc0ecd3dc70d4,Hanwha Life Esports,oe:team:3a1d18f46bcb3716ebcfcf4ef068934,RED,0,1,RED,Hanwha Life Esports,Azir,Orianna,Neeko,Ryze,Karma,Rumble,Jarvan IV,Ezreal,Varus,Sion,Cassiopeia,Bard,Ambessa,Caitlyn,Jhin,Jayce,Xin Zhao,K'Sante,Yorick,Pantheon,oe:team:3a1d18f46bcb3716ebcfcf4ef068934|oe:team:b77b3f6068e20a2b3edc0ecd3dc70d4,2026_20260401_HANJIN_BRION_vs_Hanwha_Life_Esports_S2,[],0,False,19.0,6.0,0.3157894736842105,19.0,6.0,0.3157894736842105,5.0,0.2,10.0,0.3,8.0,0.25,0.0,,3.0,0.3333333333333333,14.0,5.0,0.35714285714285715,14.0,5.0,0.35714285714285715,5.0,0.2,10.0,0.4,10.0,0.4,0.0,,3.0,0.6666666666666666
LOLTMNT02_375577,2026,2026-04-01 09:05:37+00:00,LCK,2,Rounds 1-2,0,16.06,complete,,,Hanwha Life Esports,oe:team:3a1d18f46bcb3716ebcfcf4ef068934,HANJIN BRION,oe:team:b77b3f6068e20a2b3edc0ecd3dc70d4,RED,1,0,BLUE,Hanwha Life Esports,Orianna,Varus,Ashe,Azir,Caitlyn,Rumble,Xin Zhao,Trundle,Poppy,Karma,Seraphine,Renekton,Nautilus,Akali,Ziggs,Mel,Yunara,Kennen,Gnar,Pyke,oe:team:3a1d18f46bcb3716ebcfcf4ef068934|oe:team:b77b3f6068e20a2b3edc0ecd3dc70d4,2026_20260401_HANJIN_BRION_vs_Hanwha_Life_Esports_S2,"[""Neeko"", ""Ryze"", ""Jarvan IV"", ""Ezreal"", ""Cassiopeia"", ""Bard"", ""Jhin"", ""Jayce"", ""Yorick"", ""Pantheon""]",10,False,15.0,6.0,0.4,15.0,6.0,0.4,5.0,0.4,10.0,0.5,4.0,0.25,1.0,1.0,4.0,0.75,20.0,6.0,0.3,20.0,6.0,0.3,5.0,0.2,10.0,0.3,11.0,0.36363636363636365,1.0,0.0,4.0,0.25
LOLTMNT02_374657,2026,2026-04-01 10:23:34+00:00,LCK,1,Rounds 1-2,0,16.06,complete,,,KT Rolster,oe:team:d723992568441c6bafa2658129eade7,T1,oe:team:ce499dea30cfce118f4fe85da0227e8,RED,1,0,BLUE,KT Rolster,Bard,Varus,Ryze,Orianna,Rumble,Vi,Pantheon,Jarvan IV,Karma,Azir,Jayce,Ezreal,Yorick,Lulu,Ashe,Anivia,Nautilus,Nami,Seraphine,Ambessa,oe:team:ce499dea30cfce118f4fe85da0227e8|oe:team:d723992568441c6bafa2658129eade7,2026_20260401_KT_Rolster_vs_T1_S2,[],0,False,17.0,6.0,0.35294117647058826,17.0,6.0,0.35294117647058826,5.0,0.4,10.0,0.4,6.0,0.5,0.0,,2.0,0.0,23.0,14.0,0.6086956521739131,23.0,14.0,0.6086956521739131,5.0,0.4,10.0,0.4,12.0,0.6666666666666666,0.0,,2.0,1.0
LOLTMNT02_374671,2026,2026-04-01 11:09:27+00:00,LCK,2,Rounds 1-2,0,16.06,complete,,,KT Rolster,oe:team:d723992568441c6bafa2658129eade7,T1,oe:team:ce499dea30cfce118f4fe85da0227e8,RED,1,0,BLUE,KT Rolster,Bard,Aurora,Yunara,Vi,Rumble,Karma,Nocturne,Corki,Azir,Yone,Lulu,Nami,Ahri,Gnar,Annie,K'Sante,Galio,Renekton,Vayne,Taliyah,oe:team:ce499dea30cfce118f4fe85da0227e8|oe:team:d723992568441c6bafa2658129eade7,2026_20260401_KT_Rolster_vs_T1_S2,"[""Ryze"", ""Orianna"", ""Pantheon"", ""Jarvan IV"", ""Jayce"", ""Ezreal"", ""Ashe"", ""Anivia"", ""Seraphine"", ""Ambessa""]",10,False,18.0,7.0,0.3888888888888889,18.0,7.0,0.3888888888888889,5.0,0.4,10.0,0.5,7.0,0.5714285714285714,1.0,1.0,3.0,0.3333333333333333,24.0,14.0,0.5833333333333334,24.0,14.0,0.5833333333333334,5.0,0.2,10.0,0.3,13.0,0.6153846153846154,1.0,0.0,3.0,0.6666666666666666
LOLTMNT02_374985,2026,2026-04-02 08:08:29+00:00,LCK,1,Rounds 1-2,0,16.06,complete,,,Nongshim RedForce,oe:team:5cd2cd09ec94296f605dd13a2924d6c,Dplus Kia,oe:team:ef69efa6acebe94107f0cf1ba716806,RED,1,0,BLUE,Nongshim RedForce,Rumble,Pantheon,Vi,Azir,Ashe,Karma,Varus,Xin Zhao,Poppy,Orianna,Gnar,Renekton,Bard,Ziggs,LeBlanc,Sivir,Yunara,Taliyah,Anivia,Alistar,oe:team:5cd2cd09ec94296f605dd13a2924d6c|oe:team:ef69efa6acebe94107f0cf1ba716806,2026_20260402_Dplus_Kia_vs_Nongshim_RedForce_S2,[],0,False,21.0,8.0,0.38095238095238093,21.0,8.0,0.38095238095238093,5.0,0.0,10.0,0.3,7.0,0.2857142857142857,0.0,,3.0,0.3333333333333333,35.0,18.0,0.5142857142857142,35.0,18.0,0.5142857142857142,5.0,0.4,10.0,0.4,9.0,0.3333333333333333,0.0,,3.0,0.6666666666666666
LOLTMNT02_374997,2026,2026-04-02 09:03:28+00:00,LCK,2,Rounds 1-2,0,16.06,complete,,,Nongshim RedForce,oe:team:5cd2cd09ec94296f605dd13a2924d6c,Dplus Kia,oe:team:ef69efa6acebe94107f0cf1ba716806,RED,1,0,BLUE,Nongshim RedForce,Rumble,Pantheon,Jarvan IV,Ryze,Ashe,Nocturne,Orianna,Ambessa,Karma,Bard,K'Sante,Jayce,Ezreal,Lulu,Yunara,Corki,Nami,Neeko,Nautilus,Leona,oe:team:5cd2cd09ec94296f605dd13a2924d6c|oe:team:ef69efa6acebe94107f0cf1ba716806,2026_20260402_Dplus_Kia_vs_Nongshim_RedForce_S2,"[""Vi"", ""Azir"", ""Varus"", ""Xin Zhao"", ""Gnar"", ""Renekton"", ""LeBlanc"", ""Sivir"", ""Anivia"", ""Alistar""]",10,False,22.0,9.0,0.4090909090909091,22.0,9.0,0.4090909090909091,5.0,0.2,10.0,0.3,8.0,0.375,1.0,1.0,4.0,0.5,36.0,18.0,0.5,36.0,18.0,0.5,5.0,0.2,10.0,0.4,10.0,0.3,1.0,0.0,4.0,0.5
LOLTMNT02_376019,2026,2026-04-02 10:15:16+00:00,LCK,1,Rounds 1-2,0,16.06,complete,,,Kiwoom DRX,oe:team:1d0389df0c5eea93b04122ba167c010,DN SOOPers,oe:team:b3c72a20aa56f5d28022ac04a7dc294,BLUE,0,1,RED,DN SOOPers,Pantheon,Orianna,Azir,Ziggs,Vi,Rumble,Xin Zhao,Jarvan IV,Karma,Bard,Jayce,Yone,Sion,Poppy,Yunara,Yorick,K'Sante,Corki,Nautilus,Leona,oe:team:1d0389df0c5eea93b04122ba167c010|oe:team:b3c72a20aa56f5d28022ac04a7dc294,2026_20260402_DN_SOOPers_vs_Kiwoom_DRX_S3,[],0,False,33.0,15.0,0.45454545454545453,33.0,15.0,0.45454545454545453,5.0,0.2,10.0,0.4,13.0,0.38461538461538464,0.0,,7.0,0.2857142857142857,33.0,15.0,0.45454545454545453,33.0,15.0,0.45454545454545453,5.0,0.4,10.0,0.5,14.0,0.5,0.0,,7.0,0.7142857142857143
LOLTMNT02_376026,2026,2026-04-02 11:09:57+00:00,LCK,2,Rounds 1-2,0,16.06,complete,,,Kiwoom DRX,oe:team:1d0389df0c5eea93b04122ba167c010,DN SOOPers,oe:team:b3c72a20aa56f5d28022ac04a7dc294,BLUE,0,1,RED,DN SOOPers,Vi,Orianna,Ryze,Cassiopeia,Karma,Rumble,Ambessa,Bard,Nocturne,Pantheon,Varus,Sivir,Wukong,Alistar,Anivia,Naafiri,Lee Sin,Neeko,Gnar,Sylas,oe:team:1d0389df0c5eea93b04122ba167c010|oe:team:b3c72a20aa56f5d28022ac04a7dc294,2026_20260402_DN_SOOPers_vs_Kiwoom_DRX_S3,"[""Azir"", ""Ziggs"", ""Xin Zhao"", ""Jarvan IV"", ""Jayce"", ""Yone"", ""Yunara"", ""Yorick"", ""Nautilus"", ""Leona""]",10,False,34.0,15.0,0.4411764705882353,34.0,15.0,0.4411764705882353,5.0,0.2,10.0,0.3,14.0,0.35714285714285715,1.0,0.0,8.0,0.25,34.0,16.0,0.47058823529411764,34.0,16.0,0.47058823529411764,5.0,0.4,10.0,0.5,15.0,0.5333333333333333,1.0,1.0,8.0,0.75
LOLTMNT02_377156,2026,2026-04-03 08:10:24+00:00,LCK,1,Rounds 1-2,0,16.06,complete,,,KT Rolster,oe:team:d723992568441c6bafa2658129eade7,Gen.G,oe:team:50f58982d91a36557ec8aec52ab014f,RED,1,0,BLUE,KT Rolster,Rumble,Nautilus,Ezreal,Aurora,Ryze,Pantheon,Karma,Ashe,Orianna,Azir,Jayce,Seraphine,Yorick,Annie,Xin Zhao,K'Sante,Vi,Mel,Zoe,Nocturne,oe:team:50f58982d91a36557ec8aec52ab014f|oe:team:d723992568441c6bafa2658129eade7,2026_20260403_Gen_G_vs_KT_Rolster_S2,[],0,False,19.0,8.0,0.42105263157894735,19.0,8.0,0.42105263157894735,5.0,0.4,10.0,0.5,8.0,0.625,2.0,1.0,2.0,0.0,22.0,20.0,0.9090909090909091,22.0,20.0,0.9090909090909091,5.0,0.8,10.0,0.8,6.0,0.8333333333333334,0.0,,2.0,1.0
LOLTMNT02_376203,2026,2026-04-03 08:58:48+00:00,LCK,2,Rounds 1-2,0,16.06,complete,,,Gen.G,oe:team:50f58982d91a36557ec8aec52ab014f,KT Rolster,oe:team:d723992568441c6bafa2658129eade7,RED,1,0,BLUE,Gen.G,Rumble,Nautilus,Pantheon,Ryze,Yunara,Anivia,Varus,Sivir,Jarvan IV,Orianna,Azir,Bard,Vi,Alistar,Neeko,Renekton,Ambessa,Rakan,Jhin,Aatrox,oe:team:50f58982d91a36557ec8aec52ab014f|oe:team:d723992568441c6bafa2658129eade7,2026_20260403_Gen_G_vs_KT_Rolster_S2,"[""Ezreal"", ""Aurora"", ""Karma"", ""Ashe"", ""Jayce"", ""Seraphine"", ""Xin Zhao"", ""K'Sante"", ""Zoe"", ""Nocturne""]",10,False,23.0,20.0,0.8695652173913043,23.0,20.0,0.8695652173913043,5.0,0.8,10.0,0.8,16.0,0.9375,1.0,0.0,3.0,0.6666666666666666,20.0,9.0,0.45,20.0,9.0,0.45,5.0,0.6,10.0,0.5,11.0,0.2727272727272727,3.0,1.0,3.0,0.3333333333333333
LOLTMNT02_376207,2026,2026-04-03 09:48:35+00:00,LCK,3,Rounds 1-2,0,16.06,complete,,,Gen.G,oe:team:50f58982d91a36557ec8aec52ab014f,KT Rolster,oe:team:d723992568441c6bafa2658129eade7,BLUE,0,1,RED,KT Rolster,Lulu,Rumble,Ambessa,Jarvan IV,Nami,Vi,Wukong,Yunara,Poppy,Orianna,Annie,Alistar,Syndra,Rakan,Caitlyn,Zaahen,Cassiopeia,Nautilus,Elise,Akali,oe:team:50f58982d91a36557ec8aec52ab014f|oe:team:d723992568441c6bafa2658129eade7,2026_20260403_Gen_G_vs_KT_Rolster_S2,"[""Ezreal"", ""Aurora"", ""Karma"", ""Ashe"", ""Jayce"", ""Seraphine"", ""Xin Zhao"", ""K'Sante"", ""Zoe"", ""Nocturne"", ""Pantheon"", ""Ryze"", ""Varus"", ""Sivir"", ""Azir"", ""Bard"", ""Neeko"", ""Renekton"", ""Jhin"", ""Aatrox""]",20,False,24.0,21.0,0.875,24.0,21.0,0.875,5.0,0.8,10.0,0.8,17.0,0.9411764705882353,2.0,0.5,4.0,0.75,21.0,9.0,0.42857142857142855,21.0,9.0,0.42857142857142855,5.0,0.6,10.0,0.5,12.0,0.25,4.0,0.75,4.0,0.25
LOLTMNT02_376241,2026,2026-04-03 11:10:37+00:00,LCK,1,Rounds 1-2,0,16.06,complete,,,HANJIN BRION,oe:team:b77b3f6068e20a2b3edc0ecd3dc70d4,BNK FEARX,oe:team:5c2e7e9ea8dfcba0150d9a5619baecf,RED,1,0,BLUE,HANJIN BRION,Azir,Orianna,Pantheon,Ryze,Rumble,Varus,Jayce,Jarvan IV,Karma,Cassiopeia,Anivia,Bard,K'Sante,Corki,Ezreal,Jhin,Sivir,Nautilus,Elise,Yorick,oe:team:5c2e7e9ea8dfcba0150d9a5619baecf|oe:team:b77b3f6068e20a2b3edc0ecd3dc70d4,2026_20260403_BNK_FEARX_vs_HANJIN_BRION_S2,[],0,False,21.0,6.0,0.2857142857142857,21.0,6.0,0.2857142857142857,5.0,0.2,10.0,0.3,9.0,0.2222222222222222,2.0,0.0,3.0,0.3333333333333333,33.0,18.0,0.5454545454545454,33.0,18.0,0.5454545454545454,5.0,0.4,10.0,0.4,18.0,0.5,0.0,,3.0,0.6666666666666666
LOLTMNT02_377199,2026,2026-04-03 12:14:25+00:00,LCK,2,Rounds 1-2,0,16.06,complete,,,BNK FEARX,oe:team:5c2e7e9ea8dfcba0150d9a5619baecf,HANJIN BRION,oe:team:b77b3f6068e20a2b3edc0ecd3dc70d4,BLUE,0,1,RED,HANJIN BRION,Varus,Rumble,Karma,Xin Zhao,Pyke,Nocturne,Ashe,Caitlyn,Azir,Orianna,Wukong,Seraphine,Mel,Akali,Galio,Annie,Ambessa,Syndra,Kennen,K'Sante,oe:team:5c2e7e9ea8dfcba0150d9a5619baecf|oe:team:b77b3f6068e20a2b3edc0ecd3dc70d4,2026_20260403_BNK_FEARX_vs_HANJIN_BRION_S2,"[""Pantheon"", ""Ryze"", ""Jayce"", ""Jarvan IV"", ""Anivia"", ""Bard"", ""Ezreal"", ""Jhin"", ""Elise"", ""Yorick""]",10,False,34.0,18.0,0.5294117647058824,34.0,18.0,0.5294117647058824,5.0,0.2,10.0,0.4,15.0,0.6,1.0,0.0,4.0,0.5,22.0,7.0,0.3181818181818182,22.0,7.0,0.3181818181818182,5.0,0.4,10.0,0.4,12.0,0.3333333333333333,3.0,0.3333333333333333,4.0,0.5
LOLTMNT02_376401,2026,2026-04-04 08:08:38+00:00,LCK,1,Rounds 1-2,0,16.06,complete,,,Hanwha Life Esports,oe:team:3a1d18f46bcb3716ebcfcf4ef068934,T1,oe:team:ce499dea30cfce118f4fe85da0227e8,RED,0,1,RED,T1,Orianna,Varus,Pantheon,Azir,Bard,Karma,Aurora,Xin Zhao,Ryze,Rumble,Anivia,Jayce,Yunara,Seraphine,Jhin,Neeko,Ezreal,Corki,Nautilus,Caitlyn,oe:team:3a1d18f46bcb3716ebcfcf4ef068934|oe:team:ce499dea30cfce118f4fe85da0227e8,2026_20260404_Hanwha_Life_Esports_vs_T1_S2,[],0,False,16.0,7.0,0.4375,16.0,7.0,0.4375,5.0,0.4,10.0,0.5,5.0,0.4,2.0,1.0,3.0,0.3333333333333333,25.0,14.0,0.56,25.0,14.0,0.56,5.0,0.0,10.0,0.3,14.0,0.5714285714285714,2.0,0.0,3.0,0.6666666666666666
LOLTMNT02_376413,2026,2026-04-04 09:08:12+00:00,LCK,2,Rounds 1-2,0,16.06,complete,,,T1,oe:team:ce499dea30cfce118f4fe85da0227e8,Hanwha Life Esports,oe:team:3a1d18f46bcb3716ebcfcf4ef068934,RED,1,0,BLUE,T1,Rumble,Bard,Gnar,Jarvan IV,Ryze,Karma,Lee Sin,Yunara,Ashe,Orianna,Annie,Lulu,Galio,Corki,Lucian,Taliyah,Kennen,Aphelios,Nami,Vayne,oe:team:3a1d18f46bcb3716ebcfcf4ef068934|oe:team:ce499dea30cfce118f4fe85da0227e8,2026_20260404_Hanwha_Life_Esports_vs_T1_S2,"[""Pantheon"", ""Azir"", ""Aurora"", ""Xin Zhao"", ""Anivia"", ""Jayce"", ""Jhin"", ""Neeko"", ""Nautilus"", ""Caitlyn""]",10,False,26.0,15.0,0.5769230769230769,26.0,15.0,0.5769230769230769,5.0,0.2,10.0,0.3,11.0,0.5454545454545454,3.0,0.3333333333333333,4.0,0.75,17.0,7.0,0.4117647058823529,17.0,7.0,0.4117647058823529,5.0,0.4,10.0,0.5,11.0,0.45454545454545453,3.0,0.6666666666666666,4.0,0.25
LOLTMNT02_377394,2026,2026-04-04 10:30:33+00:00,LCK,1,Rounds 1-2,0,16.06,complete,,,Dplus Kia,oe:team:ef69efa6acebe94107f0cf1ba716806,Kiwoom DRX,oe:team:1d0389df0c5eea93b04122ba167c010,BLUE,1,0,BLUE,Dplus Kia,Pantheon,Rumble,Karma,Ezreal,Varus,Vi,Orianna,Xin Zhao,Azir,Jayce,Jhin,Ryze,Bard,Nocturne,Wukong,Neeko,Nautilus,Jarvan IV,Gnar,Kennen,oe:team:1d0389df0c5eea93b04122ba167c010|oe:team:ef69efa6acebe94107f0cf1ba716806,2026_20260404_Dplus_Kia_vs_Kiwoom_DRX_S3,[],0,False,37.0,18.0,0.4864864864864865,37.0,18.0,0.4864864864864865,5.0,0.0,10.0,0.3,26.0,0.5769230769230769,2.0,0.0,7.0,0.7142857142857143,35.0,15.0,0.42857142857142855,35.0,15.0,0.42857142857142855,5.0,0.2,10.0,0.2,20.0,0.5,2.0,0.0,7.0,0.2857142857142857
LOLTMNT02_376440,2026,2026-04-04 11:29:13+00:00,LCK,2,Rounds 1-2,0,16.06,complete,,,Dplus Kia,oe:team:ef69efa6acebe94107f0cf1ba716806,Kiwoom DRX,oe:team:1d0389df0c5eea93b04122ba167c010,BLUE,1,0,BLUE,Dplus Kia,Varus,Rumble,Jarvan IV,Yunara,Pantheon,Jayce,Annie,Ambessa,Vi,Azir,Renekton,K'Sante,Nautilus,Ashe,Corki,Bard,Lulu,Nami,Anivia,Aurora,oe:team:1d0389df0c5eea93b04122ba167c010|oe:team:ef69efa6acebe94107f0cf1ba716806,2026_20260404_Dplus_Kia_vs_Kiwoom_DRX_S3,"[""Karma"", ""Ezreal"", ""Orianna"", ""Xin Zhao"", ""Jhin"", ""Ryze"", ""Wukong"", ""Neeko"", ""Gnar"", ""Kennen""]",10,False,38.0,19.0,0.5,38.0,19.0,0.5,5.0,0.2,10.0,0.4,27.0,0.5925925925925926,3.0,0.3333333333333333,8.0,0.75,36.0,15.0,0.4166666666666667,36.0,15.0,0.4166666666666667,5.0,0.2,10.0,0.2,21.0,0.47619047619047616,3.0,0.0,8.0,0.25
LOLTMNT02_377509,2026,2026-04-05 08:10:33+00:00,LCK,1,Rounds 1-2,0,16.06,complete,,,Nongshim RedForce,oe:team:5cd2cd09ec94296f605dd13a2924d6c,DN SOOPers,oe:team:b3c72a20aa56f5d28022ac04a7dc294,BLUE,1,0,BLUE,Nongshim RedForce,Karma,Rumble,Azir,LeBlanc,Vi,Orianna,Jarvan IV,Pantheon,Varus,Seraphine,Jayce,Yorick,Lulu,Sivir,Jhin,Caitlyn,Ezreal,Nautilus,Bard,Neeko,oe:team:5cd2cd09ec94296f605dd13a2924d6c|oe:team:b3c72a20aa56f5d28022ac04a7dc294,2026_20260405_DN_SOOPers_vs_Nongshim_RedForce_S2,[],0,False,23.0,10.0,0.43478260869565216,23.0,10.0,0.43478260869565216,5.0,0.4,10.0,0.4,9.0,0.4444444444444444,2.0,1.0,3.0,0.3333333333333333,35.0,17.0,0.4857142857142857,35.0,17.0,0.4857142857142857,5.0,0.6,10.0,0.6,16.0,0.5625,2.0,1.0,3.0,0.6666666666666666
LOLTMNT02_377512,2026,2026-04-05 09:04:05+00:00,LCK,2,Rounds 1-2,0,16.06,complete,,,Nongshim RedForce,oe:team:5cd2cd09ec94296f605dd13a2924d6c,DN SOOPers,oe:team:b3c72a20aa56f5d28022ac04a7dc294,BLUE,1,0,BLUE,Nongshim RedForce,Karma,Rumble,Ryze,Cassiopeia,Varus,Orianna,Lee Sin,Nautilus,Aurora,Vi,Gnar,Ambessa,Wukong,Leona,Sivir,Nocturne,Yunara,Ashe,Anivia,Kai'Sa,oe:team:5cd2cd09ec94296f605dd13a2924d6c|oe:team:b3c72a20aa56f5d28022ac04a7dc294,2026_20260405_DN_SOOPers_vs_Nongshim_RedForce_S2,"[""Azir"", ""LeBlanc"", ""Jarvan IV"", ""Pantheon"", ""Jayce"", ""Yorick"", ""Jhin"", ""Caitlyn"", ""Bard"", ""Neeko""]",10,False,24.0,11.0,0.4583333333333333,24.0,11.0,0.4583333333333333,5.0,0.6,10.0,0.5,10.0,0.5,3.0,1.0,4.0,0.5,36.0,17.0,0.4722222222222222,36.0,17.0,0.4722222222222222,5.0,0.6,10.0,0.5,17.0,0.5294117647058824,3.0,0.6666666666666666,4.0,0.5
LOLTMNT02_376564,2026,2026-04-05 10:22:53+00:00,LCK,1,Rounds 1-2,0,16.06,complete,,,Gen.G,oe:team:50f58982d91a36557ec8aec52ab014f,BNK FEARX,oe:team:5c2e7e9ea8dfcba0150d9a5619baecf,RED,1,0,BLUE,Gen.G,Rumble,Varus,Pantheon,Ryze,Karma,Orianna,Yunara,Jarvan IV,Ashe,Azir,Anivia,Nautilus,Ezreal,K'Sante,Alistar,Senna,Corki,Neeko,Sion,Jayce,oe:team:50f58982d91a36557ec8aec52ab014f|oe:team:5c2e7e9ea8dfcba0150d9a5619baecf,2026_20260405_BNK_FEARX_vs_Gen_G_S4,[],0,False,25.0,21.0,0.84,25.0,21.0,0.84,5.0,0.6,10.0,0.7,18.0,0.8888888888888888,3.0,0.3333333333333333,9.0,0.8888888888888888,35.0,18.0,0.5142857142857142,35.0,18.0,0.5142857142857142,5.0,0.0,10.0,0.4,19.0,0.47368421052631576,2.0,0.0,9.0,0.1111111111111111
LOLTMNT02_376566,2026,2026-04-05 11:13:31+00:00,LCK,2,Rounds 1-2,0,16.06,complete,,,Gen.G,oe:team:50f58982d91a36557ec8aec52ab014f,BNK FEARX,oe:team:5c2e7e9ea8dfcba0150d9a5619baecf,BLUE,1,0,BLUE,Gen.G,Karma,Orianna,Rumble,Seraphine,Nocturne,Aurora,Caitlyn,Xin Zhao,LeBlanc,Varus,Bard,Ezreal,Ornn,Wukong,Azir,K'Sante,Akali,Vi,Skarner,Mel,oe:team:50f58982d91a36557ec8aec52ab014f|oe:team:5c2e7e9ea8dfcba0150d9a5619baecf,2026_20260405_BNK_FEARX_vs_Gen_G_S4,"[""Pantheon"", ""Ryze"", ""Yunara"", ""Jarvan IV"", ""Anivia"", ""Nautilus"", ""Alistar"", ""Senna"", ""Sion"", ""Jayce""]",10,False,26.0,22.0,0.8461538461538461,26.0,22.0,0.8461538461538461,5.0,0.6,10.0,0.7,19.0,0.8947368421052632,4.0,0.5,10.0,0.9,36.0,18.0,0.5,36.0,18.0,0.5,5.0,0.0,10.0,0.3,20.0,0.45,3.0,0.0,10.0,0.1
LOLTMNT01_360022,2026,2026-04-08 08:06:29+00:00,LCK,1,Rounds 1-2,0,16.07,complete,,,Hanwha Life Esports,oe:team:3a1d18f46bcb3716ebcfcf4ef068934,Dplus Kia,oe:team:ef69efa6acebe94107f0cf1ba716806,BLUE,1,0,BLUE,Hanwha Life Esports,Karma,Anivia,Orianna,Azir,Rumble,Varus,Jarvan IV,Jayce,Pantheon,Nocturne,Yorick,Vi,Yunara,Nautilus,Ashe,Ezreal,Bard,Nami,Seraphine,Neeko,oe:team:3a1d18f46bcb3716ebcfcf4ef068934|oe:team:ef69efa6acebe94107f0cf1ba716806,2026_20260408_Dplus_Kia_vs_Hanwha_Life_Esports_S1,[],0,False,18.0,7.0,0.3888888888888889,18.0,7.0,0.3888888888888889,5.0,0.4,10.0,0.4,6.0,0.3333333333333333,0.0,,0.0,,39.0,20.0,0.5128205128205128,39.0,20.0,0.5128205128205128,5.0,0.4,10.0,0.5,11.0,0.2727272727272727,0.0,,0.0,
LOLTMNT01_360035,2026,2026-04-08 09:04:42+00:00,LCK,2,Rounds 1-2,0,16.07,complete,,,Hanwha Life Esports,oe:team:3a1d18f46bcb3716ebcfcf4ef068934,Dplus Kia,oe:team:ef69efa6acebe94107f0cf1ba716806,BLUE,1,0,BLUE,Hanwha Life Esports,Karma,Anivia,Annie,Yunara,Rumble,Varus,Corki,Lulu,Ryze,Pantheon,Nami,Nocturne,Aurora,Lee Sin,Kha'Zix,Syndra,Galio,Wukong,Gnar,Ambessa,oe:team:3a1d18f46bcb3716ebcfcf4ef068934|oe:team:ef69efa6acebe94107f0cf1ba716806,2026_20260408_Dplus_Kia_vs_Hanwha_Life_Esports_S1,"[""Orianna"", ""Azir"", ""Jarvan IV"", ""Jayce"", ""Yorick"", ""Vi"", ""Ashe"", ""Ezreal"", ""Seraphine"", ""Neeko""]",10,False,19.0,8.0,0.42105263157894735,19.0,8.0,0.42105263157894735,5.0,0.6,10.0,0.4,7.0,0.42857142857142855,1.0,1.0,1.0,1.0,40.0,20.0,0.5,40.0,20.0,0.5,5.0,0.4,10.0,0.4,12.0,0.25,1.0,0.0,1.0,0.0
LOLTMNT01_360054,2026,2026-04-08 10:19:02+00:00,LCK,1,Rounds 1-2,0,16.07,complete,,,Gen.G,oe:team:50f58982d91a36557ec8aec52ab014f,T1,oe:team:ce499dea30cfce118f4fe85da0227e8,RED,1,0,BLUE,Gen.G,Rumble,Varus,Bard,Ryze,Azir,Pantheon,Anivia,Jarvan IV,Orianna,Ezreal,Xin Zhao,Jayce,Lulu,Yorick,Sion,Kalista,Nautilus,Caitlyn,Corki,Renata Glasc,oe:team:50f58982d91a36557ec8aec52ab014f|oe:team:ce499dea30cfce118f4fe85da0227e8,2026_20260408_Gen_G_vs_T1_S1,[],0,False,27.0,23.0,0.8518518518518519,27.0,23.0,0.8518518518518519,5.0,0.6,10.0,0.7,20.0,0.9,0.0,,0.0,,27.0,16.0,0.5925925925925926,27.0,16.0,0.5925925925925926,5.0,0.4,10.0,0.4,15.0,0.6,0.0,,0.0,
LOLTMNT01_360067,2026,2026-04-08 11:07:42+00:00,LCK,2,Rounds 1-2,0,16.07,complete,,,Gen.G,oe:team:50f58982d91a36557ec8aec52ab014f,T1,oe:team:ce499dea30cfce118f4fe85da0227e8,RED,1,0,BLUE,Gen.G,Karma,Varus,Yunara,Pantheon,Orianna,Ashe,Nocturne,Aurora,Azir,Rumble,Annie,Lulu,Sivir,Nautilus,Neeko,Galio,Kog'Maw,Yorick,Ambessa,Zeri,oe:team:50f58982d91a36557ec8aec52ab014f|oe:team:ce499dea30cfce118f4fe85da0227e8,2026_20260408_Gen_G_vs_T1_S1,"[""Bard"", ""Ryze"", ""Anivia"", ""Jarvan IV"", ""Xin Zhao"", ""Jayce"", ""Sion"", ""Kalista"", ""Corki"", ""Renata Glasc""]",10,False,28.0,24.0,0.8571428571428571,28.0,24.0,0.8571428571428571,5.0,0.8,10.0,0.8,21.0,0.9047619047619048,1.0,1.0,1.0,1.0,28.0,16.0,0.5714285714285714,28.0,16.0,0.5714285714285714,5.0,0.4,10.0,0.4,16.0,0.5625,1.0,0.0,1.0,0.0
LOLTMNT01_359784,2026,2026-04-09 08:06:21+00:00,LCK,1,Rounds 1-2,0,16.07,complete,,,Kiwoom DRX,oe:team:1d0389df0c5eea93b04122ba167c010,HANJIN BRION,oe:team:b77b3f6068e20a2b3edc0ecd3dc70d4,RED,0,1,RED,HANJIN BRION,Karma,Varus,Nocturne,Orianna,Rumble,Bard,Azir,Ezreal,Jarvan IV,Pantheon,Jayce,Neeko,Yorick,Lulu,Anivia,Kha'Zix,Xin Zhao,Seraphine,Sivir,Sion,oe:team:1d0389df0c5eea93b04122ba167c010|oe:team:b77b3f6068e20a2b3edc0ecd3dc70d4,2026_20260409_HANJIN_BRION_vs_Kiwoom_DRX_S3,[],0,False,37.0,15.0,0.40540540540540543,37.0,15.0,0.40540540540540543,5.0,0.0,10.0,0.1,15.0,0.3333333333333333,0.0,,8.0,0.625,23.0,8.0,0.34782608695652173,23.0,8.0,0.34782608695652173,5.0,0.4,10.0,0.4,13.0,0.38461538461538464,0.0,,8.0,0.375
LOLTMNT01_359808,2026,2026-04-09 09:00:11+00:00,LCK,2,Rounds 1-2,0,16.07,complete,,,HANJIN BRION,oe:team:b77b3f6068e20a2b3edc0ecd3dc70d4,Kiwoom DRX,oe:team:1d0389df0c5eea93b04122ba167c010,RED,0,1,RED,Kiwoom DRX,Rumble,Pantheon,Aurora,Annie,Ryze,Jarvan IV,Lee Sin,Wukong,Karma,Xin Zhao,Varus,Gnar,Yunara,Caitlyn,Nautilus,Kalista,Bard,Kennen,Ambessa,Renata Glasc,oe:team:1d0389df0c5eea93b04122ba167c010|oe:team:b77b3f6068e20a2b3edc0ecd3dc70d4,2026_20260409_HANJIN_BRION_vs_Kiwoom_DRX_S3,"[""Nocturne"", ""Orianna"", ""Azir"", ""Ezreal"", ""Jayce"", ""Neeko"", ""Anivia"", ""Kha'Zix"", ""Sivir"", ""Sion""]",10,False,24.0,9.0,0.375,24.0,9.0,0.375,5.0,0.6,10.0,0.4,10.0,0.3,1.0,1.0,9.0,0.4444444444444444,38.0,15.0,0.39473684210526316,38.0,15.0,0.39473684210526316,5.0,0.0,10.0,0.1,22.0,0.45454545454545453,1.0,0.0,9.0,0.5555555555555556
LOLTMNT01_359829,2026,2026-04-09 10:10:03+00:00,LCK,3,Rounds 1-2,0,16.07,complete,,,Kiwoom DRX,oe:team:1d0389df0c5eea93b04122ba167c010,HANJIN BRION,oe:team:b77b3f6068e20a2b3edc0ecd3dc70d4,RED,1,0,BLUE,Kiwoom DRX,Karma,Kennen,Renekton,Pantheon,Rumble,Xin Zhao,Jarvan IV,Yunara,Ryze,Cassiopeia,Mel,Lulu,Gwen,Nami,Corki,Zaahen,K'Sante,Seraphine,Bard,Viktor,oe:team:1d0389df0c5eea93b04122ba167c010|oe:team:b77b3f6068e20a2b3edc0ecd3dc70d4,2026_20260409_HANJIN_BRION_vs_Kiwoom_DRX_S3,"[""Nocturne"", ""Orianna"", ""Azir"", ""Ezreal"", ""Jayce"", ""Neeko"", ""Anivia"", ""Kha'Zix"", ""Sivir"", ""Sion"", ""Aurora"", ""Annie"", ""Lee Sin"", ""Wukong"", ""Varus"", ""Gnar"", ""Nautilus"", ""Kalista"", ""Ambessa"", ""Renata Glasc""]",20,False,39.0,16.0,0.41025641025641024,39.0,16.0,0.41025641025641024,5.0,0.2,10.0,0.2,16.0,0.3125,2.0,0.5,10.0,0.6,25.0,9.0,0.36,25.0,9.0,0.36,5.0,0.6,10.0,0.4,14.0,0.42857142857142855,2.0,0.5,10.0,0.4
LOLTMNT01_359892,2026,2026-04-09 11:25:00+00:00,LCK,1,Rounds 1-2,0,16.07,complete,,,Nongshim RedForce,oe:team:5cd2cd09ec94296f605dd13a2924d6c,KT Rolster,oe:team:d723992568441c6bafa2658129eade7,RED,0,1,RED,KT Rolster,Rumble,Nautilus,Ezreal,Pantheon,Ashe,Anivia,Karma,Jayce,Nocturne,Xin Zhao,Azir,Ryze,Sivir,Yorick,K'Sante,Bard,Varus,Sion,Jarvan IV,Caitlyn,oe:team:5cd2cd09ec94296f605dd13a2924d6c|oe:team:d723992568441c6bafa2658129eade7,2026_20260409_KT_Rolster_vs_Nongshim_RedForce_S2,[],0,False,25.0,12.0,0.48,25.0,12.0,0.48,5.0,0.8,10.0,0.5,11.0,0.5454545454545454,0.0,,5.0,0.6,22.0,10.0,0.45454545454545453,22.0,10.0,0.45454545454545453,5.0,0.8,10.0,0.6,13.0,0.3076923076923077,0.0,,5.0,0.4
LOLTMNT01_359914,2026,2026-04-09 12:25:37+00:00,LCK,2,Rounds 1-2,0,16.07,complete,,,KT Rolster,oe:team:d723992568441c6bafa2658129eade7,Nongshim RedForce,oe:team:5cd2cd09ec94296f605dd13a2924d6c,BLUE,1,0,BLUE,KT Rolster,Varus,Rumble,Ambessa,Yunara,Anivia,Orianna,Vi,Nocturne,Renekton,Ashe,Ziggs,Lulu,Annie,Leona,Ahri,Zaahen,Aurora,Nautilus,Alistar,Sylas,oe:team:5cd2cd09ec94296f605dd13a2924d6c|oe:team:d723992568441c6bafa2658129eade7,2026_20260409_KT_Rolster_vs_Nongshim_RedForce_S2,"[""Ezreal"", ""Pantheon"", ""Karma"", ""Jayce"", ""Azir"", ""Ryze"", ""K'Sante"", ""Bard"", ""Jarvan IV"", ""Caitlyn""]",10,False,23.0,11.0,0.4782608695652174,23.0,11.0,0.4782608695652174,5.0,0.8,10.0,0.6,9.0,0.6666666666666666,1.0,1.0,6.0,0.5,26.0,12.0,0.46153846153846156,26.0,12.0,0.46153846153846156,5.0,0.8,10.0,0.4,14.0,0.42857142857142855,1.0,0.0,6.0,0.5
LOLTMNT01_362027,2026,2026-04-10 08:09:34+00:00,LCK,1,Rounds 1-2,0,16.07,complete,,,DN SOOPers,oe:team:b3c72a20aa56f5d28022ac04a7dc294,T1,oe:team:ce499dea30cfce118f4fe85da0227e8,RED,0,1,RED,T1,Rumble,Varus,Bard,Orianna,Ryze,Pantheon,Nocturne,Ezreal,Karma,LeBlanc,Azir,Neeko,Jarvan IV,Sivir,Caitlyn,Sion,Xin Zhao,Ambessa,Gwen,Lee Sin,oe:team:b3c72a20aa56f5d28022ac04a7dc294|oe:team:ce499dea30cfce118f4fe85da0227e8,2026_20260410_DN_SOOPers_vs_T1_S1,[],0,False,37.0,17.0,0.4594594594594595,37.0,17.0,0.4594594594594595,5.0,0.4,10.0,0.4,19.0,0.42105263157894735,0.0,,0.0,,29.0,16.0,0.5517241379310345,29.0,16.0,0.5517241379310345,5.0,0.4,10.0,0.3,17.0,0.5294117647058824,2.0,0.0,0.0,
LOLTMNT01_361274,2026,2026-04-10 09:00:46+00:00,LCK,2,Rounds 1-2,0,16.07,complete,,,T1,oe:team:ce499dea30cfce118f4fe85da0227e8,DN SOOPers,oe:team:b3c72a20aa56f5d28022ac04a7dc294,RED,1,0,BLUE,T1,Rumble,Anivia,Annie,Pantheon,Ryze,Varus,Xin Zhao,Yunara,Ambessa,Renekton,Gnar,Lulu,Galio,Seraphine,Milio,Aurora,Jayce,Nami,Lucian,Sylas,oe:team:b3c72a20aa56f5d28022ac04a7dc294|oe:team:ce499dea30cfce118f4fe85da0227e8,2026_20260410_DN_SOOPers_vs_T1_S1,"[""Bard"", ""Orianna"", ""Nocturne"", ""Ezreal"", ""Azir"", ""Neeko"", ""Caitlyn"", ""Sion"", ""Gwen"", ""Lee Sin""]",10,False,30.0,17.0,0.5666666666666667,30.0,17.0,0.5666666666666667,5.0,0.6,10.0,0.3,12.0,0.5833333333333334,3.0,0.3333333333333333,1.0,1.0,38.0,17.0,0.4473684210526316,38.0,17.0,0.4473684210526316,5.0,0.4,10.0,0.4,18.0,0.5,1.0,0.0,1.0,0.0
LOLTMNT01_362077,2026,2026-04-10 10:10:47+00:00,LCK,1,Rounds 1-2,0,16.07,complete,,,BNK FEARX,oe:team:5c2e7e9ea8dfcba0150d9a5619baecf,Hanwha Life Esports,oe:team:3a1d18f46bcb3716ebcfcf4ef068934,RED,0,1,RED,Hanwha Life Esports,Varus,Karma,Ryze,Orianna,Nocturne,Rumble,Jarvan IV,Xin Zhao,Anivia,Pantheon,Yorick,Jayce,Nami,Bard,Ashe,Ziggs,Nautilus,Ezreal,Rell,Pyke,oe:team:3a1d18f46bcb3716ebcfcf4ef068934|oe:team:5c2e7e9ea8dfcba0150d9a5619baecf,2026_20260410_BNK_FEARX_vs_Hanwha_Life_Esports_S1,[],0,False,37.0,18.0,0.4864864864864865,37.0,18.0,0.4864864864864865,5.0,0.0,10.0,0.3,16.0,0.5625,0.0,,0.0,,20.0,9.0,0.45,20.0,9.0,0.45,5.0,0.6,10.0,0.5,12.0,0.4166666666666667,2.0,1.0,0.0,
LOLTMNT01_361313,2026,2026-04-10 10:57:44+00:00,LCK,2,Rounds 1-2,0,16.07,complete,,,Hanwha Life Esports,oe:team:3a1d18f46bcb3716ebcfcf4ef068934,BNK FEARX,oe:team:5c2e7e9ea8dfcba0150d9a5619baecf,BLUE,0,1,RED,BNK FEARX,Karma,Varus,Annie,Ezreal,Rumble,Azir,Bard,Neeko,Nocturne,Pantheon,Jhin,Hwei,Naafiri,Lee Sin,Ambessa,Renekton,Vi,Gnar,Kennen,Maokai,oe:team:3a1d18f46bcb3716ebcfcf4ef068934|oe:team:5c2e7e9ea8dfcba0150d9a5619baecf,2026_20260410_BNK_FEARX_vs_Hanwha_Life_Esports_S1,"[""Ryze"", ""Orianna"", ""Jarvan IV"", ""Xin Zhao"", ""Yorick"", ""Jayce"", ""Ashe"", ""Ziggs"", ""Rell"", ""Pyke""]",10,False,21.0,10.0,0.47619047619047616,21.0,10.0,0.47619047619047616,5.0,0.6,10.0,0.5,8.0,0.5,3.0,1.0,1.0,1.0,38.0,18.0,0.47368421052631576,38.0,18.0,0.47368421052631576,5.0,0.0,10.0,0.2,21.0,0.42857142857142855,1.0,0.0,1.0,0.0
LOLTMNT01_361350,2026,2026-04-10 11:46:50+00:00,LCK,3,Rounds 1-2,0,16.07,complete,,,BNK FEARX,oe:team:5c2e7e9ea8dfcba0150d9a5619baecf,Hanwha Life Esports,oe:team:3a1d18f46bcb3716ebcfcf4ef068934,RED,0,1,RED,Hanwha Life Esports,Varus,Karma,Lucian,Gnar,Pantheon,Rumble,Aurora,Vi,Nami,Yunara,Milio,Ahri,Nautilus,Sylas,Naafiri,Xayah,Alistar,Poppy,Mel,Rakan,oe:team:3a1d18f46bcb3716ebcfcf4ef068934|oe:team:5c2e7e9ea8dfcba0150d9a5619baecf,2026_20260410_BNK_FEARX_vs_Hanwha_Life_Esports_S1,"[""Ryze"", ""Orianna"", ""Jarvan IV"", ""Xin Zhao"", ""Yorick"", ""Jayce"", ""Ashe"", ""Ziggs"", ""Rell"", ""Pyke"", ""Annie"", ""Ezreal"", ""Bard"", ""Neeko"", ""Jhin"", ""Hwei"", ""Ambessa"", ""Renekton"", ""Kennen"", ""Maokai""]",20,False,39.0,19.0,0.48717948717948717,39.0,19.0,0.48717948717948717,5.0,0.2,10.0,0.2,17.0,0.5294117647058824,2.0,0.5,2.0,0.5,22.0,10.0,0.45454545454545453,22.0,10.0,0.45454545454545453,5.0,0.6,10.0,0.5,13.0,0.46153846153846156,4.0,0.75,2.0,0.5
LOLTMNT01_362622,2026,2026-04-11 08:06:17+00:00,LCK,1,Rounds 1-2,0,16.07,complete,,,Kiwoom DRX,oe:team:1d0389df0c5eea93b04122ba167c010,Nongshim RedForce,oe:team:5cd2cd09ec94296f605dd13a2924d6c,RED,1,0,BLUE,Kiwoom DRX,Karma,Bard,Ezreal,Jarvan IV,Rumble,Varus,Orianna,Jayce,Pantheon,Nocturne,Yorick,Ryze,Sivir,Xin Zhao,Neeko,Anivia,Yunara,Naafiri,Vi,Jhin,oe:team:1d0389df0c5eea93b04122ba167c010|oe:team:5cd2cd09ec94296f605dd13a2924d6c,2026_20260411_Kiwoom_DRX_vs_Nongshim_RedForce_S3,[],0,False,40.0,17.0,0.425,40.0,17.0,0.425,5.0,0.4,10.0,0.3,17.0,0.35294117647058826,3.0,0.6666666666666666,6.0,0.8333333333333334,27.0,12.0,0.4444444444444444,27.0,12.0,0.4444444444444444,5.0,0.6,10.0,0.4,15.0,0.4,2.0,0.0,6.0,0.16666666666666666
LOLTMNT01_362650,2026,2026-04-11 08:59:12+00:00,LCK,2,Rounds 1-2,0,16.07,complete,,,Kiwoom DRX,oe:team:1d0389df0c5eea93b04122ba167c010,Nongshim RedForce,oe:team:5cd2cd09ec94296f605dd13a2924d6c,RED,1,0,BLUE,Kiwoom DRX,Karma,Bard,Yunara,Pantheon,Varus,Ashe,Gnar,Ambessa,Azir,Rumble,Aurora,Annie,Caitlyn,Nocturne,Poppy,Corki,Nami,Xin Zhao,Alistar,Nautilus,oe:team:1d0389df0c5eea93b04122ba167c010|oe:team:5cd2cd09ec94296f605dd13a2924d6c,2026_20260411_Kiwoom_DRX_vs_Nongshim_RedForce_S3,"[""Ezreal"", ""Jarvan IV"", ""Orianna"", ""Jayce"", ""Yorick"", ""Ryze"", ""Neeko"", ""Anivia"", ""Vi"", ""Jhin""]",10,False,41.0,18.0,0.43902439024390244,41.0,18.0,0.43902439024390244,5.0,0.6,10.0,0.4,18.0,0.3888888888888889,4.0,0.75,7.0,0.8571428571428571,28.0,12.0,0.42857142857142855,28.0,12.0,0.42857142857142855,5.0,0.4,10.0,0.4,16.0,0.375,3.0,0.0,7.0,0.14285714285714285
LOLTMNT01_361912,2026,2026-04-11 10:14:53+00:00,LCK,1,Rounds 1-2,0,16.07,complete,,,Dplus Kia,oe:team:ef69efa6acebe94107f0cf1ba716806,Gen.G,oe:team:50f58982d91a36557ec8aec52ab014f,RED,1,0,BLUE,Dplus Kia,Rumble,Karma,Jarvan IV,Pantheon,Orianna,Varus,Bard,Ezreal,Azir,LeBlanc,Anivia,Ryze,Leona,Sivir,Caitlyn,K'Sante,Nautilus,Jhin,Gnar,Pyke,oe:team:50f58982d91a36557ec8aec52ab014f|oe:team:ef69efa6acebe94107f0cf1ba716806,2026_20260411_Dplus_Kia_vs_Gen_G_S3,[],0,False,41.0,20.0,0.4878048780487805,41.0,20.0,0.4878048780487805,5.0,0.4,10.0,0.3,28.0,0.6071428571428571,2.0,0.0,6.0,0.16666666666666666,29.0,25.0,0.8620689655172413,29.0,25.0,0.8620689655172413,5.0,0.8,10.0,0.8,7.0,0.7142857142857143,2.0,1.0,6.0,0.8333333333333334
LOLTMNT01_361920,2026,2026-04-11 11:07:33+00:00,LCK,2,Rounds 1-2,0,16.07,complete,,,Gen.G,oe:team:50f58982d91a36557ec8aec52ab014f,Dplus Kia,oe:team:ef69efa6acebe94107f0cf1ba716806,RED,0,1,RED,Dplus Kia,Rumble,Varus,Xin Zhao,Annie,Orianna,Jayce,Aurora,Wukong,Karma,Azir,Yunara,Renekton,Ashe,Lulu,Zaahen,Kalista,Nami,Neeko,Seraphine,Renata Glasc,oe:team:50f58982d91a36557ec8aec52ab014f|oe:team:ef69efa6acebe94107f0cf1ba716806,2026_20260411_Dplus_Kia_vs_Gen_G_S3,"[""Jarvan IV"", ""Pantheon"", ""Bard"", ""Ezreal"", ""Anivia"", ""Ryze"", ""Caitlyn"", ""K'Sante"", ""Gnar"", ""Pyke""]",10,False,30.0,25.0,0.8333333333333334,30.0,25.0,0.8333333333333334,5.0,0.8,10.0,0.7,22.0,0.9090909090909091,3.0,0.6666666666666666,7.0,0.7142857142857143,42.0,21.0,0.5,42.0,21.0,0.5,5.0,0.6,10.0,0.3,13.0,0.23076923076923078,3.0,0.3333333333333333,7.0,0.2857142857142857
LOLTMNT01_364097,2026,2026-04-12 08:05:05+00:00,LCK,1,Rounds 1-2,0,16.07,complete,,,BNK FEARX,oe:team:5c2e7e9ea8dfcba0150d9a5619baecf,DN SOOPers,oe:team:b3c72a20aa56f5d28022ac04a7dc294,BLUE,1,0,BLUE,BNK FEARX,Varus,Rumble,Ryze,Ezreal,Pantheon,Karma,Jarvan IV,Vi,Azir,Orianna,Neeko,Cassiopeia,Bard,Kai'Sa,Xayah,Rakan,Alistar,Jayce,Renekton,Zaahen,oe:team:5c2e7e9ea8dfcba0150d9a5619baecf|oe:team:b3c72a20aa56f5d28022ac04a7dc294,2026_20260412_BNK_FEARX_vs_DN_SOOPers_S3,[],0,False,40.0,19.0,0.475,40.0,19.0,0.475,5.0,0.2,10.0,0.1,18.0,0.5,3.0,0.3333333333333333,9.0,0.6666666666666666,39.0,17.0,0.4358974358974359,39.0,17.0,0.4358974358974359,5.0,0.2,10.0,0.3,19.0,0.47368421052631576,2.0,0.0,9.0,0.3333333333333333
LOLTMNT01_363354,2026,2026-04-12 08:56:52+00:00,LCK,2,Rounds 1-2,0,16.07,complete,,,BNK FEARX,oe:team:5c2e7e9ea8dfcba0150d9a5619baecf,DN SOOPers,oe:team:b3c72a20aa56f5d28022ac04a7dc294,RED,1,0,BLUE,BNK FEARX,Orianna,Varus,Seraphine,Azir,Rumble,Karma,Xin Zhao,Lee Sin,Ziggs,Pantheon,Ashe,Ambessa,Mel,Jayce,Yorick,Jhin,Bard,Annie,Akali,Rell,oe:team:5c2e7e9ea8dfcba0150d9a5619baecf|oe:team:b3c72a20aa56f5d28022ac04a7dc294,2026_20260412_BNK_FEARX_vs_DN_SOOPers_S3,"[""Ryze"", ""Ezreal"", ""Jarvan IV"", ""Vi"", ""Neeko"", ""Cassiopeia"", ""Xayah"", ""Rakan"", ""Renekton"", ""Zaahen""]",10,False,41.0,20.0,0.4878048780487805,41.0,20.0,0.4878048780487805,5.0,0.4,10.0,0.2,19.0,0.5263157894736842,4.0,0.5,10.0,0.7,40.0,17.0,0.425,40.0,17.0,0.425,5.0,0.0,10.0,0.3,20.0,0.45,3.0,0.0,10.0,0.3
LOLTMNT01_364137,2026,2026-04-12 10:09:24+00:00,LCK,1,Rounds 1-2,0,16.07,complete,,,KT Rolster,oe:team:d723992568441c6bafa2658129eade7,HANJIN BRION,oe:team:b77b3f6068e20a2b3edc0ecd3dc70d4,RED,1,0,BLUE,KT Rolster,Rumble,Azir,Jarvan IV,Annie,Pantheon,Karma,Ashe,Xin Zhao,Orianna,Ryze,Seraphine,Ezreal,Nautilus,Syndra,Mel,Bard,Neeko,Akali,Yorick,Jayce,oe:team:b77b3f6068e20a2b3edc0ecd3dc70d4|oe:team:d723992568441c6bafa2658129eade7,2026_20260412_HANJIN_BRION_vs_KT_Rolster_S2,[],0,False,24.0,12.0,0.5,24.0,12.0,0.5,5.0,0.8,10.0,0.6,10.0,0.7,2.0,1.0,3.0,0.6666666666666666,26.0,9.0,0.34615384615384615,26.0,9.0,0.34615384615384615,5.0,0.6,10.0,0.4,15.0,0.4,3.0,0.3333333333333333,3.0,0.3333333333333333
LOLTMNT01_364149,2026,2026-04-12 10:55:22+00:00,LCK,2,Rounds 1-2,0,16.07,complete,,,KT Rolster,oe:team:d723992568441c6bafa2658129eade7,HANJIN BRION,oe:team:b77b3f6068e20a2b3edc0ecd3dc70d4,RED,1,0,BLUE,KT Rolster,Rumble,Karma,Yunara,Orianna,Pantheon,Ryze,Vi,Caitlyn,Varus,Azir,Lulu,Neeko,Nocturne,Akali,Ahri,Wukong,Naafiri,Syndra,Gnar,Renekton,oe:team:b77b3f6068e20a2b3edc0ecd3dc70d4|oe:team:d723992568441c6bafa2658129eade7,2026_20260412_HANJIN_BRION_vs_KT_Rolster_S2,"[""Jarvan IV"", ""Annie"", ""Ashe"", ""Xin Zhao"", ""Seraphine"", ""Ezreal"", ""Mel"", ""Bard"", ""Yorick"", ""Jayce""]",10,False,25.0,13.0,0.52,25.0,13.0,0.52,5.0,0.8,10.0,0.7,11.0,0.7272727272727273,3.0,1.0,4.0,0.75,27.0,9.0,0.3333333333333333,27.0,9.0,0.3333333333333333,5.0,0.4,10.0,0.4,16.0,0.375,4.0,0.25,4.0,0.25
LOLTMNT01_365453,2026,2026-04-15 08:04:27+00:00,LCK,1,Rounds 1-2,0,16.07,complete,,,BNK FEARX,oe:team:5c2e7e9ea8dfcba0150d9a5619baecf,Nongshim RedForce,oe:team:5cd2cd09ec94296f605dd13a2924d6c,RED,0,1,RED,Nongshim RedForce,Rumble,Karma,Ezreal,Pantheon,Varus,Jarvan IV,Xin Zhao,Azir,Orianna,Ryze,Neeko,Jayce,Bard,Yorick,K'Sante,Yunara,Anivia,Sion,Akali,Lulu,oe:team:5c2e7e9ea8dfcba0150d9a5619baecf|oe:team:5cd2cd09ec94296f605dd13a2924d6c,2026_20260415_BNK_FEARX_vs_Nongshim_RedForce_S2,[],0,False,42.0,21.0,0.5,42.0,21.0,0.5,5.0,0.6,10.0,0.3,20.0,0.55,5.0,0.6,2.0,1.0,29.0,12.0,0.41379310344827586,29.0,12.0,0.41379310344827586,5.0,0.2,10.0,0.4,17.0,0.35294117647058826,4.0,0.0,2.0,0.0
LOLTMNT01_365467,2026,2026-04-15 08:53:44+00:00,LCK,2,Rounds 1-2,0,16.07,complete,,,BNK FEARX,oe:team:5c2e7e9ea8dfcba0150d9a5619baecf,Nongshim RedForce,oe:team:5cd2cd09ec94296f605dd13a2924d6c,RED,0,1,RED,Nongshim RedForce,Varus,Karma,Ryze,Jarvan IV,Nocturne,Ashe,Lee Sin,Anivia,Orianna,Rumble,Gnar,Bard,Ambessa,Nautilus,Kalista,Jhin,Caitlyn,Lucian,Renata Glasc,Sion,oe:team:5c2e7e9ea8dfcba0150d9a5619baecf|oe:team:5cd2cd09ec94296f605dd13a2924d6c,2026_20260415_BNK_FEARX_vs_Nongshim_RedForce_S2,"[""Ezreal"", ""Pantheon"", ""Xin Zhao"", ""Azir"", ""Neeko"", ""Jayce"", ""K'Sante"", ""Yunara"", ""Akali"", ""Lulu""]",10,False,43.0,21.0,0.4883720930232558,43.0,21.0,0.4883720930232558,5.0,0.6,10.0,0.3,21.0,0.5238095238095238,6.0,0.5,3.0,0.6666666666666666,30.0,13.0,0.43333333333333335,30.0,13.0,0.43333333333333335,5.0,0.2,10.0,0.5,18.0,0.3888888888888889,5.0,0.2,3.0,0.3333333333333333
LOLTMNT01_366241,2026,2026-04-15 10:10:22+00:00,LCK,1,Rounds 1-2,0,16.07,complete,,,Dplus Kia,oe:team:ef69efa6acebe94107f0cf1ba716806,KT Rolster,oe:team:d723992568441c6bafa2658129eade7,RED,1,0,BLUE,Dplus Kia,Pantheon,Nocturne,Orianna,Karma,Rumble,Bard,Jarvan IV,Ezreal,Jayce,Varus,Nautilus,Ryze,Xin Zhao,Sivir,Gnar,Vayne,Vi,Miss Fortune,Kai'Sa,Wukong,oe:team:d723992568441c6bafa2658129eade7|oe:team:ef69efa6acebe94107f0cf1ba716806,2026_20260415_Dplus_Kia_vs_KT_Rolster_S1,[],0,False,43.0,22.0,0.5116279069767442,43.0,22.0,0.5116279069767442,5.0,0.6,10.0,0.4,29.0,0.6206896551724138,4.0,0.5,0.0,,26.0,14.0,0.5384615384615384,26.0,14.0,0.5384615384615384,5.0,1.0,10.0,0.8,14.0,0.35714285714285715,4.0,1.0,0.0,
LOLTMNT01_366261,2026,2026-04-15 11:04:40+00:00,LCK,2,Rounds 1-2,0,16.07,complete,,,KT Rolster,oe:team:d723992568441c6bafa2658129eade7,Dplus Kia,oe:team:ef69efa6acebe94107f0cf1ba716806,RED,1,0,BLUE,KT Rolster,Rumble,Azir,Ashe,Annie,Bard,Pantheon,Xin Zhao,Jayce,Vi,Nocturne,Seraphine,Lee Sin,Yuumi,K'Sante,Yorick,Ziggs,Varus,Mel,Hwei,Pyke,oe:team:d723992568441c6bafa2658129eade7|oe:team:ef69efa6acebe94107f0cf1ba716806,2026_20260415_Dplus_Kia_vs_KT_Rolster_S1,"[""Orianna"", ""Karma"", ""Jarvan IV"", ""Ezreal"", ""Nautilus"", ""Ryze"", ""Gnar"", ""Vayne"", ""Kai'Sa"", ""Wukong""]",10,False,27.0,14.0,0.5185185185185185,27.0,14.0,0.5185185185185185,5.0,0.8,10.0,0.8,12.0,0.75,5.0,0.8,1.0,0.0,44.0,23.0,0.5227272727272727,44.0,23.0,0.5227272727272727,5.0,0.6,10.0,0.5,14.0,0.2857142857142857,5.0,0.6,1.0,1.0
LOLTMNT01_366284,2026,2026-04-15 12:08:03+00:00,LCK,3,Rounds 1-2,0,16.07,complete,,,KT Rolster,oe:team:d723992568441c6bafa2658129eade7,Dplus Kia,oe:team:ef69efa6acebe94107f0cf1ba716806,RED,1,0,BLUE,KT Rolster,Rumble,Azir,Yunara,Varus,Bard,Nocturne,Lulu,Ambessa,Vi,Pantheon,Trundle,Twisted Fate,Nami,Jax,Ahri,Aphelios,Blitzcrank,Mel,Naafiri,Thresh,oe:team:d723992568441c6bafa2658129eade7|oe:team:ef69efa6acebe94107f0cf1ba716806,2026_20260415_Dplus_Kia_vs_KT_Rolster_S1,"[""Orianna"", ""Karma"", ""Jarvan IV"", ""Ezreal"", ""Nautilus"", ""Ryze"", ""Gnar"", ""Vayne"", ""Kai'Sa"", ""Wukong"", ""Ashe"", ""Annie"", ""Xin Zhao"", ""Jayce"", ""Seraphine"", ""Lee Sin"", ""Yorick"", ""Ziggs"", ""Hwei"", ""Pyke""]",20,False,28.0,15.0,0.5357142857142857,28.0,15.0,0.5357142857142857,5.0,0.8,10.0,0.8,13.0,0.7692307692307693,6.0,0.8333333333333334,2.0,0.5,45.0,23.0,0.5111111111111111,45.0,23.0,0.5111111111111111,5.0,0.6,10.0,0.5,15.0,0.26666666666666666,6.0,0.5,2.0,0.5
LOLTMNT01_366570,2026,2026-04-16 08:07:45+00:00,LCK,1,Rounds 1-2,0,16.07,complete,,,HANJIN BRION,oe:team:b77b3f6068e20a2b3edc0ecd3dc70d4,Gen.G,oe:team:50f58982d91a36557ec8aec52ab014f,BLUE,0,1,RED,Gen.G,Bard,Orianna,Jarvan IV,Xin Zhao,Varus,Karma,Akali,Azir,Pantheon,Rumble,Jayce,Sion,Lulu,Elise,Neeko,Ezreal,Kalista,Seraphine,Caitlyn,Nami,oe:team:50f58982d91a36557ec8aec52ab014f|oe:team:b77b3f6068e20a2b3edc0ecd3dc70d4,2026_20260416_Gen_G_vs_HANJIN_BRION_S1,[],0,False,28.0,9.0,0.32142857142857145,28.0,9.0,0.32142857142857145,5.0,0.2,10.0,0.3,11.0,0.2727272727272727,5.0,0.2,0.0,,31.0,25.0,0.8064516129032258,31.0,25.0,0.8064516129032258,5.0,0.6,10.0,0.6,8.0,0.625,4.0,0.5,0.0,
LOLTMNT01_365803,2026,2026-04-16 09:01:02+00:00,LCK,2,Rounds 1-2,0,16.07,complete,,,Gen.G,oe:team:50f58982d91a36557ec8aec52ab014f,HANJIN BRION,oe:team:b77b3f6068e20a2b3edc0ecd3dc70d4,RED,1,0,BLUE,Gen.G,Orianna,Bard,Yunara,Pantheon,Ashe,Varus,Nocturne,Lulu,Rumble,Karma,Anivia,Ryze,Tristana,Nautilus,Gnar,Xayah,Sivir,Seraphine,Alistar,Ambessa,oe:team:50f58982d91a36557ec8aec52ab014f|oe:team:b77b3f6068e20a2b3edc0ecd3dc70d4,2026_20260416_Gen_G_vs_HANJIN_BRION_S1,"[""Jarvan IV"", ""Xin Zhao"", ""Akali"", ""Azir"", ""Jayce"", ""Sion"", ""Neeko"", ""Ezreal"", ""Caitlyn"", ""Nami""]",10,False,32.0,26.0,0.8125,32.0,26.0,0.8125,5.0,0.6,10.0,0.6,23.0,0.8695652173913043,5.0,0.6,1.0,1.0,29.0,9.0,0.3103448275862069,29.0,9.0,0.3103448275862069,5.0,0.0,10.0,0.3,17.0,0.35294117647058826,6.0,0.16666666666666666,1.0,0.0
LOLTMNT01_366617,2026,2026-04-16 10:19:53+00:00,LCK,1,Rounds 1-2,0,16.07,complete,,,DN SOOPers,oe:team:b3c72a20aa56f5d28022ac04a7dc294,Hanwha Life Esports,oe:team:3a1d18f46bcb3716ebcfcf4ef068934,RED,0,1,RED,Hanwha Life Esports,Orianna,Jarvan IV,Varus,Xin Zhao,Ryze,Ezreal,Vi,Bard,Pantheon,Rumble,Ahri,Jhin,Jayce,Nautilus,Neeko,Anivia,Annie,Ambessa,Yorick,Aurora,oe:team:3a1d18f46bcb3716ebcfcf4ef068934|oe:team:b3c72a20aa56f5d28022ac04a7dc294,2026_20260416_DN_SOOPers_vs_Hanwha_Life_Esports_S2,[],0,False,41.0,17.0,0.4146341463414634,41.0,17.0,0.4146341463414634,5.0,0.0,10.0,0.3,20.0,0.4,4.0,0.0,3.0,0.3333333333333333,23.0,11.0,0.4782608695652174,23.0,11.0,0.4782608695652174,5.0,0.8,10.0,0.6,14.0,0.5,5.0,0.8,3.0,0.6666666666666666
LOLTMNT01_365830,2026,2026-04-16 11:03:24+00:00,LCK,2,Rounds 1-2,0,16.07,complete,,,Hanwha Life Esports,oe:team:3a1d18f46bcb3716ebcfcf4ef068934,DN SOOPers,oe:team:b3c72a20aa56f5d28022ac04a7dc294,RED,1,0,BLUE,Hanwha Life Esports,Orianna,Jayce,Pantheon,Jarvan IV,Rumble,Karma,Ashe,Gnar,LeBlanc,Ryze,Seraphine,Mel,Pyke,Vayne,Annie,Azir,Nautilus,Akali,Yone,Rell,oe:team:3a1d18f46bcb3716ebcfcf4ef068934|oe:team:b3c72a20aa56f5d28022ac04a7dc294,2026_20260416_DN_SOOPers_vs_Hanwha_Life_Esports_S2,"[""Varus"", ""Xin Zhao"", ""Vi"", ""Bard"", ""Ahri"", ""Jhin"", ""Neeko"", ""Anivia"", ""Yorick"", ""Aurora""]",10,False,24.0,12.0,0.5,24.0,12.0,0.5,5.0,0.8,10.0,0.7,9.0,0.4444444444444444,6.0,0.8333333333333334,4.0,0.75,42.0,17.0,0.40476190476190477,42.0,17.0,0.40476190476190477,5.0,0.0,10.0,0.2,21.0,0.42857142857142855,5.0,0.0,4.0,0.25
LOLTMNT01_367097,2026,2026-04-17 08:09:20+00:00,LCK,1,Rounds 1-2,0,16.07,complete,,,BNK FEARX,oe:team:5c2e7e9ea8dfcba0150d9a5619baecf,Kiwoom DRX,oe:team:1d0389df0c5eea93b04122ba167c010,RED,1,0,BLUE,BNK FEARX,Rumble,Karma,Ezreal,Azir,Varus,Jarvan IV,Xin Zhao,Bard,Orianna,Pantheon,Neeko,Jayce,Caitlyn,Yorick,K'Sante,Yunara,Skarner,Akali,Aurora,Vi,oe:team:1d0389df0c5eea93b04122ba167c010|oe:team:5c2e7e9ea8dfcba0150d9a5619baecf,2026_20260417_BNK_FEARX_vs_Kiwoom_DRX_S1,[],0,False,44.0,21.0,0.4772727272727273,44.0,21.0,0.4772727272727273,5.0,0.4,10.0,0.3,22.0,0.5,7.0,0.42857142857142855,0.0,,42.0,19.0,0.4523809523809524,42.0,19.0,0.4523809523809524,5.0,0.8,10.0,0.4,23.0,0.4782608695652174,5.0,0.8,0.0,
LOLTMNT01_367103,2026,2026-04-17 08:56:00+00:00,LCK,2,Rounds 1-2,0,16.07,complete,,,BNK FEARX,oe:team:5c2e7e9ea8dfcba0150d9a5619baecf,Kiwoom DRX,oe:team:1d0389df0c5eea93b04122ba167c010,RED,1,0,BLUE,BNK FEARX,Rumble,Ryze,Pantheon,Karma,Orianna,Ashe,Renekton,Caitlyn,Varus,Jarvan IV,Annie,Gnar,Nocturne,Nautilus,Kalista,Mel,Hwei,Lulu,Soraka,Dr. Mundo,oe:team:1d0389df0c5eea93b04122ba167c010|oe:team:5c2e7e9ea8dfcba0150d9a5619baecf,2026_20260417_BNK_FEARX_vs_Kiwoom_DRX_S1,"[""Ezreal"", ""Azir"", ""Xin Zhao"", ""Bard"", ""Neeko"", ""Jayce"", ""K'Sante"", ""Yunara"", ""Aurora"", ""Vi""]",10,False,45.0,22.0,0.4888888888888889,45.0,22.0,0.4888888888888889,5.0,0.6,10.0,0.4,23.0,0.5217391304347826,8.0,0.5,1.0,1.0,43.0,19.0,0.4418604651162791,43.0,19.0,0.4418604651162791,5.0,0.8,10.0,0.4,24.0,0.4583333333333333,6.0,0.6666666666666666,1.0,0.0
LOLTMNT01_367128,2026,2026-04-17 10:18:08+00:00,LCK,1,Rounds 1-2,0,16.07,complete,,,T1,oe:team:ce499dea30cfce118f4fe85da0227e8,Dplus Kia,oe:team:ef69efa6acebe94107f0cf1ba716806,RED,0,1,RED,Dplus Kia,Orianna,Bard,Ezreal,Karma,Varus,Nocturne,Pantheon,Jhin,Caitlyn,Azir,Ryze,Xin Zhao,Twisted Fate,Yuumi,Neeko,Cassiopeia,Anivia,Jayce,Ambessa,Rumble,oe:team:ce499dea30cfce118f4fe85da0227e8|oe:team:ef69efa6acebe94107f0cf1ba716806,2026_20260417_Dplus_Kia_vs_T1_S3,[],0,False,31.0,18.0,0.5806451612903226,31.0,18.0,0.5806451612903226,5.0,0.6,10.0,0.4,13.0,0.6153846153846154,4.0,0.5,8.0,0.625,46.0,23.0,0.5,46.0,23.0,0.5,5.0,0.6,10.0,0.5,16.0,0.25,7.0,0.42857142857142855,8.0,0.375
LOLTMNT01_367136,2026,2026-04-17 11:14:57+00:00,LCK,2,Rounds 1-2,0,16.07,complete,,,Dplus Kia,oe:team:ef69efa6acebe94107f0cf1ba716806,T1,oe:team:ce499dea30cfce118f4fe85da0227e8,RED,0,1,RED,T1,Bard,Varus,LeBlanc,Azir,Orianna,Jarvan IV,Vi,Nocturne,Poppy,Sion,K'Sante,Jayce,Renata Glasc,Ashe,Lulu,Caitlyn,Nautilus,Yunara,Miss Fortune,Lux,oe:team:ce499dea30cfce118f4fe85da0227e8|oe:team:ef69efa6acebe94107f0cf1ba716806,2026_20260417_Dplus_Kia_vs_T1_S3,"[""Ezreal"", ""Karma"", ""Pantheon"", ""Jhin"", ""Ryze"", ""Xin Zhao"", ""Neeko"", ""Cassiopeia"", ""Ambessa"", ""Rumble""]",10,False,47.0,24.0,0.5106382978723404,47.0,24.0,0.5106382978723404,5.0,0.6,10.0,0.6,30.0,0.6333333333333333,8.0,0.5,9.0,0.4444444444444444,32.0,18.0,0.5625,32.0,18.0,0.5625,5.0,0.4,10.0,0.4,18.0,0.5555555555555556,5.0,0.4,9.0,0.5555555555555556
LOLTMNT01_366902,2026,2026-04-17 12:07:48+00:00,LCK,3,Rounds 1-2,0,16.07,complete,,,T1,oe:team:ce499dea30cfce118f4fe85da0227e8,Dplus Kia,oe:team:ef69efa6acebe94107f0cf1ba716806,RED,0,1,RED,Dplus Kia,Orianna,Bard,Gnar,Annie,Varus,Ashe,Jarvan IV,Lee Sin,Yunara,Nami,Aurora,Vayne,Sivir,Nautilus,Pyke,Corki,Ziggs,Kalista,Mel,Poppy,oe:team:ce499dea30cfce118f4fe85da0227e8|oe:team:ef69efa6acebe94107f0cf1ba716806,2026_20260417_Dplus_Kia_vs_T1_S3,"[""Ezreal"", ""Karma"", ""Pantheon"", ""Jhin"", ""Ryze"", ""Xin Zhao"", ""Neeko"", ""Cassiopeia"", ""Ambessa"", ""Rumble"", ""LeBlanc"", ""Azir"", ""Vi"", ""Nocturne"", ""K'Sante"", ""Jayce"", ""Lulu"", ""Caitlyn"", ""Miss Fortune"", ""Lux""]",20,False,33.0,19.0,0.5757575757575758,33.0,19.0,0.5757575757575758,5.0,0.6,10.0,0.5,14.0,0.5714285714285714,6.0,0.5,10.0,0.6,48.0,24.0,0.5,48.0,24.0,0.5,5.0,0.4,10.0,0.5,17.0,0.29411764705882354,9.0,0.4444444444444444,10.0,0.4
LOLTMNT01_368128,2026,2026-04-18 08:07:24+00:00,LCK,1,Rounds 1-2,0,16.07,complete,,,Gen.G,oe:team:50f58982d91a36557ec8aec52ab014f,Hanwha Life Esports,oe:team:3a1d18f46bcb3716ebcfcf4ef068934,BLUE,0,1,RED,Hanwha Life Esports,Karma,Orianna,Bard,Jarvan IV,Varus,Ezreal,Xin Zhao,Jhin,Nautilus,Rumble,Jayce,Yorick,Pyke,Yunara,Corki,Rell,Akali,Azir,Anivia,Aurora,oe:team:3a1d18f46bcb3716ebcfcf4ef068934|oe:team:50f58982d91a36557ec8aec52ab014f,2026_20260418_Gen_G_vs_Hanwha_Life_Esports_S2,[],0,False,33.0,27.0,0.8181818181818182,33.0,27.0,0.8181818181818182,5.0,0.6,10.0,0.7,24.0,0.875,6.0,0.6666666666666666,3.0,1.0,25.0,13.0,0.52,25.0,13.0,0.52,5.0,0.8,10.0,0.7,15.0,0.5333333333333333,7.0,0.8571428571428571,3.0,0.0
LOLTMNT01_368133,2026,2026-04-18 09:00:18+00:00,LCK,2,Rounds 1-2,0,16.07,complete,,,Hanwha Life Esports,oe:team:3a1d18f46bcb3716ebcfcf4ef068934,Gen.G,oe:team:50f58982d91a36557ec8aec52ab014f,BLUE,1,0,BLUE,Hanwha Life Esports,Varus,Orianna,Rumble,Pantheon,Ezreal,Karma,Vi,Seraphine,Nocturne,Nautilus,Yone,Ashe,Ahri,Ziggs,Yunara,Ambessa,Annie,Mel,Lulu,Akali,oe:team:3a1d18f46bcb3716ebcfcf4ef068934|oe:team:50f58982d91a36557ec8aec52ab014f,2026_20260418_Gen_G_vs_Hanwha_Life_Esports_S2,"[""Bard"", ""Jarvan IV"", ""Xin Zhao"", ""Jhin"", ""Jayce"", ""Yorick"", ""Corki"", ""Rell"", ""Anivia"", ""Aurora""]",10,False,26.0,14.0,0.5384615384615384,26.0,14.0,0.5384615384615384,5.0,0.8,10.0,0.7,10.0,0.5,8.0,0.875,4.0,0.25,34.0,27.0,0.7941176470588235,34.0,27.0,0.7941176470588235,5.0,0.4,10.0,0.6,9.0,0.6666666666666666,7.0,0.5714285714285714,4.0,0.75
LOLTMNT01_368165,2026,2026-04-18 10:19:42+00:00,LCK,1,Rounds 1-2,0,16.07,complete,,,DN SOOPers,oe:team:b3c72a20aa56f5d28022ac04a7dc294,KT Rolster,oe:team:d723992568441c6bafa2658129eade7,RED,0,1,RED,KT Rolster,Rumble,Nautilus,Jarvan IV,Karma,Ryze,Yorick,Ashe,Pantheon,Varus,Orianna,Seraphine,Ezreal,Jayce,Azir,Annie,Renekton,Mel,Aurora,Gnar,Akali,oe:team:b3c72a20aa56f5d28022ac04a7dc294|oe:team:d723992568441c6bafa2658129eade7,2026_20260418_DN_SOOPers_vs_KT_Rolster_S3,[],0,False,43.0,17.0,0.3953488372093023,43.0,17.0,0.3953488372093023,5.0,0.0,10.0,0.2,21.0,0.38095238095238093,6.0,0.0,5.0,0.6,29.0,16.0,0.5517241379310345,29.0,16.0,0.5517241379310345,5.0,0.8,10.0,0.8,15.0,0.3333333333333333,7.0,0.8571428571428571,5.0,0.4
LOLTMNT01_367338,2026,2026-04-18 11:10:20+00:00,LCK,2,Rounds 1-2,0,16.07,complete,,,KT Rolster,oe:team:d723992568441c6bafa2658129eade7,DN SOOPers,oe:team:b3c72a20aa56f5d28022ac04a7dc294,RED,1,0,BLUE,KT Rolster,Rumble,Varus,Ryze,Orianna,Ambessa,Jayce,Nocturne,Yunara,Lee Sin,Xin Zhao,Bard,Lulu,Naafiri,Caitlyn,Jhin,Vi,Wukong,Vayne,Zaahen,K'Sante,oe:team:b3c72a20aa56f5d28022ac04a7dc294|oe:team:d723992568441c6bafa2658129eade7,2026_20260418_DN_SOOPers_vs_KT_Rolster_S3,"[""Jarvan IV"", ""Karma"", ""Ashe"", ""Pantheon"", ""Seraphine"", ""Ezreal"", ""Annie"", ""Renekton"", ""Gnar"", ""Akali""]",10,False,30.0,17.0,0.5666666666666667,30.0,17.0,0.5666666666666667,5.0,0.8,10.0,0.8,14.0,0.7857142857142857,8.0,0.875,6.0,0.5,44.0,17.0,0.38636363636363635,44.0,17.0,0.38636363636363635,5.0,0.0,10.0,0.1,22.0,0.4090909090909091,7.0,0.0,6.0,0.5
LOLTMNT01_368322,2026,2026-04-19 08:06:04+00:00,LCK,1,Rounds 1-2,0,16.07,complete,,,HANJIN BRION,oe:team:b77b3f6068e20a2b3edc0ecd3dc70d4,Nongshim RedForce,oe:team:5cd2cd09ec94296f605dd13a2924d6c,RED,1,0,BLUE,HANJIN BRION,Rumble,Varus,Neeko,Xin Zhao,Orianna,Karma,Ezreal,Yunara,Jarvan IV,Pantheon,Nocturne,Lulu,Azir,Ryze,Aurora,Jayce,Annie,K'Sante,Sion,LeBlanc,oe:team:5cd2cd09ec94296f605dd13a2924d6c|oe:team:b77b3f6068e20a2b3edc0ecd3dc70d4,2026_20260419_HANJIN_BRION_vs_Nongshim_RedForce_S1,[],0,False,30.0,9.0,0.3,30.0,9.0,0.3,5.0,0.0,10.0,0.3,12.0,0.25,7.0,0.14285714285714285,0.0,,31.0,14.0,0.45161290322580644,31.0,14.0,0.45161290322580644,5.0,0.4,10.0,0.6,19.0,0.42105263157894735,6.0,0.3333333333333333,0.0,
LOLTMNT01_367468,2026,2026-04-19 09:06:05+00:00,LCK,2,Rounds 1-2,0,16.07,complete,,,Nongshim RedForce,oe:team:5cd2cd09ec94296f605dd13a2924d6c,HANJIN BRION,oe:team:b77b3f6068e20a2b3edc0ecd3dc70d4,RED,1,0,BLUE,Nongshim RedForce,Rumble,Varus,Caitlyn,Karma,Jarvan IV,Pantheon,Bard,Jhin,Orianna,Nautilus,Azir,Ryze,Naafiri,Vi,Renekton,Lee Sin,Ambessa,Gnar,Poppy,K'Sante,oe:team:5cd2cd09ec94296f605dd13a2924d6c|oe:team:b77b3f6068e20a2b3edc0ecd3dc70d4,2026_20260419_HANJIN_BRION_vs_Nongshim_RedForce_S1,"[""Neeko"", ""Xin Zhao"", ""Ezreal"", ""Yunara"", ""Nocturne"", ""Lulu"", ""Aurora"", ""Jayce"", ""Sion"", ""LeBlanc""]",10,False,32.0,14.0,0.4375,32.0,14.0,0.4375,5.0,0.4,10.0,0.5,12.0,0.5,7.0,0.2857142857142857,1.0,0.0,31.0,10.0,0.3225806451612903,31.0,10.0,0.3225806451612903,5.0,0.2,10.0,0.4,18.0,0.3333333333333333,8.0,0.25,1.0,1.0
LOLTMNT01_368343,2026,2026-04-19 10:01:26+00:00,LCK,3,Rounds 1-2,0,16.07,complete,,,HANJIN BRION,oe:team:b77b3f6068e20a2b3edc0ecd3dc70d4,Nongshim RedForce,oe:team:5cd2cd09ec94296f605dd13a2924d6c,RED,0,1,RED,Nongshim RedForce,Orianna,Varus,Ashe,Vi,Rumble,Jarvan IV,Seraphine,Ambessa,Pantheon,Annie,Gnar,Ziggs,Nautilus,Galio,Taliyah,Yone,Ahri,Akali,Naafiri,Leona,oe:team:5cd2cd09ec94296f605dd13a2924d6c|oe:team:b77b3f6068e20a2b3edc0ecd3dc70d4,2026_20260419_HANJIN_BRION_vs_Nongshim_RedForce_S1,"[""Neeko"", ""Xin Zhao"", ""Ezreal"", ""Yunara"", ""Nocturne"", ""Lulu"", ""Aurora"", ""Jayce"", ""Sion"", ""LeBlanc"", ""Caitlyn"", ""Karma"", ""Bard"", ""Jhin"", ""Azir"", ""Ryze"", ""Renekton"", ""Lee Sin"", ""Poppy"", ""K'Sante""]",20,False,32.0,10.0,0.3125,32.0,10.0,0.3125,5.0,0.2,10.0,0.3,13.0,0.3076923076923077,9.0,0.2222222222222222,2.0,0.5,33.0,15.0,0.45454545454545453,33.0,15.0,0.45454545454545453,5.0,0.6,10.0,0.5,20.0,0.4,8.0,0.375,2.0,0.5
LOLTMNT01_368366,2026,2026-04-19 11:23:50+00:00,LCK,1,Rounds 1-2,0,16.07,complete,,,T1,oe:team:ce499dea30cfce118f4fe85da0227e8,Kiwoom DRX,oe:team:1d0389df0c5eea93b04122ba167c010,RED,1,0,BLUE,T1,Karma,Bard,Rumble,Ezreal,Varus,Neeko,Xin Zhao,Ryze,Orianna,Azir,Twisted Fate,Anivia,Pantheon,Caitlyn,Jhin,Jarvan IV,Nautilus,Yunara,Camille,K'Sante,oe:team:1d0389df0c5eea93b04122ba167c010|oe:team:ce499dea30cfce118f4fe85da0227e8,2026_20260419_Kiwoom_DRX_vs_T1_S2,[],0,False,34.0,19.0,0.5588235294117647,34.0,19.0,0.5588235294117647,5.0,0.6,10.0,0.5,15.0,0.5333333333333333,7.0,0.42857142857142855,3.0,0.6666666666666666,44.0,19.0,0.4318181818181818,44.0,19.0,0.4318181818181818,5.0,0.6,10.0,0.4,25.0,0.44,7.0,0.5714285714285714,3.0,0.3333333333333333
LOLTMNT01_368375,2026,2026-04-19 12:15:21+00:00,LCK,2,Rounds 1-2,0,16.07,complete,,,T1,oe:team:ce499dea30cfce118f4fe85da0227e8,Kiwoom DRX,oe:team:1d0389df0c5eea93b04122ba167c010,RED,1,0,BLUE,T1,Karma,Bard,Azir,Orianna,Varus,Jayce,Pantheon,Renekton,Nocturne,Gnar,Vayne,Vi,Nautilus,Neeko,Ashe,Yunara,Pyke,Caitlyn,Seraphine,Lulu,oe:team:1d0389df0c5eea93b04122ba167c010|oe:team:ce499dea30cfce118f4fe85da0227e8,2026_20260419_Kiwoom_DRX_vs_T1_S2,"[""Rumble"", ""Ezreal"", ""Xin Zhao"", ""Ryze"", ""Twisted Fate"", ""Anivia"", ""Jhin"", ""Jarvan IV"", ""Camille"", ""K'Sante""]",10,False,35.0,20.0,0.5714285714285714,35.0,20.0,0.5714285714285714,5.0,0.6,10.0,0.6,16.0,0.5625,8.0,0.5,4.0,0.75,45.0,19.0,0.4222222222222222,45.0,19.0,0.4222222222222222,5.0,0.4,10.0,0.4,26.0,0.4230769230769231,8.0,0.5,4.0,0.25
LOLTMNT02_384269,2026,2026-04-22 08:04:37+00:00,LCK,1,Rounds 1-2,0,16.08,complete,,,Kiwoom DRX,oe:team:1d0389df0c5eea93b04122ba167c010,KT Rolster,oe:team:d723992568441c6bafa2658129eade7,RED,0,1,RED,KT Rolster,Rumble,Bard,Ezreal,Pantheon,Karma,Yorick,Xin Zhao,Jayce,Ryze,Orianna,Sion,Annie,Ashe,Nautilus,Neeko,Sivir,Yunara,Azir,Aurora,Yuumi,oe:team:1d0389df0c5eea93b04122ba167c010|oe:team:d723992568441c6bafa2658129eade7,2026_20260422_KT_Rolster_vs_Kiwoom_DRX_S1,[],0,False,46.0,19.0,0.41304347826086957,46.0,19.0,0.41304347826086957,5.0,0.2,10.0,0.4,19.0,0.42105263157894735,0.0,,0.0,,31.0,18.0,0.5806451612903226,31.0,18.0,0.5806451612903226,5.0,0.8,10.0,0.9,16.0,0.375,0.0,,0.0,
LOLTMNT02_383295,2026,2026-04-22 09:04:09+00:00,LCK,2,Rounds 1-2,0,16.08,complete,,,Kiwoom DRX,oe:team:1d0389df0c5eea93b04122ba167c010,KT Rolster,oe:team:d723992568441c6bafa2658129eade7,RED,0,1,RED,KT Rolster,Karma,Bard,Nocturne,Orianna,Rumble,Varus,Nautilus,Ashe,Ryze,Jarvan IV,Azir,Seraphine,Wukong,Jhin,Gnar,Trundle,Renekton,Yunara,Corki,Vayne,oe:team:1d0389df0c5eea93b04122ba167c010|oe:team:d723992568441c6bafa2658129eade7,2026_20260422_KT_Rolster_vs_Kiwoom_DRX_S1,"[""Ezreal"", ""Pantheon"", ""Xin Zhao"", ""Jayce"", ""Sion"", ""Annie"", ""Neeko"", ""Sivir"", ""Aurora"", ""Yuumi""]",10,False,47.0,19.0,0.40425531914893614,47.0,19.0,0.40425531914893614,5.0,0.0,10.0,0.4,20.0,0.4,1.0,0.0,1.0,0.0,32.0,19.0,0.59375,32.0,19.0,0.59375,5.0,1.0,10.0,0.9,17.0,0.4117647058823529,1.0,1.0,1.0,1.0
LOLTMNT02_383315,2026,2026-04-22 10:16:00+00:00,LCK,1,Rounds 1-2,0,16.08,complete,,,Hanwha Life Esports,oe:team:3a1d18f46bcb3716ebcfcf4ef068934,Nongshim RedForce,oe:team:5cd2cd09ec94296f605dd13a2924d6c,BLUE,1,0,BLUE,Hanwha Life Esports,Varus,Orianna,Jarvan IV,Karma,Rumble,Ashe,Nautilus,Caitlyn,Ezreal,Bard,Aurora,Ryze,Xin Zhao,Jhin,Miss Fortune,Pantheon,Sion,Ziggs,Jayce,Yorick,oe:team:3a1d18f46bcb3716ebcfcf4ef068934|oe:team:5cd2cd09ec94296f605dd13a2924d6c,2026_20260422_Hanwha_Life_Esports_vs_Nongshim_RedForce_S2,[],0,False,27.0,15.0,0.5555555555555556,27.0,15.0,0.5555555555555556,5.0,1.0,10.0,0.8,11.0,0.5454545454545454,0.0,,2.0,0.0,34.0,16.0,0.47058823529411764,34.0,16.0,0.47058823529411764,5.0,0.8,10.0,0.5,21.0,0.42857142857142855,0.0,,2.0,1.0
LOLTMNT02_384348,2026,2026-04-22 11:06:38+00:00,LCK,2,Rounds 1-2,0,16.08,complete,,,Hanwha Life Esports,oe:team:3a1d18f46bcb3716ebcfcf4ef068934,Nongshim RedForce,oe:team:5cd2cd09ec94296f605dd13a2924d6c,BLUE,0,1,RED,Nongshim RedForce,Varus,Orianna,Xin Zhao,Azir,Ezreal,Ashe,Bard,Poppy,Yunara,Rumble,Ziggs,Gnar,Lucian,Vayne,Sivir,Corki,Kalista,Jhin,Anivia,Nami,oe:team:3a1d18f46bcb3716ebcfcf4ef068934|oe:team:5cd2cd09ec94296f605dd13a2924d6c,2026_20260422_Hanwha_Life_Esports_vs_Nongshim_RedForce_S2,"[""Jarvan IV"", ""Karma"", ""Nautilus"", ""Caitlyn"", ""Aurora"", ""Ryze"", ""Miss Fortune"", ""Pantheon"", ""Jayce"", ""Yorick""]",10,False,28.0,16.0,0.5714285714285714,28.0,16.0,0.5714285714285714,5.0,1.0,10.0,0.9,12.0,0.5833333333333334,1.0,1.0,3.0,0.3333333333333333,35.0,16.0,0.45714285714285713,35.0,16.0,0.45714285714285713,5.0,0.6,10.0,0.4,22.0,0.4090909090909091,1.0,0.0,3.0,0.6666666666666666
LOLTMNT02_384385,2026,2026-04-22 12:05:40+00:00,LCK,3,Rounds 1-2,0,16.08,complete,,,Nongshim RedForce,oe:team:5cd2cd09ec94296f605dd13a2924d6c,Hanwha Life Esports,oe:team:3a1d18f46bcb3716ebcfcf4ef068934,BLUE,0,1,RED,Hanwha Life Esports,Ashe,Orianna,Yunara,Lulu,Varus,Rumble,Wukong,Nocturne,Vi,Annie,Neeko,Xayah,Vayne,LeBlanc,Ambessa,Ahri,Mel,Renekton,Akali,Rek'Sai,oe:team:3a1d18f46bcb3716ebcfcf4ef068934|oe:team:5cd2cd09ec94296f605dd13a2924d6c,2026_20260422_Hanwha_Life_Esports_vs_Nongshim_RedForce_S2,"[""Jarvan IV"", ""Karma"", ""Nautilus"", ""Caitlyn"", ""Aurora"", ""Ryze"", ""Miss Fortune"", ""Pantheon"", ""Jayce"", ""Yorick"", ""Xin Zhao"", ""Azir"", ""Bard"", ""Poppy"", ""Ziggs"", ""Gnar"", ""Sivir"", ""Corki"", ""Anivia"", ""Nami""]",20,False,36.0,17.0,0.4722222222222222,36.0,17.0,0.4722222222222222,5.0,0.6,10.0,0.5,13.0,0.5384615384615384,2.0,0.5,4.0,0.75,29.0,16.0,0.5517241379310345,29.0,16.0,0.5517241379310345,5.0,0.8,10.0,0.8,16.0,0.5625,2.0,0.5,4.0,0.25
LOLTMNT05_186248,2026,2026-04-23 08:05:27+00:00,LCK,1,Rounds 1-2,0,16.08,complete,,,HANJIN BRION,oe:team:b77b3f6068e20a2b3edc0ecd3dc70d4,Dplus Kia,oe:team:ef69efa6acebe94107f0cf1ba716806,RED,0,1,RED,Dplus Kia,Rumble,Nocturne,Pantheon,Varus,Orianna,Ryze,Ezreal,Lee Sin,Karma,Nautilus,Neeko,Annie,Ashe,Azir,Anivia,Jhin,Lulu,Jax,Aurora,Bard,oe:team:b77b3f6068e20a2b3edc0ecd3dc70d4|oe:team:ef69efa6acebe94107f0cf1ba716806,2026_20260423_Dplus_Kia_vs_HANJIN_BRION_S2,[],0,False,33.0,10.0,0.30303030303030304,33.0,10.0,0.30303030303030304,5.0,0.2,10.0,0.2,14.0,0.2857142857142857,0.0,,2.0,0.0,49.0,25.0,0.5102040816326531,49.0,25.0,0.5102040816326531,5.0,0.4,10.0,0.5,18.0,0.3333333333333333,0.0,,2.0,1.0
LOLTMNT05_186249,2026,2026-04-23 09:03:37+00:00,LCK,2,Rounds 1-2,0,16.08,complete,,,Dplus Kia,oe:team:ef69efa6acebe94107f0cf1ba716806,HANJIN BRION,oe:team:b77b3f6068e20a2b3edc0ecd3dc70d4,RED,1,0,BLUE,Dplus Kia,Orianna,Vi,Jayce,Rumble,Nocturne,Ryze,Jarvan IV,Yunara,Ashe,Karma,Ahri,Lulu,Xin Zhao,Nami,Aphelios,Sejuani,Poppy,Nautilus,Thresh,Yone,oe:team:b77b3f6068e20a2b3edc0ecd3dc70d4|oe:team:ef69efa6acebe94107f0cf1ba716806,2026_20260423_Dplus_Kia_vs_HANJIN_BRION_S2,"[""Pantheon"", ""Varus"", ""Ezreal"", ""Lee Sin"", ""Neeko"", ""Annie"", ""Anivia"", ""Jhin"", ""Aurora"", ""Bard""]",10,False,50.0,26.0,0.52,50.0,26.0,0.52,5.0,0.6,10.0,0.6,31.0,0.6129032258064516,1.0,1.0,3.0,1.0,34.0,10.0,0.29411764705882354,34.0,10.0,0.29411764705882354,5.0,0.2,10.0,0.1,19.0,0.3157894736842105,1.0,0.0,3.0,0.0
LOLTMNT05_186273,2026,2026-04-23 10:15:14+00:00,LCK,1,Rounds 1-2,0,16.08,complete,,,DN SOOPers,oe:team:b3c72a20aa56f5d28022ac04a7dc294,Gen.G,oe:team:50f58982d91a36557ec8aec52ab014f,BLUE,0,1,RED,Gen.G,Bard,Rumble,Seraphine,Jarvan IV,Pantheon,Karma,Xin Zhao,Azir,Varus,Orianna,Ashe,Nautilus,Jayce,Akali,Aurora,Ziggs,Jhin,LeBlanc,Renekton,Gnar,oe:team:50f58982d91a36557ec8aec52ab014f|oe:team:b3c72a20aa56f5d28022ac04a7dc294,2026_20260423_DN_SOOPers_vs_Gen_G_S1,[],0,False,45.0,17.0,0.37777777777777777,45.0,17.0,0.37777777777777777,5.0,0.0,10.0,0.0,22.0,0.36363636363636365,0.0,,0.0,,35.0,27.0,0.7714285714285715,35.0,27.0,0.7714285714285715,5.0,0.4,10.0,0.6,10.0,0.6,0.0,,0.0,
LOLTMNT05_186277,2026,2026-04-23 11:13:51+00:00,LCK,2,Rounds 1-2,0,16.08,complete,,,Gen.G,oe:team:50f58982d91a36557ec8aec52ab014f,DN SOOPers,oe:team:b3c72a20aa56f5d28022ac04a7dc294,RED,1,0,BLUE,Gen.G,Karma,Bard,Yunara,Varus,Rumble,Pantheon,Lulu,Wukong,Orianna,Ryze,Maokai,Annie,Nami,Jayce,Akali,Lucian,Neeko,Hwei,Naafiri,Milio,oe:team:50f58982d91a36557ec8aec52ab014f|oe:team:b3c72a20aa56f5d28022ac04a7dc294,2026_20260423_DN_SOOPers_vs_Gen_G_S1,"[""Seraphine"", ""Jarvan IV"", ""Xin Zhao"", ""Azir"", ""Ashe"", ""Nautilus"", ""Aurora"", ""Ziggs"", ""Renekton"", ""Gnar""]",10,False,36.0,28.0,0.7777777777777778,36.0,28.0,0.7777777777777778,5.0,0.6,10.0,0.6,25.0,0.84,1.0,1.0,1.0,1.0,46.0,17.0,0.3695652173913043,46.0,17.0,0.3695652173913043,5.0,0.0,10.0,0.0,23.0,0.391304347826087,1.0,0.0,1.0,0.0
LOLTMNT05_185400,2026,2026-04-24 08:07:08+00:00,LCK,1,Rounds 1-2,0,16.08,complete,,,BNK FEARX,oe:team:5c2e7e9ea8dfcba0150d9a5619baecf,KT Rolster,oe:team:d723992568441c6bafa2658129eade7,RED,0,1,RED,KT Rolster,Varus,Ezreal,Caitlyn,Karma,Orianna,Jarvan IV,Xin Zhao,Trundle,Rumble,Pantheon,Bard,Jhin,Azir,Annie,Renekton,Ryze,Jayce,Gnar,Anivia,K'Sante,oe:team:5c2e7e9ea8dfcba0150d9a5619baecf|oe:team:d723992568441c6bafa2658129eade7,2026_20260424_BNK_FEARX_vs_KT_Rolster_S1,[],0,False,46.0,23.0,0.5,46.0,23.0,0.5,5.0,0.6,10.0,0.5,24.0,0.5416666666666666,0.0,,0.0,,33.0,20.0,0.6060606060606061,33.0,20.0,0.6060606060606061,5.0,1.0,10.0,0.9,18.0,0.4444444444444444,2.0,1.0,0.0,
LOLTMNT05_185401,2026,2026-04-24 09:15:07+00:00,LCK,2,Rounds 1-2,0,16.08,complete,,,BNK FEARX,oe:team:5c2e7e9ea8dfcba0150d9a5619baecf,KT Rolster,oe:team:d723992568441c6bafa2658129eade7,RED,0,1,RED,KT Rolster,Varus,Nocturne,Ezreal,Jarvan IV,Rumble,Vi,Neeko,Jayce,Orianna,Pantheon,Sion,Annie,Lulu,Akali,Hwei,Sivir,Seraphine,Azir,Lee Sin,Yuumi,oe:team:5c2e7e9ea8dfcba0150d9a5619baecf|oe:team:d723992568441c6bafa2658129eade7,2026_20260424_BNK_FEARX_vs_KT_Rolster_S1,"[""Caitlyn"", ""Karma"", ""Xin Zhao"", ""Trundle"", ""Bard"", ""Jhin"", ""Renekton"", ""Ryze"", ""Anivia"", ""K'Sante""]",10,False,47.0,23.0,0.48936170212765956,47.0,23.0,0.48936170212765956,5.0,0.4,10.0,0.5,25.0,0.52,1.0,0.0,1.0,0.0,34.0,21.0,0.6176470588235294,34.0,21.0,0.6176470588235294,5.0,1.0,10.0,0.9,19.0,0.47368421052631576,3.0,1.0,1.0,1.0
LOLTMNT05_186436,2026,2026-04-24 10:32:53+00:00,LCK,1,Rounds 1-2,0,16.08,complete,,,Kiwoom DRX,oe:team:1d0389df0c5eea93b04122ba167c010,Hanwha Life Esports,oe:team:3a1d18f46bcb3716ebcfcf4ef068934,BLUE,0,1,RED,Hanwha Life Esports,Varus,Orianna,Xin Zhao,Bard,Karma,Rumble,Yunara,Pantheon,Jarvan IV,Ezreal,Nautilus,Caitlyn,Azir,LeBlanc,Cassiopeia,Ryze,Yorick,Anivia,Jayce,Vayne,oe:team:1d0389df0c5eea93b04122ba167c010|oe:team:3a1d18f46bcb3716ebcfcf4ef068934,2026_20260424_Hanwha_Life_Esports_vs_Kiwoom_DRX_S1,[],0,False,48.0,19.0,0.3958333333333333,48.0,19.0,0.3958333333333333,5.0,0.0,10.0,0.4,21.0,0.38095238095238093,2.0,0.0,0.0,,30.0,17.0,0.5666666666666667,30.0,17.0,0.5666666666666667,5.0,0.8,10.0,0.8,17.0,0.5882352941176471,3.0,0.6666666666666666,0.0,
LOLTMNT05_185414,2026,2026-04-24 11:29:42+00:00,LCK,2,Rounds 1-2,0,16.08,complete,,,Hanwha Life Esports,oe:team:3a1d18f46bcb3716ebcfcf4ef068934,Kiwoom DRX,oe:team:1d0389df0c5eea93b04122ba167c010,RED,1,0,BLUE,Hanwha Life Esports,Orianna,Jarvan IV,Gnar,Karma,Rumble,Varus,Annie,Jhin,Ezreal,Azir,Naafiri,Ambessa,Aurora,Ashe,Miss Fortune,Poppy,Vi,Corki,Rell,Mel,oe:team:1d0389df0c5eea93b04122ba167c010|oe:team:3a1d18f46bcb3716ebcfcf4ef068934,2026_20260424_Hanwha_Life_Esports_vs_Kiwoom_DRX_S1,"[""Xin Zhao"", ""Bard"", ""Yunara"", ""Pantheon"", ""Nautilus"", ""Caitlyn"", ""Cassiopeia"", ""Ryze"", ""Jayce"", ""Vayne""]",10,False,31.0,18.0,0.5806451612903226,31.0,18.0,0.5806451612903226,5.0,0.8,10.0,0.8,13.0,0.5384615384615384,4.0,0.75,1.0,1.0,49.0,19.0,0.3877551020408163,49.0,19.0,0.3877551020408163,5.0,0.0,10.0,0.3,27.0,0.4074074074074074,3.0,0.0,1.0,0.0
LOLTMNT02_388457,2026,2026-04-25 08:07:29+00:00,LCK,1,Rounds 1-2,0,16.08,complete,,,HANJIN BRION,oe:team:b77b3f6068e20a2b3edc0ecd3dc70d4,T1,oe:team:ce499dea30cfce118f4fe85da0227e8,RED,0,1,RED,T1,Bard,Pantheon,Xin Zhao,Azir,Orianna,Rumble,Ezreal,Neeko,Karma,Varus,Akali,Nocturne,Caitlyn,Gnar,Renekton,Jhin,Jayce,Gwen,Elise,Aurora,oe:team:b77b3f6068e20a2b3edc0ecd3dc70d4|oe:team:ce499dea30cfce118f4fe85da0227e8,2026_20260425_HANJIN_BRION_vs_T1_S1,[],0,False,35.0,10.0,0.2857142857142857,35.0,10.0,0.2857142857142857,5.0,0.2,10.0,0.1,15.0,0.26666666666666666,2.0,0.0,0.0,,36.0,21.0,0.5833333333333334,36.0,21.0,0.5833333333333334,5.0,0.6,10.0,0.6,19.0,0.5789473684210527,0.0,,0.0,
LOLTMNT02_388485,2026,2026-04-25 09:20:29+00:00,LCK,2,Rounds 1-2,0,16.08,complete,,,T1,oe:team:ce499dea30cfce118f4fe85da0227e8,HANJIN BRION,oe:team:b77b3f6068e20a2b3edc0ecd3dc70d4,RED,1,0,BLUE,T1,Orianna,Bard,Anivia,Annie,Varus,Ryze,Jarvan IV,Rumble,Pantheon,Karma,Sion,Vi,Nautilus,Ashe,Caitlyn,Miss Fortune,Yunara,Pyke,Morgana,Leona,oe:team:b77b3f6068e20a2b3edc0ecd3dc70d4|oe:team:ce499dea30cfce118f4fe85da0227e8,2026_20260425_HANJIN_BRION_vs_T1_S1,"[""Xin Zhao"", ""Azir"", ""Ezreal"", ""Neeko"", ""Akali"", ""Nocturne"", ""Renekton"", ""Jhin"", ""Elise"", ""Aurora""]",10,False,37.0,22.0,0.5945945945945946,37.0,22.0,0.5945945945945946,5.0,0.8,10.0,0.6,17.0,0.5882352941176471,1.0,1.0,1.0,1.0,36.0,10.0,0.2777777777777778,36.0,10.0,0.2777777777777778,5.0,0.0,10.0,0.1,20.0,0.3,3.0,0.0,1.0,0.0
LOLTMNT05_185498,2026,2026-04-25 10:52:42+00:00,LCK,1,Rounds 1-2,0,16.08,complete,,,Dplus Kia,oe:team:ef69efa6acebe94107f0cf1ba716806,DN SOOPers,oe:team:b3c72a20aa56f5d28022ac04a7dc294,RED,1,0,BLUE,Dplus Kia,Rumble,Jarvan IV,Karma,Orianna,Nocturne,Ryze,Pantheon,Lee Sin,Xin Zhao,Varus,Sivir,Nautilus,Yunara,LeBlanc,Twisted Fate,Renekton,Jhin,Jayce,Illaoi,Corki,oe:team:b3c72a20aa56f5d28022ac04a7dc294|oe:team:ef69efa6acebe94107f0cf1ba716806,2026_20260425_DN_SOOPers_vs_Dplus_Kia_S3,[],0,False,51.0,27.0,0.5294117647058824,51.0,27.0,0.5294117647058824,5.0,0.8,10.0,0.7,32.0,0.625,2.0,1.0,6.0,0.8333333333333334,47.0,17.0,0.3617021276595745,47.0,17.0,0.3617021276595745,5.0,0.0,10.0,0.0,24.0,0.375,2.0,0.0,6.0,0.16666666666666666
LOLTMNT05_185506,2026,2026-04-25 11:43:02+00:00,LCK,2,Rounds 1-2,0,16.08,complete,,,Dplus Kia,oe:team:ef69efa6acebe94107f0cf1ba716806,DN SOOPers,oe:team:b3c72a20aa56f5d28022ac04a7dc294,BLUE,1,0,BLUE,Dplus Kia,Nocturne,Jarvan IV,Rumble,K'Sante,Varus,Jayce,Yunara,Xin Zhao,Ambessa,Bard,Lulu,Azir,Ashe,Vi,Sejuani,Ezreal,Caitlyn,LeBlanc,Yone,Neeko,oe:team:b3c72a20aa56f5d28022ac04a7dc294|oe:team:ef69efa6acebe94107f0cf1ba716806,2026_20260425_DN_SOOPers_vs_Dplus_Kia_S3,"[""Karma"", ""Orianna"", ""Pantheon"", ""Lee Sin"", ""Sivir"", ""Nautilus"", ""Twisted Fate"", ""Renekton"", ""Illaoi"", ""Corki""]",10,False,52.0,28.0,0.5384615384615384,52.0,28.0,0.5384615384615384,5.0,0.8,10.0,0.7,33.0,0.6363636363636364,3.0,1.0,7.0,0.8571428571428571,48.0,17.0,0.3541666666666667,48.0,17.0,0.3541666666666667,5.0,0.0,10.0,0.0,25.0,0.36,3.0,0.0,7.0,0.14285714285714285
LOLTMNT02_390173,2026,2026-04-26 08:06:17+00:00,LCK,1,Rounds 1-2,0,16.08,complete,,,BNK FEARX,oe:team:5c2e7e9ea8dfcba0150d9a5619baecf,T1,oe:team:ce499dea30cfce118f4fe85da0227e8,RED,0,1,RED,T1,Bard,Pantheon,Ezreal,Orianna,Jarvan IV,Karma,Nocturne,Xin Zhao,Varus,Rumble,Neeko,Jhin,Nautilus,Akali,Aurelion Sol,Jayce,Pyke,Sion,Yorick,Alistar,oe:team:5c2e7e9ea8dfcba0150d9a5619baecf|oe:team:ce499dea30cfce118f4fe85da0227e8,2026_20260426_BNK_FEARX_vs_T1_S3,[],0,False,48.0,23.0,0.4791666666666667,48.0,23.0,0.4791666666666667,5.0,0.4,10.0,0.5,26.0,0.5,2.0,0.0,7.0,0.5714285714285714,38.0,23.0,0.6052631578947368,38.0,23.0,0.6052631578947368,5.0,0.8,10.0,0.7,20.0,0.6,2.0,1.0,7.0,0.42857142857142855
LOLTMNT02_390189,2026,2026-04-26 08:50:58+00:00,LCK,2,Rounds 1-2,0,16.08,complete,,,BNK FEARX,oe:team:5c2e7e9ea8dfcba0150d9a5619baecf,T1,oe:team:ce499dea30cfce118f4fe85da0227e8,RED,0,1,RED,T1,Bard,Lucian,Yunara,Rumble,Varus,Karma,Lulu,Vi,Jarvan IV,Pantheon,Akali,Azir,Nautilus,Lee Sin,K'Sante,Caitlyn,Nami,Ambessa,Naafiri,Lux,oe:team:5c2e7e9ea8dfcba0150d9a5619baecf|oe:team:ce499dea30cfce118f4fe85da0227e8,2026_20260426_BNK_FEARX_vs_T1_S3,"[""Ezreal"", ""Orianna"", ""Nocturne"", ""Xin Zhao"", ""Neeko"", ""Jhin"", ""Aurelion Sol"", ""Jayce"", ""Yorick"", ""Alistar""]",10,False,49.0,23.0,0.46938775510204084,49.0,23.0,0.46938775510204084,5.0,0.4,10.0,0.4,27.0,0.48148148148148145,3.0,0.0,8.0,0.5,39.0,24.0,0.6153846153846154,39.0,24.0,0.6153846153846154,5.0,1.0,10.0,0.8,21.0,0.6190476190476191,3.0,1.0,8.0,0.5
LOLTMNT05_185559,2026,2026-04-26 10:15:14+00:00,LCK,1,Rounds 1-2,0,16.08,complete,,,Nongshim RedForce,oe:team:5cd2cd09ec94296f605dd13a2924d6c,Gen.G,oe:team:50f58982d91a36557ec8aec52ab014f,BLUE,0,1,RED,Gen.G,Varus,Rumble,Azir,Bard,Ezreal,Karma,Yunara,Jarvan IV,Pantheon,Orianna,Nautilus,Jhin,LeBlanc,Xin Zhao,Nocturne,Annie,Aurora,Poppy,Jayce,Sion,oe:team:50f58982d91a36557ec8aec52ab014f|oe:team:5cd2cd09ec94296f605dd13a2924d6c,2026_20260426_Gen_G_vs_Nongshim_RedForce_S1,[],0,False,37.0,17.0,0.4594594594594595,37.0,17.0,0.4594594594594595,5.0,0.6,10.0,0.5,14.0,0.5,3.0,0.3333333333333333,0.0,,37.0,29.0,0.7837837837837838,37.0,29.0,0.7837837837837838,5.0,0.6,10.0,0.6,11.0,0.6363636363636364,2.0,1.0,0.0,
LOLTMNT05_185563,2026,2026-04-26 11:09:55+00:00,LCK,2,Rounds 1-2,0,16.08,complete,,,Nongshim RedForce,oe:team:5cd2cd09ec94296f605dd13a2924d6c,Gen.G,oe:team:50f58982d91a36557ec8aec52ab014f,RED,0,1,RED,Gen.G,Orianna,Vi,Xin Zhao,Karma,Ezreal,Varus,Gnar,Trundle,Rumble,Pantheon,Aurora,Caitlyn,Ryze,Ziggs,Nami,Twisted Fate,Vayne,Ashe,Corki,Mel,oe:team:50f58982d91a36557ec8aec52ab014f|oe:team:5cd2cd09ec94296f605dd13a2924d6c,2026_20260426_Gen_G_vs_Nongshim_RedForce_S1,"[""Azir"", ""Bard"", ""Yunara"", ""Jarvan IV"", ""Nautilus"", ""Jhin"", ""Nocturne"", ""Annie"", ""Jayce"", ""Sion""]",10,False,38.0,17.0,0.4473684210526316,38.0,17.0,0.4473684210526316,5.0,0.4,10.0,0.5,15.0,0.4666666666666667,4.0,0.25,1.0,0.0,38.0,30.0,0.7894736842105263,38.0,30.0,0.7894736842105263,5.0,0.6,10.0,0.6,12.0,0.6666666666666666,3.0,1.0,1.0,1.0
LOLTMNT05_185757,2026,2026-04-29 08:05:12+00:00,LCK,1,Rounds 1-2,0,16.08,complete,,,Nongshim RedForce,oe:team:5cd2cd09ec94296f605dd13a2924d6c,T1,oe:team:ce499dea30cfce118f4fe85da0227e8,RED,0,1,RED,T1,Rumble,Pantheon,Ezreal,Karma,Bard,Nautilus,Jarvan IV,Anivia,Orianna,Varus,Azir,Xin Zhao,Caitlyn,Jayce,Neeko,Jhin,Sivir,Leona,Sion,Akali,oe:team:5cd2cd09ec94296f605dd13a2924d6c|oe:team:ce499dea30cfce118f4fe85da0227e8,2026_20260429_Nongshim_RedForce_vs_T1_S1,[],0,False,39.0,17.0,0.4358974358974359,39.0,17.0,0.4358974358974359,5.0,0.2,10.0,0.5,16.0,0.4375,5.0,0.2,0.0,,40.0,25.0,0.625,40.0,25.0,0.625,5.0,1.0,10.0,0.8,22.0,0.6363636363636364,4.0,1.0,0.0,
LOLTMNT05_185758,2026,2026-04-29 08:56:14+00:00,LCK,2,Rounds 1-2,0,16.08,complete,,,T1,oe:team:ce499dea30cfce118f4fe85da0227e8,Nongshim RedForce,oe:team:5cd2cd09ec94296f605dd13a2924d6c,RED,1,0,BLUE,T1,Nautilus,Bard,Ambessa,Rumble,Orianna,Varus,Nocturne,Pantheon,Annie,Ryze,Twisted Fate,Aurora,Lucian,Caitlyn,Lulu,Kalista,Yunara,Ashe,Kog'Maw,Renata Glasc,oe:team:5cd2cd09ec94296f605dd13a2924d6c|oe:team:ce499dea30cfce118f4fe85da0227e8,2026_20260429_Nongshim_RedForce_vs_T1_S1,"[""Ezreal"", ""Karma"", ""Jarvan IV"", ""Anivia"", ""Azir"", ""Xin Zhao"", ""Neeko"", ""Jhin"", ""Sion"", ""Akali""]",10,False,41.0,26.0,0.6341463414634146,41.0,26.0,0.6341463414634146,5.0,1.0,10.0,0.8,18.0,0.6111111111111112,5.0,1.0,1.0,1.0,40.0,17.0,0.425,40.0,17.0,0.425,5.0,0.2,10.0,0.4,23.0,0.43478260869565216,6.0,0.16666666666666666,1.0,0.0
LOLTMNT05_185774,2026,2026-04-29 10:15:19+00:00,LCK,1,Rounds 1-2,0,16.08,complete,,,KT Rolster,oe:team:d723992568441c6bafa2658129eade7,Hanwha Life Esports,oe:team:3a1d18f46bcb3716ebcfcf4ef068934,BLUE,0,1,RED,Hanwha Life Esports,Bard,Rumble,Pantheon,Ashe,Varus,Karma,Jayce,Seraphine,Jarvan IV,Orianna,Annie,Yorick,Xin Zhao,Ziggs,Ezreal,Vi,Nocturne,Yuumi,Nautilus,Aurora,oe:team:3a1d18f46bcb3716ebcfcf4ef068934|oe:team:d723992568441c6bafa2658129eade7,2026_20260429_Hanwha_Life_Esports_vs_KT_Rolster_S1,[],0,False,35.0,22.0,0.6285714285714286,35.0,22.0,0.6285714285714286,5.0,1.0,10.0,0.9,15.0,0.8,4.0,1.0,0.0,,32.0,19.0,0.59375,32.0,19.0,0.59375,5.0,0.8,10.0,0.9,18.0,0.6111111111111112,5.0,0.8,0.0,
LOLTMNT05_185776,2026,2026-04-29 11:07:22+00:00,LCK,2,Rounds 1-2,0,16.08,complete,,,Hanwha Life Esports,oe:team:3a1d18f46bcb3716ebcfcf4ef068934,KT Rolster,oe:team:d723992568441c6bafa2658129eade7,BLUE,1,0,BLUE,Hanwha Life Esports,Ryze,Orianna,Jarvan IV,Lulu,Karma,Bard,Lucian,Yunara,Varus,Rumble,Milio,Xin Zhao,Akali,Gnar,Ahri,Anivia,Mel,Azir,Jax,Renekton,oe:team:3a1d18f46bcb3716ebcfcf4ef068934|oe:team:d723992568441c6bafa2658129eade7,2026_20260429_Hanwha_Life_Esports_vs_KT_Rolster_S1,"[""Pantheon"", ""Ashe"", ""Jayce"", ""Seraphine"", ""Annie"", ""Yorick"", ""Ezreal"", ""Vi"", ""Nautilus"", ""Aurora""]",10,False,33.0,20.0,0.6060606060606061,33.0,20.0,0.6060606060606061,5.0,0.8,10.0,0.9,14.0,0.5714285714285714,6.0,0.8333333333333334,1.0,1.0,36.0,22.0,0.6111111111111112,36.0,22.0,0.6111111111111112,5.0,0.8,10.0,0.8,20.0,0.5,5.0,0.8,1.0,0.0
LOLTMNT02_394110,2026,2026-04-30 08:06:44+00:00,LCK,1,Rounds 1-2,0,16.08,complete,,,Gen.G,oe:team:50f58982d91a36557ec8aec52ab014f,Kiwoom DRX,oe:team:1d0389df0c5eea93b04122ba167c010,BLUE,1,0,BLUE,Gen.G,Bard,Orianna,Jarvan IV,Ezreal,Varus,Rumble,Ashe,Neeko,Nautilus,Karma,Seraphine,Pantheon,Jayce,Anivia,Renekton,Aurora,Ryze,Azir,Annie,Gnar,oe:team:1d0389df0c5eea93b04122ba167c010|oe:team:50f58982d91a36557ec8aec52ab014f,2026_20260430_Gen_G_vs_Kiwoom_DRX_S2,[],0,False,39.0,31.0,0.7948717948717948,39.0,31.0,0.7948717948717948,5.0,0.8,10.0,0.6,26.0,0.8461538461538461,4.0,1.0,2.0,1.0,50.0,19.0,0.38,50.0,19.0,0.38,5.0,0.0,10.0,0.2,28.0,0.39285714285714285,4.0,0.0,2.0,0.0
LOLTMNT02_395085,2026,2026-04-30 08:55:13+00:00,LCK,2,Rounds 1-2,0,16.08,complete,,,Kiwoom DRX,oe:team:1d0389df0c5eea93b04122ba167c010,Gen.G,oe:team:50f58982d91a36557ec8aec52ab014f,BLUE,1,0,BLUE,Kiwoom DRX,Varus,Orianna,Ryze,Yunara,Anivia,Karma,Rumble,Vi,Xin Zhao,Bard,Wukong,Lulu,Ambessa,Nautilus,Lucian,Jayce,Azir,Nami,Milio,Akali,oe:team:1d0389df0c5eea93b04122ba167c010|oe:team:50f58982d91a36557ec8aec52ab014f,2026_20260430_Gen_G_vs_Kiwoom_DRX_S2,"[""Jarvan IV"", ""Ezreal"", ""Ashe"", ""Neeko"", ""Seraphine"", ""Pantheon"", ""Renekton"", ""Aurora"", ""Annie"", ""Gnar""]",10,False,51.0,19.0,0.37254901960784315,51.0,19.0,0.37254901960784315,5.0,0.0,10.0,0.1,22.0,0.36363636363636365,5.0,0.0,3.0,0.0,40.0,32.0,0.8,40.0,32.0,0.8,5.0,1.0,10.0,0.7,13.0,0.6923076923076923,5.0,1.0,3.0,1.0
LOLTMNT02_395093,2026,2026-04-30 09:47:45+00:00,LCK,3,Rounds 1-2,0,16.08,complete,,,Kiwoom DRX,oe:team:1d0389df0c5eea93b04122ba167c010,Gen.G,oe:team:50f58982d91a36557ec8aec52ab014f,BLUE,0,1,RED,Gen.G,Anivia,Orianna,Xin Zhao,Bard,Azir,Karma,Nautilus,Trundle,Nocturne,Varus,Miss Fortune,Jhin,Vayne,Ahri,Shen,K'Sante,Twisted Fate,Ambessa,Viktor,Sylas,oe:team:1d0389df0c5eea93b04122ba167c010|oe:team:50f58982d91a36557ec8aec52ab014f,2026_20260430_Gen_G_vs_Kiwoom_DRX_S2,"[""Jarvan IV"", ""Ezreal"", ""Ashe"", ""Neeko"", ""Seraphine"", ""Pantheon"", ""Renekton"", ""Aurora"", ""Annie"", ""Gnar"", ""Ryze"", ""Yunara"", ""Rumble"", ""Vi"", ""Wukong"", ""Lulu"", ""Lucian"", ""Jayce"", ""Milio"", ""Akali""]",20,False,52.0,20.0,0.38461538461538464,52.0,20.0,0.38461538461538464,5.0,0.2,10.0,0.1,23.0,0.391304347826087,6.0,0.16666666666666666,4.0,0.25,41.0,32.0,0.7804878048780488,41.0,32.0,0.7804878048780488,5.0,0.8,10.0,0.7,14.0,0.6428571428571429,6.0,0.8333333333333334,4.0,0.75
LOLTMNT02_394154,2026,2026-04-30 11:13:48+00:00,LCK,1,Rounds 1-2,0,16.08,complete,,,BNK FEARX,oe:team:5c2e7e9ea8dfcba0150d9a5619baecf,Dplus Kia,oe:team:ef69efa6acebe94107f0cf1ba716806,BLUE,0,1,RED,Dplus Kia,Varus,Rumble,Jarvan IV,Annie,Karma,Nocturne,Lucian,Lee Sin,Caitlyn,Orianna,Milio,Jayce,Nautilus,Yorick,K'Sante,Zeri,Lulu,Anivia,Ryze,Yuumi,oe:team:5c2e7e9ea8dfcba0150d9a5619baecf|oe:team:ef69efa6acebe94107f0cf1ba716806,2026_20260430_BNK_FEARX_vs_Dplus_Kia_S2,[],0,False,50.0,23.0,0.46,50.0,23.0,0.46,5.0,0.2,10.0,0.4,28.0,0.4642857142857143,4.0,0.0,3.0,1.0,53.0,29.0,0.5471698113207547,53.0,29.0,0.5471698113207547,5.0,1.0,10.0,0.7,19.0,0.3684210526315789,4.0,1.0,3.0,0.0
LOLTMNT02_395149,2026,2026-04-30 12:08:17+00:00,LCK,2,Rounds 1-2,0,16.08,complete,,,BNK FEARX,oe:team:5c2e7e9ea8dfcba0150d9a5619baecf,Dplus Kia,oe:team:ef69efa6acebe94107f0cf1ba716806,BLUE,0,1,RED,Dplus Kia,Varus,Rumble,Xin Zhao,Trundle,Karma,Orianna,Ezreal,Ashe,Caitlyn,Nocturne,Seraphine,Lulu,Vayne,Azir,Ambessa,Gnar,Twisted Fate,Anivia,Akali,Ahri,oe:team:5c2e7e9ea8dfcba0150d9a5619baecf|oe:team:ef69efa6acebe94107f0cf1ba716806,2026_20260430_BNK_FEARX_vs_Dplus_Kia_S2,"[""Jarvan IV"", ""Annie"", ""Lucian"", ""Lee Sin"", ""Milio"", ""Jayce"", ""K'Sante"", ""Zeri"", ""Ryze"", ""Yuumi""]",10,False,51.0,23.0,0.45098039215686275,51.0,23.0,0.45098039215686275,5.0,0.0,10.0,0.3,29.0,0.4482758620689655,5.0,0.0,4.0,0.75,54.0,30.0,0.5555555555555556,54.0,30.0,0.5555555555555556,5.0,1.0,10.0,0.7,20.0,0.4,5.0,1.0,4.0,0.25
LOLTMNT02_395369,2026,2026-05-01 08:06:11+00:00,LCK,1,Rounds 1-2,0,16.08,complete,,,HANJIN BRION,oe:team:b77b3f6068e20a2b3edc0ecd3dc70d4,DN SOOPers,oe:team:b3c72a20aa56f5d28022ac04a7dc294,RED,1,0,BLUE,HANJIN BRION,Orianna,Varus,Lucian,Jarvan IV,Karma,Ezreal,Milio,Yunara,Lee Sin,Rumble,Xin Zhao,Lulu,Akali,Jayce,Annie,Aurora,Azir,Ryze,Gnar,Renekton,oe:team:b3c72a20aa56f5d28022ac04a7dc294|oe:team:b77b3f6068e20a2b3edc0ecd3dc70d4,2026_20260501_DN_SOOPers_vs_HANJIN_BRION_S1,[],0,False,37.0,10.0,0.2702702702702703,37.0,10.0,0.2702702702702703,5.0,0.0,10.0,0.1,16.0,0.25,4.0,0.0,0.0,,49.0,17.0,0.3469387755102041,49.0,17.0,0.3469387755102041,5.0,0.0,10.0,0.0,26.0,0.34615384615384615,4.0,0.0,0.0,
LOLTMNT02_394364,2026,2026-05-01 08:58:55+00:00,LCK,2,Rounds 1-2,0,16.08,complete,,,HANJIN BRION,oe:team:b77b3f6068e20a2b3edc0ecd3dc70d4,DN SOOPers,oe:team:b3c72a20aa56f5d28022ac04a7dc294,RED,1,0,BLUE,HANJIN BRION,Orianna,Varus,Nocturne,Rumble,Karma,Ezreal,Ambessa,Vi,Ashe,Ryze,Neeko,Ahri,Bard,Akali,Galio,Jhin,Xayah,Kai'Sa,Corki,Alistar,oe:team:b3c72a20aa56f5d28022ac04a7dc294|oe:team:b77b3f6068e20a2b3edc0ecd3dc70d4,2026_20260501_DN_SOOPers_vs_HANJIN_BRION_S1,"[""Lucian"", ""Jarvan IV"", ""Milio"", ""Yunara"", ""Xin Zhao"", ""Lulu"", ""Annie"", ""Aurora"", ""Gnar"", ""Renekton""]",10,False,38.0,11.0,0.2894736842105263,38.0,11.0,0.2894736842105263,5.0,0.2,10.0,0.2,17.0,0.29411764705882354,5.0,0.2,1.0,1.0,50.0,17.0,0.34,50.0,17.0,0.34,5.0,0.0,10.0,0.0,27.0,0.3333333333333333,5.0,0.0,1.0,0.0
LOLTMNT02_395396,2026,2026-05-01 10:22:34+00:00,LCK,1,Rounds 1-2,0,16.08,complete,,,Hanwha Life Esports,oe:team:3a1d18f46bcb3716ebcfcf4ef068934,T1,oe:team:ce499dea30cfce118f4fe85da0227e8,RED,1,0,BLUE,Hanwha Life Esports,Orianna,Aurora,Azir,Varus,Rumble,Ashe,Bard,Karma,Ezreal,Akali,Jarvan IV,Jhin,Xin Zhao,Caitlyn,Miss Fortune,Annie,Lee Sin,Jax,Yorick,Nocturne,oe:team:3a1d18f46bcb3716ebcfcf4ef068934|oe:team:ce499dea30cfce118f4fe85da0227e8,2026_20260501_Hanwha_Life_Esports_vs_T1_S3,[],0,False,34.0,21.0,0.6176470588235294,34.0,21.0,0.6176470588235294,5.0,1.0,10.0,0.9,15.0,0.6,7.0,0.8571428571428571,5.0,0.2,42.0,27.0,0.6428571428571429,42.0,27.0,0.6428571428571429,5.0,1.0,10.0,0.9,23.0,0.6521739130434783,6.0,1.0,5.0,0.8
LOLTMNT02_395404,2026,2026-05-01 11:19:40+00:00,LCK,2,Rounds 1-2,0,16.08,complete,,,Hanwha Life Esports,oe:team:3a1d18f46bcb3716ebcfcf4ef068934,T1,oe:team:ce499dea30cfce118f4fe85da0227e8,RED,0,1,RED,T1,Orianna,Aurora,Xin Zhao,Milio,Rumble,Ashe,Lucian,Aphelios,Caitlyn,Vi,Anivia,Twisted Fate,Pantheon,Rell,Alistar,Sion,Jayce,Gnar,Gwen,Lee Sin,oe:team:3a1d18f46bcb3716ebcfcf4ef068934|oe:team:ce499dea30cfce118f4fe85da0227e8,2026_20260501_Hanwha_Life_Esports_vs_T1_S3,"[""Azir"", ""Varus"", ""Bard"", ""Karma"", ""Jarvan IV"", ""Jhin"", ""Miss Fortune"", ""Annie"", ""Yorick"", ""Nocturne""]",10,False,35.0,22.0,0.6285714285714286,35.0,22.0,0.6285714285714286,5.0,1.0,10.0,0.9,16.0,0.625,8.0,0.875,6.0,0.3333333333333333,43.0,27.0,0.627906976744186,43.0,27.0,0.627906976744186,5.0,0.8,10.0,0.8,24.0,0.625,7.0,0.8571428571428571,6.0,0.6666666666666666
LOLTMNT02_395414,2026,2026-05-01 12:17:37+00:00,LCK,3,Rounds 1-2,0,16.08,complete,,,T1,oe:team:ce499dea30cfce118f4fe85da0227e8,Hanwha Life Esports,oe:team:3a1d18f46bcb3716ebcfcf4ef068934,RED,0,1,RED,Hanwha Life Esports,Orianna,Caitlyn,Aurora,Jayce,Ashe,Ryze,Pantheon,Vi,Rumble,Ambessa,Gragas,Ahri,Nami,Lulu,Poppy,Rakan,Sivir,Neeko,Kai'Sa,Xayah,oe:team:3a1d18f46bcb3716ebcfcf4ef068934|oe:team:ce499dea30cfce118f4fe85da0227e8,2026_20260501_Hanwha_Life_Esports_vs_T1_S3,"[""Azir"", ""Varus"", ""Bard"", ""Karma"", ""Jarvan IV"", ""Jhin"", ""Miss Fortune"", ""Annie"", ""Yorick"", ""Nocturne"", ""Xin Zhao"", ""Milio"", ""Lucian"", ""Aphelios"", ""Anivia"", ""Twisted Fate"", ""Alistar"", ""Sion"", ""Gwen"", ""Lee Sin""]",20,False,44.0,28.0,0.6363636363636364,44.0,28.0,0.6363636363636364,5.0,0.8,10.0,0.9,19.0,0.631578947368421,8.0,0.875,7.0,0.7142857142857143,36.0,22.0,0.6111111111111112,36.0,22.0,0.6111111111111112,5.0,0.8,10.0,0.8,19.0,0.631578947368421,9.0,0.7777777777777778,7.0,0.2857142857142857
LOLTMNT02_395585,2026,2026-05-02 08:06:29+00:00,LCK,1,Rounds 1-2,0,16.08,complete,,,Dplus Kia,oe:team:ef69efa6acebe94107f0cf1ba716806,Gen.G,oe:team:50f58982d91a36557ec8aec52ab014f,BLUE,0,1,RED,Gen.G,Varus,Orianna,Annie,Bard,Nocturne,Karma,Jayce,Ryze,Anivia,Rumble,Lee Sin,Caitlyn,Vi,Nautilus,Lucian,Xin Zhao,Pantheon,Jhin,Nami,Sion,oe:team:50f58982d91a36557ec8aec52ab014f|oe:team:ef69efa6acebe94107f0cf1ba716806,2026_20260502_Dplus_Kia_vs_Gen_G_S4,[],0,False,55.0,31.0,0.5636363636363636,55.0,31.0,0.5636363636363636,5.0,1.0,10.0,0.8,34.0,0.6470588235294118,6.0,1.0,8.0,0.375,42.0,33.0,0.7857142857142857,42.0,33.0,0.7857142857142857,5.0,0.8,10.0,0.7,15.0,0.6666666666666666,7.0,0.8571428571428571,8.0,0.625
LOLTMNT02_395589,2026,2026-05-02 08:55:15+00:00,LCK,2,Rounds 1-2,0,16.08,complete,,,Gen.G,oe:team:50f58982d91a36557ec8aec52ab014f,Dplus Kia,oe:team:ef69efa6acebe94107f0cf1ba716806,RED,0,1,RED,Dplus Kia,Orianna,Varus,Seraphine,Jarvan IV,Karma,Nocturne,Ashe,Mel,Rumble,Azir,Aurora,Pyke,Twisted Fate,Skarner,Vi,Ahri,Renekton,Vayne,Aatrox,Gnar,oe:team:50f58982d91a36557ec8aec52ab014f|oe:team:ef69efa6acebe94107f0cf1ba716806,2026_20260502_Dplus_Kia_vs_Gen_G_S4,"[""Annie"", ""Bard"", ""Jayce"", ""Ryze"", ""Lee Sin"", ""Caitlyn"", ""Lucian"", ""Xin Zhao"", ""Nami"", ""Sion""]",10,False,43.0,34.0,0.7906976744186046,43.0,34.0,0.7906976744186046,5.0,0.8,10.0,0.7,27.0,0.8518518518518519,8.0,0.875,9.0,0.6666666666666666,56.0,31.0,0.5535714285714286,56.0,31.0,0.5535714285714286,5.0,0.8,10.0,0.8,21.0,0.42857142857142855,7.0,0.8571428571428571,9.0,0.3333333333333333
LOLTMNT02_394531,2026,2026-05-02 09:50:07+00:00,LCK,3,Rounds 1-2,0,16.08,complete,,,Dplus Kia,oe:team:ef69efa6acebe94107f0cf1ba716806,Gen.G,oe:team:50f58982d91a36557ec8aec52ab014f,RED,0,1,RED,Gen.G,Rumble,Lulu,Orianna,Karma,Azir,Varus,Pantheon,Skarner,Nocturne,Nautilus,Rakan,Ezreal,Twisted Fate,Jhin,Renekton,Nidalee,Akali,Vayne,Sivir,Sylas,oe:team:50f58982d91a36557ec8aec52ab014f|oe:team:ef69efa6acebe94107f0cf1ba716806,2026_20260502_Dplus_Kia_vs_Gen_G_S4,"[""Annie"", ""Bard"", ""Jayce"", ""Ryze"", ""Lee Sin"", ""Caitlyn"", ""Lucian"", ""Xin Zhao"", ""Nami"", ""Sion"", ""Seraphine"", ""Jarvan IV"", ""Ashe"", ""Mel"", ""Aurora"", ""Pyke"", ""Vi"", ""Ahri"", ""Aatrox"", ""Gnar""]",20,False,57.0,32.0,0.5614035087719298,57.0,32.0,0.5614035087719298,5.0,0.8,10.0,0.8,35.0,0.6285714285714286,8.0,0.875,10.0,0.4,44.0,34.0,0.7727272727272727,44.0,34.0,0.7727272727272727,5.0,0.6,10.0,0.7,16.0,0.6875,9.0,0.7777777777777778,10.0,0.6
LOLTMNT02_394554,2026,2026-05-02 11:03:54+00:00,LCK,1,Rounds 1-2,0,16.08,complete,,,Kiwoom DRX,oe:team:1d0389df0c5eea93b04122ba167c010,Nongshim RedForce,oe:team:5cd2cd09ec94296f605dd13a2924d6c,BLUE,1,0,BLUE,Kiwoom DRX,Varus,Rumble,Jarvan IV,Ezreal,Karma,Orianna,Gnar,Neeko,Jayce,Bard,Ryze,Vayne,Xin Zhao,Yunara,Ashe,Anivia,Azir,Lucian,Seraphine,Lee Sin,oe:team:1d0389df0c5eea93b04122ba167c010|oe:team:5cd2cd09ec94296f605dd13a2924d6c,2026_20260502_Kiwoom_DRX_vs_Nongshim_RedForce_S4,[],0,False,53.0,20.0,0.37735849056603776,53.0,20.0,0.37735849056603776,5.0,0.2,10.0,0.1,24.0,0.375,7.0,0.14285714285714285,8.0,0.875,41.0,17.0,0.4146341463414634,41.0,17.0,0.4146341463414634,5.0,0.0,10.0,0.3,24.0,0.4166666666666667,7.0,0.14285714285714285,8.0,0.125
LOLTMNT02_395635,2026,2026-05-02 11:52:31+00:00,LCK,2,Rounds 1-2,0,16.08,complete,,,Kiwoom DRX,oe:team:1d0389df0c5eea93b04122ba167c010,Nongshim RedForce,oe:team:5cd2cd09ec94296f605dd13a2924d6c,BLUE,1,0,BLUE,Kiwoom DRX,Varus,Rumble,Annie,Lucian,Karma,Orianna,Xin Zhao,Milio,Jayce,Bard,Renekton,Trundle,Azir,Lulu,Yunara,Sion,Aurora,Corki,Nautilus,Hwei,oe:team:1d0389df0c5eea93b04122ba167c010|oe:team:5cd2cd09ec94296f605dd13a2924d6c,2026_20260502_Kiwoom_DRX_vs_Nongshim_RedForce_S4,"[""Jarvan IV"", ""Ezreal"", ""Gnar"", ""Neeko"", ""Ryze"", ""Vayne"", ""Ashe"", ""Anivia"", ""Seraphine"", ""Lee Sin""]",10,False,54.0,21.0,0.3888888888888889,54.0,21.0,0.3888888888888889,5.0,0.4,10.0,0.2,25.0,0.4,8.0,0.25,9.0,0.8888888888888888,42.0,17.0,0.40476190476190477,42.0,17.0,0.40476190476190477,5.0,0.0,10.0,0.3,25.0,0.4,8.0,0.125,9.0,0.1111111111111111
LOLTMNT02_395698,2026,2026-05-03 08:05:43+00:00,LCK,1,Rounds 1-2,0,16.08,complete,,,KT Rolster,oe:team:d723992568441c6bafa2658129eade7,HANJIN BRION,oe:team:b77b3f6068e20a2b3edc0ecd3dc70d4,BLUE,0,1,RED,HANJIN BRION,Varus,Rumble,Jarvan IV,Annie,Nocturne,Karma,Caitlyn,Lee Sin,Lucian,Orianna,Bard,Ezreal,Jayce,Azir,Renekton,Elise,Nautilus,Ryze,Mel,Gnar,oe:team:b77b3f6068e20a2b3edc0ecd3dc70d4|oe:team:d723992568441c6bafa2658129eade7,2026_20260503_HANJIN_BRION_vs_KT_Rolster_S3,[],0,False,37.0,22.0,0.5945945945945946,37.0,22.0,0.5945945945945946,5.0,0.6,10.0,0.8,16.0,0.75,6.0,0.6666666666666666,5.0,0.8,39.0,12.0,0.3076923076923077,39.0,12.0,0.3076923076923077,5.0,0.4,10.0,0.3,21.0,0.2857142857142857,6.0,0.3333333333333333,5.0,0.2
LOLTMNT02_395710,2026,2026-05-03 09:08:53+00:00,LCK,2,Rounds 1-2,0,16.08,complete,,,HANJIN BRION,oe:team:b77b3f6068e20a2b3edc0ecd3dc70d4,KT Rolster,oe:team:d723992568441c6bafa2658129eade7,BLUE,1,0,BLUE,HANJIN BRION,Varus,Rumble,Ashe,Seraphine,Karma,Nocturne,Lulu,Jhin,Lucian,Orianna,Xin Zhao,Wukong,Ryze,Anivia,Jayce,Ahri,Vayne,Ambessa,Aurora,Yorick,oe:team:b77b3f6068e20a2b3edc0ecd3dc70d4|oe:team:d723992568441c6bafa2658129eade7,2026_20260503_HANJIN_BRION_vs_KT_Rolster_S3,"[""Jarvan IV"", ""Annie"", ""Caitlyn"", ""Lee Sin"", ""Bard"", ""Ezreal"", ""Renekton"", ""Elise"", ""Mel"", ""Gnar""]",10,False,40.0,13.0,0.325,40.0,13.0,0.325,5.0,0.6,10.0,0.4,18.0,0.3333333333333333,7.0,0.42857142857142855,6.0,0.3333333333333333,38.0,22.0,0.5789473684210527,38.0,22.0,0.5789473684210527,5.0,0.4,10.0,0.7,21.0,0.47619047619047616,7.0,0.5714285714285714,6.0,0.6666666666666666
LOLTMNT02_395739,2026,2026-05-03 10:24:27+00:00,LCK,1,Rounds 1-2,0,16.08,complete,,,BNK FEARX,oe:team:5c2e7e9ea8dfcba0150d9a5619baecf,DN SOOPers,oe:team:b3c72a20aa56f5d28022ac04a7dc294,RED,1,0,BLUE,BNK FEARX,Orianna,Varus,Lucian,Jarvan IV,Karma,Bard,Milio,Ashe,Lee Sin,Rumble,Pantheon,Seraphine,Azir,Jayce,Annie,Renekton,Akali,Ryze,Gnar,Aurora,oe:team:5c2e7e9ea8dfcba0150d9a5619baecf|oe:team:b3c72a20aa56f5d28022ac04a7dc294,2026_20260503_BNK_FEARX_vs_DN_SOOPers_S4,[],0,False,52.0,23.0,0.4423076923076923,52.0,23.0,0.4423076923076923,5.0,0.0,10.0,0.2,30.0,0.43333333333333335,6.0,0.0,11.0,0.7272727272727273,51.0,17.0,0.3333333333333333,51.0,17.0,0.3333333333333333,5.0,0.0,10.0,0.0,28.0,0.32142857142857145,6.0,0.0,11.0,0.2727272727272727
LOLTMNT02_395741,2026,2026-05-03 11:12:34+00:00,LCK,2,Rounds 1-2,0,16.08,complete,,,BNK FEARX,oe:team:5c2e7e9ea8dfcba0150d9a5619baecf,DN SOOPers,oe:team:b3c72a20aa56f5d28022ac04a7dc294,RED,1,0,BLUE,BNK FEARX,Orianna,Varus,Ezreal,Xin Zhao,Karma,Bard,Trundle,Yunara,Rumble,Ryze,Neeko,Lulu,Akali,Jayce,Azir,Sylas,Zaahen,Ahri,Vayne,Ambessa,oe:team:5c2e7e9ea8dfcba0150d9a5619baecf|oe:team:b3c72a20aa56f5d28022ac04a7dc294,2026_20260503_BNK_FEARX_vs_DN_SOOPers_S4,"[""Lucian"", ""Jarvan IV"", ""Milio"", ""Ashe"", ""Pantheon"", ""Seraphine"", ""Annie"", ""Renekton"", ""Gnar"", ""Aurora""]",10,False,53.0,24.0,0.4528301886792453,53.0,24.0,0.4528301886792453,5.0,0.2,10.0,0.3,31.0,0.45161290322580644,7.0,0.14285714285714285,12.0,0.75,52.0,17.0,0.3269230769230769,52.0,17.0,0.3269230769230769,5.0,0.0,10.0,0.0,29.0,0.3103448275862069,7.0,0.0,12.0,0.25
LOLTMNT01_375534,2026,2026-05-06 08:06:15+00:00,LCK,1,Rounds 1-2,0,16.09,complete,,,Nongshim RedForce,oe:team:5cd2cd09ec94296f605dd13a2924d6c,Gen.G,oe:team:50f58982d91a36557ec8aec52ab014f,BLUE,0,1,RED,Gen.G,Varus,Rumble,Nocturne,Xin Zhao,Karma,Orianna,Ezreal,Seraphine,Bard,Jarvan IV,Neeko,Ashe,Anivia,Jayce,Sion,Renekton,Gnar,Vayne,Ryze,Cassiopeia,oe:team:50f58982d91a36557ec8aec52ab014f|oe:team:5cd2cd09ec94296f605dd13a2924d6c,2026_20260506_Gen_G_vs_Nongshim_RedForce_S2,[],0,False,43.0,17.0,0.3953488372093023,43.0,17.0,0.3953488372093023,5.0,0.0,10.0,0.2,17.0,0.4117647058823529,0.0,,2.0,0.0,45.0,35.0,0.7777777777777778,45.0,35.0,0.7777777777777778,5.0,0.6,10.0,0.8,17.0,0.7058823529411765,0.0,,2.0,1.0
LOLTMNT01_375573,2026,2026-05-06 09:11:56+00:00,LCK,2,Rounds 1-2,0,16.09,complete,,,Gen.G,oe:team:50f58982d91a36557ec8aec52ab014f,Nongshim RedForce,oe:team:5cd2cd09ec94296f605dd13a2924d6c,BLUE,1,0,BLUE,Gen.G,Varus,Rumble,Karma,Pantheon,Bard,Orianna,Skarner,Nautilus,Annie,Jarvan IV,Jhin,Miss Fortune,Jayce,Akali,Gnar,Azir,Vayne,LeBlanc,Mel,Twisted Fate,oe:team:50f58982d91a36557ec8aec52ab014f|oe:team:5cd2cd09ec94296f605dd13a2924d6c,2026_20260506_Gen_G_vs_Nongshim_RedForce_S2,"[""Nocturne"", ""Xin Zhao"", ""Ezreal"", ""Seraphine"", ""Neeko"", ""Ashe"", ""Sion"", ""Renekton"", ""Ryze"", ""Cassiopeia""]",10,False,46.0,36.0,0.782608695652174,46.0,36.0,0.782608695652174,5.0,0.8,10.0,0.8,28.0,0.8214285714285714,1.0,1.0,3.0,1.0,44.0,17.0,0.38636363636363635,44.0,17.0,0.38636363636363635,5.0,0.0,10.0,0.1,26.0,0.38461538461538464,1.0,0.0,3.0,0.0
LOLTMNT01_376550,2026,2026-05-06 10:34:43+00:00,LCK,1,Rounds 1-2,0,16.09,complete,,,DN SOOPers,oe:team:b3c72a20aa56f5d28022ac04a7dc294,Hanwha Life Esports,oe:team:3a1d18f46bcb3716ebcfcf4ef068934,BLUE,0,1,RED,Hanwha Life Esports,Varus,Rumble,Pantheon,Bard,Ryze,Orianna,Karma,Caitlyn,Jarvan IV,Ezreal,Jhin,Xin Zhao,Jayce,Akali,Ahri,Aurora,Annie,Azir,Renekton,Gnar,oe:team:3a1d18f46bcb3716ebcfcf4ef068934|oe:team:b3c72a20aa56f5d28022ac04a7dc294,2026_20260506_DN_SOOPers_vs_Hanwha_Life_Esports_S3,[],0,False,53.0,17.0,0.32075471698113206,53.0,17.0,0.32075471698113206,5.0,0.0,10.0,0.0,23.0,0.34782608695652173,0.0,,5.0,0.2,37.0,23.0,0.6216216216216216,37.0,23.0,0.6216216216216216,5.0,0.8,10.0,0.8,20.0,0.65,0.0,,5.0,0.8
LOLTMNT01_376585,2026,2026-05-06 11:22:02+00:00,LCK,2,Rounds 1-2,0,16.09,complete,,,Hanwha Life Esports,oe:team:3a1d18f46bcb3716ebcfcf4ef068934,DN SOOPers,oe:team:b3c72a20aa56f5d28022ac04a7dc294,BLUE,1,0,BLUE,Hanwha Life Esports,Varus,Orianna,Nocturne,Ryze,Vi,Rumble,Lucian,Naafiri,Lee Sin,Jarvan IV,Milio,Nautilus,Miss Fortune,Cassiopeia,Twisted Fate,Senna,Yorick,Anivia,Jayce,K'Sante,oe:team:3a1d18f46bcb3716ebcfcf4ef068934|oe:team:b3c72a20aa56f5d28022ac04a7dc294,2026_20260506_DN_SOOPers_vs_Hanwha_Life_Esports_S3,"[""Pantheon"", ""Bard"", ""Karma"", ""Caitlyn"", ""Jhin"", ""Xin Zhao"", ""Ahri"", ""Aurora"", ""Renekton"", ""Gnar""]",10,False,38.0,24.0,0.631578947368421,38.0,24.0,0.631578947368421,5.0,0.8,10.0,0.8,17.0,0.5882352941176471,1.0,1.0,6.0,0.8333333333333334,54.0,17.0,0.3148148148148148,54.0,17.0,0.3148148148148148,5.0,0.0,10.0,0.0,30.0,0.3,1.0,0.0,6.0,0.16666666666666666
LOLTMNT01_378089,2026,2026-05-07 08:07:34+00:00,LCK,1,Rounds 1-2,0,16.09,complete,,,KT Rolster,oe:team:d723992568441c6bafa2658129eade7,Dplus Kia,oe:team:ef69efa6acebe94107f0cf1ba716806,RED,1,0,BLUE,KT Rolster,Rumble,Varus,Ashe,Orianna,Lucian,Nocturne,Jarvan IV,Xin Zhao,Karma,Nautilus,Seraphine,Bard,Ezreal,Azir,Ryze,Jhin,Caitlyn,Gwen,Zaahen,Sion,oe:team:d723992568441c6bafa2658129eade7|oe:team:ef69efa6acebe94107f0cf1ba716806,2026_20260507_Dplus_Kia_vs_KT_Rolster_S2,[],0,False,39.0,22.0,0.5641025641025641,39.0,22.0,0.5641025641025641,5.0,0.2,10.0,0.6,17.0,0.7058823529411765,0.0,,3.0,0.6666666666666666,58.0,32.0,0.5517241379310345,58.0,32.0,0.5517241379310345,5.0,0.6,10.0,0.8,22.0,0.45454545454545453,0.0,,3.0,0.3333333333333333
LOLTMNT01_378106,2026,2026-05-07 09:01:55+00:00,LCK,2,Rounds 1-2,0,16.09,complete,,,KT Rolster,oe:team:d723992568441c6bafa2658129eade7,Dplus Kia,oe:team:ef69efa6acebe94107f0cf1ba716806,RED,1,0,BLUE,KT Rolster,Rumble,Varus,Yunara,Jayce,Lucian,Nocturne,Lulu,Caitlyn,Karma,Nautilus,Yorick,Lux,Twisted Fate,Vi,Naafiri,Viktor,Lee Sin,Pantheon,Taliyah,Skarner,oe:team:d723992568441c6bafa2658129eade7|oe:team:ef69efa6acebe94107f0cf1ba716806,2026_20260507_Dplus_Kia_vs_KT_Rolster_S2,"[""Ashe"", ""Orianna"", ""Jarvan IV"", ""Xin Zhao"", ""Seraphine"", ""Bard"", ""Ryze"", ""Jhin"", ""Zaahen"", ""Sion""]",10,False,40.0,23.0,0.575,40.0,23.0,0.575,5.0,0.2,10.0,0.6,18.0,0.7222222222222222,1.0,1.0,4.0,0.75,59.0,32.0,0.5423728813559322,59.0,32.0,0.5423728813559322,5.0,0.4,10.0,0.7,23.0,0.43478260869565216,1.0,0.0,4.0,0.25
LOLTMNT01_378144,2026,2026-05-07 10:30:17+00:00,LCK,1,Rounds 1-2,0,16.09,complete,,,BNK FEARX,oe:team:5c2e7e9ea8dfcba0150d9a5619baecf,HANJIN BRION,oe:team:b77b3f6068e20a2b3edc0ecd3dc70d4,RED,0,1,RED,HANJIN BRION,Rumble,Varus,Bard,Nocturne,Orianna,Lee Sin,Ezreal,Neeko,Jarvan IV,Karma,Pantheon,Jhin,Annie,Akali,Renekton,Gnar,Jayce,Azir,Anivia,Ryze,oe:team:5c2e7e9ea8dfcba0150d9a5619baecf|oe:team:b77b3f6068e20a2b3edc0ecd3dc70d4,2026_20260507_BNK_FEARX_vs_HANJIN_BRION_S3,[],0,False,54.0,25.0,0.46296296296296297,54.0,25.0,0.46296296296296297,5.0,0.4,10.0,0.4,32.0,0.46875,0.0,,5.0,0.4,41.0,14.0,0.34146341463414637,41.0,14.0,0.34146341463414637,5.0,0.8,10.0,0.4,22.0,0.3181818181818182,0.0,,5.0,0.6
LOLTMNT01_378170,2026,2026-05-07 11:22:31+00:00,LCK,2,Rounds 1-2,0,16.09,complete,,,HANJIN BRION,oe:team:b77b3f6068e20a2b3edc0ecd3dc70d4,BNK FEARX,oe:team:5c2e7e9ea8dfcba0150d9a5619baecf,BLUE,1,0,BLUE,HANJIN BRION,Varus,Rumble,Lucian,Ashe,Caitlyn,Orianna,Trundle,Seraphine,Lee Sin,Jarvan IV,Milio,Vi,Vayne,Jayce,Aurora,Ambessa,Akali,Annie,Zaahen,Ahri,oe:team:5c2e7e9ea8dfcba0150d9a5619baecf|oe:team:b77b3f6068e20a2b3edc0ecd3dc70d4,2026_20260507_BNK_FEARX_vs_HANJIN_BRION_S3,"[""Bard"", ""Nocturne"", ""Ezreal"", ""Neeko"", ""Pantheon"", ""Jhin"", ""Renekton"", ""Gnar"", ""Anivia"", ""Ryze""]",10,False,42.0,15.0,0.35714285714285715,42.0,15.0,0.35714285714285715,5.0,1.0,10.0,0.5,19.0,0.3684210526315789,1.0,1.0,6.0,0.6666666666666666,55.0,25.0,0.45454545454545453,55.0,25.0,0.45454545454545453,5.0,0.4,10.0,0.3,22.0,0.45454545454545453,1.0,0.0,6.0,0.3333333333333333
LOLTMNT01_378734,2026,2026-05-08 08:05:48+00:00,LCK,1,Rounds 1-2,0,16.09,complete,,,T1,oe:team:ce499dea30cfce118f4fe85da0227e8,DN SOOPers,oe:team:b3c72a20aa56f5d28022ac04a7dc294,BLUE,1,0,BLUE,T1,Jarvan IV,Bard,Ashe,Ziggs,Varus,Karma,Xin Zhao,Vi,Rumble,Orianna,Seraphine,Yone,Nautilus,Annie,Jayce,Camille,Pyke,Aurora,Ahri,K'Sante,oe:team:b3c72a20aa56f5d28022ac04a7dc294|oe:team:ce499dea30cfce118f4fe85da0227e8,2026_20260508_DN_SOOPers_vs_T1_S2,[],0,False,45.0,28.0,0.6222222222222222,45.0,28.0,0.6222222222222222,5.0,0.6,10.0,0.8,20.0,0.6,0.0,,2.0,1.0,55.0,17.0,0.3090909090909091,55.0,17.0,0.3090909090909091,5.0,0.0,10.0,0.0,31.0,0.2903225806451613,2.0,0.0,2.0,0.0
LOLTMNT01_378764,2026,2026-05-08 08:52:21+00:00,LCK,2,Rounds 1-2,0,16.09,complete,,,T1,oe:team:ce499dea30cfce118f4fe85da0227e8,DN SOOPers,oe:team:b3c72a20aa56f5d28022ac04a7dc294,BLUE,1,0,BLUE,T1,Rumble,Bard,Orianna,Akali,Varus,Karma,Jarvan IV,Nocturne,Ezreal,Lee Sin,Neeko,Jhin,Pantheon,Kai'Sa,Sivir,Rakan,Vayne,Caitlyn,Renekton,Gnar,oe:team:b3c72a20aa56f5d28022ac04a7dc294|oe:team:ce499dea30cfce118f4fe85da0227e8,2026_20260508_DN_SOOPers_vs_T1_S2,"[""Ashe"", ""Ziggs"", ""Xin Zhao"", ""Vi"", ""Seraphine"", ""Yone"", ""Jayce"", ""Camille"", ""Ahri"", ""K'Sante""]",10,False,46.0,29.0,0.6304347826086957,46.0,29.0,0.6304347826086957,5.0,0.6,10.0,0.8,21.0,0.6190476190476191,1.0,1.0,3.0,1.0,56.0,17.0,0.30357142857142855,56.0,17.0,0.30357142857142855,5.0,0.0,10.0,0.0,32.0,0.28125,3.0,0.0,3.0,0.0
LOLTMNT01_378900,2026,2026-05-08 10:40:52+00:00,LCK,1,Rounds 1-2,0,16.09,complete,,,Gen.G,oe:team:50f58982d91a36557ec8aec52ab014f,Kiwoom DRX,oe:team:1d0389df0c5eea93b04122ba167c010,BLUE,1,0,BLUE,Gen.G,Bard,Orianna,Karma,Ezreal,Varus,Rumble,Jhin,Jarvan IV,Nocturne,Xin Zhao,Pantheon,Ryze,Nautilus,Azir,Sion,Seraphine,Gwen,Jayce,Anivia,Gnar,oe:team:1d0389df0c5eea93b04122ba167c010|oe:team:50f58982d91a36557ec8aec52ab014f,2026_20260508_Gen_G_vs_Kiwoom_DRX_S3,[],0,False,47.0,37.0,0.7872340425531915,47.0,37.0,0.7872340425531915,5.0,0.8,10.0,0.8,29.0,0.8275862068965517,2.0,1.0,5.0,0.8,55.0,22.0,0.4,55.0,22.0,0.4,5.0,0.6,10.0,0.3,29.0,0.3793103448275862,0.0,,5.0,0.2
LOLTMNT01_377874,2026,2026-05-08 11:32:42+00:00,LCK,2,Rounds 1-2,0,16.09,complete,,,Gen.G,oe:team:50f58982d91a36557ec8aec52ab014f,Kiwoom DRX,oe:team:1d0389df0c5eea93b04122ba167c010,BLUE,1,0,BLUE,Gen.G,Varus,Orianna,Annie,Lucian,Bard,Rumble,Kog'Maw,Milio,Nocturne,Caitlyn,Lulu,Xin Zhao,Aurora,Trundle,Shen,Renekton,Jayce,Lee Sin,Naafiri,Viktor,oe:team:1d0389df0c5eea93b04122ba167c010|oe:team:50f58982d91a36557ec8aec52ab014f,2026_20260508_Gen_G_vs_Kiwoom_DRX_S3,"[""Karma"", ""Ezreal"", ""Jhin"", ""Jarvan IV"", ""Pantheon"", ""Ryze"", ""Sion"", ""Seraphine"", ""Anivia"", ""Gnar""]",10,False,48.0,38.0,0.7916666666666666,48.0,38.0,0.7916666666666666,5.0,0.8,10.0,0.8,30.0,0.8333333333333334,3.0,1.0,6.0,0.8333333333333334,56.0,22.0,0.39285714285714285,56.0,22.0,0.39285714285714285,5.0,0.6,10.0,0.3,30.0,0.36666666666666664,1.0,0.0,6.0,0.16666666666666666
LOLTMNT01_380497,2026,2026-05-09 08:06:41+00:00,LCK,1,Rounds 1-2,0,16.09,complete,,,KT Rolster,oe:team:d723992568441c6bafa2658129eade7,BNK FEARX,oe:team:5c2e7e9ea8dfcba0150d9a5619baecf,RED,0,1,RED,BNK FEARX,Rumble,Varus,Ashe,Jarvan IV,Karma,Lucian,Seraphine,Mel,Orianna,Bard,Xin Zhao,Skarner,Gnar,Ryze,Jayce,Olaf,Vayne,Azir,Taliyah,Aurora,oe:team:5c2e7e9ea8dfcba0150d9a5619baecf|oe:team:d723992568441c6bafa2658129eade7,2026_20260509_BNK_FEARX_vs_KT_Rolster_S2,[],0,False,41.0,24.0,0.5853658536585366,41.0,24.0,0.5853658536585366,5.0,0.4,10.0,0.6,19.0,0.7368421052631579,2.0,1.0,2.0,1.0,56.0,25.0,0.44642857142857145,56.0,25.0,0.44642857142857145,5.0,0.4,10.0,0.2,23.0,0.43478260869565216,2.0,0.0,2.0,0.0
LOLTMNT01_380553,2026,2026-05-09 08:59:58+00:00,LCK,2,Rounds 1-2,0,16.09,complete,,,KT Rolster,oe:team:d723992568441c6bafa2658129eade7,BNK FEARX,oe:team:5c2e7e9ea8dfcba0150d9a5619baecf,BLUE,0,1,RED,BNK FEARX,Varus,Rumble,Vi,Bard,Nocturne,Karma,Yunara,Renekton,Lucian,Orianna,Lulu,Caitlyn,Pantheon,Ryze,K'Sante,Wukong,Annie,Gnar,Ahri,Lissandra,oe:team:5c2e7e9ea8dfcba0150d9a5619baecf|oe:team:d723992568441c6bafa2658129eade7,2026_20260509_BNK_FEARX_vs_KT_Rolster_S2,"[""Ashe"", ""Jarvan IV"", ""Seraphine"", ""Mel"", ""Xin Zhao"", ""Skarner"", ""Jayce"", ""Olaf"", ""Taliyah"", ""Aurora""]",10,False,42.0,24.0,0.5714285714285714,42.0,24.0,0.5714285714285714,5.0,0.4,10.0,0.5,20.0,0.7,3.0,0.6666666666666666,3.0,0.6666666666666666,57.0,26.0,0.45614035087719296,57.0,26.0,0.45614035087719296,5.0,0.6,10.0,0.3,24.0,0.4583333333333333,3.0,0.3333333333333333,3.0,0.3333333333333333
LOLTMNT01_379647,2026,2026-05-09 10:15:45+00:00,LCK,1,Rounds 1-2,0,16.09,complete,,,HANJIN BRION,oe:team:b77b3f6068e20a2b3edc0ecd3dc70d4,Nongshim RedForce,oe:team:5cd2cd09ec94296f605dd13a2924d6c,RED,1,0,BLUE,HANJIN BRION,Orianna,Varus,Rumble,Jarvan IV,Karma,Ezreal,Lucian,Caitlyn,Azir,Lee Sin,Milio,Bard,Anivia,Nocturne,Ryze,Ambessa,Cassiopeia,Vi,Xin Zhao,Annie,oe:team:5cd2cd09ec94296f605dd13a2924d6c|oe:team:b77b3f6068e20a2b3edc0ecd3dc70d4,2026_20260509_HANJIN_BRION_vs_Nongshim_RedForce_S2,[],0,False,43.0,16.0,0.37209302325581395,43.0,16.0,0.37209302325581395,5.0,1.0,10.0,0.6,20.0,0.4,2.0,1.0,3.0,0.3333333333333333,45.0,17.0,0.37777777777777777,45.0,17.0,0.37777777777777777,5.0,0.0,10.0,0.1,27.0,0.37037037037037035,2.0,0.0,3.0,0.6666666666666666
LOLTMNT01_380657,2026,2026-05-09 11:12:58+00:00,LCK,2,Rounds 1-2,0,16.09,complete,,,HANJIN BRION,oe:team:b77b3f6068e20a2b3edc0ecd3dc70d4,Nongshim RedForce,oe:team:5cd2cd09ec94296f605dd13a2924d6c,BLUE,1,0,BLUE,HANJIN BRION,Varus,Orianna,Pantheon,Ashe,Azir,Ezreal,Miss Fortune,Seraphine,Karma,Nocturne,Nautilus,Skarner,Viktor,Jayce,Twisted Fate,Gnar,Renekton,Vayne,Aurora,Taliyah,oe:team:5cd2cd09ec94296f605dd13a2924d6c|oe:team:b77b3f6068e20a2b3edc0ecd3dc70d4,2026_20260509_HANJIN_BRION_vs_Nongshim_RedForce_S2,"[""Rumble"", ""Jarvan IV"", ""Lucian"", ""Caitlyn"", ""Milio"", ""Bard"", ""Ryze"", ""Ambessa"", ""Xin Zhao"", ""Annie""]",10,False,44.0,17.0,0.38636363636363635,44.0,17.0,0.38636363636363635,5.0,1.0,10.0,0.7,21.0,0.42857142857142855,3.0,1.0,4.0,0.5,46.0,17.0,0.3695652173913043,46.0,17.0,0.3695652173913043,5.0,0.0,10.0,0.0,28.0,0.35714285714285715,3.0,0.0,4.0,0.5
LOLTMNT01_382057,2026,2026-05-10 08:09:29+00:00,LCK,1,Rounds 1-2,0,16.09,complete,,,T1,oe:team:ce499dea30cfce118f4fe85da0227e8,Dplus Kia,oe:team:ef69efa6acebe94107f0cf1ba716806,RED,1,0,BLUE,T1,Orianna,Nocturne,Ashe,Rumble,Karma,Bard,Xin Zhao,Seraphine,Jarvan IV,Varus,Lulu,Trundle,Ezreal,Azir,Twisted Fate,Caitlyn,Miss Fortune,Anivia,Yorick,Sylas,oe:team:ce499dea30cfce118f4fe85da0227e8|oe:team:ef69efa6acebe94107f0cf1ba716806,2026_20260510_Dplus_Kia_vs_T1_S4,[],0,False,47.0,30.0,0.6382978723404256,47.0,30.0,0.6382978723404256,5.0,0.6,10.0,0.8,22.0,0.6363636363636364,2.0,1.0,11.0,0.5454545454545454,60.0,32.0,0.5333333333333333,60.0,32.0,0.5333333333333333,5.0,0.2,10.0,0.6,24.0,0.4166666666666667,2.0,0.0,11.0,0.45454545454545453
LOLTMNT01_382071,2026,2026-05-10 08:58:19+00:00,LCK,2,Rounds 1-2,0,16.09,complete,,,T1,oe:team:ce499dea30cfce118f4fe85da0227e8,Dplus Kia,oe:team:ef69efa6acebe94107f0cf1ba716806,RED,1,0,BLUE,T1,Orianna,Nocturne,Vi,Lucian,Karma,Bard,Ezreal,Milio,Lee Sin,Varus,Neeko,Jarvan IV,Akali,Gnar,Anivia,Sion,Jayce,Azir,Ambessa,Viktor,oe:team:ce499dea30cfce118f4fe85da0227e8|oe:team:ef69efa6acebe94107f0cf1ba716806,2026_20260510_Dplus_Kia_vs_T1_S4,"[""Ashe"", ""Rumble"", ""Xin Zhao"", ""Seraphine"", ""Lulu"", ""Trundle"", ""Twisted Fate"", ""Caitlyn"", ""Yorick"", ""Sylas""]",10,False,48.0,31.0,0.6458333333333334,48.0,31.0,0.6458333333333334,5.0,0.8,10.0,0.8,23.0,0.6521739130434783,3.0,1.0,12.0,0.5833333333333334,61.0,32.0,0.5245901639344263,61.0,32.0,0.5245901639344263,5.0,0.2,10.0,0.5,25.0,0.4,3.0,0.0,12.0,0.4166666666666667
LOLTMNT01_382136,2026,2026-05-10 10:31:52+00:00,LCK,1,Rounds 1-2,0,16.09,complete,,,Kiwoom DRX,oe:team:1d0389df0c5eea93b04122ba167c010,Hanwha Life Esports,oe:team:3a1d18f46bcb3716ebcfcf4ef068934,BLUE,1,0,BLUE,Kiwoom DRX,Varus,Orianna,Jarvan IV,Bard,Jayce,Rumble,Gnar,Xin Zhao,Vayne,Ezreal,Ryze,Cassiopeia,Caitlyn,Yunara,Miss Fortune,Tristana,Jhin,Karma,Nautilus,Sivir,oe:team:1d0389df0c5eea93b04122ba167c010|oe:team:3a1d18f46bcb3716ebcfcf4ef068934,2026_20260510_Hanwha_Life_Esports_vs_Kiwoom_DRX_S2,[],0,False,57.0,22.0,0.38596491228070173,57.0,22.0,0.38596491228070173,5.0,0.4,10.0,0.3,26.0,0.4230769230769231,2.0,0.0,2.0,0.0,39.0,25.0,0.6410256410256411,39.0,25.0,0.6410256410256411,5.0,0.8,10.0,0.9,21.0,0.6666666666666666,2.0,1.0,2.0,1.0
LOLTMNT01_382172,2026,2026-05-10 11:20:52+00:00,LCK,2,Rounds 1-2,0,16.09,complete,,,Kiwoom DRX,oe:team:1d0389df0c5eea93b04122ba167c010,Hanwha Life Esports,oe:team:3a1d18f46bcb3716ebcfcf4ef068934,RED,0,1,RED,Hanwha Life Esports,Orianna,Varus,Anivia,Rumble,Jayce,Karma,Lucian,Vi,Yone,Aurora,Annie,Ahri,Jhin,Milio,Lee Sin,Ashe,Caitlyn,Wukong,Nami,Seraphine,oe:team:1d0389df0c5eea93b04122ba167c010|oe:team:3a1d18f46bcb3716ebcfcf4ef068934,2026_20260510_Hanwha_Life_Esports_vs_Kiwoom_DRX_S2,"[""Jarvan IV"", ""Bard"", ""Gnar"", ""Xin Zhao"", ""Ryze"", ""Cassiopeia"", ""Miss Fortune"", ""Tristana"", ""Nautilus"", ""Sivir""]",10,False,58.0,23.0,0.39655172413793105,58.0,23.0,0.39655172413793105,5.0,0.6,10.0,0.4,27.0,0.4444444444444444,3.0,0.3333333333333333,3.0,0.3333333333333333,40.0,25.0,0.625,40.0,25.0,0.625,5.0,0.6,10.0,0.8,22.0,0.6363636363636364,3.0,0.6666666666666666,3.0,0.6666666666666666
LOLTMNT01_382190,2026,2026-05-10 12:06:37+00:00,LCK,3,Rounds 1-2,0,16.09,complete,,,Hanwha Life Esports,oe:team:3a1d18f46bcb3716ebcfcf4ef068934,Kiwoom DRX,oe:team:1d0389df0c5eea93b04122ba167c010,RED,1,0,BLUE,Hanwha Life Esports,Orianna,Jayce,Lulu,Varus,Karma,Vayne,Yunara,Nocturne,Ezreal,Twisted Fate,Jax,Aurora,Caitlyn,Taliyah,Sylas,Poppy,Renekton,Azir,Pantheon,K'Sante,oe:team:1d0389df0c5eea93b04122ba167c010|oe:team:3a1d18f46bcb3716ebcfcf4ef068934,2026_20260510_Hanwha_Life_Esports_vs_Kiwoom_DRX_S2,"[""Jarvan IV"", ""Bard"", ""Gnar"", ""Xin Zhao"", ""Ryze"", ""Cassiopeia"", ""Miss Fortune"", ""Tristana"", ""Nautilus"", ""Sivir"", ""Anivia"", ""Rumble"", ""Lucian"", ""Vi"", ""Annie"", ""Ahri"", ""Lee Sin"", ""Ashe"", ""Nami"", ""Seraphine""]",20,False,41.0,26.0,0.6341463414634146,41.0,26.0,0.6341463414634146,5.0,0.8,10.0,0.8,18.0,0.6111111111111112,4.0,0.75,4.0,0.75,59.0,23.0,0.3898305084745763,59.0,23.0,0.3898305084745763,5.0,0.4,10.0,0.4,31.0,0.3548387096774194,4.0,0.25,4.0,0.25
LOLTMNT01_384714,2026,2026-05-13 08:06:21+00:00,LCK,1,Rounds 1-2,0,16.09,complete,,,T1,oe:team:ce499dea30cfce118f4fe85da0227e8,Nongshim RedForce,oe:team:5cd2cd09ec94296f605dd13a2924d6c,BLUE,1,0,BLUE,T1,Varus,Bard,Ashe,Jarvan IV,Lucian,Karma,Xin Zhao,Ezreal,Rumble,Orianna,Seraphine,Neeko,Azir,Gnar,Ryze,Twisted Fate,Akali,Annie,Sion,Ambessa,oe:team:5cd2cd09ec94296f605dd13a2924d6c|oe:team:ce499dea30cfce118f4fe85da0227e8,2026_20260513_Nongshim_RedForce_vs_T1_S2,[],0,False,49.0,32.0,0.6530612244897959,49.0,32.0,0.6530612244897959,5.0,0.8,10.0,0.8,24.0,0.6666666666666666,4.0,1.0,2.0,1.0,47.0,17.0,0.3617021276595745,47.0,17.0,0.3617021276595745,5.0,0.0,10.0,0.0,29.0,0.3448275862068966,4.0,0.0,2.0,0.0
LOLTMNT01_383765,2026,2026-05-13 08:53:32+00:00,LCK,2,Rounds 1-2,0,16.09,complete,,,Nongshim RedForce,oe:team:5cd2cd09ec94296f605dd13a2924d6c,T1,oe:team:ce499dea30cfce118f4fe85da0227e8,RED,0,1,RED,T1,Karma,Varus,Pantheon,Lucian,Orianna,Trundle,Rumble,K'Sante,Vi,Nocturne,Viktor,Milio,Skarner,Caitlyn,Corki,Akali,Lee Sin,Lulu,Nami,Wukong,oe:team:5cd2cd09ec94296f605dd13a2924d6c|oe:team:ce499dea30cfce118f4fe85da0227e8,2026_20260513_Nongshim_RedForce_vs_T1_S2,"[""Ashe"", ""Jarvan IV"", ""Xin Zhao"", ""Ezreal"", ""Seraphine"", ""Neeko"", ""Ryze"", ""Twisted Fate"", ""Sion"", ""Ambessa""]",10,False,48.0,17.0,0.3541666666666667,48.0,17.0,0.3541666666666667,5.0,0.0,10.0,0.0,18.0,0.3888888888888889,5.0,0.0,3.0,0.0,50.0,33.0,0.66,50.0,33.0,0.66,5.0,1.0,10.0,0.8,25.0,0.64,5.0,1.0,3.0,1.0
LOLTMNT01_384771,2026,2026-05-13 10:12:11+00:00,LCK,1,Rounds 1-2,0,16.09,complete,,,Dplus Kia,oe:team:ef69efa6acebe94107f0cf1ba716806,DN SOOPers,oe:team:b3c72a20aa56f5d28022ac04a7dc294,BLUE,1,0,BLUE,Dplus Kia,Varus,Orianna,Jarvan IV,Lucian,Nocturne,Rumble,Caitlyn,Milio,Vi,Karma,Lux,Xin Zhao,Gnar,Anivia,Cassiopeia,Viktor,Twisted Fate,Akali,Sion,Gwen,oe:team:b3c72a20aa56f5d28022ac04a7dc294|oe:team:ef69efa6acebe94107f0cf1ba716806,2026_20260513_DN_SOOPers_vs_Dplus_Kia_S4,[],0,False,62.0,32.0,0.5161290322580645,62.0,32.0,0.5161290322580645,5.0,0.0,10.0,0.4,36.0,0.6111111111111112,4.0,0.0,8.0,0.875,57.0,17.0,0.2982456140350877,57.0,17.0,0.2982456140350877,5.0,0.0,10.0,0.0,33.0,0.2727272727272727,4.0,0.0,8.0,0.125
LOLTMNT01_383870,2026,2026-05-13 11:00:26+00:00,LCK,2,Rounds 1-2,0,16.09,complete,,,Dplus Kia,oe:team:ef69efa6acebe94107f0cf1ba716806,DN SOOPers,oe:team:b3c72a20aa56f5d28022ac04a7dc294,BLUE,1,0,BLUE,Dplus Kia,Varus,Rumble,Ashe,Pantheon,Nocturne,Orianna,Lulu,Seraphine,Trundle,Karma,Skarner,Ezreal,Jayce,Twisted Fate,Gnar,Ryze,Vayne,Anivia,Taliyah,Sylas,oe:team:b3c72a20aa56f5d28022ac04a7dc294|oe:team:ef69efa6acebe94107f0cf1ba716806,2026_20260513_DN_SOOPers_vs_Dplus_Kia_S4,"[""Jarvan IV"", ""Lucian"", ""Caitlyn"", ""Milio"", ""Lux"", ""Xin Zhao"", ""Cassiopeia"", ""Viktor"", ""Sion"", ""Gwen""]",10,False,63.0,33.0,0.5238095238095238,63.0,33.0,0.5238095238095238,5.0,0.2,10.0,0.4,37.0,0.6216216216216216,5.0,0.2,9.0,0.8888888888888888,58.0,17.0,0.29310344827586204,58.0,17.0,0.29310344827586204,5.0,0.0,10.0,0.0,34.0,0.2647058823529412,5.0,0.0,9.0,0.1111111111111111
LOLTMNT01_387134,2026,2026-05-14 08:07:03+00:00,LCK,1,Rounds 1-2,0,16.09,complete,,,BNK FEARX,oe:team:5c2e7e9ea8dfcba0150d9a5619baecf,Gen.G,oe:team:50f58982d91a36557ec8aec52ab014f,RED,0,1,RED,Gen.G,Karma,Varus,Ashe,Jarvan IV,Orianna,Bard,Seraphine,Lucian,Rumble,Xin Zhao,Vi,Milio,Twisted Fate,Gnar,Renekton,Sion,Annie,Ahri,Akali,Cassiopeia,oe:team:50f58982d91a36557ec8aec52ab014f|oe:team:5c2e7e9ea8dfcba0150d9a5619baecf,2026_20260514_BNK_FEARX_vs_Gen_G_S5,[],0,False,58.0,27.0,0.46551724137931033,58.0,27.0,0.46551724137931033,5.0,0.6,10.0,0.4,33.0,0.45454545454545453,4.0,0.5,11.0,0.09090909090909091,49.0,39.0,0.7959183673469388,49.0,39.0,0.7959183673469388,5.0,1.0,10.0,0.8,18.0,0.7222222222222222,4.0,1.0,11.0,0.9090909090909091
LOLTMNT01_388121,2026,2026-05-14 09:00:54+00:00,LCK,2,Rounds 1-2,0,16.09,complete,,,BNK FEARX,oe:team:5c2e7e9ea8dfcba0150d9a5619baecf,Gen.G,oe:team:50f58982d91a36557ec8aec52ab014f,BLUE,0,1,RED,Gen.G,Varus,Rumble,Nocturne,Neeko,Bard,Karma,Yunara,Wukong,Ezreal,Orianna,Lulu,Ryze,Corki,Anivia,Annie,Jhin,Caitlyn,Twisted Fate,Gnar,Vayne,oe:team:50f58982d91a36557ec8aec52ab014f|oe:team:5c2e7e9ea8dfcba0150d9a5619baecf,2026_20260514_BNK_FEARX_vs_Gen_G_S5,"[""Ashe"", ""Jarvan IV"", ""Seraphine"", ""Lucian"", ""Vi"", ""Milio"", ""Renekton"", ""Sion"", ""Akali"", ""Cassiopeia""]",10,False,59.0,27.0,0.4576271186440678,59.0,27.0,0.4576271186440678,5.0,0.4,10.0,0.4,34.0,0.4411764705882353,5.0,0.4,12.0,0.08333333333333333,50.0,40.0,0.8,50.0,40.0,0.8,5.0,1.0,10.0,0.8,19.0,0.7368421052631579,5.0,1.0,12.0,0.9166666666666666
LOLTMNT01_387204,2026,2026-05-14 10:15:56+00:00,LCK,1,Rounds 1-2,0,16.09,complete,,,Kiwoom DRX,oe:team:1d0389df0c5eea93b04122ba167c010,KT Rolster,oe:team:d723992568441c6bafa2658129eade7,RED,0,1,RED,KT Rolster,Orianna,Varus,Ezreal,Karma,Rumble,Lucian,Xin Zhao,Sivir,Trundle,Jarvan IV,Bard,Pantheon,Cassiopeia,Gnar,Renekton,Jayce,Viktor,Ryze,Aurora,Annie,oe:team:1d0389df0c5eea93b04122ba167c010|oe:team:d723992568441c6bafa2658129eade7,2026_20260514_KT_Rolster_vs_Kiwoom_DRX_S2,[],0,False,60.0,23.0,0.38333333333333336,60.0,23.0,0.38333333333333336,5.0,0.2,10.0,0.4,28.0,0.42857142857142855,5.0,0.2,2.0,0.0,43.0,24.0,0.5581395348837209,43.0,24.0,0.5581395348837209,5.0,0.4,10.0,0.4,22.0,0.45454545454545453,4.0,0.5,2.0,1.0
LOLTMNT01_387218,2026,2026-05-14 11:00:58+00:00,LCK,2,Rounds 1-2,0,16.09,complete,,,KT Rolster,oe:team:d723992568441c6bafa2658129eade7,Kiwoom DRX,oe:team:1d0389df0c5eea93b04122ba167c010,RED,0,1,RED,Kiwoom DRX,Rumble,Varus,Gnar,Orianna,Lucian,Ashe,Jarvan IV,Yunara,Nocturne,Vayne,Ryze,Lulu,Naafiri,Caitlyn,Corki,Vi,Lee Sin,Nautilus,Nami,Kennen,oe:team:1d0389df0c5eea93b04122ba167c010|oe:team:d723992568441c6bafa2658129eade7,2026_20260514_KT_Rolster_vs_Kiwoom_DRX_S2,"[""Ezreal"", ""Karma"", ""Xin Zhao"", ""Sivir"", ""Bard"", ""Pantheon"", ""Renekton"", ""Jayce"", ""Aurora"", ""Annie""]",10,False,44.0,25.0,0.5681818181818182,44.0,25.0,0.5681818181818182,5.0,0.6,10.0,0.4,21.0,0.6666666666666666,5.0,0.6,3.0,1.0,61.0,23.0,0.3770491803278688,61.0,23.0,0.3770491803278688,5.0,0.2,10.0,0.4,32.0,0.34375,6.0,0.16666666666666666,3.0,0.0
LOLTMNT01_388206,2026,2026-05-14 11:54:30+00:00,LCK,3,Rounds 1-2,0,16.09,complete,,,Kiwoom DRX,oe:team:1d0389df0c5eea93b04122ba167c010,KT Rolster,oe:team:d723992568441c6bafa2658129eade7,BLUE,0,1,RED,KT Rolster,Varus,Rumble,Caitlyn,Neeko,Ashe,Lucian,Lux,Naafiri,Trundle,Nocturne,K'Sante,Jhin,Vayne,Lee Sin,Poppy,Zaahen,Ambessa,Skarner,Cassiopeia,Hwei,oe:team:1d0389df0c5eea93b04122ba167c010|oe:team:d723992568441c6bafa2658129eade7,2026_20260514_KT_Rolster_vs_Kiwoom_DRX_S2,"[""Ezreal"", ""Karma"", ""Xin Zhao"", ""Sivir"", ""Bard"", ""Pantheon"", ""Renekton"", ""Jayce"", ""Aurora"", ""Annie"", ""Gnar"", ""Orianna"", ""Jarvan IV"", ""Yunara"", ""Ryze"", ""Lulu"", ""Corki"", ""Vi"", ""Nami"", ""Kennen""]",20,False,62.0,24.0,0.3870967741935484,62.0,24.0,0.3870967741935484,5.0,0.4,10.0,0.4,29.0,0.41379310344827586,7.0,0.2857142857142857,4.0,0.25,45.0,25.0,0.5555555555555556,45.0,25.0,0.5555555555555556,5.0,0.4,10.0,0.3,23.0,0.4782608695652174,6.0,0.5,4.0,0.75
LOLTMNT01_388455,2026,2026-05-15 08:07:51+00:00,LCK,1,Rounds 1-2,0,16.09,complete,,,Hanwha Life Esports,oe:team:3a1d18f46bcb3716ebcfcf4ef068934,Dplus Kia,oe:team:ef69efa6acebe94107f0cf1ba716806,BLUE,1,0,BLUE,Hanwha Life Esports,Varus,Lucian,Orianna,Jarvan IV,Ezreal,Bard,Caitlyn,Ashe,Rumble,Nocturne,Karma,Seraphine,Gnar,Xin Zhao,Sion,Zyra,Viktor,Naafiri,Lee Sin,Irelia,oe:team:3a1d18f46bcb3716ebcfcf4ef068934|oe:team:ef69efa6acebe94107f0cf1ba716806,2026_20260515_Dplus_Kia_vs_Hanwha_Life_Esports_S2,[],0,False,42.0,27.0,0.6428571428571429,42.0,27.0,0.6428571428571429,5.0,0.8,10.0,0.8,19.0,0.631578947368421,5.0,0.8,2.0,1.0,64.0,34.0,0.53125,64.0,34.0,0.53125,5.0,0.4,10.0,0.4,26.0,0.38461538461538464,6.0,0.3333333333333333,2.0,0.0
LOLTMNT01_387607,2026,2026-05-15 09:08:46+00:00,LCK,2,Rounds 1-2,0,16.09,complete,,,Hanwha Life Esports,oe:team:3a1d18f46bcb3716ebcfcf4ef068934,Dplus Kia,oe:team:ef69efa6acebe94107f0cf1ba716806,RED,1,0,BLUE,Hanwha Life Esports,Bard,Varus,Xin Zhao,Lulu,Rumble,Nautilus,Corki,Yunara,Vi,Lucian,Nami,Twisted Fate,Pantheon,Azir,Cassiopeia,Nocturne,Skarner,Annie,Yorick,Jayce,oe:team:3a1d18f46bcb3716ebcfcf4ef068934|oe:team:ef69efa6acebe94107f0cf1ba716806,2026_20260515_Dplus_Kia_vs_Hanwha_Life_Esports_S2,"[""Orianna"", ""Jarvan IV"", ""Caitlyn"", ""Ashe"", ""Karma"", ""Seraphine"", ""Sion"", ""Zyra"", ""Lee Sin"", ""Irelia""]",10,False,43.0,28.0,0.6511627906976745,43.0,28.0,0.6511627906976745,5.0,0.8,10.0,0.8,20.0,0.65,6.0,0.8333333333333334,3.0,1.0,65.0,34.0,0.5230769230769231,65.0,34.0,0.5230769230769231,5.0,0.4,10.0,0.3,27.0,0.37037037037037035,7.0,0.2857142857142857,3.0,0.0
LOLTMNT01_388537,2026,2026-05-15 10:22:39+00:00,LCK,1,Rounds 1-2,0,16.09,complete,,,HANJIN BRION,oe:team:b77b3f6068e20a2b3edc0ecd3dc70d4,DN SOOPers,oe:team:b3c72a20aa56f5d28022ac04a7dc294,RED,1,0,BLUE,HANJIN BRION,Orianna,Varus,Karma,Jarvan IV,Rumble,Ezreal,Jhin,Ashe,Lucian,Caitlyn,Ryze,Seraphine,Cassiopeia,Nocturne,Lee Sin,Taliyah,Anivia,Jayce,Sion,Renekton,oe:team:b3c72a20aa56f5d28022ac04a7dc294|oe:team:b77b3f6068e20a2b3edc0ecd3dc70d4,2026_20260515_DN_SOOPers_vs_HANJIN_BRION_S2,[],0,False,45.0,18.0,0.4,45.0,18.0,0.4,5.0,1.0,10.0,0.8,22.0,0.45454545454545453,4.0,1.0,2.0,1.0,59.0,17.0,0.288135593220339,59.0,17.0,0.288135593220339,5.0,0.0,10.0,0.0,35.0,0.2571428571428571,6.0,0.0,2.0,0.0
LOLTMNT01_387661,2026,2026-05-15 11:12:17+00:00,LCK,2,Rounds 1-2,0,16.09,complete,,,DN SOOPers,oe:team:b3c72a20aa56f5d28022ac04a7dc294,HANJIN BRION,oe:team:b77b3f6068e20a2b3edc0ecd3dc70d4,RED,0,1,RED,HANJIN BRION,Orianna,Varus,Cassiopeia,Ezreal,Nocturne,Caitlyn,Vi,Neeko,Lucian,Rumble,Ambessa,Xin Zhao,Jayce,Lulu,Corki,Zaahen,Annie,Bard,Nami,Akali,oe:team:b3c72a20aa56f5d28022ac04a7dc294|oe:team:b77b3f6068e20a2b3edc0ecd3dc70d4,2026_20260515_DN_SOOPers_vs_HANJIN_BRION_S2,"[""Karma"", ""Jarvan IV"", ""Jhin"", ""Ashe"", ""Ryze"", ""Seraphine"", ""Lee Sin"", ""Taliyah"", ""Sion"", ""Renekton""]",10,False,60.0,17.0,0.2833333333333333,60.0,17.0,0.2833333333333333,5.0,0.0,10.0,0.0,24.0,0.3333333333333333,7.0,0.0,3.0,0.0,46.0,19.0,0.41304347826086957,46.0,19.0,0.41304347826086957,5.0,1.0,10.0,0.9,23.0,0.34782608695652173,5.0,1.0,3.0,1.0
LOLTMNT01_387874,2026,2026-05-16 08:05:55+00:00,LCK,1,Rounds 1-2,0,16.09,complete,,,Gen.G,oe:team:50f58982d91a36557ec8aec52ab014f,T1,oe:team:ce499dea30cfce118f4fe85da0227e8,RED,1,0,BLUE,Gen.G,Orianna,Varus,Ezreal,Ashe,Karma,Lucian,Seraphine,Xin Zhao,Bard,Jarvan IV,Rumble,Lulu,Cassiopeia,Trundle,Skarner,Yorick,Ryze,Vi,Renekton,Twisted Fate,oe:team:50f58982d91a36557ec8aec52ab014f|oe:team:ce499dea30cfce118f4fe85da0227e8,2026_20260516_Gen_G_vs_T1_S2,[],0,False,51.0,41.0,0.803921568627451,51.0,41.0,0.803921568627451,5.0,1.0,10.0,0.9,31.0,0.8387096774193549,6.0,1.0,2.0,1.0,51.0,34.0,0.6666666666666666,51.0,34.0,0.6666666666666666,5.0,1.0,10.0,0.8,26.0,0.6538461538461539,6.0,1.0,2.0,0.0
LOLTMNT01_387878,2026,2026-05-16 08:57:28+00:00,LCK,2,Rounds 1-2,0,16.09,complete,,,T1,oe:team:ce499dea30cfce118f4fe85da0227e8,Gen.G,oe:team:50f58982d91a36557ec8aec52ab014f,RED,1,0,BLUE,T1,Orianna,Varus,Caitlyn,Karma,Vi,Bard,Lee Sin,Jhin,Jarvan IV,Lucian,Lux,Sion,Nocturne,Gwen,Ornn,Annie,Cassiopeia,Ryze,Anivia,Wukong,oe:team:50f58982d91a36557ec8aec52ab014f|oe:team:ce499dea30cfce118f4fe85da0227e8,2026_20260516_Gen_G_vs_T1_S2,"[""Ezreal"", ""Ashe"", ""Seraphine"", ""Xin Zhao"", ""Rumble"", ""Lulu"", ""Skarner"", ""Yorick"", ""Renekton"", ""Twisted Fate""]",10,False,52.0,34.0,0.6538461538461539,52.0,34.0,0.6538461538461539,5.0,0.8,10.0,0.7,25.0,0.68,7.0,0.8571428571428571,3.0,0.0,52.0,42.0,0.8076923076923077,52.0,42.0,0.8076923076923077,5.0,1.0,10.0,0.9,20.0,0.75,7.0,1.0,3.0,1.0
LOLTMNT01_387885,2026,2026-05-16 10:10:31+00:00,LCK,3,Rounds 1-2,0,16.09,complete,,,T1,oe:team:ce499dea30cfce118f4fe85da0227e8,Gen.G,oe:team:50f58982d91a36557ec8aec52ab014f,BLUE,1,0,BLUE,T1,Jarvan IV,Bard,Cassiopeia,Corki,Lucian,Orianna,Jayce,Pantheon,Varus,Nocturne,Vi,K'Sante,Nami,Kalista,Mel,Neeko,Akali,Ziggs,Camille,Taliyah,oe:team:50f58982d91a36557ec8aec52ab014f|oe:team:ce499dea30cfce118f4fe85da0227e8,2026_20260516_Gen_G_vs_T1_S2,"[""Ezreal"", ""Ashe"", ""Seraphine"", ""Xin Zhao"", ""Rumble"", ""Lulu"", ""Skarner"", ""Yorick"", ""Renekton"", ""Twisted Fate"", ""Caitlyn"", ""Karma"", ""Lee Sin"", ""Jhin"", ""Lux"", ""Sion"", ""Ornn"", ""Annie"", ""Anivia"", ""Wukong""]",20,False,53.0,35.0,0.660377358490566,53.0,35.0,0.660377358490566,5.0,0.8,10.0,0.8,26.0,0.6923076923076923,8.0,0.875,4.0,0.25,53.0,42.0,0.7924528301886793,53.0,42.0,0.7924528301886793,5.0,0.8,10.0,0.8,21.0,0.7142857142857143,8.0,0.875,4.0,0.75
LOLTMNT01_387927,2026,2026-05-16 11:30:05+00:00,LCK,1,Rounds 1-2,0,16.09,complete,,,BNK FEARX,oe:team:5c2e7e9ea8dfcba0150d9a5619baecf,Nongshim RedForce,oe:team:5cd2cd09ec94296f605dd13a2924d6c,RED,1,0,BLUE,BNK FEARX,Orianna,Varus,Ezreal,Karma,Rumble,Ashe,Jarvan IV,Caitlyn,Lucian,Vi,Nami,Ryze,Lee Sin,Cassiopeia,Azir,Pantheon,Xin Zhao,Twisted Fate,Sion,Jayce,oe:team:5c2e7e9ea8dfcba0150d9a5619baecf|oe:team:5cd2cd09ec94296f605dd13a2924d6c,2026_20260516_BNK_FEARX_vs_Nongshim_RedForce_S3,[],0,False,60.0,27.0,0.45,60.0,27.0,0.45,5.0,0.4,10.0,0.4,35.0,0.42857142857142855,6.0,0.3333333333333333,4.0,0.5,49.0,17.0,0.3469387755102041,49.0,17.0,0.3469387755102041,5.0,0.0,10.0,0.0,30.0,0.3333333333333333,6.0,0.0,4.0,0.5
LOLTMNT01_387933,2026,2026-05-16 12:25:03+00:00,LCK,2,Rounds 1-2,0,16.09,complete,,,BNK FEARX,oe:team:5c2e7e9ea8dfcba0150d9a5619baecf,Nongshim RedForce,oe:team:5cd2cd09ec94296f605dd13a2924d6c,RED,1,0,BLUE,BNK FEARX,Orianna,Varus,Cassiopeia,Lulu,Rumble,Vi,Yunara,Nocturne,Lucian,Seraphine,Milio,Gnar,Akali,Xin Zhao,Naafiri,Kog'Maw,Aphelios,Vayne,Olaf,Galio,oe:team:5c2e7e9ea8dfcba0150d9a5619baecf|oe:team:5cd2cd09ec94296f605dd13a2924d6c,2026_20260516_BNK_FEARX_vs_Nongshim_RedForce_S3,"[""Ezreal"", ""Karma"", ""Jarvan IV"", ""Caitlyn"", ""Nami"", ""Ryze"", ""Azir"", ""Pantheon"", ""Sion"", ""Jayce""]",10,False,61.0,28.0,0.45901639344262296,61.0,28.0,0.45901639344262296,5.0,0.6,10.0,0.5,36.0,0.4444444444444444,7.0,0.42857142857142855,5.0,0.6,50.0,17.0,0.34,50.0,17.0,0.34,5.0,0.0,10.0,0.0,31.0,0.3225806451612903,7.0,0.0,5.0,0.4
LOLTMNT01_390036,2026,2026-05-17 08:05:58+00:00,LCK,1,Rounds 1-2,0,16.09,complete,,,KT Rolster,oe:team:d723992568441c6bafa2658129eade7,Hanwha Life Esports,oe:team:3a1d18f46bcb3716ebcfcf4ef068934,RED,1,0,BLUE,KT Rolster,Orianna,Varus,Karma,Jarvan IV,Rumble,Ezreal,Cassiopeia,Miss Fortune,Bard,Annie,Sivir,Nautilus,Akali,Xin Zhao,Pantheon,Azir,Aurora,Trundle,Zaahen,Sion,oe:team:3a1d18f46bcb3716ebcfcf4ef068934|oe:team:d723992568441c6bafa2658129eade7,2026_20260517_Hanwha_Life_Esports_vs_KT_Rolster_S2,[],0,False,46.0,26.0,0.5652173913043478,46.0,26.0,0.5652173913043478,5.0,0.4,10.0,0.4,22.0,0.6363636363636364,7.0,0.5714285714285714,2.0,0.0,44.0,29.0,0.6590909090909091,44.0,29.0,0.6590909090909091,5.0,0.8,10.0,0.8,23.0,0.6521739130434783,7.0,0.8571428571428571,2.0,1.0
LOLTMNT01_390048,2026,2026-05-17 08:58:43+00:00,LCK,2,Rounds 1-2,0,16.09,complete,,,KT Rolster,oe:team:d723992568441c6bafa2658129eade7,Hanwha Life Esports,oe:team:3a1d18f46bcb3716ebcfcf4ef068934,RED,0,1,RED,Hanwha Life Esports,Orianna,Varus,Ashe,Vi,Rumble,Annie,Seraphine,Ziggs,Lucian,Ezreal,Ryze,Pyke,Anivia,Nocturne,Lee Sin,Jayce,Twisted Fate,Yorick,K'Sante,Taliyah,oe:team:3a1d18f46bcb3716ebcfcf4ef068934|oe:team:d723992568441c6bafa2658129eade7,2026_20260517_Hanwha_Life_Esports_vs_KT_Rolster_S2,"[""Karma"", ""Jarvan IV"", ""Cassiopeia"", ""Miss Fortune"", ""Sivir"", ""Nautilus"", ""Pantheon"", ""Azir"", ""Zaahen"", ""Sion""]",10,False,47.0,27.0,0.574468085106383,47.0,27.0,0.574468085106383,5.0,0.6,10.0,0.5,23.0,0.6521739130434783,8.0,0.625,3.0,0.3333333333333333,45.0,29.0,0.6444444444444445,45.0,29.0,0.6444444444444445,5.0,0.8,10.0,0.7,24.0,0.625,8.0,0.75,3.0,0.6666666666666666
LOLTMNT01_390055,2026,2026-05-17 09:48:07+00:00,LCK,3,Rounds 1-2,0,16.09,complete,,,KT Rolster,oe:team:d723992568441c6bafa2658129eade7,Hanwha Life Esports,oe:team:3a1d18f46bcb3716ebcfcf4ef068934,BLUE,1,0,BLUE,KT Rolster,Varus,Rumble,Lucian,Milio,Caitlyn,Orianna,Renekton,Aurora,Gnar,Annie,Nami,Draven,Shen,Zoe,Skarner,Nocturne,Xin Zhao,Akali,Viktor,Olaf,oe:team:3a1d18f46bcb3716ebcfcf4ef068934|oe:team:d723992568441c6bafa2658129eade7,2026_20260517_Hanwha_Life_Esports_vs_KT_Rolster_S2,"[""Karma"", ""Jarvan IV"", ""Cassiopeia"", ""Miss Fortune"", ""Sivir"", ""Nautilus"", ""Pantheon"", ""Azir"", ""Zaahen"", ""Sion"", ""Ashe"", ""Vi"", ""Seraphine"", ""Ziggs"", ""Ryze"", ""Pyke"", ""Lee Sin"", ""Jayce"", ""K'Sante"", ""Taliyah""]",20,False,48.0,27.0,0.5625,48.0,27.0,0.5625,5.0,0.6,10.0,0.5,24.0,0.625,9.0,0.5555555555555556,4.0,0.25,46.0,30.0,0.6521739130434783,46.0,30.0,0.6521739130434783,5.0,0.8,10.0,0.8,25.0,0.64,9.0,0.7777777777777778,4.0,0.75
LOLTMNT01_389120,2026,2026-05-17 11:06:33+00:00,LCK,1,Rounds 1-2,0,16.09,complete,,,HANJIN BRION,oe:team:b77b3f6068e20a2b3edc0ecd3dc70d4,Kiwoom DRX,oe:team:1d0389df0c5eea93b04122ba167c010,RED,1,0,BLUE,HANJIN BRION,Orianna,Varus,Ezreal,Karma,Rumble,Jayce,Cassiopeia,Lee Sin,Jarvan IV,Vayne,Xin Zhao,Annie,Caitlyn,Sion,Renekton,Miss Fortune,Sivir,Gnar,Bard,K'Sante,oe:team:1d0389df0c5eea93b04122ba167c010|oe:team:b77b3f6068e20a2b3edc0ecd3dc70d4,2026_20260517_HANJIN_BRION_vs_Kiwoom_DRX_S4,[],0,False,47.0,20.0,0.425531914893617,47.0,20.0,0.425531914893617,5.0,1.0,10.0,1.0,23.0,0.4782608695652174,6.0,1.0,11.0,0.36363636363636365,63.0,24.0,0.38095238095238093,63.0,24.0,0.38095238095238093,5.0,0.2,10.0,0.4,33.0,0.36363636363636365,8.0,0.25,11.0,0.6363636363636364
LOLTMNT01_390098,2026,2026-05-17 12:10:36+00:00,LCK,2,Rounds 1-2,0,16.09,complete,,,HANJIN BRION,oe:team:b77b3f6068e20a2b3edc0ecd3dc70d4,Kiwoom DRX,oe:team:1d0389df0c5eea93b04122ba167c010,RED,0,1,RED,Kiwoom DRX,Orianna,Varus,Lucian,Ryze,Rumble,Jayce,Milio,Vi,Jarvan IV,Ashe,Nocturne,Gnar,Lulu,Vayne,Anivia,Yunara,Caitlyn,Twisted Fate,Sion,Nautilus,oe:team:1d0389df0c5eea93b04122ba167c010|oe:team:b77b3f6068e20a2b3edc0ecd3dc70d4,2026_20260517_HANJIN_BRION_vs_Kiwoom_DRX_S4,"[""Ezreal"", ""Karma"", ""Cassiopeia"", ""Lee Sin"", ""Xin Zhao"", ""Annie"", ""Renekton"", ""Miss Fortune"", ""Bard"", ""K'Sante""]",10,False,48.0,21.0,0.4375,48.0,21.0,0.4375,5.0,1.0,10.0,1.0,24.0,0.5,7.0,1.0,12.0,0.4166666666666667,64.0,24.0,0.375,64.0,24.0,0.375,5.0,0.2,10.0,0.3,34.0,0.35294117647058826,9.0,0.2222222222222222,12.0,0.5833333333333334
LOLTMNT01_389127,2026,2026-05-17 13:04:35+00:00,LCK,3,Rounds 1-2,0,16.09,complete,,,Kiwoom DRX,oe:team:1d0389df0c5eea93b04122ba167c010,HANJIN BRION,oe:team:b77b3f6068e20a2b3edc0ecd3dc70d4,RED,1,0,BLUE,Kiwoom DRX,Rumble,Varus,Jarvan IV,Caitlyn,Orianna,Ashe,Jhin,Jayce,Neeko,Skarner,Yorick,Elise,Pantheon,Leona,Alistar,Poppy,Naafiri,Twisted Fate,Taliyah,Viktor,oe:team:1d0389df0c5eea93b04122ba167c010|oe:team:b77b3f6068e20a2b3edc0ecd3dc70d4,2026_20260517_HANJIN_BRION_vs_Kiwoom_DRX_S4,"[""Ezreal"", ""Karma"", ""Cassiopeia"", ""Lee Sin"", ""Xin Zhao"", ""Annie"", ""Renekton"", ""Miss Fortune"", ""Bard"", ""K'Sante"", ""Lucian"", ""Ryze"", ""Milio"", ""Vi"", ""Nocturne"", ""Gnar"", ""Anivia"", ""Yunara"", ""Sion"", ""Nautilus""]",20,False,65.0,25.0,0.38461538461538464,65.0,25.0,0.38461538461538464,5.0,0.4,10.0,0.3,30.0,0.4,10.0,0.3,13.0,0.6153846153846154,49.0,21.0,0.42857142857142855,49.0,21.0,0.42857142857142855,5.0,0.8,10.0,0.9,24.0,0.375,8.0,0.875,13.0,0.38461538461538464
LOLTMNT02_406385,2026,2026-05-20 08:05:29+00:00,LCK,1,Rounds 1-2,0,16.1,complete,,,T1,oe:team:ce499dea30cfce118f4fe85da0227e8,Kiwoom DRX,oe:team:1d0389df0c5eea93b04122ba167c010,RED,1,0,BLUE,T1,Orianna,Bard,Lucian,Ryze,Cassiopeia,Karma,Milio,Vi,Varus,Ashe,Anivia,Rumble,Caitlyn,Nocturne,K'Sante,Yunara,Corki,Xin Zhao,Wukong,Nautilus,oe:team:1d0389df0c5eea93b04122ba167c010|oe:team:ce499dea30cfce118f4fe85da0227e8,2026_20260520_Kiwoom_DRX_vs_T1_S3,[],0,False,54.0,36.0,0.6666666666666666,54.0,36.0,0.6666666666666666,5.0,0.8,10.0,0.8,27.0,0.7037037037037037,0.0,,5.0,0.8,66.0,26.0,0.3939393939393939,66.0,26.0,0.3939393939393939,5.0,0.6,10.0,0.4,35.0,0.37142857142857144,0.0,,5.0,0.2
LOLTMNT02_406405,2026,2026-05-20 08:54:42+00:00,LCK,2,Rounds 1-2,0,16.1,complete,,,T1,oe:team:ce499dea30cfce118f4fe85da0227e8,Kiwoom DRX,oe:team:1d0389df0c5eea93b04122ba167c010,RED,0,1,RED,Kiwoom DRX,Orianna,Bard,Varus,Karma,Cassiopeia,Caitlyn,Ezreal,Lee Sin,Jarvan IV,Ashe,Skarner,Annie,Sivir,Galio,Viktor,Miss Fortune,Yorick,Neeko,Tahm Kench,Jax,oe:team:1d0389df0c5eea93b04122ba167c010|oe:team:ce499dea30cfce118f4fe85da0227e8,2026_20260520_Kiwoom_DRX_vs_T1_S3,"[""Lucian"", ""Ryze"", ""Milio"", ""Vi"", ""Anivia"", ""Rumble"", ""K'Sante"", ""Yunara"", ""Wukong"", ""Nautilus""]",10,False,55.0,37.0,0.6727272727272727,55.0,37.0,0.6727272727272727,5.0,0.8,10.0,0.9,28.0,0.7142857142857143,1.0,1.0,6.0,0.8333333333333334,67.0,26.0,0.3880597014925373,67.0,26.0,0.3880597014925373,5.0,0.4,10.0,0.4,36.0,0.3611111111111111,1.0,0.0,6.0,0.16666666666666666
LOLTMNT02_405485,2026,2026-05-20 09:47:16+00:00,LCK,3,Rounds 1-2,0,16.1,complete,,,Kiwoom DRX,oe:team:1d0389df0c5eea93b04122ba167c010,T1,oe:team:ce499dea30cfce118f4fe85da0227e8,RED,0,1,RED,T1,Bard,Sion,Cassiopeia,Orianna,Ashe,Jarvan IV,Xin Zhao,Trundle,Caitlyn,Nocturne,Yorick,Jayce,Corki,Sivir,Kalista,Ziggs,Zeri,Jhin,Leona,Pyke,oe:team:1d0389df0c5eea93b04122ba167c010|oe:team:ce499dea30cfce118f4fe85da0227e8,2026_20260520_Kiwoom_DRX_vs_T1_S3,"[""Lucian"", ""Ryze"", ""Milio"", ""Vi"", ""Anivia"", ""Rumble"", ""K'Sante"", ""Yunara"", ""Wukong"", ""Nautilus"", ""Varus"", ""Karma"", ""Ezreal"", ""Lee Sin"", ""Skarner"", ""Annie"", ""Viktor"", ""Miss Fortune"", ""Tahm Kench"", ""Jax""]",20,False,68.0,27.0,0.39705882352941174,68.0,27.0,0.39705882352941174,5.0,0.6,10.0,0.4,31.0,0.41935483870967744,2.0,0.5,7.0,0.2857142857142857,56.0,37.0,0.6607142857142857,56.0,37.0,0.6607142857142857,5.0,0.6,10.0,0.8,27.0,0.6296296296296297,2.0,0.5,7.0,0.7142857142857143
LOLTMNT02_406455,2026,2026-05-20 11:01:11+00:00,LCK,1,Rounds 1-2,0,16.1,complete,,,Nongshim RedForce,oe:team:5cd2cd09ec94296f605dd13a2924d6c,KT Rolster,oe:team:d723992568441c6bafa2658129eade7,RED,1,0,BLUE,Nongshim RedForce,Orianna,Varus,Ryze,Lucian,Cassiopeia,Jarvan IV,Ezreal,Milio,Rumble,Karma,Nami,Annie,Wukong,Vi,Lee Sin,Sion,Pantheon,Gnar,K'Sante,Naafiri,oe:team:5cd2cd09ec94296f605dd13a2924d6c|oe:team:d723992568441c6bafa2658129eade7,2026_20260520_KT_Rolster_vs_Nongshim_RedForce_S3,[],0,False,51.0,17.0,0.3333333333333333,51.0,17.0,0.3333333333333333,5.0,0.0,10.0,0.0,19.0,0.3684210526315789,0.0,,7.0,0.42857142857142855,49.0,28.0,0.5714285714285714,49.0,28.0,0.5714285714285714,5.0,0.6,10.0,0.6,24.0,0.5,0.0,,7.0,0.5714285714285714
LOLTMNT02_406485,2026,2026-05-20 11:45:01+00:00,LCK,2,Rounds 1-2,0,16.1,complete,,,KT Rolster,oe:team:d723992568441c6bafa2658129eade7,Nongshim RedForce,oe:team:5cd2cd09ec94296f605dd13a2924d6c,BLUE,1,0,BLUE,KT Rolster,Varus,Orianna,Jarvan IV,Yunara,Caitlyn,Cassiopeia,Nautilus,Lulu,Ashe,Rumble,Miss Fortune,Xin Zhao,Twisted Fate,Jayce,Aurora,Renekton,Azir,Zaahen,Gnar,Viktor,oe:team:5cd2cd09ec94296f605dd13a2924d6c|oe:team:d723992568441c6bafa2658129eade7,2026_20260520_KT_Rolster_vs_Nongshim_RedForce_S3,"[""Ryze"", ""Lucian"", ""Ezreal"", ""Milio"", ""Nami"", ""Annie"", ""Lee Sin"", ""Sion"", ""K'Sante"", ""Naafiri""]",10,False,50.0,28.0,0.56,50.0,28.0,0.56,5.0,0.6,10.0,0.5,25.0,0.64,1.0,0.0,8.0,0.5,52.0,18.0,0.34615384615384615,52.0,18.0,0.34615384615384615,5.0,0.2,10.0,0.1,32.0,0.3125,1.0,1.0,8.0,0.5
LOLTMNT02_406517,2026,2026-05-20 12:36:35+00:00,LCK,3,Rounds 1-2,0,16.1,complete,,,KT Rolster,oe:team:d723992568441c6bafa2658129eade7,Nongshim RedForce,oe:team:5cd2cd09ec94296f605dd13a2924d6c,RED,1,0,BLUE,KT Rolster,Orianna,Varus,Pantheon,Caitlyn,Cassiopeia,Ashe,Karma,Bard,Rumble,Nocturne,Sivir,Twisted Fate,Wukong,Ahri,Taliyah,Yorick,Jayce,Jax,Zaahen,Skarner,oe:team:5cd2cd09ec94296f605dd13a2924d6c|oe:team:d723992568441c6bafa2658129eade7,2026_20260520_KT_Rolster_vs_Nongshim_RedForce_S3,"[""Ryze"", ""Lucian"", ""Ezreal"", ""Milio"", ""Nami"", ""Annie"", ""Lee Sin"", ""Sion"", ""K'Sante"", ""Naafiri"", ""Jarvan IV"", ""Yunara"", ""Nautilus"", ""Lulu"", ""Miss Fortune"", ""Xin Zhao"", ""Aurora"", ""Renekton"", ""Gnar"", ""Viktor""]",20,False,51.0,29.0,0.5686274509803921,51.0,29.0,0.5686274509803921,5.0,0.6,10.0,0.5,26.0,0.6538461538461539,2.0,0.5,9.0,0.5555555555555556,53.0,18.0,0.33962264150943394,53.0,18.0,0.33962264150943394,5.0,0.2,10.0,0.1,33.0,0.30303030303030304,2.0,0.5,9.0,0.4444444444444444
LOLTMNT02_406958,2026,2026-05-21 08:06:57+00:00,LCK,1,Rounds 1-2,0,16.1,complete,,,BNK FEARX,oe:team:5c2e7e9ea8dfcba0150d9a5619baecf,Hanwha Life Esports,oe:team:3a1d18f46bcb3716ebcfcf4ef068934,RED,0,1,RED,Hanwha Life Esports,Orianna,Varus,Karma,Rumble,Cassiopeia,Ezreal,Xin Zhao,Nautilus,Bard,Jarvan IV,Sivir,Miss Fortune,Lee Sin,K'Sante,Ryze,Vi,Trundle,Sion,Galio,Yone,oe:team:3a1d18f46bcb3716ebcfcf4ef068934|oe:team:5c2e7e9ea8dfcba0150d9a5619baecf,2026_20260521_BNK_FEARX_vs_Hanwha_Life_Esports_S2,[],0,False,62.0,29.0,0.46774193548387094,62.0,29.0,0.46774193548387094,5.0,0.6,10.0,0.6,37.0,0.4594594594594595,0.0,,3.0,0.3333333333333333,47.0,30.0,0.6382978723404256,47.0,30.0,0.6382978723404256,5.0,0.6,10.0,0.7,26.0,0.6153846153846154,0.0,,3.0,0.6666666666666666
LOLTMNT02_407057,2026,2026-05-21 09:05:50+00:00,LCK,2,Rounds 1-2,0,16.1,complete,,,Hanwha Life Esports,oe:team:3a1d18f46bcb3716ebcfcf4ef068934,BNK FEARX,oe:team:5c2e7e9ea8dfcba0150d9a5619baecf,RED,1,0,BLUE,Hanwha Life Esports,Orianna,Varus,Ashe,Lucian,Cassiopeia,Bard,Seraphine,Milio,Jarvan IV,Ziggs,Mel,Twisted Fate,Nocturne,Naafiri,Pantheon,Sion,Wukong,Lee Sin,Ambessa,Trundle,oe:team:3a1d18f46bcb3716ebcfcf4ef068934|oe:team:5c2e7e9ea8dfcba0150d9a5619baecf,2026_20260521_BNK_FEARX_vs_Hanwha_Life_Esports_S2,"[""Karma"", ""Rumble"", ""Xin Zhao"", ""Nautilus"", ""Sivir"", ""Miss Fortune"", ""Ryze"", ""Vi"", ""Galio"", ""Yone""]",10,False,48.0,31.0,0.6458333333333334,48.0,31.0,0.6458333333333334,5.0,0.6,10.0,0.7,21.0,0.6666666666666666,1.0,1.0,4.0,0.75,63.0,29.0,0.4603174603174603,63.0,29.0,0.4603174603174603,5.0,0.4,10.0,0.5,25.0,0.48,1.0,0.0,4.0,0.25
LOLTMNT02_408013,2026,2026-05-21 10:22:05+00:00,LCK,1,Rounds 1-2,0,16.1,complete,,,Dplus Kia,oe:team:ef69efa6acebe94107f0cf1ba716806,HANJIN BRION,oe:team:b77b3f6068e20a2b3edc0ecd3dc70d4,RED,1,0,BLUE,Dplus Kia,Nocturne,Varus,Jarvan IV,Orianna,Lucian,Karma,Bard,Nautilus,Elise,Lee Sin,Sivir,Ezreal,Xin Zhao,Cassiopeia,Viktor,Rumble,Naafiri,LeBlanc,K'Sante,Pantheon,oe:team:b77b3f6068e20a2b3edc0ecd3dc70d4|oe:team:ef69efa6acebe94107f0cf1ba716806,2026_20260521_Dplus_Kia_vs_HANJIN_BRION_S3,[],0,False,66.0,34.0,0.5151515151515151,66.0,34.0,0.5151515151515151,5.0,0.4,10.0,0.3,38.0,0.631578947368421,0.0,,4.0,1.0,50.0,21.0,0.42,50.0,21.0,0.42,5.0,0.6,10.0,0.8,25.0,0.36,0.0,,4.0,0.0
LOLTMNT02_407136,2026,2026-05-21 11:23:10+00:00,LCK,2,Rounds 1-2,0,16.1,complete,,,HANJIN BRION,oe:team:b77b3f6068e20a2b3edc0ecd3dc70d4,Dplus Kia,oe:team:ef69efa6acebe94107f0cf1ba716806,BLUE,1,0,BLUE,HANJIN BRION,Varus,Nocturne,Cassiopeia,Ashe,Twisted Fate,Karma,Vi,Xin Zhao,Lee Sin,Trundle,Jayce,Seraphine,Sion,Pyke,Caitlyn,Anivia,Yorick,Lucian,Lux,Kog'Maw,oe:team:b77b3f6068e20a2b3edc0ecd3dc70d4|oe:team:ef69efa6acebe94107f0cf1ba716806,2026_20260521_Dplus_Kia_vs_HANJIN_BRION_S3,"[""Jarvan IV"", ""Orianna"", ""Bard"", ""Nautilus"", ""Sivir"", ""Ezreal"", ""Viktor"", ""Rumble"", ""K'Sante"", ""Pantheon""]",10,False,51.0,21.0,0.4117647058823529,51.0,21.0,0.4117647058823529,5.0,0.4,10.0,0.7,25.0,0.48,1.0,0.0,5.0,0.0,67.0,35.0,0.5223880597014925,67.0,35.0,0.5223880597014925,5.0,0.6,10.0,0.3,28.0,0.35714285714285715,1.0,1.0,5.0,1.0
LOLTMNT02_407167,2026,2026-05-21 12:22:49+00:00,LCK,3,Rounds 1-2,0,16.1,complete,,,HANJIN BRION,oe:team:b77b3f6068e20a2b3edc0ecd3dc70d4,Dplus Kia,oe:team:ef69efa6acebe94107f0cf1ba716806,RED,0,1,RED,Dplus Kia,Lee Sin,Nocturne,Jhin,Karma,Lucian,Varus,Annie,Wukong,Ryze,Elise,Naafiri,Yunara,Sion,Gnar,Renekton,Taliyah,Twisted Fate,Alistar,Neeko,Illaoi,oe:team:b77b3f6068e20a2b3edc0ecd3dc70d4|oe:team:ef69efa6acebe94107f0cf1ba716806,2026_20260521_Dplus_Kia_vs_HANJIN_BRION_S3,"[""Jarvan IV"", ""Orianna"", ""Bard"", ""Nautilus"", ""Sivir"", ""Ezreal"", ""Viktor"", ""Rumble"", ""K'Sante"", ""Pantheon"", ""Cassiopeia"", ""Ashe"", ""Vi"", ""Xin Zhao"", ""Jayce"", ""Seraphine"", ""Caitlyn"", ""Anivia"", ""Lux"", ""Kog'Maw""]",20,False,52.0,22.0,0.4230769230769231,52.0,22.0,0.4230769230769231,5.0,0.4,10.0,0.7,26.0,0.5,2.0,0.5,6.0,0.16666666666666666,68.0,35.0,0.5147058823529411,68.0,35.0,0.5147058823529411,5.0,0.4,10.0,0.3,29.0,0.3448275862068966,2.0,0.5,6.0,0.8333333333333334
LOLTMNT02_408582,2026,2026-05-22 08:06:39+00:00,LCK,1,Rounds 1-2,0,16.1,complete,,,DN SOOPers,oe:team:b3c72a20aa56f5d28022ac04a7dc294,Kiwoom DRX,oe:team:1d0389df0c5eea93b04122ba167c010,RED,0,1,RED,Kiwoom DRX,Orianna,Varus,Rumble,Cassiopeia,Jarvan IV,Ezreal,Yone,Xin Zhao,Vi,Lee Sin,Skarner,K'Sante,Nautilus,Ashe,Lucian,Miss Fortune,Yunara,Ziggs,Milio,Bard,oe:team:1d0389df0c5eea93b04122ba167c010|oe:team:b3c72a20aa56f5d28022ac04a7dc294,2026_20260522_DN_SOOPers_vs_Kiwoom_DRX_S4,[],0,False,61.0,17.0,0.2786885245901639,61.0,17.0,0.2786885245901639,5.0,0.0,10.0,0.0,25.0,0.32,0.0,,9.0,0.7777777777777778,69.0,27.0,0.391304347826087,69.0,27.0,0.391304347826087,5.0,0.6,10.0,0.4,37.0,0.3783783783783784,3.0,0.3333333333333333,9.0,0.2222222222222222
LOLTMNT02_407674,2026,2026-05-22 09:04:35+00:00,LCK,2,Rounds 1-2,0,16.1,complete,,,Kiwoom DRX,oe:team:1d0389df0c5eea93b04122ba167c010,DN SOOPers,oe:team:b3c72a20aa56f5d28022ac04a7dc294,RED,1,0,BLUE,Kiwoom DRX,Orianna,Varus,Ezreal,Lee Sin,Ryze,Vi,Karma,Nautilus,Annie,Jarvan IV,Gnar,Sivir,Sylas,Mel,Pantheon,Ahri,Jayce,Nocturne,Viktor,Ambessa,oe:team:1d0389df0c5eea93b04122ba167c010|oe:team:b3c72a20aa56f5d28022ac04a7dc294,2026_20260522_DN_SOOPers_vs_Kiwoom_DRX_S4,"[""Rumble"", ""Cassiopeia"", ""Yone"", ""Xin Zhao"", ""Skarner"", ""K'Sante"", ""Lucian"", ""Miss Fortune"", ""Milio"", ""Bard""]",10,False,70.0,28.0,0.4,70.0,28.0,0.4,5.0,0.6,10.0,0.5,32.0,0.40625,4.0,0.5,10.0,0.3,62.0,17.0,0.27419354838709675,62.0,17.0,0.27419354838709675,5.0,0.0,10.0,0.0,36.0,0.25,1.0,0.0,10.0,0.7
LOLTMNT02_407714,2026,2026-05-22 10:20:35+00:00,LCK,1,Rounds 1-2,0,16.1,complete,,,KT Rolster,oe:team:d723992568441c6bafa2658129eade7,Gen.G,oe:team:50f58982d91a36557ec8aec52ab014f,RED,0,1,RED,Gen.G,Rumble,Varus,Ezreal,Karma,Orianna,Jarvan IV,Nami,Jhin,Cassiopeia,Nautilus,Pantheon,Ryze,Lee Sin,Taliyah,Anivia,Naafiri,Wukong,Zaahen,Ambessa,Sion,oe:team:50f58982d91a36557ec8aec52ab014f|oe:team:d723992568441c6bafa2658129eade7,2026_20260522_Gen_G_vs_KT_Rolster_S3,[],0,False,52.0,30.0,0.5769230769230769,52.0,30.0,0.5769230769230769,5.0,0.6,10.0,0.6,27.0,0.6666666666666666,3.0,0.6666666666666666,5.0,0.4,54.0,42.0,0.7777777777777778,54.0,42.0,0.7777777777777778,5.0,0.6,10.0,0.8,22.0,0.6818181818181818,0.0,,5.0,0.6
LOLTMNT02_407744,2026,2026-05-22 11:11:42+00:00,LCK,2,Rounds 1-2,0,16.1,complete,,,KT Rolster,oe:team:d723992568441c6bafa2658129eade7,Gen.G,oe:team:50f58982d91a36557ec8aec52ab014f,BLUE,0,1,RED,Gen.G,Varus,Orianna,Cassiopeia,Ashe,Caitlyn,Jarvan IV,Nautilus,Galio,Rumble,Lucian,Jayce,Seraphine,Xin Zhao,Miss Fortune,Corki,Nocturne,Yorick,Ziggs,Trundle,Vayne,oe:team:50f58982d91a36557ec8aec52ab014f|oe:team:d723992568441c6bafa2658129eade7,2026_20260522_Gen_G_vs_KT_Rolster_S3,"[""Ezreal"", ""Karma"", ""Nami"", ""Jhin"", ""Pantheon"", ""Ryze"", ""Anivia"", ""Naafiri"", ""Ambessa"", ""Sion""]",10,False,53.0,30.0,0.5660377358490566,53.0,30.0,0.5660377358490566,5.0,0.6,10.0,0.6,28.0,0.6428571428571429,4.0,0.5,6.0,0.3333333333333333,55.0,43.0,0.7818181818181819,55.0,43.0,0.7818181818181819,5.0,0.6,10.0,0.8,23.0,0.6956521739130435,1.0,1.0,6.0,0.6666666666666666
LOLTMNT02_409322,2026,2026-05-23 08:06:07+00:00,LCK,1,Rounds 1-2,0,16.1,complete,,,Dplus Kia,oe:team:ef69efa6acebe94107f0cf1ba716806,BNK FEARX,oe:team:5c2e7e9ea8dfcba0150d9a5619baecf,RED,1,0,BLUE,Dplus Kia,Nocturne,Varus,Jarvan IV,Orianna,Ezreal,Bard,Karma,Lucian,Rumble,Cassiopeia,Caitlyn,Milio,Lee Sin,Viktor,Ryze,Naafiri,Xin Zhao,Ambessa,Gnar,Sion,oe:team:5c2e7e9ea8dfcba0150d9a5619baecf|oe:team:ef69efa6acebe94107f0cf1ba716806,2026_20260523_BNK_FEARX_vs_Dplus_Kia_S3,[],0,False,69.0,36.0,0.5217391304347826,69.0,36.0,0.5217391304347826,5.0,0.4,10.0,0.4,39.0,0.6410256410256411,3.0,0.6666666666666666,5.0,0.4,64.0,29.0,0.453125,64.0,29.0,0.453125,5.0,0.4,10.0,0.4,26.0,0.46153846153846156,2.0,0.0,5.0,0.6
LOLTMNT02_409387,2026,2026-05-23 09:01:51+00:00,LCK,2,Rounds 1-2,0,16.1,complete,,,BNK FEARX,oe:team:5c2e7e9ea8dfcba0150d9a5619baecf,Dplus Kia,oe:team:ef69efa6acebe94107f0cf1ba716806,BLUE,1,0,BLUE,BNK FEARX,Varus,Nocturne,Ashe,Seraphine,Bard,Trundle,Lulu,Xin Zhao,Cassiopeia,Renekton,Lee Sin,Ezreal,Twisted Fate,Annie,Ambessa,Rumble,Viktor,Akali,Ahri,LeBlanc,oe:team:5c2e7e9ea8dfcba0150d9a5619baecf|oe:team:ef69efa6acebe94107f0cf1ba716806,2026_20260523_BNK_FEARX_vs_Dplus_Kia_S3,"[""Jarvan IV"", ""Orianna"", ""Karma"", ""Lucian"", ""Caitlyn"", ""Milio"", ""Ryze"", ""Naafiri"", ""Gnar"", ""Sion""]",10,False,65.0,29.0,0.4461538461538462,65.0,29.0,0.4461538461538462,5.0,0.4,10.0,0.4,38.0,0.4473684210526316,3.0,0.0,6.0,0.5,70.0,37.0,0.5285714285714286,70.0,37.0,0.5285714285714286,5.0,0.6,10.0,0.5,30.0,0.36666666666666664,4.0,0.75,6.0,0.5
LOLTMNT02_409417,2026,2026-05-23 09:58:25+00:00,LCK,3,Rounds 1-2,0,16.1,complete,,,Dplus Kia,oe:team:ef69efa6acebe94107f0cf1ba716806,BNK FEARX,oe:team:5c2e7e9ea8dfcba0150d9a5619baecf,BLUE,1,0,BLUE,Dplus Kia,Varus,Bard,Viktor,Pantheon,Nocturne,Cassiopeia,Skarner,Taliyah,Akali,Wukong,Jayce,Yorick,Nami,Neeko,Poppy,Alistar,Nautilus,Sivir,Jhin,Miss Fortune,oe:team:5c2e7e9ea8dfcba0150d9a5619baecf|oe:team:ef69efa6acebe94107f0cf1ba716806,2026_20260523_BNK_FEARX_vs_Dplus_Kia_S3,"[""Jarvan IV"", ""Orianna"", ""Karma"", ""Lucian"", ""Caitlyn"", ""Milio"", ""Ryze"", ""Naafiri"", ""Gnar"", ""Sion"", ""Ashe"", ""Seraphine"", ""Lulu"", ""Xin Zhao"", ""Lee Sin"", ""Ezreal"", ""Ambessa"", ""Rumble"", ""Ahri"", ""LeBlanc""]",20,False,71.0,37.0,0.5211267605633803,71.0,37.0,0.5211267605633803,5.0,0.6,10.0,0.5,40.0,0.65,5.0,0.6,7.0,0.42857142857142855,66.0,30.0,0.45454545454545453,66.0,30.0,0.45454545454545453,5.0,0.4,10.0,0.5,27.0,0.4444444444444444,4.0,0.25,7.0,0.5714285714285714
LOLTMNT02_409510,2026,2026-05-23 11:15:14+00:00,LCK,1,Rounds 1-2,0,16.1,complete,,,Hanwha Life Esports,oe:team:3a1d18f46bcb3716ebcfcf4ef068934,Nongshim RedForce,oe:team:5cd2cd09ec94296f605dd13a2924d6c,RED,0,1,RED,Nongshim RedForce,Orianna,Varus,Bard,Rumble,Cassiopeia,Karma,Xin Zhao,Lucian,Ezreal,Jarvan IV,Jhin,Milio,Lee Sin,Ryze,Yorick,Annie,Pantheon,Jayce,Akali,Wukong,oe:team:3a1d18f46bcb3716ebcfcf4ef068934|oe:team:5cd2cd09ec94296f605dd13a2924d6c,2026_20260523_Hanwha_Life_Esports_vs_Nongshim_RedForce_S3,[],0,False,49.0,32.0,0.6530612244897959,49.0,32.0,0.6530612244897959,5.0,0.6,10.0,0.7,22.0,0.6818181818181818,2.0,1.0,5.0,0.4,54.0,18.0,0.3333333333333333,54.0,18.0,0.3333333333333333,5.0,0.2,10.0,0.1,34.0,0.29411764705882354,3.0,0.3333333333333333,5.0,0.6
LOLTMNT02_410580,2026,2026-05-23 12:08:47+00:00,LCK,2,Rounds 1-2,0,16.1,complete,,,Nongshim RedForce,oe:team:5cd2cd09ec94296f605dd13a2924d6c,Hanwha Life Esports,oe:team:3a1d18f46bcb3716ebcfcf4ef068934,RED,0,1,RED,Hanwha Life Esports,Cassiopeia,Varus,Ashe,Vi,Orianna,Ezreal,Pantheon,Ziggs,Ryze,Jarvan IV,Nautilus,Pyke,Jayce,Gnar,Ahri,Aurora,Yone,Azir,Ambessa,Sion,oe:team:3a1d18f46bcb3716ebcfcf4ef068934|oe:team:5cd2cd09ec94296f605dd13a2924d6c,2026_20260523_Hanwha_Life_Esports_vs_Nongshim_RedForce_S3,"[""Bard"", ""Rumble"", ""Xin Zhao"", ""Lucian"", ""Jhin"", ""Milio"", ""Yorick"", ""Annie"", ""Akali"", ""Wukong""]",10,False,55.0,19.0,0.34545454545454546,55.0,19.0,0.34545454545454546,5.0,0.4,10.0,0.2,20.0,0.4,4.0,0.5,6.0,0.6666666666666666,50.0,32.0,0.64,50.0,32.0,0.64,5.0,0.6,10.0,0.7,27.0,0.6296296296296297,3.0,0.6666666666666666,6.0,0.3333333333333333
LOLTMNT02_410667,2026,2026-05-23 12:59:35+00:00,LCK,3,Rounds 1-2,0,16.1,complete,,,Hanwha Life Esports,oe:team:3a1d18f46bcb3716ebcfcf4ef068934,Nongshim RedForce,oe:team:5cd2cd09ec94296f605dd13a2924d6c,RED,1,0,BLUE,Hanwha Life Esports,Orianna,Varus,Ryze,Jarvan IV,Ezreal,Caitlyn,Lee Sin,Yunara,Cassiopeia,Jayce,Gnar,Lulu,Vayne,Karma,Corki,Twisted Fate,Azir,Thresh,Nami,Renekton,oe:team:3a1d18f46bcb3716ebcfcf4ef068934|oe:team:5cd2cd09ec94296f605dd13a2924d6c,2026_20260523_Hanwha_Life_Esports_vs_Nongshim_RedForce_S3,"[""Bard"", ""Rumble"", ""Xin Zhao"", ""Lucian"", ""Jhin"", ""Milio"", ""Yorick"", ""Annie"", ""Akali"", ""Wukong"", ""Ashe"", ""Vi"", ""Pantheon"", ""Ziggs"", ""Nautilus"", ""Pyke"", ""Ahri"", ""Aurora"", ""Ambessa"", ""Sion""]",20,False,51.0,33.0,0.6470588235294118,51.0,33.0,0.6470588235294118,5.0,0.6,10.0,0.7,23.0,0.6521739130434783,4.0,0.75,7.0,0.42857142857142855,56.0,19.0,0.3392857142857143,56.0,19.0,0.3392857142857143,5.0,0.4,10.0,0.2,35.0,0.3142857142857143,5.0,0.4,7.0,0.5714285714285714
LOLTMNT02_412046,2026,2026-05-24 08:06:42+00:00,LCK,1,Rounds 1-2,0,16.1,complete,,,Gen.G,oe:team:50f58982d91a36557ec8aec52ab014f,DN SOOPers,oe:team:b3c72a20aa56f5d28022ac04a7dc294,RED,1,0,BLUE,Gen.G,Orianna,Varus,Bard,Ryze,Cassiopeia,Jarvan IV,Anivia,Lee Sin,Karma,Ezreal,Caitlyn,Rumble,Nautilus,K'Sante,Skarner,Ashe,Lucian,Nocturne,Ambessa,Seraphine,oe:team:50f58982d91a36557ec8aec52ab014f|oe:team:b3c72a20aa56f5d28022ac04a7dc294,2026_20260524_DN_SOOPers_vs_Gen_G_S2,[],0,False,56.0,44.0,0.7857142857142857,56.0,44.0,0.7857142857142857,5.0,0.6,10.0,0.8,32.0,0.84375,2.0,1.0,2.0,1.0,63.0,17.0,0.2698412698412698,63.0,17.0,0.2698412698412698,5.0,0.0,10.0,0.0,37.0,0.24324324324324326,2.0,0.0,2.0,0.0
LOLTMNT02_412073,2026,2026-05-24 08:56:11+00:00,LCK,2,Rounds 1-2,0,16.1,complete,,,Gen.G,oe:team:50f58982d91a36557ec8aec52ab014f,DN SOOPers,oe:team:b3c72a20aa56f5d28022ac04a7dc294,RED,1,0,BLUE,Gen.G,Orianna,Varus,Annie,Wukong,Cassiopeia,Xin Zhao,Lucian,Sion,Karma,Jarvan IV,Milio,Akali,Nautilus,Gwen,Vayne,Corki,Lulu,Trundle,Maokai,Nami,oe:team:50f58982d91a36557ec8aec52ab014f|oe:team:b3c72a20aa56f5d28022ac04a7dc294,2026_20260524_DN_SOOPers_vs_Gen_G_S2,"[""Bard"", ""Ryze"", ""Anivia"", ""Lee Sin"", ""Caitlyn"", ""Rumble"", ""Skarner"", ""Ashe"", ""Ambessa"", ""Seraphine""]",10,False,57.0,45.0,0.7894736842105263,57.0,45.0,0.7894736842105263,5.0,0.6,10.0,0.8,33.0,0.8484848484848485,3.0,1.0,3.0,1.0,64.0,17.0,0.265625,64.0,17.0,0.265625,5.0,0.0,10.0,0.0,38.0,0.23684210526315788,3.0,0.0,3.0,0.0
LOLTMNT02_411297,2026,2026-05-24 10:10:10+00:00,LCK,1,Rounds 1-2,0,16.1,complete,,,T1,oe:team:ce499dea30cfce118f4fe85da0227e8,HANJIN BRION,oe:team:b77b3f6068e20a2b3edc0ecd3dc70d4,RED,1,0,BLUE,T1,Orianna,Bard,Twisted Fate,Ryze,Cassiopeia,Varus,Caitlyn,Lee Sin,Karma,Anivia,Lux,Rumble,Nautilus,K'Sante,Sion,Jhin,Lucian,Ambessa,Naafiri,Pyke,oe:team:b77b3f6068e20a2b3edc0ecd3dc70d4|oe:team:ce499dea30cfce118f4fe85da0227e8,2026_20260524_HANJIN_BRION_vs_T1_S2,[],0,False,57.0,38.0,0.6666666666666666,57.0,38.0,0.6666666666666666,5.0,0.8,10.0,0.8,29.0,0.6896551724137931,3.0,0.6666666666666666,2.0,1.0,53.0,22.0,0.41509433962264153,53.0,22.0,0.41509433962264153,5.0,0.2,10.0,0.6,26.0,0.34615384615384615,3.0,0.3333333333333333,2.0,0.0
LOLTMNT02_411342,2026,2026-05-24 11:10:29+00:00,LCK,2,Rounds 1-2,0,16.1,complete,,,T1,oe:team:ce499dea30cfce118f4fe85da0227e8,HANJIN BRION,oe:team:b77b3f6068e20a2b3edc0ecd3dc70d4,RED,1,0,BLUE,T1,Orianna,Bard,Ashe,Lucian,Karma,Varus,Seraphine,Milio,Cassiopeia,Lulu,Xin Zhao,Jarvan IV,Akali,K'Sante,Anivia,Jayce,Annie,Taliyah,Yorick,Aurora,oe:team:b77b3f6068e20a2b3edc0ecd3dc70d4|oe:team:ce499dea30cfce118f4fe85da0227e8,2026_20260524_HANJIN_BRION_vs_T1_S2,"[""Twisted Fate"", ""Ryze"", ""Caitlyn"", ""Lee Sin"", ""Lux"", ""Rumble"", ""Sion"", ""Jhin"", ""Naafiri"", ""Pyke""]",10,False,58.0,39.0,0.6724137931034483,58.0,39.0,0.6724137931034483,5.0,0.8,10.0,0.8,30.0,0.7,4.0,0.75,3.0,1.0,54.0,22.0,0.4074074074074074,54.0,22.0,0.4074074074074074,5.0,0.2,10.0,0.5,27.0,0.3333333333333333,4.0,0.25,3.0,0.0
LOLTMNT02_413377,2026,2026-05-27 08:06:37+00:00,LCK,1,Rounds 1-2,0,16.1,complete,,,Gen.G,oe:team:50f58982d91a36557ec8aec52ab014f,Hanwha Life Esports,oe:team:3a1d18f46bcb3716ebcfcf4ef068934,RED,0,1,RED,Hanwha Life Esports,Orianna,Varus,Karma,Jarvan IV,Cassiopeia,Ezreal,Annie,Caitlyn,Ryze,Anivia,Jhin,Bard,Jayce,Lee Sin,Gnar,Aurora,Rumble,Vayne,Naafiri,Sion,oe:team:3a1d18f46bcb3716ebcfcf4ef068934|oe:team:50f58982d91a36557ec8aec52ab014f,2026_20260527_Gen_G_vs_Hanwha_Life_Esports_S3,[],0,False,58.0,46.0,0.7931034482758621,58.0,46.0,0.7931034482758621,5.0,0.8,10.0,0.8,34.0,0.8529411764705882,4.0,1.0,5.0,0.6,52.0,34.0,0.6538461538461539,52.0,34.0,0.6538461538461539,5.0,0.8,10.0,0.7,28.0,0.6428571428571429,5.0,0.8,5.0,0.4
LOLTMNT02_414180,2026,2026-05-27 09:12:52+00:00,LCK,2,Rounds 1-2,0,16.1,complete,,,Gen.G,oe:team:50f58982d91a36557ec8aec52ab014f,Hanwha Life Esports,oe:team:3a1d18f46bcb3716ebcfcf4ef068934,RED,1,0,BLUE,Gen.G,Jayce,Varus,Vi,Ryze,Nocturne,Anivia,Lucian,Trundle,Cassiopeia,Orianna,Milio,Rumble,Ashe,Ambessa,Yorick,Senna,Nautilus,Taliyah,Ahri,Alistar,oe:team:3a1d18f46bcb3716ebcfcf4ef068934|oe:team:50f58982d91a36557ec8aec52ab014f,2026_20260527_Gen_G_vs_Hanwha_Life_Esports_S3,"[""Karma"", ""Jarvan IV"", ""Annie"", ""Caitlyn"", ""Jhin"", ""Bard"", ""Gnar"", ""Aurora"", ""Naafiri"", ""Sion""]",10,False,59.0,46.0,0.7796610169491526,59.0,46.0,0.7796610169491526,5.0,0.8,10.0,0.7,35.0,0.8285714285714286,5.0,0.8,6.0,0.5,53.0,35.0,0.660377358490566,53.0,35.0,0.660377358490566,5.0,0.8,10.0,0.7,29.0,0.6551724137931034,6.0,0.8333333333333334,6.0,0.5
LOLTMNT02_413403,2026,2026-05-27 10:06:53+00:00,LCK,3,Rounds 1-2,0,16.1,complete,,,Gen.G,oe:team:50f58982d91a36557ec8aec52ab014f,Hanwha Life Esports,oe:team:3a1d18f46bcb3716ebcfcf4ef068934,RED,1,0,BLUE,Gen.G,Jayce,Varus,Lee Sin,Orianna,Ashe,Ezreal,Galio,Pantheon,Cassiopeia,Skarner,Vayne,Renekton,Poppy,Lulu,Rakan,Nautilus,Miss Fortune,Corki,Sivir,Xayah,oe:team:3a1d18f46bcb3716ebcfcf4ef068934|oe:team:50f58982d91a36557ec8aec52ab014f,2026_20260527_Gen_G_vs_Hanwha_Life_Esports_S3,"[""Karma"", ""Jarvan IV"", ""Annie"", ""Caitlyn"", ""Jhin"", ""Bard"", ""Gnar"", ""Aurora"", ""Naafiri"", ""Sion"", ""Vi"", ""Ryze"", ""Lucian"", ""Trundle"", ""Milio"", ""Rumble"", ""Yorick"", ""Senna"", ""Ahri"", ""Alistar""]",20,False,60.0,47.0,0.7833333333333333,60.0,47.0,0.7833333333333333,5.0,0.8,10.0,0.7,36.0,0.8333333333333334,6.0,0.8333333333333334,7.0,0.5714285714285714,54.0,35.0,0.6481481481481481,54.0,35.0,0.6481481481481481,5.0,0.6,10.0,0.6,30.0,0.6333333333333333,7.0,0.7142857142857143,7.0,0.42857142857142855
LOLTMNT02_413460,2026,2026-05-27 11:17:26+00:00,LCK,1,Rounds 1-2,0,16.1,complete,,,BNK FEARX,oe:team:5c2e7e9ea8dfcba0150d9a5619baecf,Kiwoom DRX,oe:team:1d0389df0c5eea93b04122ba167c010,RED,1,0,BLUE,BNK FEARX,Orianna,Ezreal,Rumble,Jarvan IV,Cassiopeia,Ashe,Ryze,K'Sante,Karma,Varus,Lee Sin,Annie,Nautilus,Lucian,Caitlyn,Miss Fortune,Bard,Yunara,Lux,Rell,oe:team:1d0389df0c5eea93b04122ba167c010|oe:team:5c2e7e9ea8dfcba0150d9a5619baecf,2026_20260527_BNK_FEARX_vs_Kiwoom_DRX_S2,[],0,False,67.0,30.0,0.44776119402985076,67.0,30.0,0.44776119402985076,5.0,0.2,10.0,0.4,39.0,0.46153846153846156,5.0,0.2,2.0,1.0,71.0,29.0,0.4084507042253521,71.0,29.0,0.4084507042253521,5.0,0.6,10.0,0.6,38.0,0.39473684210526316,5.0,0.6,2.0,0.0
LOLTMNT02_414278,2026,2026-05-27 12:13:29+00:00,LCK,2,Rounds 1-2,0,16.1,complete,,,BNK FEARX,oe:team:5c2e7e9ea8dfcba0150d9a5619baecf,Kiwoom DRX,oe:team:1d0389df0c5eea93b04122ba167c010,RED,0,1,RED,Kiwoom DRX,Orianna,Ashe,Karma,Ezreal,Cassiopeia,Varus,Naafiri,Bard,Xin Zhao,Jayce,Jhin,Gnar,Wukong,Renekton,Aurora,Viktor,Vi,Ahri,Sylas,Pantheon,oe:team:1d0389df0c5eea93b04122ba167c010|oe:team:5c2e7e9ea8dfcba0150d9a5619baecf,2026_20260527_BNK_FEARX_vs_Kiwoom_DRX_S2,"[""Rumble"", ""Jarvan IV"", ""Ryze"", ""K'Sante"", ""Lee Sin"", ""Annie"", ""Caitlyn"", ""Miss Fortune"", ""Lux"", ""Rell""]",10,False,68.0,31.0,0.45588235294117646,68.0,31.0,0.45588235294117646,5.0,0.4,10.0,0.4,40.0,0.475,6.0,0.3333333333333333,3.0,1.0,72.0,29.0,0.4027777777777778,72.0,29.0,0.4027777777777778,5.0,0.6,10.0,0.5,39.0,0.38461538461538464,6.0,0.5,3.0,0.0
LOLTMNT02_413504,2026,2026-05-27 13:07:31+00:00,LCK,3,Rounds 1-2,0,16.1,complete,,,Kiwoom DRX,oe:team:1d0389df0c5eea93b04122ba167c010,BNK FEARX,oe:team:5c2e7e9ea8dfcba0150d9a5619baecf,RED,0,1,RED,BNK FEARX,Ashe,Varus,Yunara,Lucian,Orianna,Vi,Renekton,Milio,Cassiopeia,Akali,Lulu,Xin Zhao,Sion,Wukong,Jax,Ahri,Jayce,Nocturne,Mel,Shen,oe:team:1d0389df0c5eea93b04122ba167c010|oe:team:5c2e7e9ea8dfcba0150d9a5619baecf,2026_20260527_BNK_FEARX_vs_Kiwoom_DRX_S2,"[""Rumble"", ""Jarvan IV"", ""Ryze"", ""K'Sante"", ""Lee Sin"", ""Annie"", ""Caitlyn"", ""Miss Fortune"", ""Lux"", ""Rell"", ""Karma"", ""Ezreal"", ""Naafiri"", ""Bard"", ""Jhin"", ""Gnar"", ""Aurora"", ""Viktor"", ""Sylas"", ""Pantheon""]",20,False,73.0,30.0,0.410958904109589,73.0,30.0,0.410958904109589,5.0,0.6,10.0,0.6,33.0,0.42424242424242425,7.0,0.5714285714285714,4.0,0.25,69.0,31.0,0.4492753623188406,69.0,31.0,0.4492753623188406,5.0,0.4,10.0,0.4,28.0,0.42857142857142855,7.0,0.2857142857142857,4.0,0.75
LOLTMNT02_414553,2026,2026-05-28 08:03:36+00:00,LCK,1,Rounds 1-2,0,16.1,complete,,,DN SOOPers,oe:team:b3c72a20aa56f5d28022ac04a7dc294,Nongshim RedForce,oe:team:5cd2cd09ec94296f605dd13a2924d6c,RED,1,0,BLUE,DN SOOPers,Orianna,Varus,Bard,Cassiopeia,Jarvan IV,Karma,Lee Sin,Ezreal,Lucian,Rumble,Caitlyn,Neeko,Vi,Akali,LeBlanc,Pantheon,Nocturne,Annie,Zaahen,Sion,oe:team:5cd2cd09ec94296f605dd13a2924d6c|oe:team:b3c72a20aa56f5d28022ac04a7dc294,2026_20260528_DN_SOOPers_vs_Nongshim_RedForce_S3,[],0,False,65.0,17.0,0.26153846153846155,65.0,17.0,0.26153846153846155,5.0,0.0,10.0,0.0,26.0,0.3076923076923077,4.0,0.0,5.0,0.4,57.0,19.0,0.3333333333333333,57.0,19.0,0.3333333333333333,5.0,0.2,10.0,0.2,36.0,0.3055555555555556,6.0,0.3333333333333333,5.0,0.6
LOLTMNT02_414569,2026,2026-05-28 08:59:44+00:00,LCK,2,Rounds 1-2,0,16.1,complete,,,DN SOOPers,oe:team:b3c72a20aa56f5d28022ac04a7dc294,Nongshim RedForce,oe:team:5cd2cd09ec94296f605dd13a2924d6c,RED,0,1,RED,Nongshim RedForce,Orianna,Varus,Annie,Ryze,Jarvan IV,Karma,Wukong,Yunara,Lucian,Vi,Rumble,Lulu,Nocturne,Nautilus,Zeri,Xin Zhao,K'Sante,Ashe,Yuumi,Galio,oe:team:5cd2cd09ec94296f605dd13a2924d6c|oe:team:b3c72a20aa56f5d28022ac04a7dc294,2026_20260528_DN_SOOPers_vs_Nongshim_RedForce_S3,"[""Bard"", ""Cassiopeia"", ""Lee Sin"", ""Ezreal"", ""Caitlyn"", ""Neeko"", ""LeBlanc"", ""Pantheon"", ""Zaahen"", ""Sion""]",10,False,66.0,18.0,0.2727272727272727,66.0,18.0,0.2727272727272727,5.0,0.2,10.0,0.1,27.0,0.3333333333333333,5.0,0.2,6.0,0.5,58.0,19.0,0.3275862068965517,58.0,19.0,0.3275862068965517,5.0,0.2,10.0,0.2,37.0,0.2972972972972973,7.0,0.2857142857142857,6.0,0.5
LOLTMNT02_414581,2026,2026-05-28 09:44:44+00:00,LCK,3,Rounds 1-2,0,16.1,complete,,,DN SOOPers,oe:team:b3c72a20aa56f5d28022ac04a7dc294,Nongshim RedForce,oe:team:5cd2cd09ec94296f605dd13a2924d6c,RED,0,1,RED,Nongshim RedForce,Orianna,Varus,Naafiri,Nocturne,Jarvan IV,Vi,Karma,Miss Fortune,Lucian,Trundle,Sivir,Nautilus,Twisted Fate,Akali,Aurora,Renekton,Viktor,K'Sante,Gnar,Taliyah,oe:team:5cd2cd09ec94296f605dd13a2924d6c|oe:team:b3c72a20aa56f5d28022ac04a7dc294,2026_20260528_DN_SOOPers_vs_Nongshim_RedForce_S3,"[""Bard"", ""Cassiopeia"", ""Lee Sin"", ""Ezreal"", ""Caitlyn"", ""Neeko"", ""LeBlanc"", ""Pantheon"", ""Zaahen"", ""Sion"", ""Annie"", ""Ryze"", ""Wukong"", ""Yunara"", ""Rumble"", ""Lulu"", ""Zeri"", ""Xin Zhao"", ""Yuumi"", ""Galio""]",20,False,67.0,18.0,0.26865671641791045,67.0,18.0,0.26865671641791045,5.0,0.2,10.0,0.1,28.0,0.32142857142857145,6.0,0.16666666666666666,7.0,0.42857142857142855,59.0,20.0,0.3389830508474576,59.0,20.0,0.3389830508474576,5.0,0.4,10.0,0.3,38.0,0.3157894736842105,8.0,0.375,7.0,0.5714285714285714
LOLTMNT02_414612,2026,2026-05-28 11:03:41+00:00,LCK,1,Rounds 1-2,0,16.1,complete,,,T1,oe:team:ce499dea30cfce118f4fe85da0227e8,KT Rolster,oe:team:d723992568441c6bafa2658129eade7,RED,1,0,BLUE,T1,Orianna,Varus,Rumble,Lucian,Karma,Bard,Vi,Milio,Cassiopeia,Caitlyn,Anivia,Ryze,Trundle,Seraphine,Xayah,Yorick,K'Sante,Neeko,Rakan,Wukong,oe:team:ce499dea30cfce118f4fe85da0227e8|oe:team:d723992568441c6bafa2658129eade7,2026_20260528_KT_Rolster_vs_T1_S3,[],0,False,59.0,40.0,0.6779661016949152,59.0,40.0,0.6779661016949152,5.0,0.8,10.0,0.8,31.0,0.7096774193548387,5.0,0.8,4.0,0.5,54.0,30.0,0.5555555555555556,54.0,30.0,0.5555555555555556,5.0,0.4,10.0,0.5,25.0,0.48,5.0,0.4,4.0,0.5
LOLTMNT02_413783,2026,2026-05-28 11:55:14+00:00,LCK,2,Rounds 1-2,0,16.1,complete,,,T1,oe:team:ce499dea30cfce118f4fe85da0227e8,KT Rolster,oe:team:d723992568441c6bafa2658129eade7,RED,1,0,BLUE,T1,Orianna,Varus,Ashe,Annie,Cassiopeia,Bard,Seraphine,Nautilus,Karma,Caitlyn,Xin Zhao,Lee Sin,Miss Fortune,Galio,Akali,Mel,Ziggs,Sion,Olaf,Jayce,oe:team:ce499dea30cfce118f4fe85da0227e8|oe:team:d723992568441c6bafa2658129eade7,2026_20260528_KT_Rolster_vs_T1_S3,"[""Rumble"", ""Lucian"", ""Vi"", ""Milio"", ""Anivia"", ""Ryze"", ""Xayah"", ""Yorick"", ""Rakan"", ""Wukong""]",10,False,60.0,41.0,0.6833333333333333,60.0,41.0,0.6833333333333333,5.0,0.8,10.0,0.8,32.0,0.71875,6.0,0.8333333333333334,5.0,0.6,55.0,30.0,0.5454545454545454,55.0,30.0,0.5454545454545454,5.0,0.4,10.0,0.5,26.0,0.46153846153846156,6.0,0.3333333333333333,5.0,0.4
LOLTMNT02_415033,2026,2026-05-29 08:09:08+00:00,LCK,1,Rounds 1-2,0,16.1,complete,,,Dplus Kia,oe:team:ef69efa6acebe94107f0cf1ba716806,Kiwoom DRX,oe:team:1d0389df0c5eea93b04122ba167c010,RED,1,0,BLUE,Dplus Kia,Nocturne,Bard,Viktor,Orianna,Varus,Karma,Lucian,Vi,Rumble,Jarvan IV,Braum,Nautilus,Senna,Xin Zhao,Wukong,Ezreal,Sivir,Jayce,Vayne,Gnar,oe:team:1d0389df0c5eea93b04122ba167c010|oe:team:ef69efa6acebe94107f0cf1ba716806,2026_20260529_Dplus_Kia_vs_Kiwoom_DRX_S4,[],0,False,72.0,38.0,0.5277777777777778,72.0,38.0,0.5277777777777778,5.0,0.6,10.0,0.6,41.0,0.6585365853658537,6.0,0.6666666666666666,9.0,0.7777777777777778,74.0,30.0,0.40540540540540543,74.0,30.0,0.40540540540540543,5.0,0.6,10.0,0.6,40.0,0.4,8.0,0.5,9.0,0.2222222222222222
LOLTMNT02_415073,2026,2026-05-29 09:00:16+00:00,LCK,2,Rounds 1-2,0,16.1,complete,,,Dplus Kia,oe:team:ef69efa6acebe94107f0cf1ba716806,Kiwoom DRX,oe:team:1d0389df0c5eea93b04122ba167c010,RED,0,1,RED,Kiwoom DRX,Cassiopeia,Varus,Ashe,Lee Sin,Bard,Jhin,Xin Zhao,Ryze,Jarvan IV,Caitlyn,Seraphine,K'Sante,Yuumi,Ambessa,Zaahen,Yunara,Pyke,Annie,Taliyah,Lulu,oe:team:1d0389df0c5eea93b04122ba167c010|oe:team:ef69efa6acebe94107f0cf1ba716806,2026_20260529_Dplus_Kia_vs_Kiwoom_DRX_S4,"[""Viktor"", ""Orianna"", ""Lucian"", ""Vi"", ""Braum"", ""Nautilus"", ""Wukong"", ""Ezreal"", ""Vayne"", ""Gnar""]",10,False,73.0,39.0,0.5342465753424658,73.0,39.0,0.5342465753424658,5.0,0.8,10.0,0.6,42.0,0.6666666666666666,7.0,0.7142857142857143,10.0,0.8,75.0,30.0,0.4,75.0,30.0,0.4,5.0,0.4,10.0,0.5,41.0,0.3902439024390244,9.0,0.4444444444444444,10.0,0.2
LOLTMNT02_415083,2026,2026-05-29 09:49:54+00:00,LCK,3,Rounds 1-2,0,16.1,complete,,,Kiwoom DRX,oe:team:1d0389df0c5eea93b04122ba167c010,Dplus Kia,oe:team:ef69efa6acebe94107f0cf1ba716806,RED,0,1,RED,Dplus Kia,Cassiopeia,Varus,Jhin,Jarvan IV,Caitlyn,Annie,Karma,Miss Fortune,Yuumi,Nocturne,Rumble,Bard,Ambessa,Naafiri,Ahri,Galio,Yorick,Mel,Pantheon,Aurora,oe:team:1d0389df0c5eea93b04122ba167c010|oe:team:ef69efa6acebe94107f0cf1ba716806,2026_20260529_Dplus_Kia_vs_Kiwoom_DRX_S4,"[""Viktor"", ""Orianna"", ""Lucian"", ""Vi"", ""Braum"", ""Nautilus"", ""Wukong"", ""Ezreal"", ""Vayne"", ""Gnar"", ""Ashe"", ""Lee Sin"", ""Xin Zhao"", ""Ryze"", ""Seraphine"", ""K'Sante"", ""Zaahen"", ""Yunara"", ""Taliyah"", ""Lulu""]",20,False,76.0,31.0,0.40789473684210525,76.0,31.0,0.40789473684210525,5.0,0.4,10.0,0.5,34.0,0.4117647058823529,10.0,0.5,11.0,0.2727272727272727,74.0,39.0,0.527027027027027,74.0,39.0,0.527027027027027,5.0,0.6,10.0,0.5,31.0,0.3548387096774194,8.0,0.625,11.0,0.7272727272727273
LOLTMNT02_415144,2026,2026-05-29 11:07:01+00:00,LCK,1,Rounds 1-2,0,16.1,complete,,,Gen.G,oe:team:50f58982d91a36557ec8aec52ab014f,HANJIN BRION,oe:team:b77b3f6068e20a2b3edc0ecd3dc70d4,RED,1,0,BLUE,Gen.G,Cassiopeia,Varus,Ryze,Lucian,Caitlyn,Bard,Vi,Xin Zhao,Orianna,Karma,Rumble,Milio,K'Sante,Nautilus,Rakan,Yorick,Galio,Lulu,Xayah,Taliyah,oe:team:50f58982d91a36557ec8aec52ab014f|oe:team:b77b3f6068e20a2b3edc0ecd3dc70d4,2026_20260529_Gen_G_vs_HANJIN_BRION_S2,[],0,False,61.0,48.0,0.7868852459016393,61.0,48.0,0.7868852459016393,5.0,0.8,10.0,0.7,37.0,0.8378378378378378,7.0,0.8571428571428571,2.0,1.0,55.0,22.0,0.4,55.0,22.0,0.4,5.0,0.2,10.0,0.4,28.0,0.32142857142857145,5.0,0.2,2.0,0.0
LOLTMNT02_414922,2026,2026-05-29 12:01:10+00:00,LCK,2,Rounds 1-2,0,16.1,complete,,,Gen.G,oe:team:50f58982d91a36557ec8aec52ab014f,HANJIN BRION,oe:team:b77b3f6068e20a2b3edc0ecd3dc70d4,BLUE,1,0,BLUE,Gen.G,Varus,Orianna,Jarvan IV,Pantheon,Lee Sin,Cassiopeia,Ziggs,Caitlyn,Ezreal,Karma,Nautilus,Aurora,Vayne,Twisted Fate,Ambessa,Sion,Renekton,Gnar,Mel,Tahm Kench,oe:team:50f58982d91a36557ec8aec52ab014f|oe:team:b77b3f6068e20a2b3edc0ecd3dc70d4,2026_20260529_Gen_G_vs_HANJIN_BRION_S2,"[""Ryze"", ""Lucian"", ""Vi"", ""Xin Zhao"", ""Rumble"", ""Milio"", ""Rakan"", ""Yorick"", ""Xayah"", ""Taliyah""]",10,False,62.0,49.0,0.7903225806451613,62.0,49.0,0.7903225806451613,5.0,0.8,10.0,0.7,38.0,0.8421052631578947,8.0,0.875,3.0,1.0,56.0,22.0,0.39285714285714285,56.0,22.0,0.39285714285714285,5.0,0.2,10.0,0.3,29.0,0.3103448275862069,6.0,0.16666666666666666,3.0,0.0
LOLTMNT02_415309,2026,2026-05-30 08:05:58+00:00,LCK,1,Rounds 1-2,0,16.1,complete,,,KT Rolster,oe:team:d723992568441c6bafa2658129eade7,DN SOOPers,oe:team:b3c72a20aa56f5d28022ac04a7dc294,RED,1,0,BLUE,KT Rolster,Cassiopeia,Varus,Lucian,Ryze,Orianna,Jarvan IV,Taliyah,Miss Fortune,Caitlyn,Karma,Braum,Nautilus,Lee Sin,Vi,Xin Zhao,Wukong,Rumble,Zaahen,Gnar,Sion,oe:team:b3c72a20aa56f5d28022ac04a7dc294|oe:team:d723992568441c6bafa2658129eade7,2026_20260530_DN_SOOPers_vs_KT_Rolster_S4,[],0,False,56.0,30.0,0.5357142857142857,56.0,30.0,0.5357142857142857,5.0,0.2,10.0,0.4,29.0,0.6206896551724138,7.0,0.2857142857142857,7.0,0.5714285714285714,68.0,18.0,0.2647058823529412,68.0,18.0,0.2647058823529412,5.0,0.2,10.0,0.1,39.0,0.23076923076923078,7.0,0.14285714285714285,7.0,0.42857142857142855
LOLTMNT02_415338,2026,2026-05-30 08:58:01+00:00,LCK,2,Rounds 1-2,0,16.1,complete,,,KT Rolster,oe:team:d723992568441c6bafa2658129eade7,DN SOOPers,oe:team:b3c72a20aa56f5d28022ac04a7dc294,RED,1,0,BLUE,KT Rolster,Cassiopeia,Varus,Jhin,Caitlyn,Orianna,Jarvan IV,Karma,Lee Sin,Ezreal,Jayce,Annie,Bard,Akali,Pantheon,Rumble,Ambessa,K'Sante,Renekton,Trundle,Galio,oe:team:b3c72a20aa56f5d28022ac04a7dc294|oe:team:d723992568441c6bafa2658129eade7,2026_20260530_DN_SOOPers_vs_KT_Rolster_S4,"[""Lucian"", ""Ryze"", ""Taliyah"", ""Miss Fortune"", ""Braum"", ""Nautilus"", ""Xin Zhao"", ""Wukong"", ""Gnar"", ""Sion""]",10,False,57.0,31.0,0.543859649122807,57.0,31.0,0.543859649122807,5.0,0.2,10.0,0.4,30.0,0.6333333333333333,8.0,0.375,8.0,0.625,69.0,18.0,0.2608695652173913,69.0,18.0,0.2608695652173913,5.0,0.2,10.0,0.1,40.0,0.225,8.0,0.125,8.0,0.375
LOLTMNT02_416145,2026,2026-05-30 10:20:58+00:00,LCK,1,Rounds 1-2,0,16.1,complete,,,BNK FEARX,oe:team:5c2e7e9ea8dfcba0150d9a5619baecf,T1,oe:team:ce499dea30cfce118f4fe85da0227e8,RED,0,1,RED,T1,Orianna,Varus,Ezreal,Bard,Cassiopeia,Lucian,Ryze,Anivia,Caitlyn,Karma,Neeko,Jhin,Xin Zhao,Jarvan IV,Wukong,Rumble,Pantheon,Lee Sin,K'Sante,Nocturne,oe:team:5c2e7e9ea8dfcba0150d9a5619baecf|oe:team:ce499dea30cfce118f4fe85da0227e8,2026_20260530_BNK_FEARX_vs_T1_S4,[],0,False,70.0,32.0,0.45714285714285713,70.0,32.0,0.45714285714285713,5.0,0.6,10.0,0.5,41.0,0.4634146341463415,8.0,0.375,9.0,0.4444444444444444,61.0,42.0,0.6885245901639344,61.0,42.0,0.6885245901639344,5.0,1.0,10.0,0.8,28.0,0.6428571428571429,7.0,0.8571428571428571,9.0,0.5555555555555556
LOLTMNT02_415381,2026,2026-05-30 11:23:27+00:00,LCK,2,Rounds 1-2,0,16.1,complete,,,BNK FEARX,oe:team:5c2e7e9ea8dfcba0150d9a5619baecf,T1,oe:team:ce499dea30cfce118f4fe85da0227e8,RED,0,1,RED,T1,Orianna,Varus,Caitlyn,Vi,Cassiopeia,Jarvan IV,Karma,Nautilus,Xin Zhao,Trundle,Pantheon,Mel,Akali,Annie,Viktor,Sion,Ahri,Olaf,Gwen,Azir,oe:team:5c2e7e9ea8dfcba0150d9a5619baecf|oe:team:ce499dea30cfce118f4fe85da0227e8,2026_20260530_BNK_FEARX_vs_T1_S4,"[""Ezreal"", ""Bard"", ""Ryze"", ""Anivia"", ""Neeko"", ""Jhin"", ""Wukong"", ""Rumble"", ""K'Sante"", ""Nocturne""]",10,False,71.0,32.0,0.4507042253521127,71.0,32.0,0.4507042253521127,5.0,0.4,10.0,0.4,42.0,0.4523809523809524,9.0,0.3333333333333333,10.0,0.4,62.0,43.0,0.6935483870967742,62.0,43.0,0.6935483870967742,5.0,1.0,10.0,0.9,29.0,0.6551724137931034,8.0,0.875,10.0,0.6
LOLTMNT02_416394,2026,2026-05-31 08:06:48+00:00,LCK,1,Rounds 1-2,0,16.1,complete,,,Hanwha Life Esports,oe:team:3a1d18f46bcb3716ebcfcf4ef068934,HANJIN BRION,oe:team:b77b3f6068e20a2b3edc0ecd3dc70d4,RED,1,0,BLUE,Hanwha Life Esports,Ezreal,Varus,Bard,Orianna,Nocturne,Karma,Caitlyn,Lee Sin,Rumble,Jarvan IV,Vi,Nautilus,Mel,Cassiopeia,Viktor,Ziggs,Miss Fortune,Sion,K'Sante,Jayce,oe:team:3a1d18f46bcb3716ebcfcf4ef068934|oe:team:b77b3f6068e20a2b3edc0ecd3dc70d4,2026_20260531_HANJIN_BRION_vs_Hanwha_Life_Esports_S3,[],0,False,55.0,35.0,0.6363636363636364,55.0,35.0,0.6363636363636364,5.0,0.6,10.0,0.6,24.0,0.6666666666666666,8.0,0.625,5.0,0.8,57.0,22.0,0.38596491228070173,57.0,22.0,0.38596491228070173,5.0,0.0,10.0,0.2,30.0,0.3,7.0,0.14285714285714285,5.0,0.2
LOLTMNT02_416414,2026,2026-05-31 09:03:34+00:00,LCK,2,Rounds 1-2,0,16.1,complete,,,Hanwha Life Esports,oe:team:3a1d18f46bcb3716ebcfcf4ef068934,HANJIN BRION,oe:team:b77b3f6068e20a2b3edc0ecd3dc70d4,RED,1,0,BLUE,Hanwha Life Esports,Cassiopeia,Varus,Ryze,Jarvan IV,Nocturne,Xin Zhao,Ashe,Ezreal,Karma,Lucian,Seraphine,Neeko,Aurora,Naafiri,Gnar,Twisted Fate,Rumble,Vayne,Pantheon,Taliyah,oe:team:3a1d18f46bcb3716ebcfcf4ef068934|oe:team:b77b3f6068e20a2b3edc0ecd3dc70d4,2026_20260531_HANJIN_BRION_vs_Hanwha_Life_Esports_S3,"[""Bard"", ""Orianna"", ""Caitlyn"", ""Lee Sin"", ""Vi"", ""Nautilus"", ""Viktor"", ""Ziggs"", ""K'Sante"", ""Jayce""]",10,False,56.0,36.0,0.6428571428571429,56.0,36.0,0.6428571428571429,5.0,0.6,10.0,0.6,25.0,0.68,9.0,0.6666666666666666,6.0,0.8333333333333334,58.0,22.0,0.3793103448275862,58.0,22.0,0.3793103448275862,5.0,0.0,10.0,0.1,31.0,0.2903225806451613,8.0,0.125,6.0,0.16666666666666666
LOLTMNT02_416470,2026,2026-05-31 10:17:32+00:00,LCK,1,Rounds 1-2,0,16.1,complete,,,Nongshim RedForce,oe:team:5cd2cd09ec94296f605dd13a2924d6c,Dplus Kia,oe:team:ef69efa6acebe94107f0cf1ba716806,RED,0,1,RED,Dplus Kia,Cassiopeia,Varus,Ezreal,Karma,Orianna,Nautilus,Ryze,Jarvan IV,Anivia,Nocturne,Bard,Jhin,Twisted Fate,Xin Zhao,Rumble,K'Sante,Annie,Lee Sin,Naafiri,Viktor,oe:team:5cd2cd09ec94296f605dd13a2924d6c|oe:team:ef69efa6acebe94107f0cf1ba716806,2026_20260531_Dplus_Kia_vs_Nongshim_RedForce_S3,[],0,False,60.0,21.0,0.35,60.0,21.0,0.35,5.0,0.4,10.0,0.4,21.0,0.38095238095238093,9.0,0.4444444444444444,5.0,0.6,75.0,40.0,0.5333333333333333,75.0,40.0,0.5333333333333333,5.0,0.6,10.0,0.6,32.0,0.375,9.0,0.6666666666666666,5.0,0.4
LOLTMNT02_416511,2026,2026-05-31 11:10:18+00:00,LCK,2,Rounds 1-2,0,16.1,complete,,,Dplus Kia,oe:team:ef69efa6acebe94107f0cf1ba716806,Nongshim RedForce,oe:team:5cd2cd09ec94296f605dd13a2924d6c,RED,1,0,BLUE,Dplus Kia,Orianna,Varus,Lucian,Cassiopeia,Nocturne,Vi,Anivia,Pantheon,Lee Sin,Ashe,Milio,Jayce,Nautilus,Xin Zhao,Skarner,Corki,Lulu,Wukong,Sion,Nami,oe:team:5cd2cd09ec94296f605dd13a2924d6c|oe:team:ef69efa6acebe94107f0cf1ba716806,2026_20260531_Dplus_Kia_vs_Nongshim_RedForce_S3,"[""Ezreal"", ""Karma"", ""Ryze"", ""Jarvan IV"", ""Bard"", ""Jhin"", ""Rumble"", ""K'Sante"", ""Naafiri"", ""Viktor""]",10,False,76.0,41.0,0.5394736842105263,76.0,41.0,0.5394736842105263,5.0,0.8,10.0,0.7,43.0,0.6511627906976745,10.0,0.7,6.0,0.5,61.0,21.0,0.3442622950819672,61.0,21.0,0.3442622950819672,5.0,0.4,10.0,0.4,39.0,0.3333333333333333,10.0,0.4,6.0,0.5
LOLTMNT01_397879,2026,2026-06-06 08:12:31+00:00,LCK,1,Rounds 1-2,1,16.11,complete,,,Dplus Kia,oe:team:ef69efa6acebe94107f0cf1ba716806,HANJIN BRION,oe:team:b77b3f6068e20a2b3edc0ecd3dc70d4,RED,1,0,BLUE,Dplus Kia,Nocturne,Varus,Jarvan IV,Orianna,Xin Zhao,Bard,Viktor,Naafiri,Ezreal,Karma,K'Sante,Rumble,Caitlyn,Ashe,Milio,Xayah,Nautilus,Braum,Yunara,Rakan,oe:team:b77b3f6068e20a2b3edc0ecd3dc70d4|oe:team:ef69efa6acebe94107f0cf1ba716806,2026_20260606_Dplus_Kia_vs_HANJIN_BRION_S4,[],0,False,77.0,42.0,0.5454545454545454,77.0,42.0,0.5454545454545454,5.0,0.8,10.0,0.7,44.0,0.6590909090909091,0.0,,7.0,0.8571428571428571,59.0,22.0,0.3728813559322034,59.0,22.0,0.3728813559322034,5.0,0.0,10.0,0.1,32.0,0.28125,0.0,,7.0,0.14285714285714285
LOLTMNT01_397898,2026,2026-06-06 09:11:59+00:00,LCK,2,Rounds 1-2,1,16.11,complete,,,Dplus Kia,oe:team:ef69efa6acebe94107f0cf1ba716806,HANJIN BRION,oe:team:b77b3f6068e20a2b3edc0ecd3dc70d4,BLUE,1,0,BLUE,Dplus Kia,Varus,Cassiopeia,Ryze,Anivia,Nocturne,Karma,Lee Sin,Caitlyn,Yorick,Jayce,Ziggs,Bard,Vayne,Nautilus,Tristana,Gnar,Xin Zhao,Pyke,Camille,Pantheon,oe:team:b77b3f6068e20a2b3edc0ecd3dc70d4|oe:team:ef69efa6acebe94107f0cf1ba716806,2026_20260606_Dplus_Kia_vs_HANJIN_BRION_S4,"[""Jarvan IV"", ""Orianna"", ""Viktor"", ""Naafiri"", ""K'Sante"", ""Rumble"", ""Milio"", ""Xayah"", ""Yunara"", ""Rakan""]",10,False,78.0,43.0,0.5512820512820513,78.0,43.0,0.5512820512820513,5.0,0.8,10.0,0.8,45.0,0.6666666666666666,1.0,1.0,8.0,0.875,60.0,22.0,0.36666666666666664,60.0,22.0,0.36666666666666664,5.0,0.0,10.0,0.1,33.0,0.2727272727272727,1.0,0.0,8.0,0.125
LOLTMNT01_397929,2026,2026-06-06 09:57:23+00:00,LCK,3,Rounds 1-2,1,16.11,complete,,,Dplus Kia,oe:team:ef69efa6acebe94107f0cf1ba716806,HANJIN BRION,oe:team:b77b3f6068e20a2b3edc0ecd3dc70d4,RED,1,0,BLUE,Dplus Kia,Nocturne,Varus,Annie,Ezreal,Karma,Nautilus,Wukong,Neeko,Cassiopeia,Ashe,Sion,Jayce,Trundle,Yuumi,Mel,Xin Zhao,Akali,Lulu,Shen,Taliyah,oe:team:b77b3f6068e20a2b3edc0ecd3dc70d4|oe:team:ef69efa6acebe94107f0cf1ba716806,2026_20260606_Dplus_Kia_vs_HANJIN_BRION_S4,"[""Jarvan IV"", ""Orianna"", ""Viktor"", ""Naafiri"", ""K'Sante"", ""Rumble"", ""Milio"", ""Xayah"", ""Yunara"", ""Rakan"", ""Ryze"", ""Anivia"", ""Lee Sin"", ""Caitlyn"", ""Ziggs"", ""Bard"", ""Tristana"", ""Gnar"", ""Camille"", ""Pantheon""]",20,False,79.0,44.0,0.5569620253164557,79.0,44.0,0.5569620253164557,5.0,1.0,10.0,0.8,46.0,0.6739130434782609,2.0,1.0,9.0,0.8888888888888888,61.0,22.0,0.36065573770491804,61.0,22.0,0.36065573770491804,5.0,0.0,10.0,0.1,34.0,0.2647058823529412,2.0,0.0,9.0,0.1111111111111111
LOLTMNT01_399193,2026,2026-06-07 08:09:33+00:00,LCK,1,Rounds 1-2,1,16.11,complete,,,KT Rolster,oe:team:d723992568441c6bafa2658129eade7,Dplus Kia,oe:team:ef69efa6acebe94107f0cf1ba716806,RED,0,1,RED,Dplus Kia,Bard,Varus,Rumble,Orianna,Karma,Nocturne,Viktor,Ashe,Jarvan IV,Naafiri,Nautilus,Seraphine,K'Sante,Miss Fortune,Xin Zhao,Wukong,Sion,Trundle,Jhin,Ornn,oe:team:d723992568441c6bafa2658129eade7|oe:team:ef69efa6acebe94107f0cf1ba716806,2026_20260607_Dplus_Kia_vs_KT_Rolster_S3,[],0,False,58.0,32.0,0.5517241379310345,58.0,32.0,0.5517241379310345,5.0,0.4,10.0,0.5,31.0,0.6451612903225806,0.0,,5.0,0.8,80.0,45.0,0.5625,80.0,45.0,0.5625,5.0,1.0,10.0,0.8,33.0,0.3939393939393939,3.0,1.0,5.0,0.2
LOLTMNT01_399200,2026,2026-06-07 08:58:06+00:00,LCK,2,Rounds 1-2,1,16.11,complete,,,KT Rolster,oe:team:d723992568441c6bafa2658129eade7,Dplus Kia,oe:team:ef69efa6acebe94107f0cf1ba716806,RED,0,1,RED,Dplus Kia,Cassiopeia,Varus,Taliyah,Ryze,Bard,Nocturne,Vi,Jayce,Karma,Yorick,K'Sante,Jarvan IV,Ziggs,Lulu,Caitlyn,Mel,Xayah,Lucian,Alistar,Shen,oe:team:d723992568441c6bafa2658129eade7|oe:team:ef69efa6acebe94107f0cf1ba716806,2026_20260607_Dplus_Kia_vs_KT_Rolster_S3,"[""Rumble"", ""Orianna"", ""Viktor"", ""Ashe"", ""Nautilus"", ""Seraphine"", ""Xin Zhao"", ""Wukong"", ""Jhin"", ""Ornn""]",10,False,59.0,32.0,0.5423728813559322,59.0,32.0,0.5423728813559322,5.0,0.4,10.0,0.4,32.0,0.625,1.0,0.0,6.0,0.6666666666666666,81.0,46.0,0.5679012345679012,81.0,46.0,0.5679012345679012,5.0,1.0,10.0,0.9,34.0,0.4117647058823529,4.0,1.0,6.0,0.3333333333333333
LOLTMNT01_398297,2026,2026-06-07 09:56:03+00:00,LCK,3,Rounds 1-2,1,16.11,complete,,,Dplus Kia,oe:team:ef69efa6acebe94107f0cf1ba716806,KT Rolster,oe:team:d723992568441c6bafa2658129eade7,RED,0,1,RED,KT Rolster,Cassiopeia,Varus,Lucian,Nocturne,Annie,Bard,Milio,Yunara,Karma,Lee Sin,Skarner,Lulu,Aurora,Ahri,Gnar,Zoe,Vayne,Illaoi,LeBlanc,Renekton,oe:team:d723992568441c6bafa2658129eade7|oe:team:ef69efa6acebe94107f0cf1ba716806,2026_20260607_Dplus_Kia_vs_KT_Rolster_S3,"[""Rumble"", ""Orianna"", ""Viktor"", ""Ashe"", ""Nautilus"", ""Seraphine"", ""Xin Zhao"", ""Wukong"", ""Jhin"", ""Ornn"", ""Taliyah"", ""Ryze"", ""Vi"", ""Jayce"", ""K'Sante"", ""Jarvan IV"", ""Caitlyn"", ""Mel"", ""Alistar"", ""Shen""]",20,False,82.0,47.0,0.573170731707317,82.0,47.0,0.573170731707317,5.0,1.0,10.0,0.9,47.0,0.6808510638297872,5.0,1.0,7.0,0.42857142857142855,60.0,32.0,0.5333333333333333,60.0,32.0,0.5333333333333333,5.0,0.4,10.0,0.4,27.0,0.4444444444444444,2.0,0.0,7.0,0.5714285714285714
LOLTMNT01_398312,2026,2026-06-07 10:58:16+00:00,LCK,4,Rounds 1-2,1,16.11,complete,,,KT Rolster,oe:team:d723992568441c6bafa2658129eade7,Dplus Kia,oe:team:ef69efa6acebe94107f0cf1ba716806,RED,1,0,BLUE,KT Rolster,Cassiopeia,Varus,Sivir,Bard,Lee Sin,Vayne,Naafiri,Miss Fortune,Ezreal,Annie,Ahri,Pantheon,Ambessa,Yuumi,Karma,Aurora,Twisted Fate,Rakan,Sion,Jax,oe:team:d723992568441c6bafa2658129eade7|oe:team:ef69efa6acebe94107f0cf1ba716806,2026_20260607_Dplus_Kia_vs_KT_Rolster_S3,"[""Rumble"", ""Orianna"", ""Viktor"", ""Ashe"", ""Nautilus"", ""Seraphine"", ""Xin Zhao"", ""Wukong"", ""Jhin"", ""Ornn"", ""Taliyah"", ""Ryze"", ""Vi"", ""Jayce"", ""K'Sante"", ""Jarvan IV"", ""Caitlyn"", ""Mel"", ""Alistar"", ""Shen"", ""Lucian"", ""Nocturne"", ""Milio"", ""Yunara"", ""Skarner"", ""Lulu"", ""Gnar"", ""Zoe"", ""LeBlanc"", ""Renekton""]",30,False,61.0,33.0,0.5409836065573771,61.0,33.0,0.5409836065573771,5.0,0.6,10.0,0.4,33.0,0.6060606060606061,3.0,0.3333333333333333,8.0,0.625,83.0,47.0,0.5662650602409639,83.0,47.0,0.5662650602409639,5.0,0.8,10.0,0.8,35.0,0.42857142857142855,6.0,0.8333333333333334,8.0,0.375
LOLTMNT01_399251,2026,2026-06-07 12:08:41+00:00,LCK,5,Rounds 1-2,1,16.11,complete,,,KT Rolster,oe:team:d723992568441c6bafa2658129eade7,Dplus Kia,oe:team:ef69efa6acebe94107f0cf1ba716806,RED,1,0,BLUE,KT Rolster,Cassiopeia,Varus,Poppy,Ambessa,Lee Sin,Vayne,Azir,Maokai,Annie,Trundle,Zaahen,Yone,Kai'Sa,Neeko,Blitzcrank,Xayah,Ezreal,Ziggs,Corki,Rakan,oe:team:d723992568441c6bafa2658129eade7|oe:team:ef69efa6acebe94107f0cf1ba716806,2026_20260607_Dplus_Kia_vs_KT_Rolster_S3,"[""Rumble"", ""Orianna"", ""Viktor"", ""Ashe"", ""Nautilus"", ""Seraphine"", ""Xin Zhao"", ""Wukong"", ""Jhin"", ""Ornn"", ""Taliyah"", ""Ryze"", ""Vi"", ""Jayce"", ""K'Sante"", ""Jarvan IV"", ""Caitlyn"", ""Mel"", ""Alistar"", ""Shen"", ""Lucian"", ""Nocturne"", ""Milio"", ""Yunara"", ""Skarner"", ""Lulu"", ""Gnar"", ""Zoe"", ""LeBlanc"", ""Renekton"", ""Sivir"", ""Bard"", ""Naafiri"", ""Miss Fortune"", ""Ahri"", ""Pantheon"", ""Karma"", ""Aurora"", ""Sion"", ""Jax""]",40,False,62.0,34.0,0.5483870967741935,62.0,34.0,0.5483870967741935,5.0,0.6,10.0,0.4,34.0,0.6176470588235294,4.0,0.5,9.0,0.6666666666666666,84.0,47.0,0.5595238095238095,84.0,47.0,0.5595238095238095,5.0,0.6,10.0,0.8,36.0,0.4166666666666667,7.0,0.7142857142857143,9.0,0.3333333333333333
LOLTMNT01_405344,2026,2026-06-12 08:25:00+00:00,LCK,1,Rounds 1-2,1,16.11,complete,,,Hanwha Life Esports,oe:team:3a1d18f46bcb3716ebcfcf4ef068934,T1,oe:team:ce499dea30cfce118f4fe85da0227e8,RED,1,0,BLUE,Hanwha Life Esports,Orianna,Varus,Jayce,Karma,Bard,Nautilus,Ryze,Ezreal,Cassiopeia,Yone,Ziggs,Sion,Nocturne,Vi,Camille,Anivia,Lee Sin,Naafiri,Trundle,Jarvan IV,oe:team:3a1d18f46bcb3716ebcfcf4ef068934|oe:team:ce499dea30cfce118f4fe85da0227e8,2026_20260612_Hanwha_Life_Esports_vs_T1_S4,[],0,False,57.0,37.0,0.6491228070175439,57.0,37.0,0.6491228070175439,5.0,0.6,10.0,0.7,26.0,0.6923076923076923,0.0,,8.0,0.375,63.0,44.0,0.6984126984126984,63.0,44.0,0.6984126984126984,5.0,1.0,10.0,0.9,30.0,0.6666666666666666,0.0,,8.0,0.625
LOLTMNT01_404412,2026,2026-06-12 09:28:28+00:00,LCK,2,Rounds 1-2,1,16.11,complete,,,T1,oe:team:ce499dea30cfce118f4fe85da0227e8,Hanwha Life Esports,oe:team:3a1d18f46bcb3716ebcfcf4ef068934,RED,1,0,BLUE,T1,Orianna,Varus,Ambessa,Vi,Rumble,Bard,Nocturne,Rek'Sai,Gnar,Vayne,Lissandra,Ahri,Ashe,Caitlyn,Rakan,Xayah,Lulu,Poppy,Sivir,Renata Glasc,oe:team:3a1d18f46bcb3716ebcfcf4ef068934|oe:team:ce499dea30cfce118f4fe85da0227e8,2026_20260612_Hanwha_Life_Esports_vs_T1_S4,"[""Jayce"", ""Karma"", ""Ryze"", ""Ezreal"", ""Ziggs"", ""Sion"", ""Camille"", ""Anivia"", ""Trundle"", ""Jarvan IV""]",10,False,64.0,44.0,0.6875,64.0,44.0,0.6875,5.0,0.8,10.0,0.8,33.0,0.7272727272727273,1.0,0.0,9.0,0.5555555555555556,58.0,38.0,0.6551724137931034,58.0,38.0,0.6551724137931034,5.0,0.6,10.0,0.7,31.0,0.6129032258064516,1.0,1.0,9.0,0.4444444444444444
LOLTMNT01_405363,2026,2026-06-12 10:26:31+00:00,LCK,3,Rounds 1-2,1,16.11,complete,,,T1,oe:team:ce499dea30cfce118f4fe85da0227e8,Hanwha Life Esports,oe:team:3a1d18f46bcb3716ebcfcf4ef068934,RED,0,1,RED,Hanwha Life Esports,Rumble,Varus,Naafiri,Lee Sin,Orianna,Bard,Renekton,Cassiopeia,Gnar,Vayne,Galio,Shen,Senna,Mel,Milio,Kog'Maw,Nautilus,Caitlyn,Lucian,Lulu,oe:team:3a1d18f46bcb3716ebcfcf4ef068934|oe:team:ce499dea30cfce118f4fe85da0227e8,2026_20260612_Hanwha_Life_Esports_vs_T1_S4,"[""Jayce"", ""Karma"", ""Ryze"", ""Ezreal"", ""Ziggs"", ""Sion"", ""Camille"", ""Anivia"", ""Trundle"", ""Jarvan IV"", ""Ambessa"", ""Vi"", ""Nocturne"", ""Rek'Sai"", ""Lissandra"", ""Ahri"", ""Rakan"", ""Xayah"", ""Sivir"", ""Renata Glasc""]",20,False,65.0,45.0,0.6923076923076923,65.0,45.0,0.6923076923076923,5.0,0.8,10.0,0.8,34.0,0.7352941176470589,2.0,0.5,10.0,0.6,59.0,38.0,0.6440677966101694,59.0,38.0,0.6440677966101694,5.0,0.6,10.0,0.6,32.0,0.59375,2.0,0.5,10.0,0.4
LOLTMNT01_405366,2026,2026-06-12 11:22:17+00:00,LCK,4,Rounds 1-2,1,16.11,complete,,,Hanwha Life Esports,oe:team:3a1d18f46bcb3716ebcfcf4ef068934,T1,oe:team:ce499dea30cfce118f4fe85da0227e8,RED,1,0,BLUE,Hanwha Life Esports,Bard,Varus,Yone,Rumble,Orianna,Akali,K'Sante,Azir,Annie,Aurora,Maokai,Poppy,Caitlyn,Ashe,Senna,Aphelios,Xin Zhao,Mel,Blitzcrank,Thresh,oe:team:3a1d18f46bcb3716ebcfcf4ef068934|oe:team:ce499dea30cfce118f4fe85da0227e8,2026_20260612_Hanwha_Life_Esports_vs_T1_S4,"[""Jayce"", ""Karma"", ""Ryze"", ""Ezreal"", ""Ziggs"", ""Sion"", ""Camille"", ""Anivia"", ""Trundle"", ""Jarvan IV"", ""Ambessa"", ""Vi"", ""Nocturne"", ""Rek'Sai"", ""Lissandra"", ""Ahri"", ""Rakan"", ""Xayah"", ""Sivir"", ""Renata Glasc"", ""Naafiri"", ""Lee Sin"", ""Renekton"", ""Cassiopeia"", ""Galio"", ""Shen"", ""Milio"", ""Kog'Maw"", ""Lucian"", ""Lulu""]",30,False,60.0,39.0,0.65,60.0,39.0,0.65,5.0,0.8,10.0,0.7,27.0,0.7037037037037037,3.0,0.6666666666666666,11.0,0.45454545454545453,66.0,45.0,0.6818181818181818,66.0,45.0,0.6818181818181818,5.0,0.6,10.0,0.8,31.0,0.6451612903225806,3.0,0.3333333333333333,11.0,0.5454545454545454
LOLTMNT01_404540,2026,2026-06-13 06:22:36+00:00,LCK,1,Rounds 1-2,1,16.11,complete,,,Gen.G,oe:team:50f58982d91a36557ec8aec52ab014f,KT Rolster,oe:team:d723992568441c6bafa2658129eade7,RED,1,0,BLUE,Gen.G,Cassiopeia,Varus,Ezreal,Ryze,Orianna,Bard,Karma,Jayce,Jarvan IV,Anivia,Sion,Ziggs,Trundle,Vi,Mel,Camille,Nautilus,Ahri,Xin Zhao,Lee Sin,oe:team:50f58982d91a36557ec8aec52ab014f|oe:team:d723992568441c6bafa2658129eade7,2026_20260613_Gen_G_vs_KT_Rolster_S4,[],0,False,63.0,50.0,0.7936507936507936,63.0,50.0,0.7936507936507936,5.0,0.8,10.0,0.8,39.0,0.8461538461538461,0.0,,7.0,0.7142857142857143,63.0,35.0,0.5555555555555556,63.0,35.0,0.5555555555555556,5.0,0.6,10.0,0.5,28.0,0.4642857142857143,5.0,0.6,7.0,0.2857142857142857
LOLTMNT01_405501,2026,2026-06-13 07:26:26+00:00,LCK,2,Rounds 1-2,1,16.11,complete,,,KT Rolster,oe:team:d723992568441c6bafa2658129eade7,Gen.G,oe:team:50f58982d91a36557ec8aec52ab014f,RED,0,1,RED,Gen.G,Cassiopeia,Varus,Rumble,Annie,Orianna,Nocturne,Vi,Wukong,Bard,Jarvan IV,Taliyah,Ambessa,Ashe,Lulu,Jhin,Senna,Xayah,Poppy,Rell,Nautilus,oe:team:50f58982d91a36557ec8aec52ab014f|oe:team:d723992568441c6bafa2658129eade7,2026_20260613_Gen_G_vs_KT_Rolster_S4,"[""Ezreal"", ""Ryze"", ""Karma"", ""Jayce"", ""Sion"", ""Ziggs"", ""Mel"", ""Camille"", ""Xin Zhao"", ""Lee Sin""]",10,False,64.0,35.0,0.546875,64.0,35.0,0.546875,5.0,0.6,10.0,0.5,35.0,0.6285714285714286,6.0,0.5,8.0,0.25,64.0,51.0,0.796875,64.0,51.0,0.796875,5.0,1.0,10.0,0.9,24.0,0.7083333333333334,1.0,1.0,8.0,0.75
LOLTMNT01_404562,2026,2026-06-13 08:24:58+00:00,LCK,3,Rounds 1-2,1,16.11,complete,,,Gen.G,oe:team:50f58982d91a36557ec8aec52ab014f,KT Rolster,oe:team:d723992568441c6bafa2658129eade7,RED,1,0,BLUE,Gen.G,Orianna,Varus,Gnar,Jarvan IV,Cassiopeia,Vayne,Naafiri,Yunara,Ashe,Bard,Lissandra,Lulu,Aurora,Caitlyn,Xayah,Renekton,Zoe,Lucian,Rakan,Viktor,oe:team:50f58982d91a36557ec8aec52ab014f|oe:team:d723992568441c6bafa2658129eade7,2026_20260613_Gen_G_vs_KT_Rolster_S4,"[""Ezreal"", ""Ryze"", ""Karma"", ""Jayce"", ""Sion"", ""Ziggs"", ""Mel"", ""Camille"", ""Xin Zhao"", ""Lee Sin"", ""Rumble"", ""Annie"", ""Vi"", ""Wukong"", ""Taliyah"", ""Ambessa"", ""Jhin"", ""Senna"", ""Rell"", ""Nautilus""]",20,False,65.0,52.0,0.8,65.0,52.0,0.8,5.0,1.0,10.0,0.9,40.0,0.85,2.0,1.0,9.0,0.7777777777777778,65.0,35.0,0.5384615384615384,65.0,35.0,0.5384615384615384,5.0,0.6,10.0,0.5,29.0,0.4482758620689655,7.0,0.42857142857142855,9.0,0.2222222222222222
LOLTMNT01_404715,2026,2026-06-14 06:27:21+00:00,LCK,1,Rounds 1-2,1,16.11,complete,,,T1,oe:team:ce499dea30cfce118f4fe85da0227e8,Gen.G,oe:team:50f58982d91a36557ec8aec52ab014f,RED,0,1,RED,Gen.G,Orianna,Varus,Cassiopeia,Lee Sin,Karma,Bard,Trundle,Ambessa,Jayce,Vi,Vayne,Galio,Rakan,Poppy,Ziggs,Jhin,Ashe,Lucian,Shen,Camille,oe:team:50f58982d91a36557ec8aec52ab014f|oe:team:ce499dea30cfce118f4fe85da0227e8,2026_20260614_Gen_G_vs_T1_S3,[],0,False,67.0,45.0,0.6716417910447762,67.0,45.0,0.6716417910447762,5.0,0.4,10.0,0.7,35.0,0.7142857142857143,4.0,0.25,5.0,0.4,66.0,53.0,0.803030303030303,66.0,53.0,0.803030303030303,5.0,1.0,10.0,0.9,25.0,0.72,3.0,1.0,5.0,0.6
LOLTMNT01_405668,2026,2026-06-14 07:24:01+00:00,LCK,2,Rounds 1-2,1,16.11,complete,,,T1,oe:team:ce499dea30cfce118f4fe85da0227e8,Gen.G,oe:team:50f58982d91a36557ec8aec52ab014f,RED,1,0,BLUE,T1,Orianna,Bard,Vi,Anivia,Ryze,Varus,Rumble,Xayah,Sion,Karma,Akali,Rakan,Wukong,Caitlyn,Kalista,Maokai,Naafiri,Ashe,Renata Glasc,Yorick,oe:team:50f58982d91a36557ec8aec52ab014f|oe:team:ce499dea30cfce118f4fe85da0227e8,2026_20260614_Gen_G_vs_T1_S3,"[""Cassiopeia"", ""Lee Sin"", ""Trundle"", ""Ambessa"", ""Vayne"", ""Galio"", ""Ziggs"", ""Jhin"", ""Shen"", ""Camille""]",10,False,68.0,45.0,0.6617647058823529,68.0,45.0,0.6617647058823529,5.0,0.2,10.0,0.6,36.0,0.6944444444444444,5.0,0.2,6.0,0.3333333333333333,67.0,54.0,0.8059701492537313,67.0,54.0,0.8059701492537313,5.0,1.0,10.0,0.9,26.0,0.7307692307692307,4.0,1.0,6.0,0.6666666666666666
LOLTMNT01_405675,2026,2026-06-14 08:27:04+00:00,LCK,3,Rounds 1-2,1,16.11,complete,,,T1,oe:team:ce499dea30cfce118f4fe85da0227e8,Gen.G,oe:team:50f58982d91a36557ec8aec52ab014f,RED,1,0,BLUE,T1,Orianna,Bard,Wukong,Annie,Ryze,Nocturne,Senna,Jayce,Varus,Karma,Sion,Mel,Pyke,Viktor,Alistar,Zaahen,Nautilus,Lissandra,Olaf,Poppy,oe:team:50f58982d91a36557ec8aec52ab014f|oe:team:ce499dea30cfce118f4fe85da0227e8,2026_20260614_Gen_G_vs_T1_S3,"[""Cassiopeia"", ""Lee Sin"", ""Trundle"", ""Ambessa"", ""Vayne"", ""Galio"", ""Ziggs"", ""Jhin"", ""Shen"", ""Camille"", ""Vi"", ""Anivia"", ""Rumble"", ""Xayah"", ""Akali"", ""Rakan"", ""Kalista"", ""Maokai"", ""Renata Glasc"", ""Yorick""]",20,False,69.0,46.0,0.6666666666666666,69.0,46.0,0.6666666666666666,5.0,0.4,10.0,0.6,37.0,0.7027027027027027,6.0,0.3333333333333333,7.0,0.42857142857142855,68.0,54.0,0.7941176470588235,68.0,54.0,0.7941176470588235,5.0,0.8,10.0,0.8,27.0,0.7037037037037037,5.0,0.8,7.0,0.5714285714285714
LOLTMNT01_405694,2026,2026-06-14 09:36:12+00:00,LCK,4,Rounds 1-2,1,16.11,complete,,,T1,oe:team:ce499dea30cfce118f4fe85da0227e8,Gen.G,oe:team:50f58982d91a36557ec8aec52ab014f,RED,0,1,RED,Gen.G,Orianna,Bard,Gnar,Karma,Varus,Caitlyn,Nocturne,Xin Zhao,Ryze,Jarvan IV,Lissandra,Ezreal,Sylas,Sivir,Yunara,Gangplank,Twisted Fate,Neeko,Lulu,Ahri,oe:team:50f58982d91a36557ec8aec52ab014f|oe:team:ce499dea30cfce118f4fe85da0227e8,2026_20260614_Gen_G_vs_T1_S3,"[""Cassiopeia"", ""Lee Sin"", ""Trundle"", ""Ambessa"", ""Vayne"", ""Galio"", ""Ziggs"", ""Jhin"", ""Shen"", ""Camille"", ""Vi"", ""Anivia"", ""Rumble"", ""Xayah"", ""Akali"", ""Rakan"", ""Kalista"", ""Maokai"", ""Renata Glasc"", ""Yorick"", ""Wukong"", ""Annie"", ""Senna"", ""Jayce"", ""Sion"", ""Mel"", ""Alistar"", ""Zaahen"", ""Olaf"", ""Poppy""]",30,False,70.0,47.0,0.6714285714285714,70.0,47.0,0.6714285714285714,5.0,0.4,10.0,0.6,38.0,0.7105263157894737,7.0,0.42857142857142855,8.0,0.5,69.0,54.0,0.782608695652174,69.0,54.0,0.782608695652174,5.0,0.6,10.0,0.8,28.0,0.6785714285714286,6.0,0.6666666666666666,8.0,0.5
LOLTMNT01_404739,2026,2026-06-14 10:35:36+00:00,LCK,5,Rounds 1-2,1,16.11,complete,,,Gen.G,oe:team:50f58982d91a36557ec8aec52ab014f,T1,oe:team:ce499dea30cfce118f4fe85da0227e8,RED,0,1,RED,T1,Bard,Yone,Nidalee,Ryze,Caitlyn,Lucian,Renekton,Naafiri,Orianna,Varus,Twisted Fate,Gragas,Ashe,Blitzcrank,Miss Fortune,Sivir,Thresh,Nautilus,Rell,Neeko,oe:team:50f58982d91a36557ec8aec52ab014f|oe:team:ce499dea30cfce118f4fe85da0227e8,2026_20260614_Gen_G_vs_T1_S3,"[""Cassiopeia"", ""Lee Sin"", ""Trundle"", ""Ambessa"", ""Vayne"", ""Galio"", ""Ziggs"", ""Jhin"", ""Shen"", ""Camille"", ""Vi"", ""Anivia"", ""Rumble"", ""Xayah"", ""Akali"", ""Rakan"", ""Kalista"", ""Maokai"", ""Renata Glasc"", ""Yorick"", ""Wukong"", ""Annie"", ""Senna"", ""Jayce"", ""Sion"", ""Mel"", ""Alistar"", ""Zaahen"", ""Olaf"", ""Poppy"", ""Gnar"", ""Karma"", ""Nocturne"", ""Xin Zhao"", ""Lissandra"", ""Ezreal"", ""Yunara"", ""Gangplank"", ""Lulu"", ""Ahri""]",40,False,70.0,55.0,0.7857142857142857,70.0,55.0,0.7857142857142857,5.0,0.6,10.0,0.8,41.0,0.8536585365853658,7.0,0.7142857142857143,9.0,0.5555555555555556,71.0,47.0,0.6619718309859155,71.0,47.0,0.6619718309859155,5.0,0.4,10.0,0.5,32.0,0.625,8.0,0.375,9.0,0.4444444444444444
LOLTMNT02_442746,2026,2026-07-29 08:05:41+00:00,LCK,1,Rounds 3-4,0,16.14,complete,,,Kiwoom DRX,oe:team:1d0389df0c5eea93b04122ba167c010,Nongshim RedForce,oe:team:5cd2cd09ec94296f605dd13a2924d6c,BLUE,0,1,RED,Nongshim RedForce,Poppy,Vi,Orianna,Jarvan IV,Rumble,Jayce,Xin Zhao,Locke,Camille,Nocturne,Bard,Ezreal,Vayne,Caitlyn,Gnar,Shen,Karma,Jhin,Yunara,Varus,oe:team:1d0389df0c5eea93b04122ba167c010|oe:team:5cd2cd09ec94296f605dd13a2924d6c,2026_20260729_Kiwoom_DRX_vs_Nongshim_RedForce_S5,[],0,False,77.0,31.0,0.4025974025974026,77.0,31.0,0.4025974025974026,5.0,0.4,10.0,0.5,35.0,0.4,0.0,,10.0,0.9,62.0,21.0,0.3387096774193548,62.0,21.0,0.3387096774193548,5.0,0.4,10.0,0.3,40.0,0.325,0.0,,10.0,0.1
LOLTMNT02_441911,2026,2026-07-29 08:53:53+00:00,LCK,2,Rounds 3-4,0,16.14,complete,,,Kiwoom DRX,oe:team:1d0389df0c5eea93b04122ba167c010,Nongshim RedForce,oe:team:5cd2cd09ec94296f605dd13a2924d6c,RED,0,1,RED,Nongshim RedForce,Jayce,Vi,Cassiopeia,Syndra,Rumble,Nocturne,Nautilus,Lee Sin,Lucian,Camille,Skarner,Leona,Olaf,Renekton,Ambessa,Jhin,Vayne,Ziggs,Sivir,Zaahen,oe:team:1d0389df0c5eea93b04122ba167c010|oe:team:5cd2cd09ec94296f605dd13a2924d6c,2026_20260729_Kiwoom_DRX_vs_Nongshim_RedForce_S5,"[""Orianna"", ""Jarvan IV"", ""Xin Zhao"", ""Locke"", ""Bard"", ""Ezreal"", ""Gnar"", ""Shen"", ""Yunara"", ""Varus""]",10,False,78.0,31.0,0.3974358974358974,78.0,31.0,0.3974358974358974,5.0,0.2,10.0,0.4,36.0,0.3888888888888889,1.0,0.0,11.0,0.8181818181818182,63.0,22.0,0.3492063492063492,63.0,22.0,0.3492063492063492,5.0,0.6,10.0,0.4,41.0,0.34146341463414637,1.0,1.0,11.0,0.18181818181818182
LOLTMNT02_441926,2026,2026-07-29 10:14:12+00:00,LCK,1,Rounds 3-4,0,16.14,complete,,,T1,oe:team:ce499dea30cfce118f4fe85da0227e8,KT Rolster,oe:team:d723992568441c6bafa2658129eade7,RED,0,1,RED,KT Rolster,Jayce,Bard,Vi,Cassiopeia,Orianna,Poppy,Akali,Ezreal,Locke,Camille,Ambessa,Nautilus,Renekton,Sivir,Leona,Zaahen,Vayne,Shen,Viktor,Pantheon,oe:team:ce499dea30cfce118f4fe85da0227e8|oe:team:d723992568441c6bafa2658129eade7,2026_20260729_KT_Rolster_vs_T1_S4,[],0,False,72.0,48.0,0.6666666666666666,72.0,48.0,0.6666666666666666,5.0,0.6,10.0,0.5,39.0,0.6923076923076923,0.0,,6.0,0.6666666666666666,66.0,35.0,0.5303030303030303,66.0,35.0,0.5303030303030303,5.0,0.4,10.0,0.5,30.0,0.43333333333333335,0.0,,6.0,0.3333333333333333
LOLTMNT02_441944,2026,2026-07-29 11:12:05+00:00,LCK,2,Rounds 3-4,0,16.14,complete,,,KT Rolster,oe:team:d723992568441c6bafa2658129eade7,T1,oe:team:ce499dea30cfce118f4fe85da0227e8,RED,1,0,BLUE,KT Rolster,Bard,Poppy,Rumble,Jayce,Orianna,Locke,Jarvan IV,Ryze,Camille,Skarner,Yone,Lee Sin,Ziggs,Mel,Rell,Jhin,Lucian,Syndra,Miss Fortune,Shen,oe:team:ce499dea30cfce118f4fe85da0227e8|oe:team:d723992568441c6bafa2658129eade7,2026_20260729_KT_Rolster_vs_T1_S4,"[""Vi"", ""Cassiopeia"", ""Akali"", ""Ezreal"", ""Ambessa"", ""Nautilus"", ""Leona"", ""Zaahen"", ""Viktor"", ""Pantheon""]",10,False,67.0,36.0,0.5373134328358209,67.0,36.0,0.5373134328358209,5.0,0.4,10.0,0.5,36.0,0.6111111111111112,1.0,1.0,7.0,0.42857142857142855,73.0,48.0,0.6575342465753424,73.0,48.0,0.6575342465753424,5.0,0.6,10.0,0.4,33.0,0.6363636363636364,1.0,0.0,7.0,0.5714285714285714
LOLTMNT02_444167,2026,2026-07-30 08:07:12+00:00,LCK,1,Rounds 3-4,0,16.14,complete,,,BNK FEARX,oe:team:5c2e7e9ea8dfcba0150d9a5619baecf,DN SOOPers,oe:team:b3c72a20aa56f5d28022ac04a7dc294,BLUE,1,0,BLUE,BNK FEARX,Poppy,Orianna,Cassiopeia,Syndra,Vi,Locke,Lee Sin,Jarvan IV,Camille,Ezreal,Shen,Jayce,Bard,Olaf,Rumble,Rell,Nautilus,Yorick,Corki,Viktor,oe:team:5c2e7e9ea8dfcba0150d9a5619baecf|oe:team:b3c72a20aa56f5d28022ac04a7dc294,2026_20260730_BNK_FEARX_vs_DN_SOOPers_S5,[],0,False,72.0,32.0,0.4444444444444444,72.0,32.0,0.4444444444444444,5.0,0.4,10.0,0.3,43.0,0.4418604651162791,0.0,,13.0,0.7692307692307693,70.0,18.0,0.2571428571428571,70.0,18.0,0.2571428571428571,5.0,0.2,10.0,0.1,41.0,0.21951219512195122,0.0,,13.0,0.23076923076923078
LOLTMNT02_444200,2026,2026-07-30 09:02:26+00:00,LCK,2,Rounds 3-4,0,16.14,complete,,,BNK FEARX,oe:team:5c2e7e9ea8dfcba0150d9a5619baecf,DN SOOPers,oe:team:b3c72a20aa56f5d28022ac04a7dc294,RED,1,0,BLUE,BNK FEARX,Orianna,Poppy,Taliyah,Ryze,Camille,Locke,Pantheon,Naafiri,Vi,Bard,Alistar,Nautilus,Ezreal,Vayne,Sivir,Gnar,Ambessa,Varus,Tristana,Kai'Sa,oe:team:5c2e7e9ea8dfcba0150d9a5619baecf|oe:team:b3c72a20aa56f5d28022ac04a7dc294,2026_20260730_BNK_FEARX_vs_DN_SOOPers_S5,"[""Cassiopeia"", ""Syndra"", ""Lee Sin"", ""Jarvan IV"", ""Shen"", ""Jayce"", ""Rumble"", ""Rell"", ""Corki"", ""Viktor""]",10,False,73.0,33.0,0.4520547945205479,73.0,33.0,0.4520547945205479,5.0,0.4,10.0,0.4,44.0,0.45454545454545453,1.0,1.0,14.0,0.7857142857142857,71.0,18.0,0.2535211267605634,71.0,18.0,0.2535211267605634,5.0,0.0,10.0,0.1,42.0,0.21428571428571427,1.0,0.0,14.0,0.21428571428571427
LOLTMNT02_443344,2026,2026-07-30 10:17:39+00:00,LCK,1,Rounds 3-4,0,16.14,complete,,,Hanwha Life Esports,oe:team:3a1d18f46bcb3716ebcfcf4ef068934,Dplus Kia,oe:team:ef69efa6acebe94107f0cf1ba716806,RED,0,1,RED,Dplus Kia,Locke,Nocturne,Camille,Orianna,Jayce,Poppy,Vi,Shen,Bard,Akali,Ambessa,Xin Zhao,Renekton,Ziggs,Cassiopeia,Ezreal,Gnar,Viktor,Aurora,Olaf,oe:team:3a1d18f46bcb3716ebcfcf4ef068934|oe:team:ef69efa6acebe94107f0cf1ba716806,2026_20260730_Dplus_Kia_vs_Hanwha_Life_Esports_S3,[],0,False,61.0,40.0,0.6557377049180327,61.0,40.0,0.6557377049180327,5.0,0.8,10.0,0.7,28.0,0.7142857142857143,0.0,,4.0,1.0,85.0,47.0,0.5529411764705883,85.0,47.0,0.5529411764705883,5.0,0.4,10.0,0.7,37.0,0.40540540540540543,0.0,,4.0,0.0
LOLTMNT02_444234,2026,2026-07-30 11:12:36+00:00,LCK,2,Rounds 3-4,0,16.14,complete,,,Dplus Kia,oe:team:ef69efa6acebe94107f0cf1ba716806,Hanwha Life Esports,oe:team:3a1d18f46bcb3716ebcfcf4ef068934,RED,0,1,RED,Hanwha Life Esports,Nocturne,Poppy,Viktor,Lee Sin,Jayce,Gnar,Skarner,Bard,Lucian,Locke,Pyke,Jhin,Syndra,Vayne,Ryze,Annie,Yone,K'Sante,Renekton,Aatrox,oe:team:3a1d18f46bcb3716ebcfcf4ef068934|oe:team:ef69efa6acebe94107f0cf1ba716806,2026_20260730_Dplus_Kia_vs_Hanwha_Life_Esports_S3,"[""Camille"", ""Orianna"", ""Vi"", ""Shen"", ""Ambessa"", ""Xin Zhao"", ""Cassiopeia"", ""Ezreal"", ""Aurora"", ""Olaf""]",10,False,86.0,48.0,0.5581395348837209,86.0,48.0,0.5581395348837209,5.0,0.4,10.0,0.7,48.0,0.6666666666666666,1.0,1.0,5.0,0.2,62.0,40.0,0.6451612903225806,62.0,40.0,0.6451612903225806,5.0,0.6,10.0,0.6,33.0,0.6060606060606061,1.0,0.0,5.0,0.8
LOLTMNT02_443370,2026,2026-07-30 12:07:20+00:00,LCK,3,Rounds 3-4,0,16.14,complete,,,Hanwha Life Esports,oe:team:3a1d18f46bcb3716ebcfcf4ef068934,Dplus Kia,oe:team:ef69efa6acebe94107f0cf1ba716806,RED,0,1,RED,Dplus Kia,Locke,Nocturne,Lucian,Jarvan IV,Jayce,Poppy,Milio,Yunara,Caitlyn,Akali,Gnar,Lulu,Vayne,Twisted Fate,Qiyana,Syndra,Tristana,Wukong,Galio,Jax,oe:team:3a1d18f46bcb3716ebcfcf4ef068934|oe:team:ef69efa6acebe94107f0cf1ba716806,2026_20260730_Dplus_Kia_vs_Hanwha_Life_Esports_S3,"[""Camille"", ""Orianna"", ""Vi"", ""Shen"", ""Ambessa"", ""Xin Zhao"", ""Cassiopeia"", ""Ezreal"", ""Aurora"", ""Olaf"", ""Viktor"", ""Lee Sin"", ""Skarner"", ""Bard"", ""Pyke"", ""Jhin"", ""Ryze"", ""Annie"", ""Renekton"", ""Aatrox""]",20,False,63.0,41.0,0.6507936507936508,63.0,41.0,0.6507936507936508,5.0,0.6,10.0,0.6,29.0,0.6896551724137931,2.0,0.5,6.0,0.8333333333333334,87.0,48.0,0.5517241379310345,87.0,48.0,0.5517241379310345,5.0,0.2,10.0,0.6,38.0,0.42105263157894735,2.0,0.5,6.0,0.16666666666666666
LOLTMNT02_444480,2026,2026-07-31 08:15:35+00:00,LCK,1,Rounds 3-4,0,16.14,complete,,,Gen.G,oe:team:50f58982d91a36557ec8aec52ab014f,T1,oe:team:ce499dea30cfce118f4fe85da0227e8,RED,0,1,RED,T1,Bard,Vi,Galio,Orianna,Jayce,Camille,Lee Sin,Lucian,Nocturne,Locke,Ambessa,Milio,Poppy,Lulu,Rakan,Gnar,Renekton,Ezreal,Xayah,Jarvan IV,oe:team:50f58982d91a36557ec8aec52ab014f|oe:team:ce499dea30cfce118f4fe85da0227e8,2026_20260731_Gen_G_vs_T1_S4,[],0,False,71.0,55.0,0.7746478873239436,71.0,55.0,0.7746478873239436,5.0,0.4,10.0,0.7,42.0,0.8333333333333334,0.0,,10.0,0.5,74.0,48.0,0.6486486486486487,74.0,48.0,0.6486486486486487,5.0,0.4,10.0,0.4,34.0,0.6176470588235294,2.0,0.0,10.0,0.5
LOLTMNT02_444494,2026,2026-07-31 09:08:44+00:00,LCK,2,Rounds 3-4,0,16.14,complete,,,T1,oe:team:ce499dea30cfce118f4fe85da0227e8,Gen.G,oe:team:50f58982d91a36557ec8aec52ab014f,RED,1,0,BLUE,T1,Jayce,Bard,Ezreal,Vi,Cassiopeia,Poppy,Xin Zhao,Shen,Camille,Nocturne,Ryze,Ziggs,Yone,Pyke,Seraphine,Varus,Locke,Olaf,Jax,Anivia,oe:team:50f58982d91a36557ec8aec52ab014f|oe:team:ce499dea30cfce118f4fe85da0227e8,2026_20260731_Gen_G_vs_T1_S4,"[""Galio"", ""Orianna"", ""Lee Sin"", ""Lucian"", ""Ambessa"", ""Milio"", ""Rakan"", ""Gnar"", ""Xayah"", ""Jarvan IV""]",10,False,75.0,49.0,0.6533333333333333,75.0,49.0,0.6533333333333333,5.0,0.4,10.0,0.4,40.0,0.675,3.0,0.3333333333333333,11.0,0.5454545454545454,72.0,55.0,0.7638888888888888,72.0,55.0,0.7638888888888888,5.0,0.2,10.0,0.6,29.0,0.6896551724137931,1.0,0.0,11.0,0.45454545454545453
LOLTMNT02_444519,2026,2026-07-31 10:28:31+00:00,LCK,1,Rounds 3-4,0,16.14,complete,,,Kiwoom DRX,oe:team:1d0389df0c5eea93b04122ba167c010,HANJIN BRION,oe:team:b77b3f6068e20a2b3edc0ecd3dc70d4,BLUE,0,1,RED,HANJIN BRION,Ezreal,Locke,Cassiopeia,Camille,Poppy,Orianna,Naafiri,Jarvan IV,Lee Sin,Vi,Nautilus,Syndra,Jayce,K'Sante,Jhin,Rumble,Ziggs,Akali,Ambessa,Corki,oe:team:1d0389df0c5eea93b04122ba167c010|oe:team:b77b3f6068e20a2b3edc0ecd3dc70d4,2026_20260731_HANJIN_BRION_vs_Kiwoom_DRX_S5,[],0,False,79.0,31.0,0.3924050632911392,79.0,31.0,0.3924050632911392,5.0,0.2,10.0,0.4,37.0,0.3783783783783784,2.0,0.0,14.0,0.6428571428571429,62.0,22.0,0.3548387096774194,62.0,22.0,0.3548387096774194,5.0,0.0,10.0,0.0,35.0,0.2571428571428571,0.0,,14.0,0.35714285714285715
LOLTMNT02_443601,2026,2026-07-31 11:31:11+00:00,LCK,2,Rounds 3-4,0,16.14,complete,,,Kiwoom DRX,oe:team:1d0389df0c5eea93b04122ba167c010,HANJIN BRION,oe:team:b77b3f6068e20a2b3edc0ecd3dc70d4,RED,1,0,BLUE,Kiwoom DRX,Jayce,Poppy,Annie,Lee Sin,Orianna,Bard,Ezreal,Lucian,Vi,Locke,Karma,Milio,Ryze,Xin Zhao,Pantheon,Aurora,Galio,Wukong,Yorick,Anivia,oe:team:1d0389df0c5eea93b04122ba167c010|oe:team:b77b3f6068e20a2b3edc0ecd3dc70d4,2026_20260731_HANJIN_BRION_vs_Kiwoom_DRX_S5,"[""Cassiopeia"", ""Camille"", ""Naafiri"", ""Jarvan IV"", ""Nautilus"", ""Syndra"", ""Jhin"", ""Rumble"", ""Ambessa"", ""Corki""]",10,False,80.0,31.0,0.3875,80.0,31.0,0.3875,5.0,0.2,10.0,0.3,38.0,0.3684210526315789,3.0,0.0,15.0,0.6,63.0,23.0,0.36507936507936506,63.0,23.0,0.36507936507936506,5.0,0.2,10.0,0.1,36.0,0.2777777777777778,1.0,1.0,15.0,0.4
LOLTMNT02_443609,2026,2026-07-31 12:30:32+00:00,LCK,3,Rounds 3-4,0,16.14,complete,,,Kiwoom DRX,oe:team:1d0389df0c5eea93b04122ba167c010,HANJIN BRION,oe:team:b77b3f6068e20a2b3edc0ecd3dc70d4,RED,1,0,BLUE,Kiwoom DRX,Jayce,Poppy,Ryze,Vi,Xin Zhao,Bard,Nocturne,Viktor,Locke,Orianna,Gnar,Alistar,Vayne,Lulu,Shen,Taliyah,Olaf,Rakan,Sivir,Renekton,oe:team:1d0389df0c5eea93b04122ba167c010|oe:team:b77b3f6068e20a2b3edc0ecd3dc70d4,2026_20260731_HANJIN_BRION_vs_Kiwoom_DRX_S5,"[""Cassiopeia"", ""Camille"", ""Naafiri"", ""Jarvan IV"", ""Nautilus"", ""Syndra"", ""Jhin"", ""Rumble"", ""Ambessa"", ""Corki"", ""Annie"", ""Lee Sin"", ""Ezreal"", ""Lucian"", ""Karma"", ""Milio"", ""Pantheon"", ""Aurora"", ""Yorick"", ""Anivia""]",20,False,81.0,32.0,0.3950617283950617,81.0,32.0,0.3950617283950617,5.0,0.2,10.0,0.3,39.0,0.38461538461538464,4.0,0.25,16.0,0.625,64.0,23.0,0.359375,64.0,23.0,0.359375,5.0,0.2,10.0,0.1,37.0,0.2702702702702703,2.0,0.5,16.0,0.375
LOLTMNT02_444700,2026,2026-08-01 08:05:28+00:00,LCK,1,Rounds 3-4,0,16.14,complete,,,Nongshim RedForce,oe:team:5cd2cd09ec94296f605dd13a2924d6c,BNK FEARX,oe:team:5c2e7e9ea8dfcba0150d9a5619baecf,BLUE,1,0,BLUE,Nongshim RedForce,Poppy,Orianna,Vi,Ezreal,Nocturne,Locke,Rumble,Jarvan IV,Syndra,Cassiopeia,Jhin,Bard,Jayce,Nautilus,Shen,K'Sante,Ambessa,Camille,Ryze,Viktor,oe:team:5c2e7e9ea8dfcba0150d9a5619baecf|oe:team:5cd2cd09ec94296f605dd13a2924d6c,2026_20260801_BNK_FEARX_vs_Nongshim_RedForce_S4,[],0,False,64.0,23.0,0.359375,64.0,23.0,0.359375,5.0,0.6,10.0,0.5,22.0,0.36363636363636365,2.0,1.0,6.0,0.3333333333333333,74.0,34.0,0.4594594594594595,74.0,34.0,0.4594594594594595,5.0,0.6,10.0,0.5,29.0,0.4482758620689655,2.0,1.0,6.0,0.6666666666666666
LOLTMNT02_443744,2026,2026-08-01 08:59:42+00:00,LCK,2,Rounds 3-4,0,16.14,complete,,,Nongshim RedForce,oe:team:5cd2cd09ec94296f605dd13a2924d6c,BNK FEARX,oe:team:5c2e7e9ea8dfcba0150d9a5619baecf,RED,0,1,RED,BNK FEARX,Orianna,Poppy,Jayce,Cassiopeia,Lucian,Locke,Syndra,Lee Sin,Nocturne,Camille,Xin Zhao,Olaf,Alistar,Lulu,Nautilus,Rell,Leona,Sivir,Kai'Sa,Varus,oe:team:5c2e7e9ea8dfcba0150d9a5619baecf|oe:team:5cd2cd09ec94296f605dd13a2924d6c,2026_20260801_BNK_FEARX_vs_Nongshim_RedForce_S4,"[""Vi"", ""Ezreal"", ""Rumble"", ""Jarvan IV"", ""Jhin"", ""Bard"", ""Shen"", ""K'Sante"", ""Ryze"", ""Viktor""]",10,False,65.0,24.0,0.36923076923076925,65.0,24.0,0.36923076923076925,5.0,0.6,10.0,0.5,23.0,0.391304347826087,3.0,1.0,7.0,0.42857142857142855,75.0,34.0,0.4533333333333333,75.0,34.0,0.4533333333333333,5.0,0.4,10.0,0.5,30.0,0.43333333333333335,3.0,0.6666666666666666,7.0,0.5714285714285714
LOLTMNT02_444714,2026,2026-08-01 09:52:11+00:00,LCK,3,Rounds 3-4,0,16.14,complete,,,BNK FEARX,oe:team:5c2e7e9ea8dfcba0150d9a5619baecf,Nongshim RedForce,oe:team:5cd2cd09ec94296f605dd13a2924d6c,RED,0,1,RED,Nongshim RedForce,Sivir,Poppy,Camille,Locke,Lucian,Vayne,Ziggs,Leona,Nocturne,Akali,Galio,Pantheon,Taliyah,Wukong,Naafiri,Aatrox,Corki,Skarner,Mordekaiser,Renekton,oe:team:5c2e7e9ea8dfcba0150d9a5619baecf|oe:team:5cd2cd09ec94296f605dd13a2924d6c,2026_20260801_BNK_FEARX_vs_Nongshim_RedForce_S4,"[""Vi"", ""Ezreal"", ""Rumble"", ""Jarvan IV"", ""Jhin"", ""Bard"", ""Shen"", ""K'Sante"", ""Ryze"", ""Viktor"", ""Jayce"", ""Cassiopeia"", ""Syndra"", ""Lee Sin"", ""Xin Zhao"", ""Olaf"", ""Nautilus"", ""Rell"", ""Kai'Sa"", ""Varus""]",20,False,76.0,35.0,0.4605263157894737,76.0,35.0,0.4605263157894737,5.0,0.6,10.0,0.5,45.0,0.4666666666666667,4.0,0.75,8.0,0.625,66.0,24.0,0.36363636363636365,66.0,24.0,0.36363636363636365,5.0,0.6,10.0,0.5,42.0,0.35714285714285715,4.0,0.75,8.0,0.375
LOLTMNT02_444730,2026,2026-08-01 12:05:06+00:00,LCK,2,Rounds 3-4,0,16.14,complete,,,Dplus Kia,oe:team:ef69efa6acebe94107f0cf1ba716806,Gen.G,oe:team:50f58982d91a36557ec8aec52ab014f,RED,1,0,BLUE,Dplus Kia,Nocturne,Poppy,Bard,Jarvan IV,Orianna,Ezreal,Xin Zhao,Lucian,Jayce,Vi,Caitlyn,Milio,Akali,Syndra,Viktor,Rumble,Anivia,Ryze,K'Sante,Yone,oe:team:50f58982d91a36557ec8aec52ab014f|oe:team:ef69efa6acebe94107f0cf1ba716806,2026_20260801_Dplus_Kia_vs_Gen_G_S5,[],0,False,88.0,49.0,0.5568181818181818,88.0,49.0,0.5568181818181818,5.0,0.4,10.0,0.6,49.0,0.6530612244897959,3.0,0.6666666666666666,11.0,0.36363636363636365,73.0,55.0,0.7534246575342466,73.0,55.0,0.7534246575342466,5.0,0.2,10.0,0.5,30.0,0.6666666666666666,2.0,0.0,11.0,0.6363636363636364
LOLTMNT02_444825,2026,2026-08-02 08:07:10+00:00,LCK,1,Rounds 3-4,0,16.14,complete,,,HANJIN BRION,oe:team:b77b3f6068e20a2b3edc0ecd3dc70d4,DN SOOPers,oe:team:b3c72a20aa56f5d28022ac04a7dc294,RED,0,1,RED,DN SOOPers,Orianna,Poppy,Camille,Cassiopeia,Vi,Locke,Ezreal,Lee Sin,Nocturne,Jayce,Xin Zhao,Shen,K'Sante,Syndra,Rumble,Yorick,Ambessa,Vayne,Anivia,Taliyah,oe:team:b3c72a20aa56f5d28022ac04a7dc294|oe:team:b77b3f6068e20a2b3edc0ecd3dc70d4,2026_20260802_DN_SOOPers_vs_HANJIN_BRION_S3,[],0,False,65.0,23.0,0.35384615384615387,65.0,23.0,0.35384615384615387,5.0,0.2,10.0,0.1,27.0,0.48148148148148145,3.0,0.3333333333333333,4.0,1.0,72.0,18.0,0.25,72.0,18.0,0.25,5.0,0.0,10.0,0.1,43.0,0.20930232558139536,2.0,0.0,4.0,0.0
LOLTMNT02_443839,2026,2026-08-02 09:02:39+00:00,LCK,2,Rounds 3-4,0,16.14,complete,,,DN SOOPers,oe:team:b3c72a20aa56f5d28022ac04a7dc294,HANJIN BRION,oe:team:b77b3f6068e20a2b3edc0ecd3dc70d4,RED,0,1,RED,HANJIN BRION,Locke,Vi,Jarvan IV,Annie,Orianna,Poppy,Akali,Naafiri,Jayce,Vayne,Ambessa,Gnar,Lucian,Alistar,Lulu,Yunara,Karma,Bard,Sivir,Nautilus,oe:team:b3c72a20aa56f5d28022ac04a7dc294|oe:team:b77b3f6068e20a2b3edc0ecd3dc70d4,2026_20260802_DN_SOOPers_vs_HANJIN_BRION_S3,"[""Camille"", ""Cassiopeia"", ""Ezreal"", ""Lee Sin"", ""Xin Zhao"", ""Shen"", ""Rumble"", ""Yorick"", ""Anivia"", ""Taliyah""]",10,False,73.0,19.0,0.2602739726027397,73.0,19.0,0.2602739726027397,5.0,0.2,10.0,0.2,29.0,0.3103448275862069,3.0,0.3333333333333333,5.0,0.2,66.0,23.0,0.3484848484848485,66.0,23.0,0.3484848484848485,5.0,0.2,10.0,0.1,38.0,0.2631578947368421,4.0,0.25,5.0,0.8
LOLTMNT02_443840,2026,2026-08-02 10:02:27+00:00,LCK,3,Rounds 3-4,0,16.14,complete,,,HANJIN BRION,oe:team:b77b3f6068e20a2b3edc0ecd3dc70d4,DN SOOPers,oe:team:b3c72a20aa56f5d28022ac04a7dc294,RED,0,1,RED,DN SOOPers,Orianna,Locke,Karma,Caitlyn,Vi,Jayce,Pantheon,Bard,Ryze,Poppy,Jhin,Skarner,K'Sante,Vayne,Ahri,Olaf,Sylas,Syndra,Zaahen,Mel,oe:team:b3c72a20aa56f5d28022ac04a7dc294|oe:team:b77b3f6068e20a2b3edc0ecd3dc70d4,2026_20260802_DN_SOOPers_vs_HANJIN_BRION_S3,"[""Camille"", ""Cassiopeia"", ""Ezreal"", ""Lee Sin"", ""Xin Zhao"", ""Shen"", ""Rumble"", ""Yorick"", ""Anivia"", ""Taliyah"", ""Jarvan IV"", ""Annie"", ""Akali"", ""Naafiri"", ""Ambessa"", ""Gnar"", ""Lulu"", ""Yunara"", ""Sivir"", ""Nautilus""]",20,False,67.0,24.0,0.3582089552238806,67.0,24.0,0.3582089552238806,5.0,0.4,10.0,0.2,28.0,0.4642857142857143,5.0,0.4,6.0,0.8333333333333334,74.0,19.0,0.25675675675675674,74.0,19.0,0.25675675675675674,5.0,0.2,10.0,0.2,44.0,0.22727272727272727,4.0,0.25,6.0,0.16666666666666666
LOLTMNT02_443862,2026,2026-08-02 11:27:57+00:00,LCK,1,Rounds 3-4,0,16.14,complete,,,Hanwha Life Esports,oe:team:3a1d18f46bcb3716ebcfcf4ef068934,KT Rolster,oe:team:d723992568441c6bafa2658129eade7,RED,0,1,RED,KT Rolster,Ezreal,Camille,Lucian,Cassiopeia,Jayce,Nocturne,Milio,Nautilus,Orianna,Vi,Jarvan IV,Miss Fortune,Pantheon,Olaf,Locke,Rumble,Gnar,Akali,Ambessa,Skarner,oe:team:3a1d18f46bcb3716ebcfcf4ef068934|oe:team:d723992568441c6bafa2658129eade7,2026_20260802_Hanwha_Life_Esports_vs_KT_Rolster_S3,[],0,False,64.0,41.0,0.640625,64.0,41.0,0.640625,5.0,0.6,10.0,0.6,30.0,0.6666666666666666,3.0,0.3333333333333333,5.0,0.6,68.0,37.0,0.5441176470588235,68.0,37.0,0.5441176470588235,5.0,0.4,10.0,0.5,31.0,0.45161290322580644,2.0,1.0,5.0,0.4
LOLTMNT02_444842,2026,2026-08-02 12:26:34+00:00,LCK,2,Rounds 3-4,0,16.14,complete,,,KT Rolster,oe:team:d723992568441c6bafa2658129eade7,Hanwha Life Esports,oe:team:3a1d18f46bcb3716ebcfcf4ef068934,RED,0,1,RED,Hanwha Life Esports,Camille,Ezreal,Pantheon,Ryze,Bard,Poppy,Syndra,Nocturne,Jayce,Orianna,Alistar,Shen,Gnar,Vayne,Corki,Jhin,Olaf,Zaahen,Gragas,Anivia,oe:team:3a1d18f46bcb3716ebcfcf4ef068934|oe:team:d723992568441c6bafa2658129eade7,2026_20260802_Hanwha_Life_Esports_vs_KT_Rolster_S3,"[""Lucian"", ""Cassiopeia"", ""Milio"", ""Nautilus"", ""Jarvan IV"", ""Miss Fortune"", ""Locke"", ""Rumble"", ""Ambessa"", ""Skarner""]",10,False,69.0,38.0,0.5507246376811594,69.0,38.0,0.5507246376811594,5.0,0.6,10.0,0.6,37.0,0.6216216216216216,3.0,1.0,6.0,0.5,65.0,41.0,0.6307692307692307,65.0,41.0,0.6307692307692307,5.0,0.4,10.0,0.6,34.0,0.6176470588235294,4.0,0.25,6.0,0.5
LOLTMNT02_443868,2026,2026-08-02 13:18:02+00:00,LCK,3,Rounds 3-4,0,16.14,complete,,,KT Rolster,oe:team:d723992568441c6bafa2658129eade7,Hanwha Life Esports,oe:team:3a1d18f46bcb3716ebcfcf4ef068934,BLUE,1,0,BLUE,KT Rolster,Camille,Orianna,Annie,Seraphine,Bard,Jayce,Yunara,Ashe,Caitlyn,Ezreal,Lulu,Viktor,Vayne,Wukong,Naafiri,Shyvana,Xin Zhao,Olaf,Gnar,Varus,oe:team:3a1d18f46bcb3716ebcfcf4ef068934|oe:team:d723992568441c6bafa2658129eade7,2026_20260802_Hanwha_Life_Esports_vs_KT_Rolster_S3,"[""Lucian"", ""Cassiopeia"", ""Milio"", ""Nautilus"", ""Jarvan IV"", ""Miss Fortune"", ""Locke"", ""Rumble"", ""Ambessa"", ""Skarner"", ""Pantheon"", ""Ryze"", ""Syndra"", ""Nocturne"", ""Alistar"", ""Shen"", ""Corki"", ""Jhin"", ""Gragas"", ""Anivia""]",20,False,70.0,38.0,0.5428571428571428,70.0,38.0,0.5428571428571428,5.0,0.6,10.0,0.6,38.0,0.6052631578947368,4.0,0.75,7.0,0.42857142857142855,66.0,42.0,0.6363636363636364,66.0,42.0,0.6363636363636364,5.0,0.4,10.0,0.6,35.0,0.6285714285714286,5.0,0.4,7.0,0.5714285714285714
LOLTMNT01_437088,2026,2026-08-05 08:04:53+00:00,LCK,1,Rounds 3-4,0,16.15,complete,,,Nongshim RedForce,oe:team:5cd2cd09ec94296f605dd13a2924d6c,HANJIN BRION,oe:team:b77b3f6068e20a2b3edc0ecd3dc70d4,RED,0,1,RED,HANJIN BRION,Nocturne,Poppy,Camille,Cassiopeia,Vi,Rumble,Lee Sin,Skarner,Orianna,Locke,Olaf,Shen,Jax,Syndra,Jhin,Ambessa,Vayne,Ezreal,Anivia,Corki,oe:team:5cd2cd09ec94296f605dd13a2924d6c|oe:team:b77b3f6068e20a2b3edc0ecd3dc70d4,2026_20260805_HANJIN_BRION_vs_Nongshim_RedForce_S3,[],0,False,67.0,25.0,0.373134328358209,67.0,25.0,0.373134328358209,5.0,0.8,10.0,0.6,24.0,0.375,0.0,,5.0,0.4,68.0,24.0,0.35294117647058826,68.0,24.0,0.35294117647058826,5.0,0.2,10.0,0.2,39.0,0.28205128205128205,0.0,,5.0,0.6
LOLTMNT01_438084,2026,2026-08-05 09:07:17+00:00,LCK,2,Rounds 3-4,0,16.15,complete,,,HANJIN BRION,oe:team:b77b3f6068e20a2b3edc0ecd3dc70d4,Nongshim RedForce,oe:team:5cd2cd09ec94296f605dd13a2924d6c,RED,0,1,RED,Nongshim RedForce,Orianna,Poppy,Ezreal,Jarvan IV,Locke,Vi,Ryze,Rumble,Lucian,Jayce,Naafiri,Syndra,Lulu,Karma,K'Sante,Sivir,Bard,Leona,Nautilus,Alistar,oe:team:5cd2cd09ec94296f605dd13a2924d6c|oe:team:b77b3f6068e20a2b3edc0ecd3dc70d4,2026_20260805_HANJIN_BRION_vs_Nongshim_RedForce_S3,"[""Camille"", ""Cassiopeia"", ""Lee Sin"", ""Skarner"", ""Olaf"", ""Shen"", ""Jhin"", ""Ambessa"", ""Anivia"", ""Corki""]",10,False,69.0,25.0,0.36231884057971014,69.0,25.0,0.36231884057971014,5.0,0.4,10.0,0.3,29.0,0.4482758620689655,1.0,1.0,6.0,0.6666666666666666,68.0,25.0,0.36764705882352944,68.0,25.0,0.36764705882352944,5.0,0.6,10.0,0.6,43.0,0.37209302325581395,1.0,0.0,6.0,0.3333333333333333
LOLTMNT01_438094,2026,2026-08-05 09:59:25+00:00,LCK,3,Rounds 3-4,0,16.15,complete,,,Nongshim RedForce,oe:team:5cd2cd09ec94296f605dd13a2924d6c,HANJIN BRION,oe:team:b77b3f6068e20a2b3edc0ecd3dc70d4,BLUE,0,1,RED,HANJIN BRION,Poppy,Orianna,Jayce,Lucian,Bard,Locke,Milio,Xin Zhao,Nocturne,Vi,Xayah,Yorick,Pyke,Wukong,Viktor,Annie,Akali,Pantheon,Trundle,Yuumi,oe:team:5cd2cd09ec94296f605dd13a2924d6c|oe:team:b77b3f6068e20a2b3edc0ecd3dc70d4,2026_20260805_HANJIN_BRION_vs_Nongshim_RedForce_S3,"[""Camille"", ""Cassiopeia"", ""Lee Sin"", ""Skarner"", ""Olaf"", ""Shen"", ""Jhin"", ""Ambessa"", ""Anivia"", ""Corki"", ""Ezreal"", ""Jarvan IV"", ""Ryze"", ""Rumble"", ""Naafiri"", ""Syndra"", ""K'Sante"", ""Sivir"", ""Nautilus"", ""Alistar""]",20,False,69.0,26.0,0.37681159420289856,69.0,26.0,0.37681159420289856,5.0,0.6,10.0,0.6,25.0,0.36,2.0,0.5,7.0,0.42857142857142855,70.0,25.0,0.35714285714285715,70.0,25.0,0.35714285714285715,5.0,0.4,10.0,0.3,40.0,0.3,2.0,0.5,7.0,0.5714285714285714
LOLTMNT01_438137,2026,2026-08-05 11:19:04+00:00,LCK,1,Rounds 3-4,0,16.15,complete,,,Gen.G,oe:team:50f58982d91a36557ec8aec52ab014f,Hanwha Life Esports,oe:team:3a1d18f46bcb3716ebcfcf4ef068934,RED,1,0,BLUE,Gen.G,Jayce,Ezreal,Anivia,Cassiopeia,Lucian,Galio,Jhin,Shen,Orianna,Vi,Lee Sin,Jarvan IV,Corki,Bard,Poppy,Miss Fortune,Olaf,Ambessa,Ornn,Rumble,oe:team:3a1d18f46bcb3716ebcfcf4ef068934|oe:team:50f58982d91a36557ec8aec52ab014f,2026_20260805_Gen_G_vs_Hanwha_Life_Esports_S4,[],0,False,74.0,55.0,0.7432432432432432,74.0,55.0,0.7432432432432432,5.0,0.2,10.0,0.4,43.0,0.813953488372093,0.0,,8.0,0.625,67.0,42.0,0.6268656716417911,67.0,42.0,0.6268656716417911,5.0,0.4,10.0,0.5,36.0,0.6111111111111112,0.0,,8.0,0.375
LOLTMNT01_437185,2026,2026-08-05 12:23:01+00:00,LCK,2,Rounds 3-4,0,16.15,complete,,,Gen.G,oe:team:50f58982d91a36557ec8aec52ab014f,Hanwha Life Esports,oe:team:3a1d18f46bcb3716ebcfcf4ef068934,RED,0,1,RED,Hanwha Life Esports,Jayce,Camille,Ryze,Vi,Orianna,Galio,Pantheon,Corki,Lucian,Bard,Ezreal,Alistar,Taliyah,Vayne,Braum,Olaf,Ahri,Karma,Zaahen,Akali,oe:team:3a1d18f46bcb3716ebcfcf4ef068934|oe:team:50f58982d91a36557ec8aec52ab014f,2026_20260805_Gen_G_vs_Hanwha_Life_Esports_S4,"[""Anivia"", ""Cassiopeia"", ""Jhin"", ""Shen"", ""Lee Sin"", ""Jarvan IV"", ""Poppy"", ""Miss Fortune"", ""Ornn"", ""Rumble""]",10,False,75.0,56.0,0.7466666666666667,75.0,56.0,0.7466666666666667,5.0,0.2,10.0,0.4,44.0,0.8181818181818182,1.0,1.0,9.0,0.6666666666666666,68.0,42.0,0.6176470588235294,68.0,42.0,0.6176470588235294,5.0,0.2,10.0,0.4,37.0,0.5945945945945946,1.0,0.0,9.0,0.3333333333333333
LOLTMNT01_438177,2026,2026-08-05 13:15:25+00:00,LCK,3,Rounds 3-4,0,16.15,complete,,,Hanwha Life Esports,oe:team:3a1d18f46bcb3716ebcfcf4ef068934,Gen.G,oe:team:50f58982d91a36557ec8aec52ab014f,RED,0,1,RED,Gen.G,Orianna,Bard,Viktor,Nocturne,Annie,Lucian,Shyvana,Varus,Jayce,Camille,Leona,Syndra,Sylas,Jax,Yunara,Kalista,Rakan,K'Sante,Dr. Mundo,Renata Glasc,oe:team:3a1d18f46bcb3716ebcfcf4ef068934|oe:team:50f58982d91a36557ec8aec52ab014f,2026_20260805_Gen_G_vs_Hanwha_Life_Esports_S4,"[""Anivia"", ""Cassiopeia"", ""Jhin"", ""Shen"", ""Lee Sin"", ""Jarvan IV"", ""Poppy"", ""Miss Fortune"", ""Ornn"", ""Rumble"", ""Ryze"", ""Vi"", ""Pantheon"", ""Corki"", ""Ezreal"", ""Alistar"", ""Braum"", ""Olaf"", ""Zaahen"", ""Akali""]",20,False,69.0,43.0,0.6231884057971014,69.0,43.0,0.6231884057971014,5.0,0.4,10.0,0.5,31.0,0.6451612903225806,2.0,0.5,10.0,0.4,76.0,56.0,0.7368421052631579,76.0,56.0,0.7368421052631579,5.0,0.2,10.0,0.3,31.0,0.6451612903225806,2.0,0.5,10.0,0.6
LOLTMNT01_437554,2026,2026-08-06 08:07:39+00:00,LCK,1,Rounds 3-4,0,16.15,complete,,,Kiwoom DRX,oe:team:1d0389df0c5eea93b04122ba167c010,DN SOOPers,oe:team:b3c72a20aa56f5d28022ac04a7dc294,RED,1,0,BLUE,Kiwoom DRX,Lee Sin,Poppy,Jarvan IV,Camille,Vi,Ezreal,Ryze,Rumble,Cassiopeia,Orianna,Shen,Yone,Ziggs,Jayce,K'Sante,Corki,Taliyah,Ambessa,Xayah,Qiyana,oe:team:1d0389df0c5eea93b04122ba167c010|oe:team:b3c72a20aa56f5d28022ac04a7dc294,2026_20260806_DN_SOOPers_vs_Kiwoom_DRX_S5,[],0,False,82.0,33.0,0.4024390243902439,82.0,33.0,0.4024390243902439,5.0,0.4,10.0,0.4,40.0,0.4,0.0,,11.0,0.36363636363636365,75.0,20.0,0.26666666666666666,75.0,20.0,0.26666666666666666,5.0,0.4,10.0,0.3,45.0,0.24444444444444444,0.0,,11.0,0.6363636363636364
LOLTMNT01_437576,2026,2026-08-06 08:57:28+00:00,LCK,2,Rounds 3-4,0,16.15,complete,,,DN SOOPers,oe:team:b3c72a20aa56f5d28022ac04a7dc294,Kiwoom DRX,oe:team:1d0389df0c5eea93b04122ba167c010,RED,0,1,RED,Kiwoom DRX,Orianna,Ezreal,Karma,Lee Sin,Cassiopeia,Bard,Skarner,Miss Fortune,Vi,Vayne,Sivir,Nautilus,Annie,Syndra,Viktor,Aurora,Akali,Olaf,Yorick,Jayce,oe:team:1d0389df0c5eea93b04122ba167c010|oe:team:b3c72a20aa56f5d28022ac04a7dc294,2026_20260806_DN_SOOPers_vs_Kiwoom_DRX_S5,"[""Jarvan IV"", ""Camille"", ""Ryze"", ""Rumble"", ""Shen"", ""Yone"", ""K'Sante"", ""Corki"", ""Xayah"", ""Qiyana""]",10,False,76.0,20.0,0.2631578947368421,76.0,20.0,0.2631578947368421,5.0,0.4,10.0,0.2,30.0,0.3,1.0,0.0,12.0,0.5833333333333334,83.0,34.0,0.40963855421686746,83.0,34.0,0.40963855421686746,5.0,0.6,10.0,0.4,42.0,0.40476190476190477,1.0,1.0,12.0,0.4166666666666667
LOLTMNT01_438592,2026,2026-08-06 10:15:34+00:00,LCK,1,Rounds 3-4,0,16.15,complete,,,T1,oe:team:ce499dea30cfce118f4fe85da0227e8,Dplus Kia,oe:team:ef69efa6acebe94107f0cf1ba716806,RED,1,0,BLUE,T1,Jayce,Nocturne,Cassiopeia,Bard,Orianna,Poppy,Vi,Xin Zhao,Lucian,Camille,Ambessa,Ezreal,Renekton,Caitlyn,Shen,Anivia,Olaf,Kai'Sa,Jhin,Aatrox,oe:team:ce499dea30cfce118f4fe85da0227e8|oe:team:ef69efa6acebe94107f0cf1ba716806,2026_20260806_Dplus_Kia_vs_T1_S5,[],0,False,76.0,50.0,0.6578947368421053,76.0,50.0,0.6578947368421053,5.0,0.6,10.0,0.5,41.0,0.6829268292682927,0.0,,13.0,0.6153846153846154,89.0,50.0,0.5617977528089888,89.0,50.0,0.5617977528089888,5.0,0.6,10.0,0.6,39.0,0.4358974358974359,0.0,,13.0,0.38461538461538464
LOLTMNT01_438604,2026,2026-08-06 11:06:48+00:00,LCK,2,Rounds 3-4,0,16.15,complete,,,T1,oe:team:ce499dea30cfce118f4fe85da0227e8,Dplus Kia,oe:team:ef69efa6acebe94107f0cf1ba716806,RED,1,0,BLUE,T1,Camille,Nocturne,Lucian,Jarvan IV,Orianna,Poppy,Jayce,Caitlyn,Lee Sin,Akali,Milio,Lux,Yorick,Twisted Fate,Ryze,Syndra,Rumble,Pantheon,Sejuani,Olaf,oe:team:ce499dea30cfce118f4fe85da0227e8|oe:team:ef69efa6acebe94107f0cf1ba716806,2026_20260806_Dplus_Kia_vs_T1_S5,"[""Cassiopeia"", ""Bard"", ""Vi"", ""Xin Zhao"", ""Ambessa"", ""Ezreal"", ""Shen"", ""Anivia"", ""Jhin"", ""Aatrox""]",10,False,77.0,51.0,0.6623376623376623,77.0,51.0,0.6623376623376623,5.0,0.6,10.0,0.6,42.0,0.6904761904761905,1.0,1.0,14.0,0.6428571428571429,90.0,50.0,0.5555555555555556,90.0,50.0,0.5555555555555556,5.0,0.6,10.0,0.5,40.0,0.425,1.0,0.0,14.0,0.35714285714285715
LOLTMNT01_437976,2026,2026-08-07 08:07:40+00:00,LCK,1,Rounds 3-4,0,16.15,complete,,,Gen.G,oe:team:50f58982d91a36557ec8aec52ab014f,KT Rolster,oe:team:d723992568441c6bafa2658129eade7,RED,1,0,BLUE,Gen.G,Jayce,Camille,Nocturne,Vi,Cassiopeia,Poppy,Shen,Lucian,Orianna,Galio,Ryze,Milio,Gnar,Jhin,Kog'Maw,Rumble,Olaf,Ezreal,Lulu,Yone,oe:team:50f58982d91a36557ec8aec52ab014f|oe:team:d723992568441c6bafa2658129eade7,2026_20260807_Gen_G_vs_KT_Rolster_S5,[],0,False,77.0,57.0,0.7402597402597403,77.0,57.0,0.7402597402597403,5.0,0.4,10.0,0.3,45.0,0.8,3.0,0.6666666666666666,10.0,0.8,71.0,39.0,0.5492957746478874,71.0,39.0,0.5492957746478874,5.0,0.8,10.0,0.6,32.0,0.46875,0.0,,10.0,0.2
LOLTMNT01_439046,2026,2026-08-07 08:59:42+00:00,LCK,2,Rounds 3-4,0,16.15,complete,,,Gen.G,oe:team:50f58982d91a36557ec8aec52ab014f,KT Rolster,oe:team:d723992568441c6bafa2658129eade7,RED,1,0,BLUE,Gen.G,Jayce,Camille,Olaf,Orianna,Cassiopeia,Vayne,Lee Sin,Skarner,Poppy,Anivia,Galio,Zaahen,Corki,Bard,Ezreal,Kai'Sa,Kalista,Seraphine,Leona,Nautilus,oe:team:50f58982d91a36557ec8aec52ab014f|oe:team:d723992568441c6bafa2658129eade7,2026_20260807_Gen_G_vs_KT_Rolster_S5,"[""Nocturne"", ""Vi"", ""Shen"", ""Lucian"", ""Ryze"", ""Milio"", ""Kog'Maw"", ""Rumble"", ""Lulu"", ""Yone""]",10,False,78.0,58.0,0.7435897435897436,78.0,58.0,0.7435897435897436,5.0,0.6,10.0,0.4,46.0,0.8043478260869565,4.0,0.75,11.0,0.8181818181818182,72.0,39.0,0.5416666666666666,72.0,39.0,0.5416666666666666,5.0,0.6,10.0,0.5,33.0,0.45454545454545453,1.0,0.0,11.0,0.18181818181818182
LOLTMNT01_440028,2026,2026-08-07 10:11:30+00:00,LCK,1,Rounds 3-4,0,16.15,complete,,,HANJIN BRION,oe:team:b77b3f6068e20a2b3edc0ecd3dc70d4,BNK FEARX,oe:team:5c2e7e9ea8dfcba0150d9a5619baecf,RED,1,0,BLUE,HANJIN BRION,Orianna,Poppy,Lee Sin,Jarvan IV,Cassiopeia,Nocturne,Camille,Jhin,Vi,Ezreal,Corki,Shen,Syndra,Ryze,Jayce,Viktor,Rumble,Olaf,Locke,K'Sante,oe:team:5c2e7e9ea8dfcba0150d9a5619baecf|oe:team:b77b3f6068e20a2b3edc0ecd3dc70d4,2026_20260807_BNK_FEARX_vs_HANJIN_BRION_S4,[],0,False,71.0,26.0,0.36619718309859156,71.0,26.0,0.36619718309859156,5.0,0.6,10.0,0.4,30.0,0.43333333333333335,3.0,0.6666666666666666,7.0,0.7142857142857143,77.0,35.0,0.45454545454545453,77.0,35.0,0.45454545454545453,5.0,0.6,10.0,0.5,31.0,0.45161290322580644,0.0,,7.0,0.2857142857142857
LOLTMNT01_440045,2026,2026-08-07 11:12:12+00:00,LCK,2,Rounds 3-4,0,16.15,complete,,,HANJIN BRION,oe:team:b77b3f6068e20a2b3edc0ecd3dc70d4,BNK FEARX,oe:team:5c2e7e9ea8dfcba0150d9a5619baecf,RED,1,0,BLUE,HANJIN BRION,Orianna,Poppy,Rumble,Vi,Lucian,Nocturne,Cassiopeia,Syndra,Bard,Akali,Pantheon,Ambessa,Lulu,Ezreal,Leona,Ziggs,Sivir,Nautilus,Kai'Sa,Rell,oe:team:5c2e7e9ea8dfcba0150d9a5619baecf|oe:team:b77b3f6068e20a2b3edc0ecd3dc70d4,2026_20260807_BNK_FEARX_vs_HANJIN_BRION_S4,"[""Lee Sin"", ""Jarvan IV"", ""Camille"", ""Jhin"", ""Corki"", ""Shen"", ""Jayce"", ""Viktor"", ""Locke"", ""K'Sante""]",10,False,72.0,27.0,0.375,72.0,27.0,0.375,5.0,0.6,10.0,0.5,31.0,0.45161290322580644,4.0,0.75,8.0,0.75,78.0,35.0,0.44871794871794873,78.0,35.0,0.44871794871794873,5.0,0.4,10.0,0.4,32.0,0.4375,1.0,0.0,8.0,0.25
LOLTMNT01_440328,2026,2026-08-08 08:08:11+00:00,LCK,1,Rounds 3-4,0,16.15,complete,,,T1,oe:team:ce499dea30cfce118f4fe85da0227e8,Hanwha Life Esports,oe:team:3a1d18f46bcb3716ebcfcf4ef068934,RED,1,0,BLUE,T1,Jayce,Poppy,Jhin,Vi,Cassiopeia,Bard,Camille,Shen,Orianna,Nocturne,Olaf,Corki,Yone,Lee Sin,Pantheon,Anivia,Jax,Xin Zhao,Galio,Ryze,oe:team:3a1d18f46bcb3716ebcfcf4ef068934|oe:team:ce499dea30cfce118f4fe85da0227e8,2026_20260808_Hanwha_Life_Esports_vs_T1_S5,[],0,False,78.0,52.0,0.6666666666666666,78.0,52.0,0.6666666666666666,5.0,0.8,10.0,0.7,43.0,0.6976744186046512,2.0,1.0,12.0,0.5,70.0,43.0,0.6142857142857143,70.0,43.0,0.6142857142857143,5.0,0.4,10.0,0.4,38.0,0.6052631578947368,3.0,0.3333333333333333,12.0,0.5
LOLTMNT01_439357,2026,2026-08-08 08:59:05+00:00,LCK,2,Rounds 3-4,0,16.15,complete,,,T1,oe:team:ce499dea30cfce118f4fe85da0227e8,Hanwha Life Esports,oe:team:3a1d18f46bcb3716ebcfcf4ef068934,RED,0,1,RED,Hanwha Life Esports,Jayce,Poppy,Lee Sin,Orianna,Cassiopeia,Bard,Locke,Alistar,Nocturne,Skarner,Gnar,Jarvan IV,Vayne,Lucian,Caitlyn,Ziggs,Varus,Ezreal,Lux,Ambessa,oe:team:3a1d18f46bcb3716ebcfcf4ef068934|oe:team:ce499dea30cfce118f4fe85da0227e8,2026_20260808_Hanwha_Life_Esports_vs_T1_S5,"[""Jhin"", ""Vi"", ""Camille"", ""Shen"", ""Olaf"", ""Corki"", ""Pantheon"", ""Anivia"", ""Galio"", ""Ryze""]",10,False,79.0,53.0,0.6708860759493671,79.0,53.0,0.6708860759493671,5.0,1.0,10.0,0.7,44.0,0.7045454545454546,3.0,1.0,13.0,0.5384615384615384,71.0,43.0,0.6056338028169014,71.0,43.0,0.6056338028169014,5.0,0.2,10.0,0.3,39.0,0.5897435897435898,4.0,0.25,13.0,0.46153846153846156
LOLTMNT01_440356,2026,2026-08-08 09:56:45+00:00,LCK,3,Rounds 3-4,0,16.15,complete,,,Hanwha Life Esports,oe:team:3a1d18f46bcb3716ebcfcf4ef068934,T1,oe:team:ce499dea30cfce118f4fe85da0227e8,RED,1,0,BLUE,Hanwha Life Esports,Cassiopeia,Lulu,Ezreal,Bard,Jayce,Rakan,Karma,Nocturne,Lucian,Nautilus,Naafiri,Varus,Sivir,Akali,Ahri,Rumble,Lissandra,Dr. Mundo,Cho'Gath,Viktor,oe:team:3a1d18f46bcb3716ebcfcf4ef068934|oe:team:ce499dea30cfce118f4fe85da0227e8,2026_20260808_Hanwha_Life_Esports_vs_T1_S5,"[""Jhin"", ""Vi"", ""Camille"", ""Shen"", ""Olaf"", ""Corki"", ""Pantheon"", ""Anivia"", ""Galio"", ""Ryze"", ""Lee Sin"", ""Orianna"", ""Locke"", ""Alistar"", ""Gnar"", ""Jarvan IV"", ""Caitlyn"", ""Ziggs"", ""Lux"", ""Ambessa""]",20,False,72.0,44.0,0.6111111111111112,72.0,44.0,0.6111111111111112,5.0,0.4,10.0,0.4,32.0,0.625,5.0,0.4,14.0,0.5,80.0,53.0,0.6625,80.0,53.0,0.6625,5.0,0.8,10.0,0.6,35.0,0.6285714285714286,4.0,0.75,14.0,0.5
LOLTMNT01_440394,2026,2026-08-08 11:16:34+00:00,LCK,1,Rounds 3-4,0,16.15,complete,,,DN SOOPers,oe:team:b3c72a20aa56f5d28022ac04a7dc294,Nongshim RedForce,oe:team:5cd2cd09ec94296f605dd13a2924d6c,RED,1,0,BLUE,DN SOOPers,Orianna,Poppy,Camille,Vi,Cassiopeia,Nocturne,Ezreal,Lucian,Rumble,Lee Sin,Ryze,Milio,Taliyah,Pantheon,Naafiri,Syndra,Locke,Olaf,Yorick,Jayce,oe:team:5cd2cd09ec94296f605dd13a2924d6c|oe:team:b3c72a20aa56f5d28022ac04a7dc294,2026_20260808_DN_SOOPers_vs_Nongshim_RedForce_S4,[],0,False,77.0,20.0,0.2597402597402597,77.0,20.0,0.2597402597402597,5.0,0.4,10.0,0.2,31.0,0.2903225806451613,2.0,0.0,8.0,0.375,70.0,26.0,0.37142857142857144,70.0,26.0,0.37142857142857144,5.0,0.4,10.0,0.5,44.0,0.38636363636363635,3.0,0.3333333333333333,8.0,0.625
LOLTMNT01_439418,2026,2026-08-08 12:13:56+00:00,LCK,2,Rounds 3-4,0,16.15,complete,,,DN SOOPers,oe:team:b3c72a20aa56f5d28022ac04a7dc294,Nongshim RedForce,oe:team:5cd2cd09ec94296f605dd13a2924d6c,RED,1,0,BLUE,DN SOOPers,Rumble,Poppy,Cassiopeia,Orianna,Bard,Nocturne,Lee Sin,Pantheon,Jarvan IV,Locke,Alistar,Shen,Olaf,Sivir,Jhin,Varus,Kai'Sa,Ziggs,Vayne,Gnar,oe:team:5cd2cd09ec94296f605dd13a2924d6c|oe:team:b3c72a20aa56f5d28022ac04a7dc294,2026_20260808_DN_SOOPers_vs_Nongshim_RedForce_S4,"[""Camille"", ""Vi"", ""Ezreal"", ""Lucian"", ""Ryze"", ""Milio"", ""Naafiri"", ""Syndra"", ""Yorick"", ""Jayce""]",10,False,78.0,21.0,0.2692307692307692,78.0,21.0,0.2692307692307692,5.0,0.4,10.0,0.3,32.0,0.3125,3.0,0.3333333333333333,9.0,0.4444444444444444,71.0,26.0,0.36619718309859156,71.0,26.0,0.36619718309859156,5.0,0.4,10.0,0.5,45.0,0.37777777777777777,4.0,0.25,9.0,0.5555555555555556
LOLTMNT01_439669,2026,2026-08-09 08:07:07+00:00,LCK,1,Rounds 3-4,0,16.15,complete,,,KT Rolster,oe:team:d723992568441c6bafa2658129eade7,Dplus Kia,oe:team:ef69efa6acebe94107f0cf1ba716806,RED,1,0,BLUE,KT Rolster,Camille,Nocturne,Olaf,Vi,Orianna,Poppy,Ezreal,Lucian,Cassiopeia,Vayne,Nautilus,Milio,Jayce,Jarvan IV,Ryze,Taliyah,Syndra,Xin Zhao,Pantheon,Ambessa,oe:team:d723992568441c6bafa2658129eade7|oe:team:ef69efa6acebe94107f0cf1ba716806,2026_20260809_Dplus_Kia_vs_KT_Rolster_S4,[],0,False,73.0,39.0,0.5342465753424658,73.0,39.0,0.5342465753424658,5.0,0.4,10.0,0.4,39.0,0.6153846153846154,2.0,0.0,10.0,0.7,91.0,50.0,0.5494505494505495,91.0,50.0,0.5494505494505495,5.0,0.4,10.0,0.4,41.0,0.4146341463414634,2.0,0.0,10.0,0.3
LOLTMNT01_440665,2026,2026-08-09 08:57:17+00:00,LCK,2,Rounds 3-4,0,16.15,complete,,,KT Rolster,oe:team:d723992568441c6bafa2658129eade7,Dplus Kia,oe:team:ef69efa6acebe94107f0cf1ba716806,RED,0,1,RED,Dplus Kia,Camille,Nocturne,Annie,Jayce,Orianna,Poppy,Bard,Jhin,Cassiopeia,Jarvan IV,Corki,Shen,Syndra,Trundle,Naafiri,Viktor,Skarner,Lee Sin,Yorick,Xin Zhao,oe:team:d723992568441c6bafa2658129eade7|oe:team:ef69efa6acebe94107f0cf1ba716806,2026_20260809_Dplus_Kia_vs_KT_Rolster_S4,"[""Olaf"", ""Vi"", ""Ezreal"", ""Lucian"", ""Nautilus"", ""Milio"", ""Ryze"", ""Taliyah"", ""Pantheon"", ""Ambessa""]",10,False,74.0,40.0,0.5405405405405406,74.0,40.0,0.5405405405405406,5.0,0.4,10.0,0.5,40.0,0.625,3.0,0.3333333333333333,11.0,0.7272727272727273,92.0,50.0,0.5434782608695652,92.0,50.0,0.5434782608695652,5.0,0.4,10.0,0.3,42.0,0.40476190476190477,3.0,0.0,11.0,0.2727272727272727
LOLTMNT01_440684,2026,2026-08-09 09:51:31+00:00,LCK,3,Rounds 3-4,0,16.15,complete,,,KT Rolster,oe:team:d723992568441c6bafa2658129eade7,Dplus Kia,oe:team:ef69efa6acebe94107f0cf1ba716806,RED,0,1,RED,Dplus Kia,Camille,Nocturne,Rumble,Orianna,Cassiopeia,Poppy,Yone,Jarvan IV,Lulu,Syndra,Skarner,K'Sante,Caitlyn,Ziggs,Alistar,Kalista,Ashe,Miss Fortune,Mel,Renata Glasc,oe:team:d723992568441c6bafa2658129eade7|oe:team:ef69efa6acebe94107f0cf1ba716806,2026_20260809_Dplus_Kia_vs_KT_Rolster_S4,"[""Olaf"", ""Vi"", ""Ezreal"", ""Lucian"", ""Nautilus"", ""Milio"", ""Ryze"", ""Taliyah"", ""Pantheon"", ""Ambessa"", ""Annie"", ""Jayce"", ""Bard"", ""Jhin"", ""Corki"", ""Shen"", ""Naafiri"", ""Viktor"", ""Yorick"", ""Xin Zhao""]",20,False,75.0,40.0,0.5333333333333333,75.0,40.0,0.5333333333333333,5.0,0.4,10.0,0.5,41.0,0.6097560975609756,4.0,0.25,12.0,0.6666666666666666,93.0,51.0,0.5483870967741935,93.0,51.0,0.5483870967741935,5.0,0.4,10.0,0.4,43.0,0.4186046511627907,4.0,0.25,12.0,0.3333333333333333
LOLTMNT01_439728,2026,2026-08-09 11:01:09+00:00,LCK,1,Rounds 3-4,0,16.15,complete,,,BNK FEARX,oe:team:5c2e7e9ea8dfcba0150d9a5619baecf,Kiwoom DRX,oe:team:1d0389df0c5eea93b04122ba167c010,RED,1,0,BLUE,BNK FEARX,Orianna,Poppy,Lucian,Camille,Cassiopeia,Shen,Nocturne,Jarvan IV,Vi,Olaf,Milio,Ryze,Ezreal,K'Sante,Syndra,Ziggs,Corki,Rumble,Nidalee,Jayce,oe:team:1d0389df0c5eea93b04122ba167c010|oe:team:5c2e7e9ea8dfcba0150d9a5619baecf,2026_20260809_BNK_FEARX_vs_Kiwoom_DRX_S3,[],0,False,79.0,35.0,0.4430379746835443,79.0,35.0,0.4430379746835443,5.0,0.2,10.0,0.4,46.0,0.45652173913043476,2.0,0.0,5.0,0.8,84.0,35.0,0.4166666666666667,84.0,35.0,0.4166666666666667,5.0,0.8,10.0,0.5,43.0,0.4186046511627907,2.0,1.0,5.0,0.2
LOLTMNT01_440741,2026,2026-08-09 11:52:16+00:00,LCK,2,Rounds 3-4,0,16.15,complete,,,BNK FEARX,oe:team:5c2e7e9ea8dfcba0150d9a5619baecf,Kiwoom DRX,oe:team:1d0389df0c5eea93b04122ba167c010,RED,1,0,BLUE,BNK FEARX,Orianna,Poppy,Jhin,Lee Sin,Cassiopeia,Olaf,Shen,Gnar,Vi,Vayne,Pantheon,Annie,Ezreal,Rumble,Viktor,Miss Fortune,Corki,Ambessa,Renekton,Nautilus,oe:team:1d0389df0c5eea93b04122ba167c010|oe:team:5c2e7e9ea8dfcba0150d9a5619baecf,2026_20260809_BNK_FEARX_vs_Kiwoom_DRX_S3,"[""Lucian"", ""Camille"", ""Nocturne"", ""Jarvan IV"", ""Milio"", ""Ryze"", ""Syndra"", ""Ziggs"", ""Nidalee"", ""Jayce""]",10,False,80.0,36.0,0.45,80.0,36.0,0.45,5.0,0.4,10.0,0.4,47.0,0.46808510638297873,3.0,0.3333333333333333,6.0,0.8333333333333334,85.0,35.0,0.4117647058823529,85.0,35.0,0.4117647058823529,5.0,0.8,10.0,0.5,44.0,0.4090909090909091,3.0,0.6666666666666666,6.0,0.16666666666666666
LOLTMNT01_442886,2026,2026-08-12 08:07:18+00:00,LCK,1,Rounds 3-4,0,16.15,complete,,,Nongshim RedForce,oe:team:5cd2cd09ec94296f605dd13a2924d6c,DN SOOPers,oe:team:b3c72a20aa56f5d28022ac04a7dc294,RED,1,0,BLUE,Nongshim RedForce,Vi,Poppy,Orianna,Cassiopeia,Camille,Rumble,Jarvan IV,Lee Sin,Shen,Nocturne,Kled,Olaf,Bard,Lucian,Ezreal,Jhin,Locke,Lulu,Leona,Nautilus,oe:team:5cd2cd09ec94296f605dd13a2924d6c|oe:team:b3c72a20aa56f5d28022ac04a7dc294,2026_20260812_DN_SOOPers_vs_Nongshim_RedForce_S5,[],0,False,72.0,26.0,0.3611111111111111,72.0,26.0,0.3611111111111111,5.0,0.2,10.0,0.5,26.0,0.34615384615384615,5.0,0.2,10.0,0.5,79.0,22.0,0.27848101265822783,79.0,22.0,0.27848101265822783,5.0,0.6,10.0,0.4,46.0,0.2391304347826087,4.0,0.5,10.0,0.5
LOLTMNT01_441931,2026,2026-08-12 08:54:07+00:00,LCK,2,Rounds 3-4,0,16.15,complete,,,DN SOOPers,oe:team:b3c72a20aa56f5d28022ac04a7dc294,Nongshim RedForce,oe:team:5cd2cd09ec94296f605dd13a2924d6c,RED,1,0,BLUE,DN SOOPers,Ryze,Vi,Jayce,Nocturne,Rumble,Camille,Shen,Yunara,Lucian,Bard,Ziggs,Lulu,K'Sante,Qiyana,Pantheon,Dr. Mundo,Yorick,Naafiri,Galio,Locke,oe:team:5cd2cd09ec94296f605dd13a2924d6c|oe:team:b3c72a20aa56f5d28022ac04a7dc294,2026_20260812_DN_SOOPers_vs_Nongshim_RedForce_S5,"[""Orianna"", ""Cassiopeia"", ""Jarvan IV"", ""Lee Sin"", ""Kled"", ""Olaf"", ""Ezreal"", ""Jhin"", ""Leona"", ""Nautilus""]",10,False,80.0,22.0,0.275,80.0,22.0,0.275,5.0,0.4,10.0,0.4,33.0,0.3333333333333333,5.0,0.4,11.0,0.45454545454545453,73.0,27.0,0.3698630136986301,73.0,27.0,0.3698630136986301,5.0,0.4,10.0,0.5,46.0,0.3695652173913043,6.0,0.3333333333333333,11.0,0.5454545454545454
LOLTMNT01_441936,2026,2026-08-12 09:46:34+00:00,LCK,3,Rounds 3-4,0,16.15,complete,,,DN SOOPers,oe:team:b3c72a20aa56f5d28022ac04a7dc294,Nongshim RedForce,oe:team:5cd2cd09ec94296f605dd13a2924d6c,BLUE,1,0,BLUE,DN SOOPers,Lucian,Vi,Naafiri,Wukong,Poppy,Camille,Akali,Syndra,Ryze,Bard,Rumble,Alistar,K'Sante,Ashe,Xayah,Yorick,Ambessa,Neeko,Rakan,Sivir,oe:team:5cd2cd09ec94296f605dd13a2924d6c|oe:team:b3c72a20aa56f5d28022ac04a7dc294,2026_20260812_DN_SOOPers_vs_Nongshim_RedForce_S5,"[""Orianna"", ""Cassiopeia"", ""Jarvan IV"", ""Lee Sin"", ""Kled"", ""Olaf"", ""Ezreal"", ""Jhin"", ""Leona"", ""Nautilus"", ""Jayce"", ""Nocturne"", ""Shen"", ""Yunara"", ""Ziggs"", ""Lulu"", ""Pantheon"", ""Dr. Mundo"", ""Galio"", ""Locke""]",20,False,81.0,23.0,0.2839506172839506,81.0,23.0,0.2839506172839506,5.0,0.6,10.0,0.5,34.0,0.35294117647058826,6.0,0.5,12.0,0.5,74.0,27.0,0.36486486486486486,74.0,27.0,0.36486486486486486,5.0,0.2,10.0,0.4,47.0,0.3617021276595745,7.0,0.2857142857142857,12.0,0.5
LOLTMNT01_441955,2026,2026-08-12 11:02:08+00:00,LCK,1,Rounds 3-4,0,16.15,complete,,,Dplus Kia,oe:team:ef69efa6acebe94107f0cf1ba716806,KT Rolster,oe:team:d723992568441c6bafa2658129eade7,RED,1,0,BLUE,Dplus Kia,Orianna,Camille,Jhin,Olaf,Cassiopeia,Lucian,Kled,Ezreal,Nocturne,Jarvan IV,Karma,Shen,Vi,Lee Sin,Ryze,Viktor,Syndra,Poppy,Xin Zhao,Pantheon,oe:team:d723992568441c6bafa2658129eade7|oe:team:ef69efa6acebe94107f0cf1ba716806,2026_20260812_Dplus_Kia_vs_KT_Rolster_S5,[],0,False,94.0,52.0,0.5531914893617021,94.0,52.0,0.5531914893617021,5.0,0.4,10.0,0.5,50.0,0.66,5.0,0.4,13.0,0.38461538461538464,76.0,40.0,0.5263157894736842,76.0,40.0,0.5263157894736842,5.0,0.2,10.0,0.5,34.0,0.4411764705882353,5.0,0.2,13.0,0.6153846153846154
LOLTMNT01_441971,2026,2026-08-12 11:48:44+00:00,LCK,2,Rounds 3-4,0,16.15,complete,,,Dplus Kia,oe:team:ef69efa6acebe94107f0cf1ba716806,KT Rolster,oe:team:d723992568441c6bafa2658129eade7,RED,1,0,BLUE,Dplus Kia,Orianna,Camille,Bard,Jayce,Nocturne,Lucian,K'Sante,Ziggs,Cassiopeia,Jarvan IV,Sivir,Nautilus,Poppy,Lee Sin,Vi,Naafiri,Trundle,Syndra,Taliyah,Annie,oe:team:d723992568441c6bafa2658129eade7|oe:team:ef69efa6acebe94107f0cf1ba716806,2026_20260812_Dplus_Kia_vs_KT_Rolster_S5,"[""Jhin"", ""Olaf"", ""Kled"", ""Ezreal"", ""Karma"", ""Shen"", ""Ryze"", ""Viktor"", ""Xin Zhao"", ""Pantheon""]",10,False,95.0,53.0,0.5578947368421052,95.0,53.0,0.5578947368421052,5.0,0.6,10.0,0.6,51.0,0.6666666666666666,6.0,0.5,14.0,0.42857142857142855,77.0,40.0,0.5194805194805194,77.0,40.0,0.5194805194805194,5.0,0.2,10.0,0.4,35.0,0.42857142857142855,6.0,0.16666666666666666,14.0,0.5714285714285714
LOLTMNT01_443225,2026,2026-08-13 08:06:50+00:00,LCK,1,Rounds 3-4,0,16.15,complete,,,Kiwoom DRX,oe:team:1d0389df0c5eea93b04122ba167c010,BNK FEARX,oe:team:5c2e7e9ea8dfcba0150d9a5619baecf,BLUE,1,0,BLUE,Kiwoom DRX,Poppy,Orianna,Vi,Ezreal,Nocturne,Cassiopeia,Ryze,Olaf,Jarvan IV,Camille,Jax,Karma,Pantheon,Nautilus,Caitlyn,Xin Zhao,Lee Sin,Jhin,Bard,Syndra,oe:team:1d0389df0c5eea93b04122ba167c010|oe:team:5c2e7e9ea8dfcba0150d9a5619baecf,2026_20260813_BNK_FEARX_vs_Kiwoom_DRX_S4,[],0,False,86.0,35.0,0.4069767441860465,86.0,35.0,0.4069767441860465,5.0,0.6,10.0,0.4,41.0,0.4146341463414634,4.0,0.5,7.0,0.14285714285714285,81.0,37.0,0.4567901234567901,81.0,37.0,0.4567901234567901,5.0,0.4,10.0,0.5,33.0,0.42424242424242425,4.0,0.5,7.0,0.8571428571428571
LOLTMNT01_444209,2026,2026-08-13 09:01:27+00:00,LCK,2,Rounds 3-4,0,16.15,complete,,,BNK FEARX,oe:team:5c2e7e9ea8dfcba0150d9a5619baecf,Kiwoom DRX,oe:team:1d0389df0c5eea93b04122ba167c010,RED,1,0,BLUE,BNK FEARX,Cassiopeia,Lucian,Yunara,Nocturne,Orianna,Jhin,Lulu,Rumble,Camille,Jarvan IV,K'Sante,Nautilus,Miss Fortune,Pantheon,Lee Sin,Corki,Varus,Annie,Lissandra,Locke,oe:team:1d0389df0c5eea93b04122ba167c010|oe:team:5c2e7e9ea8dfcba0150d9a5619baecf,2026_20260813_BNK_FEARX_vs_Kiwoom_DRX_S4,"[""Vi"", ""Ezreal"", ""Ryze"", ""Olaf"", ""Jax"", ""Karma"", ""Caitlyn"", ""Xin Zhao"", ""Bard"", ""Syndra""]",10,False,82.0,37.0,0.45121951219512196,82.0,37.0,0.45121951219512196,5.0,0.4,10.0,0.5,48.0,0.4791666666666667,5.0,0.4,8.0,0.75,87.0,36.0,0.41379310344827586,87.0,36.0,0.41379310344827586,5.0,0.6,10.0,0.5,45.0,0.4,5.0,0.6,8.0,0.25
LOLTMNT01_443259,2026,2026-08-13 09:49:47+00:00,LCK,3,Rounds 3-4,0,16.15,complete,,,Kiwoom DRX,oe:team:1d0389df0c5eea93b04122ba167c010,BNK FEARX,oe:team:5c2e7e9ea8dfcba0150d9a5619baecf,BLUE,0,1,RED,BNK FEARX,Jarvan IV,Cassiopeia,Jhin,Annie,Pantheon,Orianna,Poppy,Shen,Akali,Lucian,Jayce,Naafiri,Yorick,Viktor,Alistar,Kai'Sa,Sivir,Wukong,Aurora,Vayne,oe:team:1d0389df0c5eea93b04122ba167c010|oe:team:5c2e7e9ea8dfcba0150d9a5619baecf,2026_20260813_BNK_FEARX_vs_Kiwoom_DRX_S4,"[""Vi"", ""Ezreal"", ""Ryze"", ""Olaf"", ""Jax"", ""Karma"", ""Caitlyn"", ""Xin Zhao"", ""Bard"", ""Syndra"", ""Yunara"", ""Nocturne"", ""Lulu"", ""Rumble"", ""K'Sante"", ""Nautilus"", ""Lee Sin"", ""Corki"", ""Lissandra"", ""Locke""]",20,False,88.0,36.0,0.4090909090909091,88.0,36.0,0.4090909090909091,5.0,0.4,10.0,0.5,42.0,0.42857142857142855,6.0,0.5,9.0,0.2222222222222222,83.0,38.0,0.4578313253012048,83.0,38.0,0.4578313253012048,5.0,0.6,10.0,0.5,34.0,0.4117647058823529,6.0,0.5,9.0,0.7777777777777778
LOLTMNT01_444239,2026,2026-08-13 11:04:48+00:00,LCK,1,Rounds 3-4,0,16.15,complete,,,Hanwha Life Esports,oe:team:3a1d18f46bcb3716ebcfcf4ef068934,Gen.G,oe:team:50f58982d91a36557ec8aec52ab014f,RED,0,1,RED,Gen.G,Cassiopeia,Poppy,Jhin,Lee Sin,Jayce,Vi,Jarvan IV,Olaf,Orianna,Locke,Vayne,Ryze,Ezreal,Syndra,Annie,Caitlyn,Camille,Shen,Karma,Bard,oe:team:3a1d18f46bcb3716ebcfcf4ef068934|oe:team:50f58982d91a36557ec8aec52ab014f,2026_20260813_Gen_G_vs_Hanwha_Life_Esports_S5,[],0,False,73.0,45.0,0.6164383561643836,73.0,45.0,0.6164383561643836,5.0,0.6,10.0,0.4,33.0,0.6363636363636364,6.0,0.5,11.0,0.36363636363636365,79.0,59.0,0.7468354430379747,79.0,59.0,0.7468354430379747,5.0,0.8,10.0,0.5,32.0,0.65625,5.0,0.8,11.0,0.6363636363636364
LOLTMNT01_443303,2026,2026-08-13 12:05:56+00:00,LCK,2,Rounds 3-4,0,16.15,complete,,,Gen.G,oe:team:50f58982d91a36557ec8aec52ab014f,Hanwha Life Esports,oe:team:3a1d18f46bcb3716ebcfcf4ef068934,RED,1,0,BLUE,Gen.G,Jayce,Poppy,Nocturne,Orianna,Lucian,Galio,Shen,Alistar,Vi,Camille,Cassiopeia,Corki,Naafiri,Ezreal,Seraphine,Gnar,Xin Zhao,Twisted Fate,Ambessa,Pantheon,oe:team:3a1d18f46bcb3716ebcfcf4ef068934|oe:team:50f58982d91a36557ec8aec52ab014f,2026_20260813_Gen_G_vs_Hanwha_Life_Esports_S5,"[""Jhin"", ""Lee Sin"", ""Jarvan IV"", ""Olaf"", ""Vayne"", ""Ryze"", ""Annie"", ""Caitlyn"", ""Karma"", ""Bard""]",10,False,80.0,60.0,0.75,80.0,60.0,0.75,5.0,0.8,10.0,0.5,47.0,0.8085106382978723,6.0,0.8333333333333334,12.0,0.6666666666666666,74.0,45.0,0.6081081081081081,74.0,45.0,0.6081081081081081,5.0,0.4,10.0,0.4,40.0,0.6,7.0,0.42857142857142855,12.0,0.3333333333333333
LOLTMNT01_443574,2026,2026-08-14 08:08:00+00:00,LCK,1,Rounds 3-4,0,16.15,complete,,,Dplus Kia,oe:team:ef69efa6acebe94107f0cf1ba716806,T1,oe:team:ce499dea30cfce118f4fe85da0227e8,RED,0,1,RED,T1,Nocturne,Poppy,Orianna,Camille,Bard,Shen,Jhin,Locke,Lucian,Cassiopeia,Xin Zhao,Vi,Ezreal,Kled,Rell,Olaf,Ziggs,Alistar,Jax,Kai'Sa,oe:team:ce499dea30cfce118f4fe85da0227e8|oe:team:ef69efa6acebe94107f0cf1ba716806,2026_20260814_Dplus_Kia_vs_T1_S6,[],0,False,96.0,54.0,0.5625,96.0,54.0,0.5625,5.0,0.8,10.0,0.6,52.0,0.6730769230769231,7.0,0.5714285714285714,15.0,0.3333333333333333,81.0,53.0,0.654320987654321,81.0,53.0,0.654320987654321,5.0,0.6,10.0,0.6,36.0,0.6111111111111112,5.0,0.6,15.0,0.6666666666666666
LOLTMNT01_444547,2026,2026-08-14 09:03:22+00:00,LCK,2,Rounds 3-4,0,16.15,complete,,,T1,oe:team:ce499dea30cfce118f4fe85da0227e8,Dplus Kia,oe:team:ef69efa6acebe94107f0cf1ba716806,RED,0,1,RED,Dplus Kia,Cassiopeia,Bard,Ryze,Ezreal,Jayce,Nocturne,Pantheon,Jarvan IV,Syndra,Lucian,Ambessa,Karma,Renekton,Nautilus,Caitlyn,Aatrox,Taliyah,Yunara,Lux,Twisted Fate,oe:team:ce499dea30cfce118f4fe85da0227e8|oe:team:ef69efa6acebe94107f0cf1ba716806,2026_20260814_Dplus_Kia_vs_T1_S6,"[""Orianna"", ""Camille"", ""Jhin"", ""Locke"", ""Xin Zhao"", ""Vi"", ""Rell"", ""Olaf"", ""Jax"", ""Kai'Sa""]",10,False,82.0,54.0,0.6585365853658537,82.0,54.0,0.6585365853658537,5.0,0.6,10.0,0.6,45.0,0.6888888888888889,6.0,0.6666666666666666,16.0,0.6875,97.0,54.0,0.5567010309278351,97.0,54.0,0.5567010309278351,5.0,0.8,10.0,0.6,44.0,0.4318181818181818,8.0,0.5,16.0,0.3125
LOLTMNT01_444568,2026,2026-08-14 10:12:47+00:00,LCK,3,Rounds 3-4,0,16.15,complete,,,Dplus Kia,oe:team:ef69efa6acebe94107f0cf1ba716806,T1,oe:team:ce499dea30cfce118f4fe85da0227e8,RED,1,0,BLUE,Dplus Kia,Nocturne,Poppy,Cassiopeia,Jayce,Bard,Lulu,K'Sante,Ziggs,Lucian,Lee Sin,Naafiri,Trundle,Anivia,Nautilus,Rakan,Shen,Alistar,Sivir,Akali,Viktor,oe:team:ce499dea30cfce118f4fe85da0227e8|oe:team:ef69efa6acebe94107f0cf1ba716806,2026_20260814_Dplus_Kia_vs_T1_S6,"[""Orianna"", ""Camille"", ""Jhin"", ""Locke"", ""Xin Zhao"", ""Vi"", ""Rell"", ""Olaf"", ""Jax"", ""Kai'Sa"", ""Ryze"", ""Ezreal"", ""Pantheon"", ""Jarvan IV"", ""Ambessa"", ""Karma"", ""Caitlyn"", ""Aatrox"", ""Lux"", ""Twisted Fate""]",20,False,98.0,55.0,0.5612244897959183,98.0,55.0,0.5612244897959183,5.0,0.8,10.0,0.6,53.0,0.660377358490566,9.0,0.5555555555555556,17.0,0.35294117647058826,83.0,54.0,0.6506024096385542,83.0,54.0,0.6506024096385542,5.0,0.4,10.0,0.6,37.0,0.6216216216216216,7.0,0.5714285714285714,17.0,0.6470588235294118
LOLTMNT01_444599,2026,2026-08-14 11:28:48+00:00,LCK,1,Rounds 3-4,0,16.15,complete,,,HANJIN BRION,oe:team:b77b3f6068e20a2b3edc0ecd3dc70d4,Nongshim RedForce,oe:team:5cd2cd09ec94296f605dd13a2924d6c,RED,0,1,RED,Nongshim RedForce,Lucian,Camille,Syndra,Cassiopeia,Nocturne,Vi,Jhin,Jarvan IV,Orianna,Locke,Lee Sin,Rumble,Sivir,Shen,Gnar,Ezreal,Yunara,Alistar,Rakan,Leona,oe:team:5cd2cd09ec94296f605dd13a2924d6c|oe:team:b77b3f6068e20a2b3edc0ecd3dc70d4,2026_20260814_HANJIN_BRION_vs_Nongshim_RedForce_S4,[],0,False,73.0,28.0,0.3835616438356164,73.0,28.0,0.3835616438356164,5.0,0.8,10.0,0.5,32.0,0.46875,5.0,0.8,8.0,0.625,75.0,27.0,0.36,75.0,27.0,0.36,5.0,0.2,10.0,0.3,48.0,0.3541666666666667,8.0,0.25,8.0,0.375
LOLTMNT01_443649,2026,2026-08-14 12:17:36+00:00,LCK,2,Rounds 3-4,0,16.15,complete,,,Nongshim RedForce,oe:team:5cd2cd09ec94296f605dd13a2924d6c,HANJIN BRION,oe:team:b77b3f6068e20a2b3edc0ecd3dc70d4,RED,1,0,BLUE,Nongshim RedForce,Camille,Poppy,Nocturne,Orianna,Vi,Lucian,Galio,Yunara,Bard,Locke,Olaf,Lulu,Jax,Nautilus,Neeko,Naafiri,Ambessa,Shen,Corki,Vayne,oe:team:5cd2cd09ec94296f605dd13a2924d6c|oe:team:b77b3f6068e20a2b3edc0ecd3dc70d4,2026_20260814_HANJIN_BRION_vs_Nongshim_RedForce_S4,"[""Syndra"", ""Cassiopeia"", ""Jhin"", ""Jarvan IV"", ""Lee Sin"", ""Rumble"", ""Gnar"", ""Ezreal"", ""Rakan"", ""Leona""]",10,False,76.0,28.0,0.3684210526315789,76.0,28.0,0.3684210526315789,5.0,0.4,10.0,0.4,27.0,0.37037037037037035,9.0,0.3333333333333333,9.0,0.4444444444444444,74.0,28.0,0.3783783783783784,74.0,28.0,0.3783783783783784,5.0,0.6,10.0,0.5,41.0,0.3170731707317073,6.0,0.6666666666666666,9.0,0.5555555555555556
LOLTMNT01_443758,2026,2026-08-15 08:08:03+00:00,LCK,1,Rounds 3-4,0,16.15,complete,,,KT Rolster,oe:team:d723992568441c6bafa2658129eade7,Hanwha Life Esports,oe:team:3a1d18f46bcb3716ebcfcf4ef068934,RED,1,0,BLUE,KT Rolster,Cassiopeia,Poppy,Ezreal,Ryze,Camille,Nautilus,Syndra,Jayce,Vi,Orianna,K'Sante,Jarvan IV,Lucian,Pantheon,Bard,Karma,Ziggs,Naafiri,Xin Zhao,Jhin,oe:team:3a1d18f46bcb3716ebcfcf4ef068934|oe:team:d723992568441c6bafa2658129eade7,2026_20260815_Hanwha_Life_Esports_vs_KT_Rolster_S4,[],0,False,78.0,40.0,0.5128205128205128,78.0,40.0,0.5128205128205128,5.0,0.2,10.0,0.3,42.0,0.5952380952380952,7.0,0.14285714285714285,8.0,0.5,75.0,45.0,0.6,75.0,45.0,0.6,5.0,0.4,10.0,0.4,41.0,0.5853658536585366,8.0,0.375,8.0,0.5
LOLTMNT01_444718,2026,2026-08-15 09:08:38+00:00,LCK,2,Rounds 3-4,0,16.15,complete,,,Hanwha Life Esports,oe:team:3a1d18f46bcb3716ebcfcf4ef068934,KT Rolster,oe:team:d723992568441c6bafa2658129eade7,BLUE,1,0,BLUE,Hanwha Life Esports,Poppy,Cassiopeia,Vi,Lucian,Nocturne,Camille,Xayah,Milio,Olaf,Orianna,Rakan,Trundle,Annie,Locke,Akali,Rumble,Ahri,Aurora,Ambessa,Galio,oe:team:3a1d18f46bcb3716ebcfcf4ef068934|oe:team:d723992568441c6bafa2658129eade7,2026_20260815_Hanwha_Life_Esports_vs_KT_Rolster_S4,"[""Ezreal"", ""Ryze"", ""Syndra"", ""Jayce"", ""K'Sante"", ""Jarvan IV"", ""Bard"", ""Karma"", ""Xin Zhao"", ""Jhin""]",10,False,76.0,45.0,0.5921052631578947,76.0,45.0,0.5921052631578947,5.0,0.4,10.0,0.3,34.0,0.6176470588235294,9.0,0.3333333333333333,9.0,0.4444444444444444,79.0,41.0,0.5189873417721519,79.0,41.0,0.5189873417721519,5.0,0.2,10.0,0.3,36.0,0.4166666666666667,8.0,0.25,9.0,0.5555555555555556
LOLTMNT01_443787,2026,2026-08-15 09:54:58+00:00,LCK,3,Rounds 3-4,0,16.15,complete,,,Hanwha Life Esports,oe:team:3a1d18f46bcb3716ebcfcf4ef068934,KT Rolster,oe:team:d723992568441c6bafa2658129eade7,RED,1,0,BLUE,Hanwha Life Esports,Cassiopeia,Camille,Lulu,Nocturne,Annie,Lee Sin,Yunara,Corki,Orianna,Locke,Olaf,Nautilus,Vayne,Naafiri,Ahri,Kled,Zaahen,Wukong,Skarner,Aurora,oe:team:3a1d18f46bcb3716ebcfcf4ef068934|oe:team:d723992568441c6bafa2658129eade7,2026_20260815_Hanwha_Life_Esports_vs_KT_Rolster_S4,"[""Ezreal"", ""Ryze"", ""Syndra"", ""Jayce"", ""K'Sante"", ""Jarvan IV"", ""Bard"", ""Karma"", ""Xin Zhao"", ""Jhin"", ""Vi"", ""Lucian"", ""Xayah"", ""Milio"", ""Rakan"", ""Trundle"", ""Akali"", ""Rumble"", ""Ambessa"", ""Galio""]",20,False,77.0,46.0,0.5974025974025974,77.0,46.0,0.5974025974025974,5.0,0.4,10.0,0.4,35.0,0.6285714285714286,10.0,0.4,10.0,0.5,80.0,41.0,0.5125,80.0,41.0,0.5125,5.0,0.2,10.0,0.3,37.0,0.40540540540540543,9.0,0.2222222222222222,10.0,0.5
LOLTMNT01_444760,2026,2026-08-15 11:08:43+00:00,LCK,1,Rounds 3-4,0,16.15,complete,,,BNK FEARX,oe:team:5c2e7e9ea8dfcba0150d9a5619baecf,DN SOOPers,oe:team:b3c72a20aa56f5d28022ac04a7dc294,RED,0,1,RED,DN SOOPers,Cassiopeia,Poppy,Ezreal,Lee Sin,Orianna,Lucian,Pantheon,Ryze,Camille,Vi,Bard,Olaf,Jhin,Vayne,Syndra,Sivir,Nautilus,Taliyah,Kled,Karma,oe:team:5c2e7e9ea8dfcba0150d9a5619baecf|oe:team:b3c72a20aa56f5d28022ac04a7dc294,2026_20260815_BNK_FEARX_vs_DN_SOOPers_S6,[],0,False,84.0,39.0,0.4642857142857143,84.0,39.0,0.4642857142857143,5.0,0.8,10.0,0.5,49.0,0.4897959183673469,7.0,0.5714285714285714,15.0,0.8,82.0,24.0,0.2926829268292683,82.0,24.0,0.2926829268292683,5.0,0.8,10.0,0.6,47.0,0.23404255319148937,7.0,0.5714285714285714,15.0,0.2
LOLTMNT01_444770,2026,2026-08-15 11:59:11+00:00,LCK,2,Rounds 3-4,0,16.15,complete,,,BNK FEARX,oe:team:5c2e7e9ea8dfcba0150d9a5619baecf,DN SOOPers,oe:team:b3c72a20aa56f5d28022ac04a7dc294,RED,0,1,RED,DN SOOPers,Cassiopeia,Poppy,Jhin,Vi,Orianna,Lucian,Shen,Rumble,Camille,Lulu,Jarvan IV,Ahri,Kai'Sa,K'Sante,Udyr,Corki,Rakan,Lissandra,Akali,Rell,oe:team:5c2e7e9ea8dfcba0150d9a5619baecf|oe:team:b3c72a20aa56f5d28022ac04a7dc294,2026_20260815_BNK_FEARX_vs_DN_SOOPers_S6,"[""Ezreal"", ""Lee Sin"", ""Pantheon"", ""Ryze"", ""Bard"", ""Olaf"", ""Syndra"", ""Sivir"", ""Kled"", ""Karma""]",10,False,85.0,39.0,0.4588235294117647,85.0,39.0,0.4588235294117647,5.0,0.6,10.0,0.5,50.0,0.48,8.0,0.5,16.0,0.75,83.0,25.0,0.30120481927710846,83.0,25.0,0.30120481927710846,5.0,0.8,10.0,0.6,48.0,0.25,8.0,0.625,16.0,0.25
LOLTMNT01_444860,2026,2026-08-16 08:07:26+00:00,LCK,1,Rounds 3-4,0,16.15,complete,,,Gen.G,oe:team:50f58982d91a36557ec8aec52ab014f,T1,oe:team:ce499dea30cfce118f4fe85da0227e8,RED,1,0,BLUE,Gen.G,Bard,Poppy,Olaf,Orianna,Lucian,Shen,Lee Sin,Camille,Nocturne,Vi,Galio,Jhin,Kled,Rakan,Kalista,Vayne,Jarvan IV,Ezreal,Renata Glasc,Pantheon,oe:team:50f58982d91a36557ec8aec52ab014f|oe:team:ce499dea30cfce118f4fe85da0227e8,2026_20260816_Gen_G_vs_T1_S5,[],0,False,81.0,61.0,0.7530864197530864,81.0,61.0,0.7530864197530864,5.0,1.0,10.0,0.6,48.0,0.8125,7.0,0.8571428571428571,12.0,0.4166666666666667,84.0,54.0,0.6428571428571429,84.0,54.0,0.6428571428571429,5.0,0.2,10.0,0.6,38.0,0.6052631578947368,8.0,0.5,12.0,0.5833333333333334
LOLTMNT01_443917,2026,2026-08-16 09:15:34+00:00,LCK,2,Rounds 3-4,0,16.15,complete,,,Gen.G,oe:team:50f58982d91a36557ec8aec52ab014f,T1,oe:team:ce499dea30cfce118f4fe85da0227e8,BLUE,1,0,BLUE,Gen.G,Bard,Cassiopeia,Ezreal,Karma,Lucian,Vi,Jarvan IV,Caitlyn,Nocturne,Jayce,Seraphine,Xin Zhao,Ryze,Anivia,K'Sante,Twisted Fate,Locke,Gnar,Syndra,Ambessa,oe:team:50f58982d91a36557ec8aec52ab014f|oe:team:ce499dea30cfce118f4fe85da0227e8,2026_20260816_Gen_G_vs_T1_S5,"[""Olaf"", ""Orianna"", ""Lee Sin"", ""Camille"", ""Galio"", ""Jhin"", ""Kalista"", ""Vayne"", ""Renata Glasc"", ""Pantheon""]",10,False,82.0,62.0,0.7560975609756098,82.0,62.0,0.7560975609756098,5.0,1.0,10.0,0.7,49.0,0.8163265306122449,8.0,0.875,13.0,0.46153846153846156,85.0,54.0,0.6352941176470588,85.0,54.0,0.6352941176470588,5.0,0.2,10.0,0.5,39.0,0.5897435897435898,9.0,0.4444444444444444,13.0,0.5384615384615384
LOLTMNT01_443931,2026,2026-08-16 10:44:01+00:00,LCK,1,Rounds 3-4,0,16.15,complete,,,HANJIN BRION,oe:team:b77b3f6068e20a2b3edc0ecd3dc70d4,Kiwoom DRX,oe:team:1d0389df0c5eea93b04122ba167c010,RED,1,0,BLUE,HANJIN BRION,Lucian,Camille,Jarvan IV,Orianna,Vi,Shen,Olaf,Lee Sin,Nocturne,Ezreal,Cassiopeia,Jax,Lulu,Corki,Caitlyn,Bard,Nautilus,Jhin,Elise,Yunara,oe:team:1d0389df0c5eea93b04122ba167c010|oe:team:b77b3f6068e20a2b3edc0ecd3dc70d4,2026_20260816_HANJIN_BRION_vs_Kiwoom_DRX_S6,[],0,False,75.0,28.0,0.37333333333333335,75.0,28.0,0.37333333333333335,5.0,0.6,10.0,0.5,33.0,0.45454545454545453,7.0,0.5714285714285714,17.0,0.35294117647058826,89.0,36.0,0.4044943820224719,89.0,36.0,0.4044943820224719,5.0,0.2,10.0,0.5,46.0,0.391304347826087,7.0,0.42857142857142855,17.0,0.6470588235294118
LOLTMNT01_443935,2026,2026-08-16 11:45:25+00:00,LCK,2,Rounds 3-4,0,16.15,complete,,,Kiwoom DRX,oe:team:1d0389df0c5eea93b04122ba167c010,HANJIN BRION,oe:team:b77b3f6068e20a2b3edc0ecd3dc70d4,BLUE,1,0,BLUE,Kiwoom DRX,Shen,Vi,Karma,Xin Zhao,Camille,Nocturne,Ezreal,Lucian,Rumble,Ryze,Wukong,Milio,Vayne,Annie,K'Sante,Jayce,Gnar,Syndra,Viktor,Akali,oe:team:1d0389df0c5eea93b04122ba167c010|oe:team:b77b3f6068e20a2b3edc0ecd3dc70d4,2026_20260816_HANJIN_BRION_vs_Kiwoom_DRX_S6,"[""Jarvan IV"", ""Orianna"", ""Olaf"", ""Lee Sin"", ""Cassiopeia"", ""Jax"", ""Caitlyn"", ""Bard"", ""Elise"", ""Yunara""]",10,False,90.0,36.0,0.4,90.0,36.0,0.4,5.0,0.2,10.0,0.5,43.0,0.4186046511627907,8.0,0.375,18.0,0.6111111111111112,76.0,29.0,0.3815789473684211,76.0,29.0,0.3815789473684211,5.0,0.6,10.0,0.6,42.0,0.30952380952380953,8.0,0.625,18.0,0.3888888888888889
LOLTMNT01_443939,2026,2026-08-16 12:38:36+00:00,LCK,3,Rounds 3-4,0,16.15,complete,,,Kiwoom DRX,oe:team:1d0389df0c5eea93b04122ba167c010,HANJIN BRION,oe:team:b77b3f6068e20a2b3edc0ecd3dc70d4,RED,0,1,RED,HANJIN BRION,Rumble,Poppy,Corki,Nocturne,Camille,Ryze,Ambessa,Neeko,Shen,Renekton,Vi,Kai'Sa,Zaahen,Nautilus,Alistar,Aatrox,Gnar,Locke,Annie,Aurora,oe:team:1d0389df0c5eea93b04122ba167c010|oe:team:b77b3f6068e20a2b3edc0ecd3dc70d4,2026_20260816_HANJIN_BRION_vs_Kiwoom_DRX_S6,"[""Jarvan IV"", ""Orianna"", ""Olaf"", ""Lee Sin"", ""Cassiopeia"", ""Jax"", ""Caitlyn"", ""Bard"", ""Elise"", ""Yunara"", ""Karma"", ""Xin Zhao"", ""Ezreal"", ""Lucian"", ""Wukong"", ""Milio"", ""K'Sante"", ""Jayce"", ""Viktor"", ""Akali""]",20,False,91.0,37.0,0.4065934065934066,91.0,37.0,0.4065934065934066,5.0,0.4,10.0,0.5,44.0,0.4318181818181818,9.0,0.4444444444444444,19.0,0.631578947368421,77.0,29.0,0.37662337662337664,77.0,29.0,0.37662337662337664,5.0,0.4,10.0,0.5,43.0,0.3023255813953488,9.0,0.5555555555555556,19.0,0.3684210526315789
LOLTMNT02_452633,2026,2026-08-19 08:05:49+00:00,LCK,1,Rounds 3-4,0,16.16,complete,,,Gen.G,oe:team:50f58982d91a36557ec8aec52ab014f,KT Rolster,oe:team:d723992568441c6bafa2658129eade7,BLUE,1,0,BLUE,Gen.G,Ezreal,Cassiopeia,Ryze,Jhin,Vi,Orianna,Lee Sin,Karma,Syndra,Nocturne,Olaf,Naafiri,Annie,Nautilus,Yunara,Kled,Camille,Bard,Lulu,Twisted Fate,oe:team:50f58982d91a36557ec8aec52ab014f|oe:team:d723992568441c6bafa2658129eade7,2026_20260819_Gen_G_vs_KT_Rolster_S6,[],0,False,83.0,63.0,0.7590361445783133,83.0,63.0,0.7590361445783133,5.0,1.0,10.0,0.8,50.0,0.82,0.0,,12.0,0.8333333333333334,81.0,41.0,0.5061728395061729,81.0,41.0,0.5061728395061729,5.0,0.2,10.0,0.2,38.0,0.39473684210526316,0.0,,12.0,0.16666666666666666
LOLTMNT02_451793,2026,2026-08-19 09:02:30+00:00,LCK,2,Rounds 3-4,0,16.16,complete,,,KT Rolster,oe:team:d723992568441c6bafa2658129eade7,Gen.G,oe:team:50f58982d91a36557ec8aec52ab014f,RED,1,0,BLUE,KT Rolster,Cassiopeia,Poppy,Ezreal,Jarvan IV,Orianna,Vi,Nocturne,Jayce,Lucian,Bard,K'Sante,Ziggs,Nautilus,Akali,Seraphine,Shen,Camille,Neeko,Syndra,Lissandra,oe:team:50f58982d91a36557ec8aec52ab014f|oe:team:d723992568441c6bafa2658129eade7,2026_20260819_Gen_G_vs_KT_Rolster_S6,"[""Ryze"", ""Jhin"", ""Lee Sin"", ""Karma"", ""Olaf"", ""Naafiri"", ""Yunara"", ""Kled"", ""Lulu"", ""Twisted Fate""]",10,False,82.0,41.0,0.5,82.0,41.0,0.5,5.0,0.2,10.0,0.2,43.0,0.6046511627906976,1.0,0.0,13.0,0.15384615384615385,84.0,64.0,0.7619047619047619,84.0,64.0,0.7619047619047619,5.0,1.0,10.0,0.9,33.0,0.6666666666666666,1.0,1.0,13.0,0.8461538461538461
LOLTMNT02_451797,2026,2026-08-19 09:53:34+00:00,LCK,3,Rounds 3-4,0,16.16,complete,,,KT Rolster,oe:team:d723992568441c6bafa2658129eade7,Gen.G,oe:team:50f58982d91a36557ec8aec52ab014f,BLUE,0,1,RED,Gen.G,Camille,Cassiopeia,Bard,Caitlyn,Kalista,Vi,Varus,Lux,Lucian,Orianna,Pantheon,Skarner,Renekton,Zoe,Jax,Ambessa,Anivia,Akali,Ahri,Galio,oe:team:50f58982d91a36557ec8aec52ab014f|oe:team:d723992568441c6bafa2658129eade7,2026_20260819_Gen_G_vs_KT_Rolster_S6,"[""Ryze"", ""Jhin"", ""Lee Sin"", ""Karma"", ""Olaf"", ""Naafiri"", ""Yunara"", ""Kled"", ""Lulu"", ""Twisted Fate"", ""Ezreal"", ""Jarvan IV"", ""Nocturne"", ""Jayce"", ""K'Sante"", ""Ziggs"", ""Seraphine"", ""Shen"", ""Syndra"", ""Lissandra""]",20,False,83.0,42.0,0.5060240963855421,83.0,42.0,0.5060240963855421,5.0,0.4,10.0,0.3,44.0,0.6136363636363636,2.0,0.5,14.0,0.21428571428571427,85.0,64.0,0.7529411764705882,85.0,64.0,0.7529411764705882,5.0,0.8,10.0,0.8,34.0,0.6470588235294118,2.0,0.5,14.0,0.7857142857142857
LOLTMNT02_451827,2026,2026-08-19 11:22:14+00:00,LCK,1,Rounds 3-4,0,16.16,complete,,,DN SOOPers,oe:team:b3c72a20aa56f5d28022ac04a7dc294,HANJIN BRION,oe:team:b77b3f6068e20a2b3edc0ecd3dc70d4,RED,0,1,RED,HANJIN BRION,Nocturne,Poppy,Jhin,Jarvan IV,Lucian,Lee Sin,Orianna,Cassiopeia,Vi,Galio,Qiyana,Olaf,Lulu,Shen,Ambessa,Corki,Ezreal,Camille,Bard,Neeko,oe:team:b3c72a20aa56f5d28022ac04a7dc294|oe:team:b77b3f6068e20a2b3edc0ecd3dc70d4,2026_20260819_DN_SOOPers_vs_HANJIN_BRION_S4,[],0,False,84.0,26.0,0.30952380952380953,84.0,26.0,0.30952380952380953,5.0,0.8,10.0,0.7,35.0,0.37142857142857144,0.0,,7.0,0.2857142857142857,78.0,30.0,0.38461538461538464,78.0,30.0,0.38461538461538464,5.0,0.4,10.0,0.6,44.0,0.3181818181818182,0.0,,7.0,0.7142857142857143
LOLTMNT02_451854,2026,2026-08-19 12:15:59+00:00,LCK,2,Rounds 3-4,0,16.16,complete,,,HANJIN BRION,oe:team:b77b3f6068e20a2b3edc0ecd3dc70d4,DN SOOPers,oe:team:b3c72a20aa56f5d28022ac04a7dc294,RED,1,0,BLUE,HANJIN BRION,Lee Sin,Poppy,Karma,Ezreal,Vi,Lucian,Pantheon,Seraphine,Nocturne,Ryze,Caitlyn,Skarner,Viktor,Locke,Syndra,Jayce,Yone,K'Sante,Yorick,Galio,oe:team:b3c72a20aa56f5d28022ac04a7dc294|oe:team:b77b3f6068e20a2b3edc0ecd3dc70d4,2026_20260819_DN_SOOPers_vs_HANJIN_BRION_S4,"[""Jhin"", ""Jarvan IV"", ""Orianna"", ""Cassiopeia"", ""Qiyana"", ""Olaf"", ""Ambessa"", ""Corki"", ""Bard"", ""Neeko""]",10,False,79.0,31.0,0.3924050632911392,79.0,31.0,0.3924050632911392,5.0,0.6,10.0,0.6,34.0,0.47058823529411764,1.0,1.0,8.0,0.75,85.0,26.0,0.3058823529411765,85.0,26.0,0.3058823529411765,5.0,0.8,10.0,0.6,49.0,0.2653061224489796,1.0,0.0,8.0,0.25
LOLTMNT02_454038,2026,2026-08-20 08:07:41+00:00,LCK,1,Rounds 3-4,0,16.16,complete,,,Hanwha Life Esports,oe:team:3a1d18f46bcb3716ebcfcf4ef068934,Dplus Kia,oe:team:ef69efa6acebe94107f0cf1ba716806,RED,1,0,BLUE,Hanwha Life Esports,Cassiopeia,Nocturne,Camille,Jarvan IV,Orianna,Poppy,Lee Sin,Yunara,Vi,Bard,Ryze,Lulu,Syndra,Vayne,Ziggs,Olaf,K'Sante,Karma,Alistar,Twisted Fate,oe:team:3a1d18f46bcb3716ebcfcf4ef068934|oe:team:ef69efa6acebe94107f0cf1ba716806,2026_20260820_Dplus_Kia_vs_Hanwha_Life_Esports_S4,[],0,False,78.0,47.0,0.6025641025641025,78.0,47.0,0.6025641025641025,5.0,0.4,10.0,0.5,36.0,0.6388888888888888,0.0,,7.0,0.7142857142857143,99.0,56.0,0.5656565656565656,99.0,56.0,0.5656565656565656,5.0,0.8,10.0,0.6,45.0,0.4444444444444444,0.0,,7.0,0.2857142857142857
LOLTMNT02_454063,2026,2026-08-20 09:05:41+00:00,LCK,2,Rounds 3-4,0,16.16,complete,,,Hanwha Life Esports,oe:team:3a1d18f46bcb3716ebcfcf4ef068934,Dplus Kia,oe:team:ef69efa6acebe94107f0cf1ba716806,RED,1,0,BLUE,Hanwha Life Esports,Cassiopeia,Nocturne,Orianna,Jayce,Vi,Poppy,Naafiri,Wukong,Bard,Lucian,Yorick,Viktor,Ezreal,Nautilus,Seraphine,Mel,Caitlyn,Jhin,Ashe,Shen,oe:team:3a1d18f46bcb3716ebcfcf4ef068934|oe:team:ef69efa6acebe94107f0cf1ba716806,2026_20260820_Dplus_Kia_vs_Hanwha_Life_Esports_S4,"[""Camille"", ""Jarvan IV"", ""Lee Sin"", ""Yunara"", ""Ryze"", ""Lulu"", ""Ziggs"", ""Olaf"", ""Alistar"", ""Twisted Fate""]",10,False,79.0,48.0,0.6075949367088608,79.0,48.0,0.6075949367088608,5.0,0.6,10.0,0.5,37.0,0.6486486486486487,1.0,1.0,8.0,0.75,100.0,56.0,0.56,100.0,56.0,0.56,5.0,0.6,10.0,0.6,46.0,0.43478260869565216,1.0,0.0,8.0,0.25
LOLTMNT02_454084,2026,2026-08-20 10:33:18+00:00,LCK,1,Rounds 3-4,0,16.16,complete,,,Kiwoom DRX,oe:team:1d0389df0c5eea93b04122ba167c010,Nongshim RedForce,oe:team:5cd2cd09ec94296f605dd13a2924d6c,RED,0,1,RED,Nongshim RedForce,Jarvan IV,Vi,Lee Sin,Ryze,Nocturne,Ezreal,Olaf,Lucian,Cassiopeia,Orianna,Annie,Milio,Pantheon,Nautilus,Yunara,Kled,Xin Zhao,Bard,Lulu,Naafiri,oe:team:1d0389df0c5eea93b04122ba167c010|oe:team:5cd2cd09ec94296f605dd13a2924d6c,2026_20260820_Kiwoom_DRX_vs_Nongshim_RedForce_S6,[],0,False,92.0,37.0,0.40217391304347827,92.0,37.0,0.40217391304347827,5.0,0.2,10.0,0.4,45.0,0.4222222222222222,0.0,,12.0,0.75,77.0,29.0,0.37662337662337664,77.0,29.0,0.37662337662337664,5.0,0.6,10.0,0.4,49.0,0.3673469387755102,0.0,,12.0,0.25
LOLTMNT02_453228,2026,2026-08-20 11:31:37+00:00,LCK,2,Rounds 3-4,0,16.16,complete,,,Nongshim RedForce,oe:team:5cd2cd09ec94296f605dd13a2924d6c,Kiwoom DRX,oe:team:1d0389df0c5eea93b04122ba167c010,RED,1,0,BLUE,Nongshim RedForce,Vi,Nocturne,Ezreal,Orianna,Jarvan IV,Rumble,Karma,Jhin,Cassiopeia,Pantheon,Galio,Shen,Jayce,Camille,Wukong,K'Sante,Trundle,Xin Zhao,Gnar,Zaahen,oe:team:1d0389df0c5eea93b04122ba167c010|oe:team:5cd2cd09ec94296f605dd13a2924d6c,2026_20260820_Kiwoom_DRX_vs_Nongshim_RedForce_S6,"[""Lee Sin"", ""Ryze"", ""Olaf"", ""Lucian"", ""Annie"", ""Milio"", ""Yunara"", ""Kled"", ""Lulu"", ""Naafiri""]",10,False,78.0,30.0,0.38461538461538464,78.0,30.0,0.38461538461538464,5.0,0.6,10.0,0.5,28.0,0.39285714285714285,1.0,1.0,13.0,0.3076923076923077,93.0,37.0,0.3978494623655914,93.0,37.0,0.3978494623655914,5.0,0.2,10.0,0.3,47.0,0.3829787234042553,1.0,0.0,13.0,0.6923076923076923
LOLTMNT02_457093,2026,2026-08-21 08:07:26+00:00,LCK,1,Rounds 3-4,0,16.16,complete,,,BNK FEARX,oe:team:5c2e7e9ea8dfcba0150d9a5619baecf,HANJIN BRION,oe:team:b77b3f6068e20a2b3edc0ecd3dc70d4,RED,1,0,BLUE,BNK FEARX,Cassiopeia,Lucian,Annie,Ryze,Vi,Nocturne,Lee Sin,Pantheon,Orianna,Ezreal,K'Sante,Olaf,Seraphine,Kalista,Neeko,Corki,Caitlyn,Yunara,Sivir,Karma,oe:team:5c2e7e9ea8dfcba0150d9a5619baecf|oe:team:b77b3f6068e20a2b3edc0ecd3dc70d4,2026_20260821_BNK_FEARX_vs_HANJIN_BRION_S5,[],0,False,86.0,39.0,0.45348837209302323,86.0,39.0,0.45348837209302323,5.0,0.4,10.0,0.4,51.0,0.47058823529411764,0.0,,9.0,0.2222222222222222,80.0,32.0,0.4,80.0,32.0,0.4,5.0,0.8,10.0,0.7,45.0,0.3333333333333333,2.0,1.0,9.0,0.7777777777777778
LOLTMNT02_456141,2026,2026-08-21 09:09:34+00:00,LCK,2,Rounds 3-4,0,16.16,complete,,,BNK FEARX,oe:team:5c2e7e9ea8dfcba0150d9a5619baecf,HANJIN BRION,oe:team:b77b3f6068e20a2b3edc0ecd3dc70d4,RED,0,1,RED,HANJIN BRION,Cassiopeia,Lucian,Naafiri,Orianna,Vi,Bard,Galio,Trundle,Nocturne,Jarvan IV,Camille,Jayce,Caitlyn,Lulu,Rakan,Xayah,Kalista,Ashe,Ezreal,Alistar,oe:team:5c2e7e9ea8dfcba0150d9a5619baecf|oe:team:b77b3f6068e20a2b3edc0ecd3dc70d4,2026_20260821_BNK_FEARX_vs_HANJIN_BRION_S5,"[""Annie"", ""Ryze"", ""Lee Sin"", ""Pantheon"", ""K'Sante"", ""Olaf"", ""Neeko"", ""Corki"", ""Sivir"", ""Karma""]",10,False,87.0,40.0,0.45977011494252873,87.0,40.0,0.45977011494252873,5.0,0.6,10.0,0.5,52.0,0.4807692307692308,1.0,1.0,10.0,0.3,81.0,32.0,0.3950617283950617,81.0,32.0,0.3950617283950617,5.0,0.6,10.0,0.6,46.0,0.32608695652173914,3.0,0.6666666666666666,10.0,0.7
LOLTMNT02_457144,2026,2026-08-21 10:08:13+00:00,LCK,3,Rounds 3-4,0,16.16,complete,,,HANJIN BRION,oe:team:b77b3f6068e20a2b3edc0ecd3dc70d4,BNK FEARX,oe:team:5c2e7e9ea8dfcba0150d9a5619baecf,BLUE,0,1,RED,BNK FEARX,Bard,Cassiopeia,Nocturne,Yunara,Caitlyn,Vi,Ashe,Lulu,Lucian,Locke,Seraphine,Jarvan IV,Akali,Ambessa,Ornn,Rumble,Sylas,Yorick,Aurora,Ahri,oe:team:5c2e7e9ea8dfcba0150d9a5619baecf|oe:team:b77b3f6068e20a2b3edc0ecd3dc70d4,2026_20260821_BNK_FEARX_vs_HANJIN_BRION_S5,"[""Annie"", ""Ryze"", ""Lee Sin"", ""Pantheon"", ""K'Sante"", ""Olaf"", ""Neeko"", ""Corki"", ""Sivir"", ""Karma"", ""Naafiri"", ""Orianna"", ""Galio"", ""Trundle"", ""Camille"", ""Jayce"", ""Rakan"", ""Xayah"", ""Ezreal"", ""Alistar""]",20,False,82.0,33.0,0.4024390243902439,82.0,33.0,0.4024390243902439,5.0,0.8,10.0,0.6,35.0,0.4857142857142857,4.0,0.75,11.0,0.7272727272727273,88.0,40.0,0.45454545454545453,88.0,40.0,0.45454545454545453,5.0,0.4,10.0,0.5,35.0,0.42857142857142855,2.0,0.5,11.0,0.2727272727272727
LOLTMNT02_457183,2026,2026-08-21 11:24:11+00:00,LCK,1,Rounds 3-4,0,16.16,complete,,,T1,oe:team:ce499dea30cfce118f4fe85da0227e8,KT Rolster,oe:team:d723992568441c6bafa2658129eade7,RED,0,1,RED,KT Rolster,Cassiopeia,Bard,Yunara,Nocturne,Orianna,Lucian,Lulu,Olaf,Vi,Lee Sin,Jarvan IV,Ryze,Nautilus,Anivia,Jax,Ezreal,Karma,Syndra,Ahri,Seraphine,oe:team:ce499dea30cfce118f4fe85da0227e8|oe:team:d723992568441c6bafa2658129eade7,2026_20260821_KT_Rolster_vs_T1_S5,[],0,False,86.0,54.0,0.627906976744186,86.0,54.0,0.627906976744186,5.0,0.2,10.0,0.4,46.0,0.6739130434782609,0.0,,8.0,0.5,84.0,42.0,0.5,84.0,42.0,0.5,5.0,0.2,10.0,0.2,39.0,0.38461538461538464,3.0,0.3333333333333333,8.0,0.5
LOLTMNT02_457197,2026,2026-08-21 12:21:05+00:00,LCK,2,Rounds 3-4,0,16.16,complete,,,KT Rolster,oe:team:d723992568441c6bafa2658129eade7,T1,oe:team:ce499dea30cfce118f4fe85da0227e8,RED,0,1,RED,T1,Bard,Poppy,Kalista,Vi,Lucian,Karma,Renata Glasc,Taliyah,Cassiopeia,Orianna,K'Sante,Rumble,Caitlyn,Pantheon,Wukong,Vayne,Xayah,Sylas,Syndra,Alistar,oe:team:ce499dea30cfce118f4fe85da0227e8|oe:team:d723992568441c6bafa2658129eade7,2026_20260821_KT_Rolster_vs_T1_S5,"[""Yunara"", ""Nocturne"", ""Lulu"", ""Olaf"", ""Jarvan IV"", ""Ryze"", ""Jax"", ""Ezreal"", ""Ahri"", ""Seraphine""]",10,False,85.0,43.0,0.5058823529411764,85.0,43.0,0.5058823529411764,5.0,0.4,10.0,0.3,45.0,0.6,4.0,0.5,9.0,0.5555555555555556,87.0,54.0,0.6206896551724138,87.0,54.0,0.6206896551724138,5.0,0.0,10.0,0.3,40.0,0.575,1.0,0.0,9.0,0.4444444444444444
LOLTMNT02_457213,2026,2026-08-21 13:16:04+00:00,LCK,3,Rounds 3-4,0,16.16,complete,,,T1,oe:team:ce499dea30cfce118f4fe85da0227e8,KT Rolster,oe:team:d723992568441c6bafa2658129eade7,RED,1,0,BLUE,T1,Cassiopeia,Bard,Caitlyn,Karma,Orianna,Lucian,Lux,Jhin,Jayce,Yorick,Skarner,Pantheon,Akali,Galio,Anivia,Renekton,Locke,Varus,Gwen,Viktor,oe:team:ce499dea30cfce118f4fe85da0227e8|oe:team:d723992568441c6bafa2658129eade7,2026_20260821_KT_Rolster_vs_T1_S5,"[""Yunara"", ""Nocturne"", ""Lulu"", ""Olaf"", ""Jarvan IV"", ""Ryze"", ""Jax"", ""Ezreal"", ""Ahri"", ""Seraphine"", ""Kalista"", ""Vi"", ""Renata Glasc"", ""Taliyah"", ""K'Sante"", ""Rumble"", ""Wukong"", ""Vayne"", ""Syndra"", ""Alistar""]",20,False,88.0,55.0,0.625,88.0,55.0,0.625,5.0,0.2,10.0,0.3,47.0,0.6595744680851063,2.0,0.5,10.0,0.5,86.0,43.0,0.5,86.0,43.0,0.5,5.0,0.4,10.0,0.3,40.0,0.4,5.0,0.4,10.0,0.5
LOLTMNT02_456427,2026,2026-08-22 08:08:17+00:00,LCK,1,Rounds 3-4,0,16.16,complete,,,Gen.G,oe:team:50f58982d91a36557ec8aec52ab014f,Dplus Kia,oe:team:ef69efa6acebe94107f0cf1ba716806,RED,1,0,BLUE,Gen.G,Cassiopeia,Nocturne,Olaf,Vi,Lucian,Poppy,Pantheon,Yunara,Orianna,Galio,Ryze,Lulu,Syndra,Karma,Seraphine,Locke,Ahri,Bard,Ezreal,Jax,oe:team:50f58982d91a36557ec8aec52ab014f|oe:team:ef69efa6acebe94107f0cf1ba716806,2026_20260822_Dplus_Kia_vs_Gen_G_S6,[],0,False,86.0,65.0,0.7558139534883721,86.0,65.0,0.7558139534883721,5.0,0.8,10.0,0.9,51.0,0.8235294117647058,3.0,0.6666666666666666,12.0,0.5833333333333334,101.0,56.0,0.5544554455445545,101.0,56.0,0.5544554455445545,5.0,0.4,10.0,0.6,47.0,0.425531914893617,2.0,0.0,12.0,0.4166666666666667
LOLTMNT02_456447,2026,2026-08-22 09:02:36+00:00,LCK,2,Rounds 3-4,0,16.16,complete,,,Dplus Kia,oe:team:ef69efa6acebe94107f0cf1ba716806,Gen.G,oe:team:50f58982d91a36557ec8aec52ab014f,BLUE,1,0,BLUE,Dplus Kia,Nocturne,Lucian,Cassiopeia,Orianna,Poppy,Jayce,Lee Sin,Bard,Galio,Jarvan IV,Camille,Caitlyn,Skarner,Ziggs,Viktor,Xin Zhao,Vayne,Jhin,Gnar,Twisted Fate,oe:team:50f58982d91a36557ec8aec52ab014f|oe:team:ef69efa6acebe94107f0cf1ba716806,2026_20260822_Dplus_Kia_vs_Gen_G_S6,"[""Olaf"", ""Vi"", ""Pantheon"", ""Yunara"", ""Ryze"", ""Lulu"", ""Seraphine"", ""Locke"", ""Ezreal"", ""Jax""]",10,False,102.0,56.0,0.5490196078431373,102.0,56.0,0.5490196078431373,5.0,0.4,10.0,0.6,54.0,0.6666666666666666,3.0,0.0,13.0,0.38461538461538464,87.0,66.0,0.7586206896551724,87.0,66.0,0.7586206896551724,5.0,0.8,10.0,0.9,35.0,0.6571428571428571,4.0,0.75,13.0,0.6153846153846154
LOLTMNT02_456460,2026,2026-08-22 09:57:59+00:00,LCK,3,Rounds 3-4,0,16.16,complete,,,Dplus Kia,oe:team:ef69efa6acebe94107f0cf1ba716806,Gen.G,oe:team:50f58982d91a36557ec8aec52ab014f,RED,1,0,BLUE,Dplus Kia,Nocturne,Poppy,Jayce,Syndra,Renekton,Akali,Lucian,Kalista,K'Sante,Jarvan IV,Milio,Renata Glasc,Yorick,Annie,Ahri,Gragas,Sion,Qiyana,Maokai,Wukong,oe:team:50f58982d91a36557ec8aec52ab014f|oe:team:ef69efa6acebe94107f0cf1ba716806,2026_20260822_Dplus_Kia_vs_Gen_G_S6,"[""Olaf"", ""Vi"", ""Pantheon"", ""Yunara"", ""Ryze"", ""Lulu"", ""Seraphine"", ""Locke"", ""Ezreal"", ""Jax"", ""Cassiopeia"", ""Orianna"", ""Lee Sin"", ""Bard"", ""Camille"", ""Caitlyn"", ""Viktor"", ""Xin Zhao"", ""Gnar"", ""Twisted Fate""]",20,False,103.0,57.0,0.5533980582524272,103.0,57.0,0.5533980582524272,5.0,0.4,10.0,0.6,55.0,0.6727272727272727,4.0,0.25,14.0,0.42857142857142855,88.0,66.0,0.75,88.0,66.0,0.75,5.0,0.6,10.0,0.8,36.0,0.6388888888888888,5.0,0.6,14.0,0.5714285714285714
LOLTMNT02_457532,2026,2026-08-22 11:31:02+00:00,LCK,1,Rounds 3-4,0,16.16,complete,,,Kiwoom DRX,oe:team:1d0389df0c5eea93b04122ba167c010,DN SOOPers,oe:team:b3c72a20aa56f5d28022ac04a7dc294,RED,0,1,RED,DN SOOPers,Cassiopeia,Poppy,Olaf,Orianna,Vi,Ezreal,Lee Sin,Pantheon,Nocturne,Jarvan IV,Galio,Camille,Ambessa,Lulu,Lucian,Xayah,Jhin,Bard,Milio,Rakan,oe:team:1d0389df0c5eea93b04122ba167c010|oe:team:b3c72a20aa56f5d28022ac04a7dc294,2026_20260822_DN_SOOPers_vs_Kiwoom_DRX_S6,[],0,False,94.0,37.0,0.39361702127659576,94.0,37.0,0.39361702127659576,5.0,0.2,10.0,0.2,46.0,0.41304347826086957,2.0,0.0,13.0,0.46153846153846156,86.0,26.0,0.3023255813953488,86.0,26.0,0.3023255813953488,5.0,0.6,10.0,0.6,50.0,0.26,2.0,0.0,13.0,0.5384615384615384
LOLTMNT02_457558,2026,2026-08-22 12:30:01+00:00,LCK,2,Rounds 3-4,0,16.16,complete,,,DN SOOPers,oe:team:b3c72a20aa56f5d28022ac04a7dc294,Kiwoom DRX,oe:team:1d0389df0c5eea93b04122ba167c010,RED,1,0,BLUE,DN SOOPers,Cassiopeia,Poppy,Bard,Ryze,Vi,Nocturne,Caitlyn,Ezreal,Jarvan IV,Shen,Syndra,Karma,Xin Zhao,Vayne,Naafiri,K'Sante,Trundle,Gnar,Mordekaiser,Wukong,oe:team:1d0389df0c5eea93b04122ba167c010|oe:team:b3c72a20aa56f5d28022ac04a7dc294,2026_20260822_DN_SOOPers_vs_Kiwoom_DRX_S6,"[""Olaf"", ""Orianna"", ""Lee Sin"", ""Pantheon"", ""Galio"", ""Camille"", ""Lucian"", ""Xayah"", ""Milio"", ""Rakan""]",10,False,87.0,27.0,0.3103448275862069,87.0,27.0,0.3103448275862069,5.0,0.6,10.0,0.7,36.0,0.3611111111111111,3.0,0.3333333333333333,14.0,0.5714285714285714,95.0,37.0,0.3894736842105263,95.0,37.0,0.3894736842105263,5.0,0.2,10.0,0.2,48.0,0.375,3.0,0.0,14.0,0.42857142857142855
LOLTMNT02_456749,2026,2026-08-23 08:07:42+00:00,LCK,1,Rounds 3-4,0,16.16,complete,,,T1,oe:team:ce499dea30cfce118f4fe85da0227e8,Hanwha Life Esports,oe:team:3a1d18f46bcb3716ebcfcf4ef068934,RED,0,1,RED,Hanwha Life Esports,Camille,Bard,Ezreal,Cassiopeia,Lucian,Nocturne,Karma,Lee Sin,Vi,Poppy,Orianna,Jayce,Ziggs,Jarvan IV,K'Sante,Jhin,Nautilus,Olaf,Xin Zhao,Alistar,oe:team:3a1d18f46bcb3716ebcfcf4ef068934|oe:team:ce499dea30cfce118f4fe85da0227e8,2026_20260823_Hanwha_Life_Esports_vs_T1_S6,[],0,False,89.0,56.0,0.6292134831460674,89.0,56.0,0.6292134831460674,5.0,0.4,10.0,0.3,48.0,0.6666666666666666,3.0,0.6666666666666666,15.0,0.4666666666666667,80.0,49.0,0.6125,80.0,49.0,0.6125,5.0,0.8,10.0,0.6,42.0,0.5714285714285714,2.0,1.0,15.0,0.5333333333333333
LOLTMNT02_456759,2026,2026-08-23 08:59:45+00:00,LCK,2,Rounds 3-4,0,16.16,complete,,,Hanwha Life Esports,oe:team:3a1d18f46bcb3716ebcfcf4ef068934,T1,oe:team:ce499dea30cfce118f4fe85da0227e8,RED,1,0,BLUE,Hanwha Life Esports,Bard,Camille,Lulu,Lucian,Vi,Poppy,Kog'Maw,Milio,Nocturne,Jarvan IV,Syndra,Ryze,Olaf,Naafiri,Pantheon,Gwen,Skarner,Jax,Kennen,Wukong,oe:team:3a1d18f46bcb3716ebcfcf4ef068934|oe:team:ce499dea30cfce118f4fe85da0227e8,2026_20260823_Hanwha_Life_Esports_vs_T1_S6,"[""Ezreal"", ""Cassiopeia"", ""Karma"", ""Lee Sin"", ""Orianna"", ""Jayce"", ""K'Sante"", ""Jhin"", ""Xin Zhao"", ""Alistar""]",10,False,81.0,50.0,0.6172839506172839,81.0,50.0,0.6172839506172839,5.0,1.0,10.0,0.7,38.0,0.6578947368421053,3.0,1.0,16.0,0.5625,90.0,56.0,0.6222222222222222,90.0,56.0,0.6222222222222222,5.0,0.4,10.0,0.3,41.0,0.5853658536585366,4.0,0.5,16.0,0.4375
LOLTMNT02_457803,2026,2026-08-23 10:20:23+00:00,LCK,1,Rounds 3-4,0,16.16,complete,,,Nongshim RedForce,oe:team:5cd2cd09ec94296f605dd13a2924d6c,BNK FEARX,oe:team:5c2e7e9ea8dfcba0150d9a5619baecf,RED,0,1,RED,BNK FEARX,Vi,Poppy,Ezreal,Ryze,Lucian,Pantheon,Lee Sin,Jarvan IV,Cassiopeia,Orianna,Camille,Rumble,Shen,Galio,Anivia,Caitlyn,Leona,Syndra,Ambessa,Bard,oe:team:5c2e7e9ea8dfcba0150d9a5619baecf|oe:team:5cd2cd09ec94296f605dd13a2924d6c,2026_20260823_BNK_FEARX_vs_Nongshim_RedForce_S5,[],0,False,79.0,31.0,0.3924050632911392,79.0,31.0,0.3924050632911392,5.0,0.8,10.0,0.5,29.0,0.41379310344827586,2.0,1.0,9.0,0.4444444444444444,89.0,41.0,0.4606741573033708,89.0,41.0,0.4606741573033708,5.0,0.4,10.0,0.6,36.0,0.4444444444444444,3.0,0.6666666666666666,9.0,0.5555555555555556
LOLTMNT02_457811,2026,2026-08-23 11:11:16+00:00,LCK,2,Rounds 3-4,0,16.16,complete,,,BNK FEARX,oe:team:5c2e7e9ea8dfcba0150d9a5619baecf,Nongshim RedForce,oe:team:5cd2cd09ec94296f605dd13a2924d6c,RED,0,1,RED,Nongshim RedForce,Cassiopeia,Vi,Yunara,Lucian,Orianna,Pantheon,Lulu,Milio,Nocturne,Nautilus,Vayne,Olaf,Twisted Fate,Akali,Annie,Azir,Syndra,Naafiri,Trundle,Xin Zhao,oe:team:5c2e7e9ea8dfcba0150d9a5619baecf|oe:team:5cd2cd09ec94296f605dd13a2924d6c,2026_20260823_BNK_FEARX_vs_Nongshim_RedForce_S5,"[""Ezreal"", ""Ryze"", ""Lee Sin"", ""Jarvan IV"", ""Camille"", ""Rumble"", ""Anivia"", ""Caitlyn"", ""Ambessa"", ""Bard""]",10,False,90.0,42.0,0.4666666666666667,90.0,42.0,0.4666666666666667,5.0,0.6,10.0,0.6,53.0,0.4716981132075472,4.0,0.75,10.0,0.6,80.0,31.0,0.3875,80.0,31.0,0.3875,5.0,0.8,10.0,0.5,50.0,0.38,3.0,0.6666666666666666,10.0,0.4
LOLTMNT02_456807,2026,2026-08-23 11:57:33+00:00,LCK,3,Rounds 3-4,0,16.16,complete,,,Nongshim RedForce,oe:team:5cd2cd09ec94296f605dd13a2924d6c,BNK FEARX,oe:team:5c2e7e9ea8dfcba0150d9a5619baecf,BLUE,1,0,BLUE,Nongshim RedForce,Vi,Cassiopeia,Nocturne,Kalista,Locke,Orianna,Syndra,Renata Glasc,Jayce,Ashe,Gnar,Akali,Pantheon,Rakan,Jhin,Kha'Zix,Naafiri,Leona,Shen,Renekton,oe:team:5c2e7e9ea8dfcba0150d9a5619baecf|oe:team:5cd2cd09ec94296f605dd13a2924d6c,2026_20260823_BNK_FEARX_vs_Nongshim_RedForce_S5,"[""Ezreal"", ""Ryze"", ""Lee Sin"", ""Jarvan IV"", ""Camille"", ""Rumble"", ""Anivia"", ""Caitlyn"", ""Ambessa"", ""Bard"", ""Yunara"", ""Lucian"", ""Lulu"", ""Milio"", ""Vayne"", ""Olaf"", ""Annie"", ""Azir"", ""Trundle"", ""Xin Zhao""]",20,False,81.0,32.0,0.3950617283950617,81.0,32.0,0.3950617283950617,5.0,0.8,10.0,0.6,30.0,0.4,4.0,0.75,11.0,0.45454545454545453,91.0,42.0,0.46153846153846156,91.0,42.0,0.46153846153846156,5.0,0.6,10.0,0.5,37.0,0.4594594594594595,5.0,0.6,11.0,0.5454545454545454
LOLTMNT02_459552,2026,2026-08-26 08:08:21+00:00,LCK,1,Rounds 3-4,1,16.16,complete,,,HANJIN BRION,oe:team:b77b3f6068e20a2b3edc0ecd3dc70d4,KT Rolster,oe:team:d723992568441c6bafa2658129eade7,RED,0,1,RED,KT Rolster,Cassiopeia,Ezreal,Lucian,Ryze,Orianna,Lee Sin,Jarvan IV,Nocturne,Vi,Syndra,Milio,Olaf,Lulu,K'Sante,Kled,Nautilus,Rakan,Galio,Anivia,Miss Fortune,oe:team:b77b3f6068e20a2b3edc0ecd3dc70d4|oe:team:d723992568441c6bafa2658129eade7,2026_20260826_HANJIN_BRION_vs_KT_Rolster_S4,[],0,False,83.0,33.0,0.39759036144578314,83.0,33.0,0.39759036144578314,5.0,0.6,10.0,0.5,36.0,0.4722222222222222,5.0,0.6,7.0,0.42857142857142855,87.0,43.0,0.4942528735632184,87.0,43.0,0.4942528735632184,5.0,0.4,10.0,0.3,41.0,0.3902439024390244,6.0,0.3333333333333333,7.0,0.5714285714285714
LOLTMNT02_459565,2026,2026-08-26 09:10:31+00:00,LCK,2,Rounds 3-4,1,16.16,complete,,,KT Rolster,oe:team:d723992568441c6bafa2658129eade7,HANJIN BRION,oe:team:b77b3f6068e20a2b3edc0ecd3dc70d4,RED,0,1,RED,HANJIN BRION,Cassiopeia,Pantheon,Yunara,Vi,Caitlyn,Ezreal,Lulu,Rumble,Orianna,Galio,Naafiri,Ahri,Corki,K'Sante,Ornn,Kalista,Xayah,Lissandra,Syndra,Renata Glasc,oe:team:b77b3f6068e20a2b3edc0ecd3dc70d4|oe:team:d723992568441c6bafa2658129eade7,2026_20260826_HANJIN_BRION_vs_KT_Rolster_S4,"[""Lucian"", ""Ryze"", ""Jarvan IV"", ""Nocturne"", ""Milio"", ""Olaf"", ""Kled"", ""Nautilus"", ""Anivia"", ""Miss Fortune""]",10,False,88.0,44.0,0.5,88.0,44.0,0.5,5.0,0.4,10.0,0.4,46.0,0.5869565217391305,7.0,0.42857142857142855,8.0,0.625,84.0,33.0,0.39285714285714285,84.0,33.0,0.39285714285714285,5.0,0.4,10.0,0.5,47.0,0.3404255319148936,6.0,0.5,8.0,0.375
LOLTMNT02_459574,2026,2026-08-26 10:04:14+00:00,LCK,3,Rounds 3-4,1,16.16,complete,,,KT Rolster,oe:team:d723992568441c6bafa2658129eade7,HANJIN BRION,oe:team:b77b3f6068e20a2b3edc0ecd3dc70d4,RED,0,1,RED,HANJIN BRION,Cassiopeia,Pantheon,Bard,Ezreal,Orianna,Annie,Wukong,Elise,Lee Sin,Karma,Sivir,Xin Zhao,Locke,K'Sante,Zoe,Jayce,Akali,Viktor,Yorick,LeBlanc,oe:team:b77b3f6068e20a2b3edc0ecd3dc70d4|oe:team:d723992568441c6bafa2658129eade7,2026_20260826_HANJIN_BRION_vs_KT_Rolster_S4,"[""Lucian"", ""Ryze"", ""Jarvan IV"", ""Nocturne"", ""Milio"", ""Olaf"", ""Kled"", ""Nautilus"", ""Anivia"", ""Miss Fortune"", ""Yunara"", ""Vi"", ""Lulu"", ""Rumble"", ""Naafiri"", ""Ahri"", ""Ornn"", ""Kalista"", ""Syndra"", ""Renata Glasc""]",20,False,89.0,44.0,0.4943820224719101,89.0,44.0,0.4943820224719101,5.0,0.4,10.0,0.3,47.0,0.574468085106383,8.0,0.375,9.0,0.5555555555555556,85.0,34.0,0.4,85.0,34.0,0.4,5.0,0.4,10.0,0.6,48.0,0.3541666666666667,7.0,0.5714285714285714,9.0,0.4444444444444444
LOLTMNT02_458575,2026,2026-08-26 11:01:30+00:00,LCK,4,Rounds 3-4,1,16.16,complete,,,HANJIN BRION,oe:team:b77b3f6068e20a2b3edc0ecd3dc70d4,KT Rolster,oe:team:d723992568441c6bafa2658129eade7,BLUE,0,1,RED,KT Rolster,Yone,Cassiopeia,Pantheon,Ashe,Annie,Caitlyn,Locke,Seraphine,Karma,Orianna,Camille,Lee Sin,Galio,Mel,Jhin,Lissandra,Vayne,Ziggs,Gnar,Ambessa,oe:team:b77b3f6068e20a2b3edc0ecd3dc70d4|oe:team:d723992568441c6bafa2658129eade7,2026_20260826_HANJIN_BRION_vs_KT_Rolster_S4,"[""Lucian"", ""Ryze"", ""Jarvan IV"", ""Nocturne"", ""Milio"", ""Olaf"", ""Kled"", ""Nautilus"", ""Anivia"", ""Miss Fortune"", ""Yunara"", ""Vi"", ""Lulu"", ""Rumble"", ""Naafiri"", ""Ahri"", ""Ornn"", ""Kalista"", ""Syndra"", ""Renata Glasc"", ""Bard"", ""Ezreal"", ""Wukong"", ""Elise"", ""Sivir"", ""Xin Zhao"", ""Zoe"", ""Jayce"", ""Yorick"", ""LeBlanc""]",30,False,86.0,35.0,0.4069767441860465,86.0,35.0,0.4069767441860465,5.0,0.6,10.0,0.6,37.0,0.4594594594594595,8.0,0.625,10.0,0.5,90.0,44.0,0.4888888888888889,90.0,44.0,0.4888888888888889,5.0,0.2,10.0,0.3,42.0,0.40476190476190477,9.0,0.3333333333333333,10.0,0.5
LOLTMNT02_458596,2026,2026-08-26 12:00:13+00:00,LCK,5,Rounds 3-4,1,16.16,complete,,,HANJIN BRION,oe:team:b77b3f6068e20a2b3edc0ecd3dc70d4,KT Rolster,oe:team:d723992568441c6bafa2658129eade7,BLUE,0,1,RED,KT Rolster,Yone,Cassiopeia,Neeko,Zeri,Xayah,Caitlyn,Kai'Sa,Yuumi,Maokai,Orianna,Annie,Trundle,Viktor,Qiyana,Zed,Galio,Vayne,Shyvana,Renekton,K'Sante,oe:team:b77b3f6068e20a2b3edc0ecd3dc70d4|oe:team:d723992568441c6bafa2658129eade7,2026_20260826_HANJIN_BRION_vs_KT_Rolster_S4,"[""Lucian"", ""Ryze"", ""Jarvan IV"", ""Nocturne"", ""Milio"", ""Olaf"", ""Kled"", ""Nautilus"", ""Anivia"", ""Miss Fortune"", ""Yunara"", ""Vi"", ""Lulu"", ""Rumble"", ""Naafiri"", ""Ahri"", ""Ornn"", ""Kalista"", ""Syndra"", ""Renata Glasc"", ""Bard"", ""Ezreal"", ""Wukong"", ""Elise"", ""Sivir"", ""Xin Zhao"", ""Zoe"", ""Jayce"", ""Yorick"", ""LeBlanc"", ""Pantheon"", ""Ashe"", ""Locke"", ""Seraphine"", ""Camille"", ""Lee Sin"", ""Jhin"", ""Lissandra"", ""Gnar"", ""Ambessa""]",40,False,87.0,35.0,0.40229885057471265,87.0,35.0,0.40229885057471265,5.0,0.4,10.0,0.6,38.0,0.4473684210526316,9.0,0.5555555555555556,11.0,0.45454545454545453,91.0,45.0,0.4945054945054945,91.0,45.0,0.4945054945054945,5.0,0.4,10.0,0.4,43.0,0.4186046511627907,10.0,0.4,11.0,0.5454545454545454
LOLTMNT02_458778,2026,2026-08-27 08:07:15+00:00,LCK,1,Rounds 3-4,1,16.16,complete,,,BNK FEARX,oe:team:5c2e7e9ea8dfcba0150d9a5619baecf,Nongshim RedForce,oe:team:5cd2cd09ec94296f605dd13a2924d6c,RED,0,1,RED,Nongshim RedForce,Cassiopeia,Vi,Galio,Orianna,Nocturne,Lucian,Lee Sin,Jhin,Ryze,Locke,Jayce,Camille,Olaf,Ezreal,Caitlyn,Shen,Pantheon,Corki,Bard,Jarvan IV,oe:team:5c2e7e9ea8dfcba0150d9a5619baecf|oe:team:5cd2cd09ec94296f605dd13a2924d6c,2026_20260827_BNK_FEARX_vs_Nongshim_RedForce_S6,[],0,False,92.0,42.0,0.45652173913043476,92.0,42.0,0.45652173913043476,5.0,0.4,10.0,0.5,54.0,0.46296296296296297,6.0,0.5,12.0,0.5,82.0,33.0,0.4024390243902439,82.0,33.0,0.4024390243902439,5.0,0.8,10.0,0.7,51.0,0.39215686274509803,5.0,0.8,12.0,0.5
LOLTMNT02_458797,2026,2026-08-27 08:57:28+00:00,LCK,2,Rounds 3-4,1,16.16,complete,,,Nongshim RedForce,oe:team:5cd2cd09ec94296f605dd13a2924d6c,BNK FEARX,oe:team:5c2e7e9ea8dfcba0150d9a5619baecf,RED,0,1,RED,BNK FEARX,Cassiopeia,Vayne,Yunara,Vi,Ryze,Syndra,Lulu,Ezreal,Lucian,Poppy,Nocturne,Karma,K'Sante,Annie,Ambessa,Ahri,Renekton,Olaf,Locke,Rumble,oe:team:5c2e7e9ea8dfcba0150d9a5619baecf|oe:team:5cd2cd09ec94296f605dd13a2924d6c,2026_20260827_BNK_FEARX_vs_Nongshim_RedForce_S6,"[""Galio"", ""Orianna"", ""Lee Sin"", ""Jhin"", ""Jayce"", ""Camille"", ""Caitlyn"", ""Shen"", ""Bard"", ""Jarvan IV""]",10,False,83.0,34.0,0.40963855421686746,83.0,34.0,0.40963855421686746,5.0,0.8,10.0,0.7,31.0,0.41935483870967744,6.0,0.8333333333333334,13.0,0.5384615384615384,93.0,42.0,0.45161290322580644,93.0,42.0,0.45161290322580644,5.0,0.4,10.0,0.4,38.0,0.4473684210526316,7.0,0.42857142857142855,13.0,0.46153846153846156
LOLTMNT02_458808,2026,2026-08-27 09:50:00+00:00,LCK,3,Rounds 3-4,1,16.16,complete,,,BNK FEARX,oe:team:5c2e7e9ea8dfcba0150d9a5619baecf,Nongshim RedForce,oe:team:5cd2cd09ec94296f605dd13a2924d6c,RED,1,0,BLUE,BNK FEARX,Cassiopeia,Pantheon,Olaf,Syndra,Ryze,Vayne,Seraphine,Naafiri,Lucian,Annie,Ashe,Jax,Zeri,Akali,Azir,Varus,Kalista,Diana,K'Sante,Nautilus,oe:team:5c2e7e9ea8dfcba0150d9a5619baecf|oe:team:5cd2cd09ec94296f605dd13a2924d6c,2026_20260827_BNK_FEARX_vs_Nongshim_RedForce_S6,"[""Galio"", ""Orianna"", ""Lee Sin"", ""Jhin"", ""Jayce"", ""Camille"", ""Caitlyn"", ""Shen"", ""Bard"", ""Jarvan IV"", ""Yunara"", ""Vi"", ""Lulu"", ""Ezreal"", ""Nocturne"", ""Karma"", ""Ambessa"", ""Ahri"", ""Locke"", ""Rumble""]",20,False,94.0,43.0,0.4574468085106383,94.0,43.0,0.4574468085106383,5.0,0.4,10.0,0.4,55.0,0.45454545454545453,8.0,0.5,14.0,0.5,84.0,34.0,0.40476190476190477,84.0,34.0,0.40476190476190477,5.0,0.6,10.0,0.7,52.0,0.40384615384615385,7.0,0.7142857142857143,14.0,0.5
LOLTMNT02_458824,2026,2026-08-27 10:48:14+00:00,LCK,4,Rounds 3-4,1,16.16,complete,,,BNK FEARX,oe:team:5c2e7e9ea8dfcba0150d9a5619baecf,Nongshim RedForce,oe:team:5cd2cd09ec94296f605dd13a2924d6c,RED,1,0,BLUE,BNK FEARX,Cassiopeia,Vayne,Kalista,Ryze,Lucian,Pantheon,Renata Glasc,Wukong,Gnar,Maokai,Xin Zhao,Gwen,Aphelios,Kennen,Taliyah,Sivir,Xayah,Annie,Nidalee,Neeko,oe:team:5c2e7e9ea8dfcba0150d9a5619baecf|oe:team:5cd2cd09ec94296f605dd13a2924d6c,2026_20260827_BNK_FEARX_vs_Nongshim_RedForce_S6,"[""Galio"", ""Orianna"", ""Lee Sin"", ""Jhin"", ""Jayce"", ""Camille"", ""Caitlyn"", ""Shen"", ""Bard"", ""Jarvan IV"", ""Yunara"", ""Vi"", ""Lulu"", ""Ezreal"", ""Nocturne"", ""Karma"", ""Ambessa"", ""Ahri"", ""Locke"", ""Rumble"", ""Olaf"", ""Syndra"", ""Seraphine"", ""Naafiri"", ""Ashe"", ""Jax"", ""Azir"", ""Varus"", ""K'Sante"", ""Nautilus""]",30,False,95.0,44.0,0.4631578947368421,95.0,44.0,0.4631578947368421,5.0,0.4,10.0,0.5,56.0,0.4642857142857143,9.0,0.5555555555555556,15.0,0.5333333333333333,85.0,34.0,0.4,85.0,34.0,0.4,5.0,0.6,10.0,0.7,53.0,0.39622641509433965,8.0,0.625,15.0,0.4666666666666667
LOLTMNT02_461046,2026,2026-08-28 08:06:46+00:00,LCK,1,Rounds 3-4,1,16.16,complete,,,BNK FEARX,oe:team:5c2e7e9ea8dfcba0150d9a5619baecf,HANJIN BRION,oe:team:b77b3f6068e20a2b3edc0ecd3dc70d4,RED,1,0,BLUE,BNK FEARX,Vi,Lucian,Syndra,Ryze,Cassiopeia,Nocturne,Jarvan IV,Lee Sin,Orianna,Camille,K'Sante,Olaf,Seraphine,Yunara,Karma,Ezreal,Caitlyn,Kalista,Sivir,Bard,oe:team:5c2e7e9ea8dfcba0150d9a5619baecf|oe:team:b77b3f6068e20a2b3edc0ecd3dc70d4,2026_20260828_BNK_FEARX_vs_HANJIN_BRION_S6,[],0,False,96.0,45.0,0.46875,96.0,45.0,0.46875,5.0,0.6,10.0,0.6,57.0,0.47368421052631576,10.0,0.6,12.0,0.3333333333333333,88.0,35.0,0.3977272727272727,88.0,35.0,0.3977272727272727,5.0,0.4,10.0,0.5,49.0,0.3673469387755102,10.0,0.5,12.0,0.6666666666666666
LOLTMNT02_461064,2026,2026-08-28 09:04:21+00:00,LCK,2,Rounds 3-4,1,16.16,complete,,,BNK FEARX,oe:team:5c2e7e9ea8dfcba0150d9a5619baecf,HANJIN BRION,oe:team:b77b3f6068e20a2b3edc0ecd3dc70d4,RED,0,1,RED,HANJIN BRION,Cassiopeia,Lulu,Kalista,Nocturne,Vi,Pantheon,Renata Glasc,Caitlyn,Orianna,Lucian,Naafiri,Neeko,Ambessa,Ahri,Rumble,Anivia,Taliyah,Annie,Twisted Fate,Aurora,oe:team:5c2e7e9ea8dfcba0150d9a5619baecf|oe:team:b77b3f6068e20a2b3edc0ecd3dc70d4,2026_20260828_BNK_FEARX_vs_HANJIN_BRION_S6,"[""Syndra"", ""Ryze"", ""Jarvan IV"", ""Lee Sin"", ""K'Sante"", ""Olaf"", ""Karma"", ""Ezreal"", ""Sivir"", ""Bard""]",10,False,97.0,46.0,0.4742268041237113,97.0,46.0,0.4742268041237113,5.0,0.8,10.0,0.6,58.0,0.4827586206896552,11.0,0.6363636363636364,13.0,0.38461538461538464,89.0,35.0,0.39325842696629215,89.0,35.0,0.39325842696629215,5.0,0.4,10.0,0.4,50.0,0.36,11.0,0.45454545454545453,13.0,0.6153846153846154
LOLTMNT02_461095,2026,2026-08-28 09:54:08+00:00,LCK,3,Rounds 3-4,1,16.16,complete,,,HANJIN BRION,oe:team:b77b3f6068e20a2b3edc0ecd3dc70d4,BNK FEARX,oe:team:5c2e7e9ea8dfcba0150d9a5619baecf,RED,1,0,BLUE,HANJIN BRION,Cassiopeia,Lulu,Milio,Lucian,Vi,Skarner,Trundle,Yuumi,Pantheon,Orianna,Draven,Wukong,Ahri,Annie,Jayce,Vayne,Akali,Taliyah,Kennen,Galio,oe:team:5c2e7e9ea8dfcba0150d9a5619baecf|oe:team:b77b3f6068e20a2b3edc0ecd3dc70d4,2026_20260828_BNK_FEARX_vs_HANJIN_BRION_S6,"[""Syndra"", ""Ryze"", ""Jarvan IV"", ""Lee Sin"", ""K'Sante"", ""Olaf"", ""Karma"", ""Ezreal"", ""Sivir"", ""Bard"", ""Kalista"", ""Nocturne"", ""Renata Glasc"", ""Caitlyn"", ""Naafiri"", ""Neeko"", ""Rumble"", ""Anivia"", ""Twisted Fate"", ""Aurora""]",20,False,90.0,36.0,0.4,90.0,36.0,0.4,5.0,0.4,10.0,0.4,39.0,0.4358974358974359,12.0,0.5,14.0,0.6428571428571429,98.0,46.0,0.46938775510204084,98.0,46.0,0.46938775510204084,5.0,0.8,10.0,0.6,39.0,0.46153846153846156,12.0,0.5833333333333334,14.0,0.35714285714285715
LOLTMNT02_461110,2026,2026-08-28 10:46:56+00:00,LCK,4,Rounds 3-4,1,16.16,complete,,,HANJIN BRION,oe:team:b77b3f6068e20a2b3edc0ecd3dc70d4,BNK FEARX,oe:team:5c2e7e9ea8dfcba0150d9a5619baecf,RED,0,1,RED,BNK FEARX,Cassiopeia,Gnar,Lulu,Orianna,Vi,Locke,Pantheon,Yunara,Xin Zhao,Akali,Xayah,Nautilus,Qiyana,Azir,Renekton,Maokai,Skarner,Sylas,Ahri,Aatrox,oe:team:5c2e7e9ea8dfcba0150d9a5619baecf|oe:team:b77b3f6068e20a2b3edc0ecd3dc70d4,2026_20260828_BNK_FEARX_vs_HANJIN_BRION_S6,"[""Syndra"", ""Ryze"", ""Jarvan IV"", ""Lee Sin"", ""K'Sante"", ""Olaf"", ""Karma"", ""Ezreal"", ""Sivir"", ""Bard"", ""Kalista"", ""Nocturne"", ""Renata Glasc"", ""Caitlyn"", ""Naafiri"", ""Neeko"", ""Rumble"", ""Anivia"", ""Twisted Fate"", ""Aurora"", ""Milio"", ""Lucian"", ""Trundle"", ""Yuumi"", ""Draven"", ""Wukong"", ""Jayce"", ""Vayne"", ""Kennen"", ""Galio""]",30,False,91.0,37.0,0.4065934065934066,91.0,37.0,0.4065934065934066,5.0,0.4,10.0,0.5,40.0,0.45,13.0,0.5384615384615384,15.0,0.6666666666666666,99.0,46.0,0.46464646464646464,99.0,46.0,0.46464646464646464,5.0,0.6,10.0,0.5,40.0,0.45,13.0,0.5384615384615384,15.0,0.3333333333333333
LOLTMNT02_461127,2026,2026-08-28 11:40:15+00:00,LCK,5,Rounds 3-4,1,16.16,complete,,,BNK FEARX,oe:team:5c2e7e9ea8dfcba0150d9a5619baecf,HANJIN BRION,oe:team:b77b3f6068e20a2b3edc0ecd3dc70d4,RED,1,0,BLUE,BNK FEARX,Cassiopeia,Gnar,Jhin,Skarner,Vi,Seraphine,Shen,Kai'Sa,Xin Zhao,Qiyana,Viktor,Rell,Akali,Camille,Nidalee,Annie,Locke,Sejuani,Irelia,Ambessa,oe:team:5c2e7e9ea8dfcba0150d9a5619baecf|oe:team:b77b3f6068e20a2b3edc0ecd3dc70d4,2026_20260828_BNK_FEARX_vs_HANJIN_BRION_S6,"[""Syndra"", ""Ryze"", ""Jarvan IV"", ""Lee Sin"", ""K'Sante"", ""Olaf"", ""Karma"", ""Ezreal"", ""Sivir"", ""Bard"", ""Kalista"", ""Nocturne"", ""Renata Glasc"", ""Caitlyn"", ""Naafiri"", ""Neeko"", ""Rumble"", ""Anivia"", ""Twisted Fate"", ""Aurora"", ""Milio"", ""Lucian"", ""Trundle"", ""Yuumi"", ""Draven"", ""Wukong"", ""Jayce"", ""Vayne"", ""Kennen"", ""Galio"", ""Lulu"", ""Orianna"", ""Pantheon"", ""Yunara"", ""Xayah"", ""Nautilus"", ""Renekton"", ""Maokai"", ""Ahri"", ""Aatrox""]",40,False,100.0,47.0,0.47,100.0,47.0,0.47,5.0,0.6,10.0,0.5,59.0,0.4745762711864407,14.0,0.5714285714285714,16.0,0.375,92.0,37.0,0.40217391304347827,92.0,37.0,0.40217391304347827,5.0,0.4,10.0,0.4,51.0,0.37254901960784315,14.0,0.5,16.0,0.625
LOLTMNT02_461258,2026,2026-08-29 08:07:39+00:00,LCK,1,Rounds 3-4,1,16.16,complete,,,BNK FEARX,oe:team:5c2e7e9ea8dfcba0150d9a5619baecf,T1,oe:team:ce499dea30cfce118f4fe85da0227e8,RED,0,1,RED,T1,Bard,Karma,Lucian,Vi,Nocturne,Lee Sin,Milio,Yunara,Cassiopeia,Orianna,Jarvan IV,Lulu,Syndra,Vayne,Ryze,Taliyah,Anivia,Olaf,K'Sante,Jayce,oe:team:5c2e7e9ea8dfcba0150d9a5619baecf|oe:team:ce499dea30cfce118f4fe85da0227e8,2026_20260829_BNK_FEARX_vs_T1_S5,[],0,False,101.0,48.0,0.4752475247524752,101.0,48.0,0.4752475247524752,5.0,0.6,10.0,0.6,60.0,0.48333333333333334,15.0,0.6,11.0,0.36363636363636365,91.0,56.0,0.6153846153846154,91.0,56.0,0.6153846153846154,5.0,0.4,10.0,0.3,42.0,0.5714285714285714,5.0,0.4,11.0,0.6363636363636364
LOLTMNT02_460279,2026,2026-08-29 09:04:53+00:00,LCK,2,Rounds 3-4,1,16.16,complete,,,BNK FEARX,oe:team:5c2e7e9ea8dfcba0150d9a5619baecf,T1,oe:team:ce499dea30cfce118f4fe85da0227e8,BLUE,1,0,BLUE,BNK FEARX,Bard,Cassiopeia,Rumble,Nocturne,Ambessa,Orianna,Pantheon,Ornn,Camille,Karma,Ahri,Akali,Caitlyn,Nautilus,Zeri,Seraphine,Neeko,Kalista,Yuumi,Ezreal,oe:team:5c2e7e9ea8dfcba0150d9a5619baecf|oe:team:ce499dea30cfce118f4fe85da0227e8,2026_20260829_BNK_FEARX_vs_T1_S5,"[""Lucian"", ""Vi"", ""Milio"", ""Yunara"", ""Jarvan IV"", ""Lulu"", ""Ryze"", ""Taliyah"", ""K'Sante"", ""Jayce""]",10,False,102.0,48.0,0.47058823529411764,102.0,48.0,0.47058823529411764,5.0,0.4,10.0,0.6,61.0,0.47540983606557374,16.0,0.5625,12.0,0.3333333333333333,92.0,57.0,0.6195652173913043,92.0,57.0,0.6195652173913043,5.0,0.6,10.0,0.3,43.0,0.5813953488372093,6.0,0.5,12.0,0.6666666666666666
LOLTMNT02_460287,2026,2026-08-29 09:59:39+00:00,LCK,3,Rounds 3-4,1,16.16,complete,,,T1,oe:team:ce499dea30cfce118f4fe85da0227e8,BNK FEARX,oe:team:5c2e7e9ea8dfcba0150d9a5619baecf,BLUE,0,1,RED,BNK FEARX,Camille,Cassiopeia,Jhin,Lee Sin,Karma,Orianna,Naafiri,Shen,Poppy,Caitlyn,Bard,Kai'Sa,Syndra,Locke,Galio,Annie,Vayne,Viktor,Olaf,Kled,oe:team:5c2e7e9ea8dfcba0150d9a5619baecf|oe:team:ce499dea30cfce118f4fe85da0227e8,2026_20260829_BNK_FEARX_vs_T1_S5,"[""Lucian"", ""Vi"", ""Milio"", ""Yunara"", ""Jarvan IV"", ""Lulu"", ""Ryze"", ""Taliyah"", ""K'Sante"", ""Jayce"", ""Rumble"", ""Nocturne"", ""Pantheon"", ""Ornn"", ""Ahri"", ""Akali"", ""Zeri"", ""Seraphine"", ""Yuumi"", ""Ezreal""]",20,False,93.0,57.0,0.6129032258064516,93.0,57.0,0.6129032258064516,5.0,0.4,10.0,0.3,49.0,0.6530612244897959,7.0,0.42857142857142855,13.0,0.6153846153846154,103.0,49.0,0.47572815533980584,103.0,49.0,0.47572815533980584,5.0,0.6,10.0,0.7,41.0,0.4634146341463415,17.0,0.5882352941176471,13.0,0.38461538461538464
LOLTMNT02_461283,2026,2026-08-29 10:53:48+00:00,LCK,4,Rounds 3-4,1,16.16,complete,,,BNK FEARX,oe:team:5c2e7e9ea8dfcba0150d9a5619baecf,T1,oe:team:ce499dea30cfce118f4fe85da0227e8,BLUE,0,1,RED,T1,Camille,Orianna,Viktor,Neeko,Xin Zhao,Cassiopeia,Yorick,Anivia,Caitlyn,Karma,Maokai,Skarner,Ambessa,Renata Glasc,Corki,Miss Fortune,Renekton,Alistar,Nami,Nasus,oe:team:5c2e7e9ea8dfcba0150d9a5619baecf|oe:team:ce499dea30cfce118f4fe85da0227e8,2026_20260829_BNK_FEARX_vs_T1_S5,"[""Lucian"", ""Vi"", ""Milio"", ""Yunara"", ""Jarvan IV"", ""Lulu"", ""Ryze"", ""Taliyah"", ""K'Sante"", ""Jayce"", ""Rumble"", ""Nocturne"", ""Pantheon"", ""Ornn"", ""Ahri"", ""Akali"", ""Zeri"", ""Seraphine"", ""Yuumi"", ""Ezreal"", ""Jhin"", ""Lee Sin"", ""Naafiri"", ""Shen"", ""Bard"", ""Kai'Sa"", ""Galio"", ""Annie"", ""Olaf"", ""Kled""]",30,False,104.0,50.0,0.4807692307692308,104.0,50.0,0.4807692307692308,5.0,0.8,10.0,0.7,62.0,0.4838709677419355,18.0,0.6111111111111112,14.0,0.42857142857142855,94.0,57.0,0.6063829787234043,94.0,57.0,0.6063829787234043,5.0,0.2,10.0,0.3,44.0,0.5681818181818182,8.0,0.375,14.0,0.5714285714285714
LOLTMNT02_461296,2026,2026-08-29 12:01:33+00:00,LCK,5,Rounds 3-4,1,16.16,complete,,,T1,oe:team:ce499dea30cfce118f4fe85da0227e8,BNK FEARX,oe:team:5c2e7e9ea8dfcba0150d9a5619baecf,BLUE,1,0,BLUE,T1,Trundle,Caitlyn,Renata Glasc,Kalista,Syndra,Cassiopeia,Varus,Xin Zhao,Karma,Orianna,Poppy,Soraka,Vayne,Locke,Kennen,Azir,Twisted Fate,LeBlanc,Yone,Lissandra,oe:team:5c2e7e9ea8dfcba0150d9a5619baecf|oe:team:ce499dea30cfce118f4fe85da0227e8,2026_20260829_BNK_FEARX_vs_T1_S5,"[""Lucian"", ""Vi"", ""Milio"", ""Yunara"", ""Jarvan IV"", ""Lulu"", ""Ryze"", ""Taliyah"", ""K'Sante"", ""Jayce"", ""Rumble"", ""Nocturne"", ""Pantheon"", ""Ornn"", ""Ahri"", ""Akali"", ""Zeri"", ""Seraphine"", ""Yuumi"", ""Ezreal"", ""Jhin"", ""Lee Sin"", ""Naafiri"", ""Shen"", ""Bard"", ""Kai'Sa"", ""Galio"", ""Annie"", ""Olaf"", ""Kled"", ""Viktor"", ""Neeko"", ""Yorick"", ""Anivia"", ""Maokai"", ""Skarner"", ""Corki"", ""Miss Fortune"", ""Nami"", ""Nasus""]",40,False,95.0,58.0,0.6105263157894737,95.0,58.0,0.6105263157894737,5.0,0.4,10.0,0.4,50.0,0.64,9.0,0.4444444444444444,15.0,0.6,105.0,50.0,0.47619047619047616,105.0,50.0,0.47619047619047616,5.0,0.6,10.0,0.6,42.0,0.47619047619047616,19.0,0.5789473684210527,15.0,0.4
LOLTMNT02_461410,2026,2026-08-30 08:10:04+00:00,LCK,1,Rounds 3-4,1,16.16,complete,,,KT Rolster,oe:team:d723992568441c6bafa2658129eade7,Dplus Kia,oe:team:ef69efa6acebe94107f0cf1ba716806,RED,1,0,BLUE,KT Rolster,Cassiopeia,Nocturne,Ezreal,Orianna,Vi,Poppy,Jarvan IV,Xin Zhao,Lee Sin,Ryze,Trundle,Olaf,Lucian,Karma,Syndra,Caitlyn,Lulu,Seraphine,Nautilus,Bard,oe:team:d723992568441c6bafa2658129eade7|oe:team:ef69efa6acebe94107f0cf1ba716806,2026_20260830_Dplus_Kia_vs_KT_Rolster_S6,[],0,False,92.0,46.0,0.5,92.0,46.0,0.5,5.0,0.6,10.0,0.5,48.0,0.5625,11.0,0.45454545454545453,15.0,0.5333333333333333,104.0,58.0,0.5576923076923077,104.0,58.0,0.5576923076923077,5.0,0.4,10.0,0.6,48.0,0.4166666666666667,5.0,0.4,15.0,0.4666666666666667
LOLTMNT02_461420,2026,2026-08-30 09:12:22+00:00,LCK,2,Rounds 3-4,1,16.16,complete,,,KT Rolster,oe:team:d723992568441c6bafa2658129eade7,Dplus Kia,oe:team:ef69efa6acebe94107f0cf1ba716806,RED,1,0,BLUE,KT Rolster,Cassiopeia,Nocturne,Kalista,Vi,Ryze,Poppy,Renata Glasc,Jayce,Lucian,Pantheon,Ahri,Taliyah,Viktor,K'Sante,Skarner,Annie,Lulu,Naafiri,Rumble,Alistar,oe:team:d723992568441c6bafa2658129eade7|oe:team:ef69efa6acebe94107f0cf1ba716806,2026_20260830_Dplus_Kia_vs_KT_Rolster_S6,"[""Ezreal"", ""Orianna"", ""Jarvan IV"", ""Xin Zhao"", ""Trundle"", ""Olaf"", ""Syndra"", ""Caitlyn"", ""Nautilus"", ""Bard""]",10,False,93.0,47.0,0.5053763440860215,93.0,47.0,0.5053763440860215,5.0,0.6,10.0,0.5,49.0,0.5714285714285714,12.0,0.5,16.0,0.5625,105.0,58.0,0.5523809523809524,105.0,58.0,0.5523809523809524,5.0,0.4,10.0,0.5,49.0,0.40816326530612246,6.0,0.3333333333333333,16.0,0.4375
LOLTMNT02_461430,2026,2026-08-30 10:16:18+00:00,LCK,3,Rounds 3-4,1,16.16,complete,,,KT Rolster,oe:team:d723992568441c6bafa2658129eade7,Dplus Kia,oe:team:ef69efa6acebe94107f0cf1ba716806,BLUE,1,0,BLUE,KT Rolster,Lucian,Nocturne,Ryze,Lulu,Lee Sin,Cassiopeia,Ashe,Yunara,Viktor,Pantheon,Seraphine,Naafiri,Vayne,Poppy,Gnar,Aurora,Twisted Fate,Wukong,Cho'Gath,Ambessa,oe:team:d723992568441c6bafa2658129eade7|oe:team:ef69efa6acebe94107f0cf1ba716806,2026_20260830_Dplus_Kia_vs_KT_Rolster_S6,"[""Ezreal"", ""Orianna"", ""Jarvan IV"", ""Xin Zhao"", ""Trundle"", ""Olaf"", ""Syndra"", ""Caitlyn"", ""Nautilus"", ""Bard"", ""Kalista"", ""Vi"", ""Renata Glasc"", ""Jayce"", ""Ahri"", ""Taliyah"", ""Skarner"", ""Annie"", ""Rumble"", ""Alistar""]",20,False,94.0,48.0,0.5106382978723404,94.0,48.0,0.5106382978723404,5.0,0.8,10.0,0.6,50.0,0.58,13.0,0.5384615384615384,17.0,0.5882352941176471,106.0,58.0,0.5471698113207547,106.0,58.0,0.5471698113207547,5.0,0.4,10.0,0.4,50.0,0.4,7.0,0.2857142857142857,17.0,0.4117647058823529
LOLTMNT02_461660,2026,2026-09-01 08:11:13+00:00,LCK,1,Rounds 3-4,1,16.16,complete,,,Gen.G,oe:team:50f58982d91a36557ec8aec52ab014f,KT Rolster,oe:team:d723992568441c6bafa2658129eade7,RED,1,0,BLUE,Gen.G,Cassiopeia,Ezreal,Lee Sin,Orianna,Nocturne,Vi,Ryze,Pantheon,Jarvan IV,Trundle,Camille,Olaf,Seraphine,Caitlyn,Lulu,Kalista,Shen,Bard,Yunara,Renata Glasc,oe:team:50f58982d91a36557ec8aec52ab014f|oe:team:d723992568441c6bafa2658129eade7,2026_20260901_Gen_G_vs_KT_Rolster_S7,[],0,False,89.0,66.0,0.7415730337078652,89.0,66.0,0.7415730337078652,5.0,0.4,10.0,0.7,52.0,0.8269230769230769,6.0,0.5,15.0,0.8,95.0,49.0,0.5157894736842106,95.0,49.0,0.5157894736842106,5.0,1.0,10.0,0.6,44.0,0.4318181818181818,14.0,0.5714285714285714,15.0,0.2
LOLTMNT02_460605,2026,2026-09-01 09:13:07+00:00,LCK,2,Rounds 3-4,1,16.16,complete,,,Gen.G,oe:team:50f58982d91a36557ec8aec52ab014f,KT Rolster,oe:team:d723992568441c6bafa2658129eade7,RED,1,0,BLUE,Gen.G,Cassiopeia,Poppy,Ashe,Nocturne,Jarvan IV,Ezreal,Seraphine,Zeri,Nautilus,Bard,Cho'Gath,Yuumi,Syndra,K'Sante,Akali,Jayce,Sylas,Anivia,Aatrox,Galio,oe:team:50f58982d91a36557ec8aec52ab014f|oe:team:d723992568441c6bafa2658129eade7,2026_20260901_Gen_G_vs_KT_Rolster_S7,"[""Lee Sin"", ""Orianna"", ""Ryze"", ""Pantheon"", ""Camille"", ""Olaf"", ""Lulu"", ""Kalista"", ""Yunara"", ""Renata Glasc""]",10,False,90.0,67.0,0.7444444444444445,90.0,67.0,0.7444444444444445,5.0,0.6,10.0,0.7,53.0,0.8301886792452831,7.0,0.5714285714285714,16.0,0.8125,96.0,49.0,0.5104166666666666,96.0,49.0,0.5104166666666666,5.0,0.8,10.0,0.6,45.0,0.4222222222222222,15.0,0.5333333333333333,16.0,0.1875
LOLTMNT02_461672,2026,2026-09-01 10:08:49+00:00,LCK,3,Rounds 3-4,1,16.16,complete,,,Gen.G,oe:team:50f58982d91a36557ec8aec52ab014f,KT Rolster,oe:team:d723992568441c6bafa2658129eade7,RED,1,0,BLUE,Gen.G,Cassiopeia,Poppy,Karma,Ezreal,Jarvan IV,Bard,Syndra,Ahri,Vi,Annie,Sivir,Nautilus,Naafiri,Vayne,Skarner,Gnar,Trundle,Xin Zhao,Twisted Fate,Wukong,oe:team:50f58982d91a36557ec8aec52ab014f|oe:team:d723992568441c6bafa2658129eade7,2026_20260901_Gen_G_vs_KT_Rolster_S7,"[""Lee Sin"", ""Orianna"", ""Ryze"", ""Pantheon"", ""Camille"", ""Olaf"", ""Lulu"", ""Kalista"", ""Yunara"", ""Renata Glasc"", ""Ashe"", ""Nocturne"", ""Seraphine"", ""Zeri"", ""Cho'Gath"", ""Yuumi"", ""Akali"", ""Jayce"", ""Aatrox"", ""Galio""]",20,False,91.0,68.0,0.7472527472527473,91.0,68.0,0.7472527472527473,5.0,0.6,10.0,0.7,54.0,0.8333333333333334,8.0,0.625,17.0,0.8235294117647058,97.0,49.0,0.5051546391752577,97.0,49.0,0.5051546391752577,5.0,0.6,10.0,0.6,46.0,0.41304347826086957,16.0,0.5,17.0,0.17647058823529413
LOLTMNT02_461735,2026,2026-09-02 08:11:08+00:00,LCK,1,Rounds 3-4,1,16.16,complete,,,T1,oe:team:ce499dea30cfce118f4fe85da0227e8,Hanwha Life Esports,oe:team:3a1d18f46bcb3716ebcfcf4ef068934,RED,1,0,BLUE,T1,Cassiopeia,Poppy,Jayce,Lee Sin,Orianna,Bard,Ryze,Annie,Vi,Nocturne,Pantheon,Olaf,Alistar,Karma,Kalista,Ashe,Ziggs,Camille,Renata Glasc,Seraphine,oe:team:3a1d18f46bcb3716ebcfcf4ef068934|oe:team:ce499dea30cfce118f4fe85da0227e8,2026_20260902_Hanwha_Life_Esports_vs_T1_S7,[],0,False,96.0,59.0,0.6145833333333334,96.0,59.0,0.6145833333333334,5.0,0.6,10.0,0.5,51.0,0.6470588235294118,10.0,0.5,17.0,0.4117647058823529,82.0,51.0,0.6219512195121951,82.0,51.0,0.6219512195121951,5.0,1.0,10.0,0.7,43.0,0.5813953488372093,4.0,1.0,17.0,0.5882352941176471
LOLTMNT02_460676,2026,2026-09-02 09:05:00+00:00,LCK,2,Rounds 3-4,1,16.16,complete,,,T1,oe:team:ce499dea30cfce118f4fe85da0227e8,Hanwha Life Esports,oe:team:3a1d18f46bcb3716ebcfcf4ef068934,RED,1,0,BLUE,T1,Cassiopeia,Bard,Jhin,Jarvan IV,Vi,Lucian,Qiyana,Yunara,Orianna,Nocturne,Blitzcrank,Lulu,Locke,Vayne,Anivia,K'Sante,Akali,Syndra,Gwen,Ahri,oe:team:3a1d18f46bcb3716ebcfcf4ef068934|oe:team:ce499dea30cfce118f4fe85da0227e8,2026_20260902_Hanwha_Life_Esports_vs_T1_S7,"[""Jayce"", ""Lee Sin"", ""Ryze"", ""Annie"", ""Pantheon"", ""Olaf"", ""Kalista"", ""Ashe"", ""Renata Glasc"", ""Seraphine""]",10,False,97.0,60.0,0.6185567010309279,97.0,60.0,0.6185567010309279,5.0,0.6,10.0,0.6,52.0,0.6538461538461539,11.0,0.5454545454545454,18.0,0.4444444444444444,83.0,51.0,0.6144578313253012,83.0,51.0,0.6144578313253012,5.0,0.8,10.0,0.6,44.0,0.5681818181818182,5.0,0.8,18.0,0.5555555555555556
LOLTMNT02_460684,2026,2026-09-02 09:56:50+00:00,LCK,3,Rounds 3-4,1,16.16,complete,,,Hanwha Life Esports,oe:team:3a1d18f46bcb3716ebcfcf4ef068934,T1,oe:team:ce499dea30cfce118f4fe85da0227e8,BLUE,1,0,BLUE,Hanwha Life Esports,Bard,Cassiopeia,Camille,Kennen,Poppy,Orianna,Akali,Yone,Nocturne,Vi,Sejuani,Maokai,Lucian,Rakan,Miss Fortune,Alistar,Zeri,Ziggs,Shen,Kai'Sa,oe:team:3a1d18f46bcb3716ebcfcf4ef068934|oe:team:ce499dea30cfce118f4fe85da0227e8,2026_20260902_Hanwha_Life_Esports_vs_T1_S7,"[""Jayce"", ""Lee Sin"", ""Ryze"", ""Annie"", ""Pantheon"", ""Olaf"", ""Kalista"", ""Ashe"", ""Renata Glasc"", ""Seraphine"", ""Jhin"", ""Jarvan IV"", ""Qiyana"", ""Yunara"", ""Blitzcrank"", ""Lulu"", ""Anivia"", ""K'Sante"", ""Gwen"", ""Ahri""]",20,False,84.0,51.0,0.6071428571428571,84.0,51.0,0.6071428571428571,5.0,0.6,10.0,0.6,39.0,0.6666666666666666,6.0,0.6666666666666666,19.0,0.5263157894736842,98.0,61.0,0.6224489795918368,98.0,61.0,0.6224489795918368,5.0,0.8,10.0,0.6,45.0,0.5777777777777777,12.0,0.5833333333333334,19.0,0.47368421052631576
LOLTMNT02_460687,2026,2026-09-02 10:46:41+00:00,LCK,4,Rounds 3-4,1,16.16,complete,,,T1,oe:team:ce499dea30cfce118f4fe85da0227e8,Hanwha Life Esports,oe:team:3a1d18f46bcb3716ebcfcf4ef068934,RED,0,1,RED,Hanwha Life Esports,Ziggs,Bard,Lucian,Cassiopeia,Vi,Nocturne,Milio,Nautilus,Rakan,Karma,Orianna,Varus,Gnar,Naafiri,Skarner,Xin Zhao,Trundle,Ambessa,Aatrox,Gragas,oe:team:3a1d18f46bcb3716ebcfcf4ef068934|oe:team:ce499dea30cfce118f4fe85da0227e8,2026_20260902_Hanwha_Life_Esports_vs_T1_S7,"[""Jayce"", ""Lee Sin"", ""Ryze"", ""Annie"", ""Pantheon"", ""Olaf"", ""Kalista"", ""Ashe"", ""Renata Glasc"", ""Seraphine"", ""Jhin"", ""Jarvan IV"", ""Qiyana"", ""Yunara"", ""Blitzcrank"", ""Lulu"", ""Anivia"", ""K'Sante"", ""Gwen"", ""Ahri"", ""Camille"", ""Kennen"", ""Akali"", ""Yone"", ""Sejuani"", ""Maokai"", ""Miss Fortune"", ""Alistar"", ""Shen"", ""Kai'Sa""]",30,False,99.0,61.0,0.6161616161616161,99.0,61.0,0.6161616161616161,5.0,0.8,10.0,0.5,53.0,0.660377358490566,13.0,0.5384615384615384,20.0,0.45,85.0,52.0,0.611764705882353,85.0,52.0,0.611764705882353,5.0,0.6,10.0,0.7,45.0,0.5555555555555556,7.0,0.7142857142857143,20.0,0.55
LOLTMNT02_460694,2026,2026-09-02 11:38:32+00:00,LCK,5,Rounds 3-4,1,16.16,complete,,,T1,oe:team:ce499dea30cfce118f4fe85da0227e8,Hanwha Life Esports,oe:team:3a1d18f46bcb3716ebcfcf4ef068934,RED,0,1,RED,Hanwha Life Esports,Vi,Ezreal,Bard,Caitlyn,Rumble,Nocturne,Naafiri,Karma,Ziggs,Zeri,Jinx,Cho'Gath,Locke,Vayne,Gnar,Taliyah,Syndra,Viktor,Lissandra,Ambessa,oe:team:3a1d18f46bcb3716ebcfcf4ef068934|oe:team:ce499dea30cfce118f4fe85da0227e8,2026_20260902_Hanwha_Life_Esports_vs_T1_S7,"[""Jayce"", ""Lee Sin"", ""Ryze"", ""Annie"", ""Pantheon"", ""Olaf"", ""Kalista"", ""Ashe"", ""Renata Glasc"", ""Seraphine"", ""Jhin"", ""Jarvan IV"", ""Qiyana"", ""Yunara"", ""Blitzcrank"", ""Lulu"", ""Anivia"", ""K'Sante"", ""Gwen"", ""Ahri"", ""Camille"", ""Kennen"", ""Akali"", ""Yone"", ""Sejuani"", ""Maokai"", ""Miss Fortune"", ""Alistar"", ""Shen"", ""Kai'Sa"", ""Lucian"", ""Cassiopeia"", ""Milio"", ""Nautilus"", ""Orianna"", ""Varus"", ""Skarner"", ""Xin Zhao"", ""Aatrox"", ""Gragas""]",40,False,100.0,61.0,0.61,100.0,61.0,0.61,5.0,0.6,10.0,0.5,54.0,0.6481481481481481,14.0,0.5,21.0,0.42857142857142855,86.0,53.0,0.6162790697674418,86.0,53.0,0.6162790697674418,5.0,0.6,10.0,0.8,46.0,0.5652173913043478,8.0,0.75,21.0,0.5714285714285714
LOLTMNT02_460749,2026,2026-09-03 08:07:55+00:00,LCK,1,Rounds 3-4,1,16.16,complete,,,BNK FEARX,oe:team:5c2e7e9ea8dfcba0150d9a5619baecf,Dplus Kia,oe:team:ef69efa6acebe94107f0cf1ba716806,RED,1,0,BLUE,BNK FEARX,Cassiopeia,Jarvan IV,Lucian,Lee Sin,Vi,Nocturne,Milio,Syndra,Orianna,Olaf,Pantheon,Jayce,Lulu,Ahri,K'Sante,Xayah,Caitlyn,Ryze,Viktor,Rakan,oe:team:5c2e7e9ea8dfcba0150d9a5619baecf|oe:team:ef69efa6acebe94107f0cf1ba716806,2026_20260903_BNK_FEARX_vs_Dplus_Kia_S4,[],0,False,106.0,50.0,0.4716981132075472,106.0,50.0,0.4716981132075472,5.0,0.4,10.0,0.5,63.0,0.47619047619047616,20.0,0.55,8.0,0.5,107.0,58.0,0.5420560747663551,107.0,58.0,0.5420560747663551,5.0,0.4,10.0,0.4,51.0,0.39215686274509803,8.0,0.25,8.0,0.5
LOLTMNT02_460761,2026,2026-09-03 09:14:47+00:00,LCK,2,Rounds 3-4,1,16.16,complete,,,BNK FEARX,oe:team:5c2e7e9ea8dfcba0150d9a5619baecf,Dplus Kia,oe:team:ef69efa6acebe94107f0cf1ba716806,RED,1,0,BLUE,BNK FEARX,Cassiopeia,Nocturne,Ryze,Jarvan IV,Vi,Kalista,Bard,Karma,Orianna,Lulu,Caitlyn,Ezreal,Annie,Naafiri,Qiyana,Gnar,Twisted Fate,Vayne,Kai'Sa,Ahri,oe:team:5c2e7e9ea8dfcba0150d9a5619baecf|oe:team:ef69efa6acebe94107f0cf1ba716806,2026_20260903_BNK_FEARX_vs_Dplus_Kia_S4,"[""Lucian"", ""Lee Sin"", ""Milio"", ""Syndra"", ""Pantheon"", ""Jayce"", ""K'Sante"", ""Xayah"", ""Viktor"", ""Rakan""]",10,False,107.0,51.0,0.4766355140186916,107.0,51.0,0.4766355140186916,5.0,0.6,10.0,0.5,64.0,0.484375,21.0,0.5714285714285714,9.0,0.5555555555555556,108.0,58.0,0.5370370370370371,108.0,58.0,0.5370370370370371,5.0,0.2,10.0,0.3,52.0,0.38461538461538464,9.0,0.2222222222222222,9.0,0.4444444444444444
LOLTMNT02_460772,2026,2026-09-03 10:17:15+00:00,LCK,3,Rounds 3-4,1,16.16,complete,,,Dplus Kia,oe:team:ef69efa6acebe94107f0cf1ba716806,BNK FEARX,oe:team:5c2e7e9ea8dfcba0150d9a5619baecf,BLUE,1,0,BLUE,Dplus Kia,Nocturne,Cassiopeia,Annie,Cho'Gath,Kalista,Vi,Ashe,Hwei,Lulu,Orianna,Seraphine,Olaf,Yuumi,Vayne,Wukong,Shen,Nautilus,Trundle,Ambessa,Jhin,oe:team:5c2e7e9ea8dfcba0150d9a5619baecf|oe:team:ef69efa6acebe94107f0cf1ba716806,2026_20260903_BNK_FEARX_vs_Dplus_Kia_S4,"[""Lucian"", ""Lee Sin"", ""Milio"", ""Syndra"", ""Pantheon"", ""Jayce"", ""K'Sante"", ""Xayah"", ""Viktor"", ""Rakan"", ""Ryze"", ""Jarvan IV"", ""Bard"", ""Karma"", ""Caitlyn"", ""Ezreal"", ""Qiyana"", ""Gnar"", ""Kai'Sa"", ""Ahri""]",20,False,109.0,58.0,0.5321100917431193,109.0,58.0,0.5321100917431193,5.0,0.0,10.0,0.2,56.0,0.6785714285714286,10.0,0.2,10.0,0.4,108.0,52.0,0.48148148148148145,108.0,52.0,0.48148148148148145,5.0,0.6,10.0,0.6,43.0,0.46511627906976744,22.0,0.5909090909090909,10.0,0.6
LOLTMNT02_460780,2026,2026-09-03 11:11:44+00:00,LCK,4,Rounds 3-4,1,16.16,complete,,,BNK FEARX,oe:team:5c2e7e9ea8dfcba0150d9a5619baecf,Dplus Kia,oe:team:ef69efa6acebe94107f0cf1ba716806,RED,0,1,RED,Dplus Kia,Cassiopeia,Nocturne,Zeri,Lulu,Vi,Kalista,Rumble,Naafiri,Orianna,Nautilus,Yuumi,Yunara,Kennen,Xin Zhao,Hecarim,Twisted Fate,Camille,Maokai,Lissandra,Yorick,oe:team:5c2e7e9ea8dfcba0150d9a5619baecf|oe:team:ef69efa6acebe94107f0cf1ba716806,2026_20260903_BNK_FEARX_vs_Dplus_Kia_S4,"[""Lucian"", ""Lee Sin"", ""Milio"", ""Syndra"", ""Pantheon"", ""Jayce"", ""K'Sante"", ""Xayah"", ""Viktor"", ""Rakan"", ""Ryze"", ""Jarvan IV"", ""Bard"", ""Karma"", ""Caitlyn"", ""Ezreal"", ""Qiyana"", ""Gnar"", ""Kai'Sa"", ""Ahri"", ""Annie"", ""Cho'Gath"", ""Ashe"", ""Hwei"", ""Seraphine"", ""Olaf"", ""Wukong"", ""Shen"", ""Ambessa"", ""Jhin""]",30,False,109.0,52.0,0.47706422018348627,109.0,52.0,0.47706422018348627,5.0,0.4,10.0,0.6,65.0,0.49230769230769234,23.0,0.5652173913043478,11.0,0.5454545454545454,110.0,59.0,0.5363636363636364,110.0,59.0,0.5363636363636364,5.0,0.2,10.0,0.3,53.0,0.37735849056603776,11.0,0.2727272727272727,11.0,0.45454545454545453
LOLTMNT02_460789,2026,2026-09-03 11:59:51+00:00,LCK,5,Rounds 3-4,1,16.16,complete,,,Dplus Kia,oe:team:ef69efa6acebe94107f0cf1ba716806,BNK FEARX,oe:team:5c2e7e9ea8dfcba0150d9a5619baecf,RED,1,0,BLUE,Dplus Kia,Nocturne,Vayne,Varus,Maokai,Cassiopeia,Orianna,Camille,Aphelios,Kalista,Vi,Ziggs,Thresh,Jax,Trundle,Kindred,Tristana,Nasus,Sejuani,Taliyah,Kled,oe:team:5c2e7e9ea8dfcba0150d9a5619baecf|oe:team:ef69efa6acebe94107f0cf1ba716806,2026_20260903_BNK_FEARX_vs_Dplus_Kia_S4,"[""Lucian"", ""Lee Sin"", ""Milio"", ""Syndra"", ""Pantheon"", ""Jayce"", ""K'Sante"", ""Xayah"", ""Viktor"", ""Rakan"", ""Ryze"", ""Jarvan IV"", ""Bard"", ""Karma"", ""Caitlyn"", ""Ezreal"", ""Qiyana"", ""Gnar"", ""Kai'Sa"", ""Ahri"", ""Annie"", ""Cho'Gath"", ""Ashe"", ""Hwei"", ""Seraphine"", ""Olaf"", ""Wukong"", ""Shen"", ""Ambessa"", ""Jhin"", ""Zeri"", ""Lulu"", ""Rumble"", ""Naafiri"", ""Yuumi"", ""Yunara"", ""Hecarim"", ""Twisted Fate"", ""Lissandra"", ""Yorick""]",40,False,111.0,60.0,0.5405405405405406,111.0,60.0,0.5405405405405406,5.0,0.4,10.0,0.4,57.0,0.6842105263157895,12.0,0.3333333333333333,12.0,0.5,110.0,52.0,0.4727272727272727,110.0,52.0,0.4727272727272727,5.0,0.4,10.0,0.5,44.0,0.45454545454545453,24.0,0.5416666666666666,12.0,0.5
