game_id,series_id,game_number,date,patch,side,team,champion,pick_index,champion_games_before,champion_wins_before,champion_win_rate_before,champion_patch_games_before,champion_patch_win_rate_before,team_champion_games_before,team_champion_win_rate_before,picked_side_won
LOLTMNT03_337058,LCK_20260114_DN_SOOPers_vs_KT_Rolster_S1,1,2026-01-14 08:13:43+00:00,16.01,BLUE,DN SOOPers,Rumble,1,0,0,,0,,0,,1
LOLTMNT03_337058,LCK_20260114_DN_SOOPers_vs_KT_Rolster_S1,1,2026-01-14 08:13:43+00:00,16.01,BLUE,DN SOOPers,Wukong,2,0,0,,0,,0,,1
LOLTMNT03_337058,LCK_20260114_DN_SOOPers_vs_KT_Rolster_S1,1,2026-01-14 08:13:43+00:00,16.01,BLUE,DN SOOPers,Ahri,3,0,0,,0,,0,,1
LOLTMNT03_337058,LCK_20260114_DN_SOOPers_vs_KT_Rolster_S1,1,2026-01-14 08:13:43+00:00,16.01,BLUE,DN SOOPers,Corki,4,0,0,,0,,0,,1
LOLTMNT03_337058,LCK_20260114_DN_SOOPers_vs_KT_Rolster_S1,1,2026-01-14 08:13:43+00:00,16.01,BLUE,DN SOOPers,Pantheon,5,0,0,,0,,0,,1
LOLTMNT03_337058,LCK_20260114_DN_SOOPers_vs_KT_Rolster_S1,1,2026-01-14 08:13:43+00:00,16.01,RED,KT Rolster,Malphite,1,0,0,,0,,0,,0
LOLTMNT03_337058,LCK_20260114_DN_SOOPers_vs_KT_Rolster_S1,1,2026-01-14 08:13:43+00:00,16.01,RED,KT Rolster,Yunara,2,0,0,,0,,0,,0
LOLTMNT03_337058,LCK_20260114_DN_SOOPers_vs_KT_Rolster_S1,1,2026-01-14 08:13:43+00:00,16.01,RED,KT Rolster,Taliyah,3,0,0,,0,,0,,0
LOLTMNT03_337058,LCK_20260114_DN_SOOPers_vs_KT_Rolster_S1,1,2026-01-14 08:13:43+00:00,16.01,RED,KT Rolster,Alistar,4,0,0,,0,,0,,0
LOLTMNT03_337058,LCK_20260114_DN_SOOPers_vs_KT_Rolster_S1,1,2026-01-14 08:13:43+00:00,16.01,RED,KT Rolster,K'Sante,5,0,0,,0,,0,,0
LOLTMNT03_337069,LCK_20260114_DN_SOOPers_vs_KT_Rolster_S1,2,2026-01-14 09:06:16+00:00,16.01,BLUE,DN SOOPers,Ashe,1,0,0,,0,,0,,0
LOLTMNT03_337069,LCK_20260114_DN_SOOPers_vs_KT_Rolster_S1,2,2026-01-14 09:06:16+00:00,16.01,BLUE,DN SOOPers,Dr. Mundo,2,0,0,,0,,0,,0
LOLTMNT03_337069,LCK_20260114_DN_SOOPers_vs_KT_Rolster_S1,2,2026-01-14 09:06:16+00:00,16.01,BLUE,DN SOOPers,Viktor,3,0,0,,0,,0,,0
LOLTMNT03_337069,LCK_20260114_DN_SOOPers_vs_KT_Rolster_S1,2,2026-01-14 09:06:16+00:00,16.01,BLUE,DN SOOPers,Soraka,4,0,0,,0,,0,,0
LOLTMNT03_337069,LCK_20260114_DN_SOOPers_vs_KT_Rolster_S1,2,2026-01-14 09:06:16+00:00,16.01,BLUE,DN SOOPers,Sion,5,0,0,,0,,0,,0
LOLTMNT03_337069,LCK_20260114_DN_SOOPers_vs_KT_Rolster_S1,2,2026-01-14 09:06:16+00:00,16.01,RED,KT Rolster,Ryze,1,0,0,,0,,0,,1
LOLTMNT03_337069,LCK_20260114_DN_SOOPers_vs_KT_Rolster_S1,2,2026-01-14 09:06:16+00:00,16.01,RED,KT Rolster,Lucian,2,0,0,,0,,0,,1
LOLTMNT03_337069,LCK_20260114_DN_SOOPers_vs_KT_Rolster_S1,2,2026-01-14 09:06:16+00:00,16.01,RED,KT Rolster,Braum,3,0,0,,0,,0,,1
LOLTMNT03_337069,LCK_20260114_DN_SOOPers_vs_KT_Rolster_S1,2,2026-01-14 09:06:16+00:00,16.01,RED,KT Rolster,Renekton,4,0,0,,0,,0,,1
LOLTMNT03_337069,LCK_20260114_DN_SOOPers_vs_KT_Rolster_S1,2,2026-01-14 09:06:16+00:00,16.01,RED,KT Rolster,Sylas,5,0,0,,0,,0,,1
LOLTMNT03_337081,LCK_20260114_DN_SOOPers_vs_KT_Rolster_S1,3,2026-01-14 09:54:54+00:00,16.01,BLUE,KT Rolster,Aphelios,1,0,0,,0,,0,,1
LOLTMNT03_337081,LCK_20260114_DN_SOOPers_vs_KT_Rolster_S1,3,2026-01-14 09:54:54+00:00,16.01,BLUE,KT Rolster,Jarvan IV,2,0,0,,0,,0,,1
LOLTMNT03_337081,LCK_20260114_DN_SOOPers_vs_KT_Rolster_S1,3,2026-01-14 09:54:54+00:00,16.01,BLUE,KT Rolster,Thresh,3,0,0,,0,,0,,1
LOLTMNT03_337081,LCK_20260114_DN_SOOPers_vs_KT_Rolster_S1,3,2026-01-14 09:54:54+00:00,16.01,BLUE,KT Rolster,Rek'Sai,4,0,0,,0,,0,,1
LOLTMNT03_337081,LCK_20260114_DN_SOOPers_vs_KT_Rolster_S1,3,2026-01-14 09:54:54+00:00,16.01,BLUE,KT Rolster,Zoe,5,0,0,,0,,0,,1
LOLTMNT03_337081,LCK_20260114_DN_SOOPers_vs_KT_Rolster_S1,3,2026-01-14 09:54:54+00:00,16.01,RED,DN SOOPers,Ambessa,1,0,0,,0,,0,,0
LOLTMNT03_337081,LCK_20260114_DN_SOOPers_vs_KT_Rolster_S1,3,2026-01-14 09:54:54+00:00,16.01,RED,DN SOOPers,Nocturne,2,0,0,,0,,0,,0
LOLTMNT03_337081,LCK_20260114_DN_SOOPers_vs_KT_Rolster_S1,3,2026-01-14 09:54:54+00:00,16.01,RED,DN SOOPers,Ziggs,3,0,0,,0,,0,,0
LOLTMNT03_337081,LCK_20260114_DN_SOOPers_vs_KT_Rolster_S1,3,2026-01-14 09:54:54+00:00,16.01,RED,DN SOOPers,Aurora,4,0,0,,0,,0,,0
LOLTMNT03_337081,LCK_20260114_DN_SOOPers_vs_KT_Rolster_S1,3,2026-01-14 09:54:54+00:00,16.01,RED,DN SOOPers,Rell,5,0,0,,0,,0,,0
LOLTMNT03_337109,LCK_20260114_Dplus_Kia_vs_HANJIN_BRION_S1,1,2026-01-14 11:22:18+00:00,16.01,BLUE,Dplus Kia,Jarvan IV,1,1,1,1.0,1,1.0,0,,1
LOLTMNT03_337109,LCK_20260114_Dplus_Kia_vs_HANJIN_BRION_S1,1,2026-01-14 11:22:18+00:00,16.01,BLUE,Dplus Kia,Ryze,2,1,1,1.0,1,1.0,0,,1
LOLTMNT03_337109,LCK_20260114_Dplus_Kia_vs_HANJIN_BRION_S1,1,2026-01-14 11:22:18+00:00,16.01,BLUE,Dplus Kia,Ambessa,3,1,0,0.0,1,0.0,0,,1
LOLTMNT03_337109,LCK_20260114_Dplus_Kia_vs_HANJIN_BRION_S1,1,2026-01-14 11:22:18+00:00,16.01,BLUE,Dplus Kia,Karma,4,0,0,,0,,0,,1
LOLTMNT03_337109,LCK_20260114_Dplus_Kia_vs_HANJIN_BRION_S1,1,2026-01-14 11:22:18+00:00,16.01,BLUE,Dplus Kia,Ezreal,5,0,0,,0,,0,,1
LOLTMNT03_337109,LCK_20260114_Dplus_Kia_vs_HANJIN_BRION_S1,1,2026-01-14 11:22:18+00:00,16.01,RED,HANJIN BRION,Neeko,1,0,0,,0,,0,,0
LOLTMNT03_337109,LCK_20260114_Dplus_Kia_vs_HANJIN_BRION_S1,1,2026-01-14 11:22:18+00:00,16.01,RED,HANJIN BRION,Xin Zhao,2,0,0,,0,,0,,0
LOLTMNT03_337109,LCK_20260114_Dplus_Kia_vs_HANJIN_BRION_S1,1,2026-01-14 11:22:18+00:00,16.01,RED,HANJIN BRION,Taliyah,3,1,0,0.0,1,0.0,0,,0
LOLTMNT03_337109,LCK_20260114_Dplus_Kia_vs_HANJIN_BRION_S1,1,2026-01-14 11:22:18+00:00,16.01,RED,HANJIN BRION,Yunara,4,1,0,0.0,1,0.0,0,,0
LOLTMNT03_337109,LCK_20260114_Dplus_Kia_vs_HANJIN_BRION_S1,1,2026-01-14 11:22:18+00:00,16.01,RED,HANJIN BRION,Rek'Sai,5,1,1,1.0,1,1.0,0,,0
LOLTMNT03_336084,LCK_20260114_Dplus_Kia_vs_HANJIN_BRION_S1,2,2026-01-14 12:11:18+00:00,16.01,BLUE,Dplus Kia,Rumble,1,1,1,1.0,1,1.0,0,,1
LOLTMNT03_336084,LCK_20260114_Dplus_Kia_vs_HANJIN_BRION_S1,2,2026-01-14 12:11:18+00:00,16.01,BLUE,Dplus Kia,Pantheon,2,1,1,1.0,1,1.0,0,,1
LOLTMNT03_336084,LCK_20260114_Dplus_Kia_vs_HANJIN_BRION_S1,2,2026-01-14 12:11:18+00:00,16.01,BLUE,Dplus Kia,LeBlanc,3,0,0,,0,,0,,1
LOLTMNT03_336084,LCK_20260114_Dplus_Kia_vs_HANJIN_BRION_S1,2,2026-01-14 12:11:18+00:00,16.01,BLUE,Dplus Kia,Bard,4,0,0,,0,,0,,1
LOLTMNT03_336084,LCK_20260114_Dplus_Kia_vs_HANJIN_BRION_S1,2,2026-01-14 12:11:18+00:00,16.01,BLUE,Dplus Kia,Sivir,5,0,0,,0,,0,,1
LOLTMNT03_336084,LCK_20260114_Dplus_Kia_vs_HANJIN_BRION_S1,2,2026-01-14 12:11:18+00:00,16.01,RED,HANJIN BRION,Orianna,1,0,0,,0,,0,,0
LOLTMNT03_336084,LCK_20260114_Dplus_Kia_vs_HANJIN_BRION_S1,2,2026-01-14 12:11:18+00:00,16.01,RED,HANJIN BRION,Nocturne,2,1,0,0.0,1,0.0,0,,0
LOLTMNT03_336084,LCK_20260114_Dplus_Kia_vs_HANJIN_BRION_S1,2,2026-01-14 12:11:18+00:00,16.01,RED,HANJIN BRION,K'Sante,3,1,0,0.0,1,0.0,0,,0
LOLTMNT03_336084,LCK_20260114_Dplus_Kia_vs_HANJIN_BRION_S1,2,2026-01-14 12:11:18+00:00,16.01,RED,HANJIN BRION,Jhin,4,0,0,,0,,0,,0
LOLTMNT03_336084,LCK_20260114_Dplus_Kia_vs_HANJIN_BRION_S1,2,2026-01-14 12:11:18+00:00,16.01,RED,HANJIN BRION,Elise,5,0,0,,0,,0,,0
LOLTMNT03_336244,LCK_20260115_Gen_G_vs_Kiwoom_DRX_S1,1,2026-01-15 08:05:23+00:00,16.01,BLUE,Kiwoom DRX,Yunara,1,2,0,0.0,2,0.0,0,,0
LOLTMNT03_336244,LCK_20260115_Gen_G_vs_Kiwoom_DRX_S1,1,2026-01-15 08:05:23+00:00,16.01,BLUE,Kiwoom DRX,Xin Zhao,2,1,0,0.0,1,0.0,0,,0
LOLTMNT03_336244,LCK_20260115_Gen_G_vs_Kiwoom_DRX_S1,1,2026-01-15 08:05:23+00:00,16.01,BLUE,Kiwoom DRX,Orianna,3,1,0,0.0,1,0.0,0,,0
LOLTMNT03_336244,LCK_20260115_Gen_G_vs_Kiwoom_DRX_S1,1,2026-01-15 08:05:23+00:00,16.01,BLUE,Kiwoom DRX,Alistar,4,1,0,0.0,1,0.0,0,,0
LOLTMNT03_336244,LCK_20260115_Gen_G_vs_Kiwoom_DRX_S1,1,2026-01-15 08:05:23+00:00,16.01,BLUE,Kiwoom DRX,Kennen,5,0,0,,0,,0,,0
LOLTMNT03_336244,LCK_20260115_Gen_G_vs_Kiwoom_DRX_S1,1,2026-01-15 08:05:23+00:00,16.01,RED,Gen.G,Azir,1,0,0,,0,,0,,1
LOLTMNT03_336244,LCK_20260115_Gen_G_vs_Kiwoom_DRX_S1,1,2026-01-15 08:05:23+00:00,16.01,RED,Gen.G,Pantheon,2,2,2,1.0,2,1.0,0,,1
LOLTMNT03_336244,LCK_20260115_Gen_G_vs_Kiwoom_DRX_S1,1,2026-01-15 08:05:23+00:00,16.01,RED,Gen.G,Corki,3,1,1,1.0,1,1.0,0,,1
LOLTMNT03_336244,LCK_20260115_Gen_G_vs_Kiwoom_DRX_S1,1,2026-01-15 08:05:23+00:00,16.01,RED,Gen.G,Renekton,4,1,1,1.0,1,1.0,0,,1
LOLTMNT03_336244,LCK_20260115_Gen_G_vs_Kiwoom_DRX_S1,1,2026-01-15 08:05:23+00:00,16.01,RED,Gen.G,Nami,5,0,0,,0,,0,,1
LOLTMNT03_336246,LCK_20260115_Gen_G_vs_Kiwoom_DRX_S1,2,2026-01-15 08:56:47+00:00,16.01,BLUE,Gen.G,Ryze,1,2,2,1.0,2,1.0,0,,1
LOLTMNT03_336246,LCK_20260115_Gen_G_vs_Kiwoom_DRX_S1,2,2026-01-15 08:56:47+00:00,16.01,BLUE,Gen.G,Ambessa,2,2,1,0.5,2,0.5,0,,1
LOLTMNT03_336246,LCK_20260115_Gen_G_vs_Kiwoom_DRX_S1,2,2026-01-15 08:56:47+00:00,16.01,BLUE,Gen.G,Wukong,3,1,1,1.0,1,1.0,0,,1
LOLTMNT03_336246,LCK_20260115_Gen_G_vs_Kiwoom_DRX_S1,2,2026-01-15 08:56:47+00:00,16.01,BLUE,Gen.G,Ezreal,4,1,1,1.0,1,1.0,0,,1
LOLTMNT03_336246,LCK_20260115_Gen_G_vs_Kiwoom_DRX_S1,2,2026-01-15 08:56:47+00:00,16.01,BLUE,Gen.G,Leona,5,0,0,,0,,0,,1
LOLTMNT03_336246,LCK_20260115_Gen_G_vs_Kiwoom_DRX_S1,2,2026-01-15 08:56:47+00:00,16.01,RED,Kiwoom DRX,Cassiopeia,1,0,0,,0,,0,,0
LOLTMNT03_336246,LCK_20260115_Gen_G_vs_Kiwoom_DRX_S1,2,2026-01-15 08:56:47+00:00,16.01,RED,Kiwoom DRX,Jarvan IV,2,2,2,1.0,2,1.0,0,,0
LOLTMNT03_336246,LCK_20260115_Gen_G_vs_Kiwoom_DRX_S1,2,2026-01-15 08:56:47+00:00,16.01,RED,Kiwoom DRX,Bard,3,1,1,1.0,1,1.0,0,,0
LOLTMNT03_336246,LCK_20260115_Gen_G_vs_Kiwoom_DRX_S1,2,2026-01-15 08:56:47+00:00,16.01,RED,Kiwoom DRX,Sion,4,1,0,0.0,1,0.0,0,,0
LOLTMNT03_336246,LCK_20260115_Gen_G_vs_Kiwoom_DRX_S1,2,2026-01-15 08:56:47+00:00,16.01,RED,Kiwoom DRX,Jhin,5,1,0,0.0,1,0.0,0,,0
LOLTMNT03_337298,LCK_20260115_BNK_FEARX_vs_Nongshim_RedForce_S1,1,2026-01-15 10:15:24+00:00,16.01,BLUE,Nongshim RedForce,Malphite,1,1,0,0.0,1,0.0,0,,0
LOLTMNT03_337298,LCK_20260115_BNK_FEARX_vs_Nongshim_RedForce_S1,1,2026-01-15 10:15:24+00:00,16.01,BLUE,Nongshim RedForce,Aphelios,2,1,1,1.0,1,1.0,0,,0
LOLTMNT03_337298,LCK_20260115_BNK_FEARX_vs_Nongshim_RedForce_S1,1,2026-01-15 10:15:24+00:00,16.01,BLUE,Nongshim RedForce,Taliyah,3,2,0,0.0,2,0.0,0,,0
LOLTMNT03_337298,LCK_20260115_BNK_FEARX_vs_Nongshim_RedForce_S1,1,2026-01-15 10:15:24+00:00,16.01,BLUE,Nongshim RedForce,Sion,4,2,0,0.0,2,0.0,0,,0
LOLTMNT03_337298,LCK_20260115_BNK_FEARX_vs_Nongshim_RedForce_S1,1,2026-01-15 10:15:24+00:00,16.01,BLUE,Nongshim RedForce,Karma,5,1,1,1.0,1,1.0,0,,0
LOLTMNT03_337298,LCK_20260115_BNK_FEARX_vs_Nongshim_RedForce_S1,1,2026-01-15 10:15:24+00:00,16.01,RED,BNK FEARX,Yunara,1,3,0,0.0,3,0.0,0,,1
LOLTMNT03_337298,LCK_20260115_BNK_FEARX_vs_Nongshim_RedForce_S1,1,2026-01-15 10:15:24+00:00,16.01,RED,BNK FEARX,Nautilus,2,0,0,,0,,0,,1
LOLTMNT03_337298,LCK_20260115_BNK_FEARX_vs_Nongshim_RedForce_S1,1,2026-01-15 10:15:24+00:00,16.01,RED,BNK FEARX,Ahri,3,1,1,1.0,1,1.0,0,,1
LOLTMNT03_337298,LCK_20260115_BNK_FEARX_vs_Nongshim_RedForce_S1,1,2026-01-15 10:15:24+00:00,16.01,RED,BNK FEARX,Lulu,4,0,0,,0,,0,,1
LOLTMNT03_337298,LCK_20260115_BNK_FEARX_vs_Nongshim_RedForce_S1,1,2026-01-15 10:15:24+00:00,16.01,RED,BNK FEARX,Rek'Sai,5,2,1,0.5,2,0.5,0,,1
LOLTMNT03_337304,LCK_20260115_BNK_FEARX_vs_Nongshim_RedForce_S1,2,2026-01-15 11:14:42+00:00,16.01,BLUE,BNK FEARX,Neeko,1,1,0,0.0,1,0.0,0,,1
LOLTMNT03_337304,LCK_20260115_BNK_FEARX_vs_Nongshim_RedForce_S1,2,2026-01-15 11:14:42+00:00,16.01,BLUE,BNK FEARX,Pantheon,2,3,3,1.0,3,1.0,0,,1
LOLTMNT03_337304,LCK_20260115_BNK_FEARX_vs_Nongshim_RedForce_S1,2,2026-01-15 11:14:42+00:00,16.01,BLUE,BNK FEARX,Ezreal,3,2,2,1.0,2,1.0,0,,1
LOLTMNT03_337304,LCK_20260115_BNK_FEARX_vs_Nongshim_RedForce_S1,2,2026-01-15 11:14:42+00:00,16.01,BLUE,BNK FEARX,Sylas,4,1,1,1.0,1,1.0,0,,1
LOLTMNT03_337304,LCK_20260115_BNK_FEARX_vs_Nongshim_RedForce_S1,2,2026-01-15 11:14:42+00:00,16.01,BLUE,BNK FEARX,Kennen,5,1,0,0.0,1,0.0,0,,1
LOLTMNT03_337304,LCK_20260115_BNK_FEARX_vs_Nongshim_RedForce_S1,2,2026-01-15 11:14:42+00:00,16.01,RED,Nongshim RedForce,Orianna,1,2,0,0.0,2,0.0,0,,0
LOLTMNT03_337304,LCK_20260115_BNK_FEARX_vs_Nongshim_RedForce_S1,2,2026-01-15 11:14:42+00:00,16.01,RED,Nongshim RedForce,Varus,2,0,0,,0,,0,,0
LOLTMNT03_337304,LCK_20260115_BNK_FEARX_vs_Nongshim_RedForce_S1,2,2026-01-15 11:14:42+00:00,16.01,RED,Nongshim RedForce,Alistar,3,2,0,0.0,2,0.0,0,,0
LOLTMNT03_337304,LCK_20260115_BNK_FEARX_vs_Nongshim_RedForce_S1,2,2026-01-15 11:14:42+00:00,16.01,RED,Nongshim RedForce,Renekton,4,2,2,1.0,2,1.0,0,,0
LOLTMNT03_337304,LCK_20260115_BNK_FEARX_vs_Nongshim_RedForce_S1,2,2026-01-15 11:14:42+00:00,16.01,RED,Nongshim RedForce,Wukong,5,2,2,1.0,2,1.0,0,,0
LOLTMNT03_336495,LCK_20260116_DN_SOOPers_vs_Dplus_Kia_S1,1,2026-01-16 08:05:40+00:00,16.01,BLUE,Dplus Kia,K'Sante,1,2,0,0.0,2,0.0,0,,1
LOLTMNT03_336495,LCK_20260116_DN_SOOPers_vs_Dplus_Kia_S1,1,2026-01-16 08:05:40+00:00,16.01,BLUE,Dplus Kia,Ryze,2,3,3,1.0,3,1.0,1,1.0,1
LOLTMNT03_336495,LCK_20260116_DN_SOOPers_vs_Dplus_Kia_S1,1,2026-01-16 08:05:40+00:00,16.01,BLUE,Dplus Kia,Yunara,3,4,1,0.25,4,0.25,0,,1
LOLTMNT03_336495,LCK_20260116_DN_SOOPers_vs_Dplus_Kia_S1,1,2026-01-16 08:05:40+00:00,16.01,BLUE,Dplus Kia,Ambessa,4,3,2,0.6666666666666666,3,0.6666666666666666,1,1.0,1
LOLTMNT03_336495,LCK_20260116_DN_SOOPers_vs_Dplus_Kia_S1,1,2026-01-16 08:05:40+00:00,16.01,BLUE,Dplus Kia,Lulu,5,1,1,1.0,1,1.0,0,,1
LOLTMNT03_336495,LCK_20260116_DN_SOOPers_vs_Dplus_Kia_S1,1,2026-01-16 08:05:40+00:00,16.01,RED,DN SOOPers,Rumble,1,2,2,1.0,2,1.0,1,1.0,0
LOLTMNT03_336495,LCK_20260116_DN_SOOPers_vs_Dplus_Kia_S1,1,2026-01-16 08:05:40+00:00,16.01,RED,DN SOOPers,Wukong,2,3,2,0.6666666666666666,3,0.6666666666666666,1,1.0,0
LOLTMNT03_336495,LCK_20260116_DN_SOOPers_vs_Dplus_Kia_S1,1,2026-01-16 08:05:40+00:00,16.01,RED,DN SOOPers,Taliyah,3,3,0,0.0,3,0.0,0,,0
LOLTMNT03_336495,LCK_20260116_DN_SOOPers_vs_Dplus_Kia_S1,1,2026-01-16 08:05:40+00:00,16.01,RED,DN SOOPers,Corki,4,2,2,1.0,2,1.0,1,1.0,0
LOLTMNT03_336495,LCK_20260116_DN_SOOPers_vs_Dplus_Kia_S1,1,2026-01-16 08:05:40+00:00,16.01,RED,DN SOOPers,Nami,5,1,1,1.0,1,1.0,0,,0
LOLTMNT03_336502,LCK_20260116_DN_SOOPers_vs_Dplus_Kia_S1,2,2026-01-16 08:53:11+00:00,16.01,BLUE,Dplus Kia,Varus,1,1,0,0.0,1,0.0,0,,1
LOLTMNT03_336502,LCK_20260116_DN_SOOPers_vs_Dplus_Kia_S1,2,2026-01-16 08:53:11+00:00,16.01,BLUE,Dplus Kia,Xin Zhao,2,2,0,0.0,2,0.0,0,,1
LOLTMNT03_336502,LCK_20260116_DN_SOOPers_vs_Dplus_Kia_S1,2,2026-01-16 08:53:11+00:00,16.01,BLUE,Dplus Kia,Gwen,3,0,0,,0,,0,,1
LOLTMNT03_336502,LCK_20260116_DN_SOOPers_vs_Dplus_Kia_S1,2,2026-01-16 08:53:11+00:00,16.01,BLUE,Dplus Kia,Ekko,4,0,0,,0,,0,,1
LOLTMNT03_336502,LCK_20260116_DN_SOOPers_vs_Dplus_Kia_S1,2,2026-01-16 08:53:11+00:00,16.01,BLUE,Dplus Kia,Rakan,5,0,0,,0,,0,,1
LOLTMNT03_336502,LCK_20260116_DN_SOOPers_vs_Dplus_Kia_S1,2,2026-01-16 08:53:11+00:00,16.01,RED,DN SOOPers,Jarvan IV,1,3,2,0.6666666666666666,3,0.6666666666666666,0,,0
LOLTMNT03_336502,LCK_20260116_DN_SOOPers_vs_Dplus_Kia_S1,2,2026-01-16 08:53:11+00:00,16.01,RED,DN SOOPers,Sion,2,3,0,0.0,3,0.0,1,0.0,0
LOLTMNT03_336502,LCK_20260116_DN_SOOPers_vs_Dplus_Kia_S1,2,2026-01-16 08:53:11+00:00,16.01,RED,DN SOOPers,Syndra,3,0,0,,0,,0,,0
LOLTMNT03_336502,LCK_20260116_DN_SOOPers_vs_Dplus_Kia_S1,2,2026-01-16 08:53:11+00:00,16.01,RED,DN SOOPers,Ashe,4,1,0,0.0,1,0.0,1,0.0,0
LOLTMNT03_336502,LCK_20260116_DN_SOOPers_vs_Dplus_Kia_S1,2,2026-01-16 08:53:11+00:00,16.01,RED,DN SOOPers,Braum,5,1,1,1.0,1,1.0,0,,0
LOLTMNT03_337590,LCK_20260116_Hanwha_Life_Esports_vs_T1_S1,1,2026-01-16 10:08:16+00:00,16.01,BLUE,T1,Ryze,1,4,4,1.0,4,1.0,0,,0
LOLTMNT03_337590,LCK_20260116_Hanwha_Life_Esports_vs_T1_S1,1,2026-01-16 10:08:16+00:00,16.01,BLUE,T1,Pantheon,2,4,4,1.0,4,1.0,0,,0
LOLTMNT03_337590,LCK_20260116_Hanwha_Life_Esports_vs_T1_S1,1,2026-01-16 10:08:16+00:00,16.01,BLUE,T1,Ambessa,3,4,3,0.75,4,0.75,0,,0
LOLTMNT03_337590,LCK_20260116_Hanwha_Life_Esports_vs_T1_S1,1,2026-01-16 10:08:16+00:00,16.01,BLUE,T1,Lucian,4,1,1,1.0,1,1.0,0,,0
LOLTMNT03_337590,LCK_20260116_Hanwha_Life_Esports_vs_T1_S1,1,2026-01-16 10:08:16+00:00,16.01,BLUE,T1,Milio,5,0,0,,0,,0,,0
LOLTMNT03_337590,LCK_20260116_Hanwha_Life_Esports_vs_T1_S1,1,2026-01-16 10:08:16+00:00,16.01,RED,Hanwha Life Esports,Rumble,1,3,2,0.6666666666666666,3,0.6666666666666666,0,,1
LOLTMNT03_337590,LCK_20260116_Hanwha_Life_Esports_vs_T1_S1,1,2026-01-16 10:08:16+00:00,16.01,RED,Hanwha Life Esports,Vi,2,0,0,,0,,0,,1
LOLTMNT03_337590,LCK_20260116_Hanwha_Life_Esports_vs_T1_S1,1,2026-01-16 10:08:16+00:00,16.01,RED,Hanwha Life Esports,Taliyah,3,4,0,0.0,4,0.0,0,,1
LOLTMNT03_337590,LCK_20260116_Hanwha_Life_Esports_vs_T1_S1,1,2026-01-16 10:08:16+00:00,16.01,RED,Hanwha Life Esports,Corki,4,3,2,0.6666666666666666,3,0.6666666666666666,0,,1
LOLTMNT03_337590,LCK_20260116_Hanwha_Life_Esports_vs_T1_S1,1,2026-01-16 10:08:16+00:00,16.01,RED,Hanwha Life Esports,Alistar,5,3,0,0.0,3,0.0,0,,1
LOLTMNT03_336511,LCK_20260116_Hanwha_Life_Esports_vs_T1_S1,2,2026-01-16 11:07:37+00:00,16.01,BLUE,Hanwha Life Esports,Aurora,1,1,0,0.0,1,0.0,0,,0
LOLTMNT03_336511,LCK_20260116_Hanwha_Life_Esports_vs_T1_S1,2,2026-01-16 11:07:37+00:00,16.01,BLUE,Hanwha Life Esports,Wukong,2,4,2,0.5,4,0.5,0,,0
LOLTMNT03_336511,LCK_20260116_Hanwha_Life_Esports_vs_T1_S1,2,2026-01-16 11:07:37+00:00,16.01,BLUE,Hanwha Life Esports,Rakan,3,1,1,1.0,1,1.0,0,,0
LOLTMNT03_336511,LCK_20260116_Hanwha_Life_Esports_vs_T1_S1,2,2026-01-16 11:07:37+00:00,16.01,BLUE,Hanwha Life Esports,Gnar,4,0,0,,0,,0,,0
LOLTMNT03_336511,LCK_20260116_Hanwha_Life_Esports_vs_T1_S1,2,2026-01-16 11:07:37+00:00,16.01,BLUE,Hanwha Life Esports,Ziggs,5,1,0,0.0,1,0.0,0,,0
LOLTMNT03_336511,LCK_20260116_Hanwha_Life_Esports_vs_T1_S1,2,2026-01-16 11:07:37+00:00,16.01,RED,T1,Aphelios,1,2,1,0.5,2,0.5,0,,1
LOLTMNT03_336511,LCK_20260116_Hanwha_Life_Esports_vs_T1_S1,2,2026-01-16 11:07:37+00:00,16.01,RED,T1,Xin Zhao,2,3,1,0.3333333333333333,3,0.3333333333333333,0,,1
LOLTMNT03_336511,LCK_20260116_Hanwha_Life_Esports_vs_T1_S1,2,2026-01-16 11:07:37+00:00,16.01,RED,T1,Lulu,3,2,2,1.0,2,1.0,0,,1
LOLTMNT03_336511,LCK_20260116_Hanwha_Life_Esports_vs_T1_S1,2,2026-01-16 11:07:37+00:00,16.01,RED,T1,K'Sante,4,3,1,0.3333333333333333,3,0.3333333333333333,0,,1
LOLTMNT03_336511,LCK_20260116_Hanwha_Life_Esports_vs_T1_S1,2,2026-01-16 11:07:37+00:00,16.01,RED,T1,Sylas,5,2,2,1.0,2,1.0,0,,1
LOLTMNT03_337603,LCK_20260116_Hanwha_Life_Esports_vs_T1_S1,3,2026-01-16 11:56:34+00:00,16.01,BLUE,T1,Bard,1,2,1,0.5,2,0.5,0,,1
LOLTMNT03_337603,LCK_20260116_Hanwha_Life_Esports_vs_T1_S1,3,2026-01-16 11:56:34+00:00,16.01,BLUE,T1,Orianna,2,3,0,0.0,3,0.0,0,,1
LOLTMNT03_337603,LCK_20260116_Hanwha_Life_Esports_vs_T1_S1,3,2026-01-16 11:56:34+00:00,16.01,BLUE,T1,Nocturne,3,2,0,0.0,2,0.0,0,,1
LOLTMNT03_337603,LCK_20260116_Hanwha_Life_Esports_vs_T1_S1,3,2026-01-16 11:56:34+00:00,16.01,BLUE,T1,Sivir,4,1,1,1.0,1,1.0,0,,1
LOLTMNT03_337603,LCK_20260116_Hanwha_Life_Esports_vs_T1_S1,3,2026-01-16 11:56:34+00:00,16.01,BLUE,T1,Akali,5,0,0,,0,,0,,1
LOLTMNT03_337603,LCK_20260116_Hanwha_Life_Esports_vs_T1_S1,3,2026-01-16 11:56:34+00:00,16.01,RED,Hanwha Life Esports,Azir,1,1,1,1.0,1,1.0,0,,0
LOLTMNT03_337603,LCK_20260116_Hanwha_Life_Esports_vs_T1_S1,3,2026-01-16 11:56:34+00:00,16.01,RED,Hanwha Life Esports,Jarvan IV,2,4,2,0.5,4,0.5,0,,0
LOLTMNT03_337603,LCK_20260116_Hanwha_Life_Esports_vs_T1_S1,3,2026-01-16 11:56:34+00:00,16.01,RED,Hanwha Life Esports,Rek'Sai,3,3,2,0.6666666666666666,3,0.6666666666666666,0,,0
LOLTMNT03_337603,LCK_20260116_Hanwha_Life_Esports_vs_T1_S1,3,2026-01-16 11:56:34+00:00,16.01,RED,Hanwha Life Esports,Nautilus,4,1,1,1.0,1,1.0,0,,0
LOLTMNT03_337603,LCK_20260116_Hanwha_Life_Esports_vs_T1_S1,3,2026-01-16 11:56:34+00:00,16.01,RED,Hanwha Life Esports,Jhin,5,2,0,0.0,2,0.0,0,,0
LOLTMNT03_336667,LCK_20260117_BNK_FEARX_vs_HANJIN_BRION_S1,1,2026-01-17 08:05:53+00:00,16.01,BLUE,BNK FEARX,Azir,1,2,1,0.5,2,0.5,0,,1
LOLTMNT03_336667,LCK_20260117_BNK_FEARX_vs_HANJIN_BRION_S1,1,2026-01-17 08:05:53+00:00,16.01,BLUE,BNK FEARX,Pantheon,2,5,4,0.8,5,0.8,1,1.0,1
LOLTMNT03_336667,LCK_20260117_BNK_FEARX_vs_HANJIN_BRION_S1,1,2026-01-17 08:05:53+00:00,16.01,BLUE,BNK FEARX,Renekton,3,3,2,0.6666666666666666,3,0.6666666666666666,0,,1
LOLTMNT03_336667,LCK_20260117_BNK_FEARX_vs_HANJIN_BRION_S1,1,2026-01-17 08:05:53+00:00,16.01,BLUE,BNK FEARX,Xayah,4,0,0,,0,,0,,1
LOLTMNT03_336667,LCK_20260117_BNK_FEARX_vs_HANJIN_BRION_S1,1,2026-01-17 08:05:53+00:00,16.01,BLUE,BNK FEARX,Rakan,5,2,1,0.5,2,0.5,0,,1
LOLTMNT03_336667,LCK_20260117_BNK_FEARX_vs_HANJIN_BRION_S1,1,2026-01-17 08:05:53+00:00,16.01,RED,HANJIN BRION,Taliyah,1,5,1,0.2,5,0.2,1,0.0,0
LOLTMNT03_336667,LCK_20260117_BNK_FEARX_vs_HANJIN_BRION_S1,1,2026-01-17 08:05:53+00:00,16.01,RED,HANJIN BRION,Vi,2,1,1,1.0,1,1.0,0,,0
LOLTMNT03_336667,LCK_20260117_BNK_FEARX_vs_HANJIN_BRION_S1,1,2026-01-17 08:05:53+00:00,16.01,RED,HANJIN BRION,Gnar,3,1,0,0.0,1,0.0,0,,0
LOLTMNT03_336667,LCK_20260117_BNK_FEARX_vs_HANJIN_BRION_S1,1,2026-01-17 08:05:53+00:00,16.01,RED,HANJIN BRION,Ezreal,4,3,3,1.0,3,1.0,0,,0
LOLTMNT03_336667,LCK_20260117_BNK_FEARX_vs_HANJIN_BRION_S1,1,2026-01-17 08:05:53+00:00,16.01,RED,HANJIN BRION,Leona,5,1,1,1.0,1,1.0,0,,0
LOLTMNT03_337754,LCK_20260117_BNK_FEARX_vs_HANJIN_BRION_S1,2,2026-01-17 09:01:27+00:00,16.01,BLUE,BNK FEARX,Yunara,1,5,2,0.4,5,0.4,1,1.0,0
LOLTMNT03_337754,LCK_20260117_BNK_FEARX_vs_HANJIN_BRION_S1,2,2026-01-17 09:01:27+00:00,16.01,BLUE,BNK FEARX,Lulu,2,3,3,1.0,3,1.0,1,1.0,0
LOLTMNT03_337754,LCK_20260117_BNK_FEARX_vs_HANJIN_BRION_S1,2,2026-01-17 09:01:27+00:00,16.01,BLUE,BNK FEARX,Xin Zhao,3,4,2,0.5,4,0.5,0,,0
LOLTMNT03_337754,LCK_20260117_BNK_FEARX_vs_HANJIN_BRION_S1,2,2026-01-17 09:01:27+00:00,16.01,BLUE,BNK FEARX,Galio,4,0,0,,0,,0,,0
LOLTMNT03_337754,LCK_20260117_BNK_FEARX_vs_HANJIN_BRION_S1,2,2026-01-17 09:01:27+00:00,16.01,BLUE,BNK FEARX,Aatrox,5,0,0,,0,,0,,0
LOLTMNT03_337754,LCK_20260117_BNK_FEARX_vs_HANJIN_BRION_S1,2,2026-01-17 09:01:27+00:00,16.01,RED,HANJIN BRION,Ryze,1,5,4,0.8,5,0.8,0,,1
LOLTMNT03_337754,LCK_20260117_BNK_FEARX_vs_HANJIN_BRION_S1,2,2026-01-17 09:01:27+00:00,16.01,RED,HANJIN BRION,Ambessa,2,5,3,0.6,5,0.6,0,,1
LOLTMNT03_337754,LCK_20260117_BNK_FEARX_vs_HANJIN_BRION_S1,2,2026-01-17 09:01:27+00:00,16.01,RED,HANJIN BRION,Nautilus,3,2,1,0.5,2,0.5,0,,1
LOLTMNT03_337754,LCK_20260117_BNK_FEARX_vs_HANJIN_BRION_S1,2,2026-01-17 09:01:27+00:00,16.01,RED,HANJIN BRION,Varus,4,2,1,0.5,2,0.5,0,,1
LOLTMNT03_337754,LCK_20260117_BNK_FEARX_vs_HANJIN_BRION_S1,2,2026-01-17 09:01:27+00:00,16.01,RED,HANJIN BRION,Trundle,5,0,0,,0,,0,,1
LOLTMNT03_337756,LCK_20260117_BNK_FEARX_vs_HANJIN_BRION_S1,3,2026-01-17 09:47:06+00:00,16.01,BLUE,HANJIN BRION,Sion,1,4,0,0.0,4,0.0,0,,0
LOLTMNT03_337756,LCK_20260117_BNK_FEARX_vs_HANJIN_BRION_S1,3,2026-01-17 09:47:06+00:00,16.01,BLUE,HANJIN BRION,Lucian,2,2,1,0.5,2,0.5,0,,0
LOLTMNT03_337756,LCK_20260117_BNK_FEARX_vs_HANJIN_BRION_S1,3,2026-01-17 09:47:06+00:00,16.01,BLUE,HANJIN BRION,Braum,3,2,1,0.5,2,0.5,0,,0
LOLTMNT03_337756,LCK_20260117_BNK_FEARX_vs_HANJIN_BRION_S1,3,2026-01-17 09:47:06+00:00,16.01,BLUE,HANJIN BRION,Syndra,4,1,0,0.0,1,0.0,0,,0
LOLTMNT03_337756,LCK_20260117_BNK_FEARX_vs_HANJIN_BRION_S1,3,2026-01-17 09:47:06+00:00,16.01,BLUE,HANJIN BRION,Poppy,5,0,0,,0,,0,,0
LOLTMNT03_337756,LCK_20260117_BNK_FEARX_vs_HANJIN_BRION_S1,3,2026-01-17 09:47:06+00:00,16.01,RED,BNK FEARX,Orianna,1,4,1,0.25,4,0.25,0,,1
LOLTMNT03_337756,LCK_20260117_BNK_FEARX_vs_HANJIN_BRION_S1,3,2026-01-17 09:47:06+00:00,16.01,RED,BNK FEARX,Rek'Sai,2,4,2,0.5,4,0.5,1,1.0,1
LOLTMNT03_337756,LCK_20260117_BNK_FEARX_vs_HANJIN_BRION_S1,3,2026-01-17 09:47:06+00:00,16.01,RED,BNK FEARX,Wukong,3,5,2,0.4,5,0.4,0,,1
LOLTMNT03_337756,LCK_20260117_BNK_FEARX_vs_HANJIN_BRION_S1,3,2026-01-17 09:47:06+00:00,16.01,RED,BNK FEARX,Kai'Sa,4,0,0,,0,,0,,1
LOLTMNT03_337756,LCK_20260117_BNK_FEARX_vs_HANJIN_BRION_S1,3,2026-01-17 09:47:06+00:00,16.01,RED,BNK FEARX,Alistar,5,4,1,0.25,4,0.25,0,,1
LOLTMNT03_336695,LCK_20260117_Gen_G_vs_KT_Rolster_S1,1,2026-01-17 11:10:45+00:00,16.01,BLUE,KT Rolster,Taliyah,1,6,1,0.16666666666666666,6,0.16666666666666666,1,0.0,0
LOLTMNT03_336695,LCK_20260117_Gen_G_vs_KT_Rolster_S1,1,2026-01-17 11:10:45+00:00,16.01,BLUE,KT Rolster,Vi,2,2,1,0.5,2,0.5,0,,0
LOLTMNT03_336695,LCK_20260117_Gen_G_vs_KT_Rolster_S1,1,2026-01-17 11:10:45+00:00,16.01,BLUE,KT Rolster,K'Sante,3,4,2,0.5,4,0.5,1,0.0,0
LOLTMNT03_336695,LCK_20260117_Gen_G_vs_KT_Rolster_S1,1,2026-01-17 11:10:45+00:00,16.01,BLUE,KT Rolster,Alistar,4,5,2,0.4,5,0.4,1,0.0,0
LOLTMNT03_336695,LCK_20260117_Gen_G_vs_KT_Rolster_S1,1,2026-01-17 11:10:45+00:00,16.01,BLUE,KT Rolster,Ezreal,5,4,3,0.75,4,0.75,0,,0
LOLTMNT03_336695,LCK_20260117_Gen_G_vs_KT_Rolster_S1,1,2026-01-17 11:10:45+00:00,16.01,RED,Gen.G,Rumble,1,4,3,0.75,4,0.75,0,,1
LOLTMNT03_336695,LCK_20260117_Gen_G_vs_KT_Rolster_S1,1,2026-01-17 11:10:45+00:00,16.01,RED,Gen.G,Varus,2,3,2,0.6666666666666666,3,0.6666666666666666,0,,1
LOLTMNT03_336695,LCK_20260117_Gen_G_vs_KT_Rolster_S1,1,2026-01-17 11:10:45+00:00,16.01,RED,Gen.G,Yone,3,0,0,,0,,0,,1
LOLTMNT03_336695,LCK_20260117_Gen_G_vs_KT_Rolster_S1,1,2026-01-17 11:10:45+00:00,16.01,RED,Gen.G,Rakan,4,3,2,0.6666666666666666,3,0.6666666666666666,0,,1
LOLTMNT03_336695,LCK_20260117_Gen_G_vs_KT_Rolster_S1,1,2026-01-17 11:10:45+00:00,16.01,RED,Gen.G,Xin Zhao,5,5,2,0.4,5,0.4,0,,1
LOLTMNT03_337782,LCK_20260117_Gen_G_vs_KT_Rolster_S1,2,2026-01-17 12:05:01+00:00,16.01,BLUE,Gen.G,Yunara,1,6,2,0.3333333333333333,6,0.3333333333333333,0,,1
LOLTMNT03_337782,LCK_20260117_Gen_G_vs_KT_Rolster_S1,2,2026-01-17 12:05:01+00:00,16.01,BLUE,Gen.G,Anivia,2,0,0,,0,,0,,1
LOLTMNT03_337782,LCK_20260117_Gen_G_vs_KT_Rolster_S1,2,2026-01-17 12:05:01+00:00,16.01,BLUE,Gen.G,Sion,3,5,0,0.0,5,0.0,0,,1
LOLTMNT03_337782,LCK_20260117_Gen_G_vs_KT_Rolster_S1,2,2026-01-17 12:05:01+00:00,16.01,BLUE,Gen.G,Ambessa,4,6,4,0.6666666666666666,6,0.6666666666666666,1,1.0,1
LOLTMNT03_337782,LCK_20260117_Gen_G_vs_KT_Rolster_S1,2,2026-01-17 12:05:01+00:00,16.01,BLUE,Gen.G,Rell,5,1,0,0.0,1,0.0,0,,1
LOLTMNT03_337782,LCK_20260117_Gen_G_vs_KT_Rolster_S1,2,2026-01-17 12:05:01+00:00,16.01,RED,KT Rolster,Ryze,1,6,5,0.8333333333333334,6,0.8333333333333334,1,1.0,0
LOLTMNT03_337782,LCK_20260117_Gen_G_vs_KT_Rolster_S1,2,2026-01-17 12:05:01+00:00,16.01,RED,KT Rolster,Renekton,2,4,3,0.75,4,0.75,1,1.0,0
LOLTMNT03_337782,LCK_20260117_Gen_G_vs_KT_Rolster_S1,2,2026-01-17 12:05:01+00:00,16.01,RED,KT Rolster,Wukong,3,6,3,0.5,6,0.5,0,,0
LOLTMNT03_337782,LCK_20260117_Gen_G_vs_KT_Rolster_S1,2,2026-01-17 12:05:01+00:00,16.01,RED,KT Rolster,Ziggs,4,2,0,0.0,2,0.0,0,,0
LOLTMNT03_337782,LCK_20260117_Gen_G_vs_KT_Rolster_S1,2,2026-01-17 12:05:01+00:00,16.01,RED,KT Rolster,Nautilus,5,3,2,0.6666666666666666,3,0.6666666666666666,0,,0
LOLTMNT03_336834,LCK_20260118_Hanwha_Life_Esports_vs_Nongshim_RedForce_S1,1,2026-01-18 08:05:24+00:00,16.01,BLUE,Hanwha Life Esports,Aphelios,1,3,2,0.6666666666666666,3,0.6666666666666666,0,,0
LOLTMNT03_336834,LCK_20260118_Hanwha_Life_Esports_vs_Nongshim_RedForce_S1,1,2026-01-18 08:05:24+00:00,16.01,BLUE,Hanwha Life Esports,Azir,2,3,2,0.6666666666666666,3,0.6666666666666666,1,0.0,0
LOLTMNT03_336834,LCK_20260118_Hanwha_Life_Esports_vs_Nongshim_RedForce_S1,1,2026-01-18 08:05:24+00:00,16.01,BLUE,Hanwha Life Esports,Lulu,3,4,3,0.75,4,0.75,0,,0
LOLTMNT03_336834,LCK_20260118_Hanwha_Life_Esports_vs_Nongshim_RedForce_S1,1,2026-01-18 08:05:24+00:00,16.01,BLUE,Hanwha Life Esports,Sion,4,6,1,0.16666666666666666,6,0.16666666666666666,0,,0
LOLTMNT03_336834,LCK_20260118_Hanwha_Life_Esports_vs_Nongshim_RedForce_S1,1,2026-01-18 08:05:24+00:00,16.01,BLUE,Hanwha Life Esports,Aatrox,5,1,0,0.0,1,0.0,0,,0
LOLTMNT03_336834,LCK_20260118_Hanwha_Life_Esports_vs_Nongshim_RedForce_S1,1,2026-01-18 08:05:24+00:00,16.01,RED,Nongshim RedForce,Pantheon,1,6,5,0.8333333333333334,6,0.8333333333333334,0,,1
LOLTMNT03_336834,LCK_20260118_Hanwha_Life_Esports_vs_Nongshim_RedForce_S1,1,2026-01-18 08:05:24+00:00,16.01,RED,Nongshim RedForce,Orianna,2,5,2,0.4,5,0.4,1,0.0,1
LOLTMNT03_336834,LCK_20260118_Hanwha_Life_Esports_vs_Nongshim_RedForce_S1,1,2026-01-18 08:05:24+00:00,16.01,RED,Nongshim RedForce,Neeko,3,2,1,0.5,2,0.5,0,,1
LOLTMNT03_336834,LCK_20260118_Hanwha_Life_Esports_vs_Nongshim_RedForce_S1,1,2026-01-18 08:05:24+00:00,16.01,RED,Nongshim RedForce,Corki,4,4,3,0.75,4,0.75,0,,1
LOLTMNT03_336834,LCK_20260118_Hanwha_Life_Esports_vs_Nongshim_RedForce_S1,1,2026-01-18 08:05:24+00:00,16.01,RED,Nongshim RedForce,Zaahen,5,0,0,,0,,0,,1
LOLTMNT03_336842,LCK_20260118_Hanwha_Life_Esports_vs_Nongshim_RedForce_S1,2,2026-01-18 08:58:36+00:00,16.01,BLUE,Nongshim RedForce,Jarvan IV,1,5,2,0.4,5,0.4,0,,1
LOLTMNT03_336842,LCK_20260118_Hanwha_Life_Esports_vs_Nongshim_RedForce_S1,2,2026-01-18 08:58:36+00:00,16.01,BLUE,Nongshim RedForce,Yunara,2,7,3,0.42857142857142855,7,0.42857142857142855,0,,1
LOLTMNT03_336842,LCK_20260118_Hanwha_Life_Esports_vs_Nongshim_RedForce_S1,2,2026-01-18 08:58:36+00:00,16.01,BLUE,Nongshim RedForce,Taliyah,3,7,1,0.14285714285714285,7,0.14285714285714285,1,0.0,1
LOLTMNT03_336842,LCK_20260118_Hanwha_Life_Esports_vs_Nongshim_RedForce_S1,2,2026-01-18 08:58:36+00:00,16.01,BLUE,Nongshim RedForce,Nautilus,4,4,2,0.5,4,0.5,0,,1
LOLTMNT03_336842,LCK_20260118_Hanwha_Life_Esports_vs_Nongshim_RedForce_S1,2,2026-01-18 08:58:36+00:00,16.01,BLUE,Nongshim RedForce,Gwen,5,1,1,1.0,1,1.0,0,,1
LOLTMNT03_336842,LCK_20260118_Hanwha_Life_Esports_vs_Nongshim_RedForce_S1,2,2026-01-18 08:58:36+00:00,16.01,RED,Hanwha Life Esports,Ryze,1,7,5,0.7142857142857143,7,0.7142857142857143,0,,0
LOLTMNT03_336842,LCK_20260118_Hanwha_Life_Esports_vs_Nongshim_RedForce_S1,2,2026-01-18 08:58:36+00:00,16.01,RED,Hanwha Life Esports,Ambessa,2,7,5,0.7142857142857143,7,0.7142857142857143,0,,0
LOLTMNT03_336842,LCK_20260118_Hanwha_Life_Esports_vs_Nongshim_RedForce_S1,2,2026-01-18 08:58:36+00:00,16.01,RED,Hanwha Life Esports,Varus,3,4,3,0.75,4,0.75,0,,0
LOLTMNT03_336842,LCK_20260118_Hanwha_Life_Esports_vs_Nongshim_RedForce_S1,2,2026-01-18 08:58:36+00:00,16.01,RED,Hanwha Life Esports,Xin Zhao,4,6,3,0.5,6,0.5,0,,0
LOLTMNT03_336842,LCK_20260118_Hanwha_Life_Esports_vs_Nongshim_RedForce_S1,2,2026-01-18 08:58:36+00:00,16.01,RED,Hanwha Life Esports,Braum,5,3,1,0.3333333333333333,3,0.3333333333333333,0,,0
LOLTMNT03_337890,LCK_20260118_Kiwoom_DRX_vs_T1_S1,1,2026-01-18 10:20:18+00:00,16.01,BLUE,T1,Nocturne,1,3,1,0.3333333333333333,3,0.3333333333333333,1,1.0,1
LOLTMNT03_337890,LCK_20260118_Kiwoom_DRX_vs_T1_S1,1,2026-01-18 10:20:18+00:00,16.01,BLUE,T1,Azir,2,4,2,0.5,4,0.5,0,,1
LOLTMNT03_337890,LCK_20260118_Kiwoom_DRX_vs_T1_S1,1,2026-01-18 10:20:18+00:00,16.01,BLUE,T1,Aphelios,3,4,2,0.5,4,0.5,1,1.0,1
LOLTMNT03_337890,LCK_20260118_Kiwoom_DRX_vs_T1_S1,1,2026-01-18 10:20:18+00:00,16.01,BLUE,T1,Zaahen,4,1,1,1.0,1,1.0,0,,1
LOLTMNT03_337890,LCK_20260118_Kiwoom_DRX_vs_T1_S1,1,2026-01-18 10:20:18+00:00,16.01,BLUE,T1,Thresh,5,1,1,1.0,1,1.0,0,,1
LOLTMNT03_337890,LCK_20260118_Kiwoom_DRX_vs_T1_S1,1,2026-01-18 10:20:18+00:00,16.01,RED,Kiwoom DRX,Orianna,1,6,3,0.5,6,0.5,1,0.0,0
LOLTMNT03_337890,LCK_20260118_Kiwoom_DRX_vs_T1_S1,1,2026-01-18 10:20:18+00:00,16.01,RED,Kiwoom DRX,Xin Zhao,2,7,3,0.42857142857142855,7,0.42857142857142855,1,0.0,0
LOLTMNT03_337890,LCK_20260118_Kiwoom_DRX_vs_T1_S1,1,2026-01-18 10:20:18+00:00,16.01,RED,Kiwoom DRX,Yunara,3,8,4,0.5,8,0.5,1,0.0,0
LOLTMNT03_337890,LCK_20260118_Kiwoom_DRX_vs_T1_S1,1,2026-01-18 10:20:18+00:00,16.01,RED,Kiwoom DRX,Jax,4,0,0,,0,,0,,0
LOLTMNT03_337890,LCK_20260118_Kiwoom_DRX_vs_T1_S1,1,2026-01-18 10:20:18+00:00,16.01,RED,Kiwoom DRX,Bard,5,3,2,0.6666666666666666,3,0.6666666666666666,1,0.0,0
LOLTMNT03_337894,LCK_20260118_Kiwoom_DRX_vs_T1_S1,2,2026-01-18 11:12:18+00:00,16.01,BLUE,T1,Ryze,1,8,5,0.625,8,0.625,1,0.0,0
LOLTMNT03_337894,LCK_20260118_Kiwoom_DRX_vs_T1_S1,2,2026-01-18 11:12:18+00:00,16.01,BLUE,T1,Neeko,2,3,2,0.6666666666666666,3,0.6666666666666666,0,,0
LOLTMNT03_337894,LCK_20260118_Kiwoom_DRX_vs_T1_S1,2,2026-01-18 11:12:18+00:00,16.01,BLUE,T1,Gnar,3,2,0,0.0,2,0.0,0,,0
LOLTMNT03_337894,LCK_20260118_Kiwoom_DRX_vs_T1_S1,2,2026-01-18 11:12:18+00:00,16.01,BLUE,T1,Sylas,4,3,3,1.0,3,1.0,1,1.0,0
LOLTMNT03_337894,LCK_20260118_Kiwoom_DRX_vs_T1_S1,2,2026-01-18 11:12:18+00:00,16.01,BLUE,T1,Kai'Sa,5,1,1,1.0,1,1.0,0,,0
LOLTMNT03_337894,LCK_20260118_Kiwoom_DRX_vs_T1_S1,2,2026-01-18 11:12:18+00:00,16.01,RED,Kiwoom DRX,Renekton,1,5,3,0.6,5,0.6,0,,1
LOLTMNT03_337894,LCK_20260118_Kiwoom_DRX_vs_T1_S1,2,2026-01-18 11:12:18+00:00,16.01,RED,Kiwoom DRX,Ambessa,2,8,5,0.625,8,0.625,0,,1
LOLTMNT03_337894,LCK_20260118_Kiwoom_DRX_vs_T1_S1,2,2026-01-18 11:12:18+00:00,16.01,RED,Kiwoom DRX,Taliyah,3,8,2,0.25,8,0.25,0,,1
LOLTMNT03_337894,LCK_20260118_Kiwoom_DRX_vs_T1_S1,2,2026-01-18 11:12:18+00:00,16.01,RED,Kiwoom DRX,Alistar,4,6,2,0.3333333333333333,6,0.3333333333333333,1,0.0,1
LOLTMNT03_337894,LCK_20260118_Kiwoom_DRX_vs_T1_S1,2,2026-01-18 11:12:18+00:00,16.01,RED,Kiwoom DRX,Corki,5,5,4,0.8,5,0.8,0,,1
LOLTMNT03_336867,LCK_20260118_Kiwoom_DRX_vs_T1_S1,3,2026-01-18 12:05:41+00:00,16.01,BLUE,Kiwoom DRX,Vi,1,3,1,0.3333333333333333,3,0.3333333333333333,0,,0
LOLTMNT03_336867,LCK_20260118_Kiwoom_DRX_vs_T1_S1,3,2026-01-18 12:05:41+00:00,16.01,BLUE,Kiwoom DRX,Lucian,2,3,1,0.3333333333333333,3,0.3333333333333333,0,,0
LOLTMNT03_336867,LCK_20260118_Kiwoom_DRX_vs_T1_S1,3,2026-01-18 12:05:41+00:00,16.01,BLUE,Kiwoom DRX,Braum,3,4,1,0.25,4,0.25,0,,0
LOLTMNT03_336867,LCK_20260118_Kiwoom_DRX_vs_T1_S1,3,2026-01-18 12:05:41+00:00,16.01,BLUE,Kiwoom DRX,Gragas,4,0,0,,0,,0,,0
LOLTMNT03_336867,LCK_20260118_Kiwoom_DRX_vs_T1_S1,3,2026-01-18 12:05:41+00:00,16.01,BLUE,Kiwoom DRX,Syndra,5,2,0,0.0,2,0.0,0,,0
LOLTMNT03_336867,LCK_20260118_Kiwoom_DRX_vs_T1_S1,3,2026-01-18 12:05:41+00:00,16.01,RED,T1,Jarvan IV,1,6,3,0.5,6,0.5,0,,1
LOLTMNT03_336867,LCK_20260118_Kiwoom_DRX_vs_T1_S1,3,2026-01-18 12:05:41+00:00,16.01,RED,T1,Aurora,2,2,0,0.0,2,0.0,0,,1
LOLTMNT03_336867,LCK_20260118_Kiwoom_DRX_vs_T1_S1,3,2026-01-18 12:05:41+00:00,16.01,RED,T1,Gwen,3,2,2,1.0,2,1.0,0,,1
LOLTMNT03_336867,LCK_20260118_Kiwoom_DRX_vs_T1_S1,3,2026-01-18 12:05:41+00:00,16.01,RED,T1,Kalista,4,0,0,,0,,0,,1
LOLTMNT03_336867,LCK_20260118_Kiwoom_DRX_vs_T1_S1,3,2026-01-18 12:05:41+00:00,16.01,RED,T1,Renata Glasc,5,0,0,,0,,0,,1
LOLTMNT03_338494,LCK_20260121_Dplus_Kia_vs_Nongshim_RedForce_S1,1,2026-01-21 08:05:24+00:00,16.01,BLUE,Dplus Kia,Ryze,1,9,5,0.5555555555555556,9,0.5555555555555556,2,1.0,1
LOLTMNT03_338494,LCK_20260121_Dplus_Kia_vs_Nongshim_RedForce_S1,1,2026-01-21 08:05:24+00:00,16.01,BLUE,Dplus Kia,K'Sante,2,5,2,0.4,5,0.4,1,1.0,1
LOLTMNT03_338494,LCK_20260121_Dplus_Kia_vs_Nongshim_RedForce_S1,1,2026-01-21 08:05:24+00:00,16.01,BLUE,Dplus Kia,Jarvan IV,3,7,4,0.5714285714285714,7,0.5714285714285714,1,1.0,1
LOLTMNT03_338494,LCK_20260121_Dplus_Kia_vs_Nongshim_RedForce_S1,1,2026-01-21 08:05:24+00:00,16.01,BLUE,Dplus Kia,Bard,4,4,2,0.5,4,0.5,1,1.0,1
LOLTMNT03_338494,LCK_20260121_Dplus_Kia_vs_Nongshim_RedForce_S1,1,2026-01-21 08:05:24+00:00,16.01,BLUE,Dplus Kia,Sivir,5,2,2,1.0,2,1.0,1,1.0,1
LOLTMNT03_338494,LCK_20260121_Dplus_Kia_vs_Nongshim_RedForce_S1,1,2026-01-21 08:05:24+00:00,16.01,RED,Nongshim RedForce,Rumble,1,5,4,0.8,5,0.8,0,,0
LOLTMNT03_338494,LCK_20260121_Dplus_Kia_vs_Nongshim_RedForce_S1,1,2026-01-21 08:05:24+00:00,16.01,RED,Nongshim RedForce,Pantheon,2,7,6,0.8571428571428571,7,0.8571428571428571,1,1.0,0
LOLTMNT03_338494,LCK_20260121_Dplus_Kia_vs_Nongshim_RedForce_S1,1,2026-01-21 08:05:24+00:00,16.01,RED,Nongshim RedForce,Taliyah,3,9,3,0.3333333333333333,9,0.3333333333333333,2,0.5,0
LOLTMNT03_338494,LCK_20260121_Dplus_Kia_vs_Nongshim_RedForce_S1,1,2026-01-21 08:05:24+00:00,16.01,RED,Nongshim RedForce,Ezreal,4,5,3,0.6,5,0.6,0,,0
LOLTMNT03_338494,LCK_20260121_Dplus_Kia_vs_Nongshim_RedForce_S1,1,2026-01-21 08:05:24+00:00,16.01,RED,Nongshim RedForce,Neeko,5,4,2,0.5,4,0.5,1,1.0,0
LOLTMNT03_339373,LCK_20260121_Dplus_Kia_vs_Nongshim_RedForce_S1,2,2026-01-21 09:07:05+00:00,16.01,BLUE,Dplus Kia,Qiyana,1,0,0,,0,,0,,0
LOLTMNT03_339373,LCK_20260121_Dplus_Kia_vs_Nongshim_RedForce_S1,2,2026-01-21 09:07:05+00:00,16.01,BLUE,Dplus Kia,Varus,2,5,3,0.6,5,0.6,1,1.0,0
LOLTMNT03_339373,LCK_20260121_Dplus_Kia_vs_Nongshim_RedForce_S1,2,2026-01-21 09:07:05+00:00,16.01,BLUE,Dplus Kia,Nautilus,3,5,3,0.6,5,0.6,0,,0
LOLTMNT03_339373,LCK_20260121_Dplus_Kia_vs_Nongshim_RedForce_S1,2,2026-01-21 09:07:05+00:00,16.01,BLUE,Dplus Kia,Zoe,4,1,1,1.0,1,1.0,0,,0
LOLTMNT03_339373,LCK_20260121_Dplus_Kia_vs_Nongshim_RedForce_S1,2,2026-01-21 09:07:05+00:00,16.01,BLUE,Dplus Kia,Gwen,5,3,3,1.0,3,1.0,1,1.0,0
LOLTMNT03_339373,LCK_20260121_Dplus_Kia_vs_Nongshim_RedForce_S1,2,2026-01-21 09:07:05+00:00,16.01,RED,Nongshim RedForce,Ambessa,1,9,6,0.6666666666666666,9,0.6666666666666666,0,,1
LOLTMNT03_339373,LCK_20260121_Dplus_Kia_vs_Nongshim_RedForce_S1,2,2026-01-21 09:07:05+00:00,16.01,RED,Nongshim RedForce,Yunara,2,9,4,0.4444444444444444,9,0.4444444444444444,1,1.0,1
LOLTMNT03_339373,LCK_20260121_Dplus_Kia_vs_Nongshim_RedForce_S1,2,2026-01-21 09:07:05+00:00,16.01,RED,Nongshim RedForce,Aurora,3,3,1,0.3333333333333333,3,0.3333333333333333,0,,1
LOLTMNT03_339373,LCK_20260121_Dplus_Kia_vs_Nongshim_RedForce_S1,2,2026-01-21 09:07:05+00:00,16.01,RED,Nongshim RedForce,Nocturne,4,4,2,0.5,4,0.5,0,,1
LOLTMNT03_339373,LCK_20260121_Dplus_Kia_vs_Nongshim_RedForce_S1,2,2026-01-21 09:07:05+00:00,16.01,RED,Nongshim RedForce,Leona,5,2,1,0.5,2,0.5,0,,1
LOLTMNT03_338498,LCK_20260121_Dplus_Kia_vs_Nongshim_RedForce_S1,3,2026-01-21 09:52:46+00:00,16.01,BLUE,Dplus Kia,Vi,1,4,1,0.25,4,0.25,0,,1
LOLTMNT03_338498,LCK_20260121_Dplus_Kia_vs_Nongshim_RedForce_S1,3,2026-01-21 09:52:46+00:00,16.01,BLUE,Dplus Kia,Lucian,2,4,1,0.25,4,0.25,0,,1
LOLTMNT03_338498,LCK_20260121_Dplus_Kia_vs_Nongshim_RedForce_S1,3,2026-01-21 09:52:46+00:00,16.01,BLUE,Dplus Kia,Nami,3,2,1,0.5,2,0.5,0,,1
LOLTMNT03_338498,LCK_20260121_Dplus_Kia_vs_Nongshim_RedForce_S1,3,2026-01-21 09:52:46+00:00,16.01,BLUE,Dplus Kia,Zaahen,4,2,2,1.0,2,1.0,0,,1
LOLTMNT03_338498,LCK_20260121_Dplus_Kia_vs_Nongshim_RedForce_S1,3,2026-01-21 09:52:46+00:00,16.01,BLUE,Dplus Kia,Twisted Fate,5,0,0,,0,,0,,1
LOLTMNT03_338498,LCK_20260121_Dplus_Kia_vs_Nongshim_RedForce_S1,3,2026-01-21 09:52:46+00:00,16.01,RED,Nongshim RedForce,Jayce,1,0,0,,0,,0,,0
LOLTMNT03_338498,LCK_20260121_Dplus_Kia_vs_Nongshim_RedForce_S1,3,2026-01-21 09:52:46+00:00,16.01,RED,Nongshim RedForce,Kalista,2,1,1,1.0,1,1.0,0,,0
LOLTMNT03_338498,LCK_20260121_Dplus_Kia_vs_Nongshim_RedForce_S1,3,2026-01-21 09:52:46+00:00,16.01,RED,Nongshim RedForce,Renata Glasc,3,1,1,1.0,1,1.0,0,,0
LOLTMNT03_338498,LCK_20260121_Dplus_Kia_vs_Nongshim_RedForce_S1,3,2026-01-21 09:52:46+00:00,16.01,RED,Nongshim RedForce,Gnar,4,3,0,0.0,3,0.0,0,,0
LOLTMNT03_338498,LCK_20260121_Dplus_Kia_vs_Nongshim_RedForce_S1,3,2026-01-21 09:52:46+00:00,16.01,RED,Nongshim RedForce,Akali,5,1,1,1.0,1,1.0,0,,0
LOLTMNT03_338517,LCK_20260121_DN_SOOPers_vs_Kiwoom_DRX_S1,1,2026-01-21 11:14:52+00:00,16.01,BLUE,DN SOOPers,Azir,1,5,3,0.6,5,0.6,0,,0
LOLTMNT03_338517,LCK_20260121_DN_SOOPers_vs_Kiwoom_DRX_S1,1,2026-01-21 11:14:52+00:00,16.01,BLUE,DN SOOPers,Yunara,2,10,5,0.5,10,0.5,0,,0
LOLTMNT03_338517,LCK_20260121_DN_SOOPers_vs_Kiwoom_DRX_S1,1,2026-01-21 11:14:52+00:00,16.01,BLUE,DN SOOPers,Alistar,3,7,3,0.42857142857142855,7,0.42857142857142855,0,,0
LOLTMNT03_338517,LCK_20260121_DN_SOOPers_vs_Kiwoom_DRX_S1,1,2026-01-21 11:14:52+00:00,16.01,BLUE,DN SOOPers,Xin Zhao,4,8,3,0.375,8,0.375,0,,0
LOLTMNT03_338517,LCK_20260121_DN_SOOPers_vs_Kiwoom_DRX_S1,1,2026-01-21 11:14:52+00:00,16.01,BLUE,DN SOOPers,Rek'Sai,5,5,3,0.6,5,0.6,0,,0
LOLTMNT03_338517,LCK_20260121_DN_SOOPers_vs_Kiwoom_DRX_S1,1,2026-01-21 11:14:52+00:00,16.01,RED,Kiwoom DRX,Orianna,1,7,3,0.42857142857142855,7,0.42857142857142855,2,0.0,1
LOLTMNT03_338517,LCK_20260121_DN_SOOPers_vs_Kiwoom_DRX_S1,1,2026-01-21 11:14:52+00:00,16.01,RED,Kiwoom DRX,Nocturne,2,5,3,0.6,5,0.6,0,,1
LOLTMNT03_338517,LCK_20260121_DN_SOOPers_vs_Kiwoom_DRX_S1,1,2026-01-21 11:14:52+00:00,16.01,RED,Kiwoom DRX,Corki,3,6,5,0.8333333333333334,6,0.8333333333333334,1,1.0,1
LOLTMNT03_338517,LCK_20260121_DN_SOOPers_vs_Kiwoom_DRX_S1,1,2026-01-21 11:14:52+00:00,16.01,RED,Kiwoom DRX,Renekton,4,6,4,0.6666666666666666,6,0.6666666666666666,1,1.0,1
LOLTMNT03_338517,LCK_20260121_DN_SOOPers_vs_Kiwoom_DRX_S1,1,2026-01-21 11:14:52+00:00,16.01,RED,Kiwoom DRX,Braum,5,5,1,0.2,5,0.2,1,0.0,1
LOLTMNT03_338532,LCK_20260121_DN_SOOPers_vs_Kiwoom_DRX_S1,2,2026-01-21 12:06:46+00:00,16.01,BLUE,Kiwoom DRX,Pantheon,1,8,6,0.75,8,0.75,0,,0
LOLTMNT03_338532,LCK_20260121_DN_SOOPers_vs_Kiwoom_DRX_S1,2,2026-01-21 12:06:46+00:00,16.01,BLUE,Kiwoom DRX,Gnar,2,4,0,0.0,4,0.0,0,,0
LOLTMNT03_338532,LCK_20260121_DN_SOOPers_vs_Kiwoom_DRX_S1,2,2026-01-21 12:06:46+00:00,16.01,BLUE,Kiwoom DRX,Taliyah,3,10,3,0.3,10,0.3,1,1.0,0
LOLTMNT03_338532,LCK_20260121_DN_SOOPers_vs_Kiwoom_DRX_S1,2,2026-01-21 12:06:46+00:00,16.01,BLUE,Kiwoom DRX,Leona,4,3,2,0.6666666666666666,3,0.6666666666666666,0,,0
LOLTMNT03_338532,LCK_20260121_DN_SOOPers_vs_Kiwoom_DRX_S1,2,2026-01-21 12:06:46+00:00,16.01,BLUE,Kiwoom DRX,Sivir,5,3,3,1.0,3,1.0,0,,0
LOLTMNT03_338532,LCK_20260121_DN_SOOPers_vs_Kiwoom_DRX_S1,2,2026-01-21 12:06:46+00:00,16.01,RED,DN SOOPers,Neeko,1,5,2,0.4,5,0.4,0,,1
LOLTMNT03_338532,LCK_20260121_DN_SOOPers_vs_Kiwoom_DRX_S1,2,2026-01-21 12:06:46+00:00,16.01,RED,DN SOOPers,Ryze,2,10,6,0.6,10,0.6,0,,1
LOLTMNT03_338532,LCK_20260121_DN_SOOPers_vs_Kiwoom_DRX_S1,2,2026-01-21 12:06:46+00:00,16.01,RED,DN SOOPers,Kennen,3,2,1,0.5,2,0.5,0,,1
LOLTMNT03_338532,LCK_20260121_DN_SOOPers_vs_Kiwoom_DRX_S1,2,2026-01-21 12:06:46+00:00,16.01,RED,DN SOOPers,Lee Sin,4,0,0,,0,,0,,1
LOLTMNT03_338532,LCK_20260121_DN_SOOPers_vs_Kiwoom_DRX_S1,2,2026-01-21 12:06:46+00:00,16.01,RED,DN SOOPers,Aphelios,5,5,3,0.6,5,0.6,0,,1
LOLTMNT03_338544,LCK_20260121_DN_SOOPers_vs_Kiwoom_DRX_S1,3,2026-01-21 13:00:21+00:00,16.01,BLUE,DN SOOPers,Jayce,1,1,0,0.0,1,0.0,0,,1
LOLTMNT03_338544,LCK_20260121_DN_SOOPers_vs_Kiwoom_DRX_S1,3,2026-01-21 13:00:21+00:00,16.01,BLUE,DN SOOPers,Zoe,2,2,1,0.5,2,0.5,0,,1
LOLTMNT03_338544,LCK_20260121_DN_SOOPers_vs_Kiwoom_DRX_S1,3,2026-01-21 13:00:21+00:00,16.01,BLUE,DN SOOPers,K'Sante,3,6,3,0.5,6,0.5,0,,1
LOLTMNT03_338544,LCK_20260121_DN_SOOPers_vs_Kiwoom_DRX_S1,3,2026-01-21 13:00:21+00:00,16.01,BLUE,DN SOOPers,Kalista,4,2,1,0.5,2,0.5,0,,1
LOLTMNT03_338544,LCK_20260121_DN_SOOPers_vs_Kiwoom_DRX_S1,3,2026-01-21 13:00:21+00:00,16.01,BLUE,DN SOOPers,Renata Glasc,5,2,1,0.5,2,0.5,0,,1
LOLTMNT03_338544,LCK_20260121_DN_SOOPers_vs_Kiwoom_DRX_S1,3,2026-01-21 13:00:21+00:00,16.01,RED,Kiwoom DRX,Aurora,1,4,2,0.5,4,0.5,0,,0
LOLTMNT03_338544,LCK_20260121_DN_SOOPers_vs_Kiwoom_DRX_S1,3,2026-01-21 13:00:21+00:00,16.01,RED,Kiwoom DRX,Jarvan IV,2,8,5,0.625,8,0.625,1,0.0,0
LOLTMNT03_338544,LCK_20260121_DN_SOOPers_vs_Kiwoom_DRX_S1,3,2026-01-21 13:00:21+00:00,16.01,RED,Kiwoom DRX,Gwen,3,4,3,0.75,4,0.75,0,,0
LOLTMNT03_338544,LCK_20260121_DN_SOOPers_vs_Kiwoom_DRX_S1,3,2026-01-21 13:00:21+00:00,16.01,RED,Kiwoom DRX,Lucian,4,5,2,0.4,5,0.4,1,0.0,0
LOLTMNT03_338544,LCK_20260121_DN_SOOPers_vs_Kiwoom_DRX_S1,3,2026-01-21 13:00:21+00:00,16.01,RED,Kiwoom DRX,Nami,5,3,2,0.6666666666666666,3,0.6666666666666666,0,,0
LOLTMNT03_339583,LCK_20260122_HANJIN_BRION_vs_Hanwha_Life_Esports_S1,1,2026-01-22 08:05:25+00:00,16.01,BLUE,Hanwha Life Esports,Azir,1,6,3,0.5,6,0.5,2,0.0,1
LOLTMNT03_339583,LCK_20260122_HANJIN_BRION_vs_Hanwha_Life_Esports_S1,1,2026-01-22 08:05:25+00:00,16.01,BLUE,Hanwha Life Esports,Varus,2,6,3,0.5,6,0.5,1,0.0,1
LOLTMNT03_339583,LCK_20260122_HANJIN_BRION_vs_Hanwha_Life_Esports_S1,1,2026-01-22 08:05:25+00:00,16.01,BLUE,Hanwha Life Esports,Jarvan IV,3,9,5,0.5555555555555556,9,0.5555555555555556,1,0.0,1
LOLTMNT03_339583,LCK_20260122_HANJIN_BRION_vs_Hanwha_Life_Esports_S1,1,2026-01-22 08:05:25+00:00,16.01,BLUE,Hanwha Life Esports,Rakan,4,4,3,0.75,4,0.75,1,0.0,1
LOLTMNT03_339583,LCK_20260122_HANJIN_BRION_vs_Hanwha_Life_Esports_S1,1,2026-01-22 08:05:25+00:00,16.01,BLUE,Hanwha Life Esports,Gnar,5,5,0,0.0,5,0.0,1,0.0,1
LOLTMNT03_339583,LCK_20260122_HANJIN_BRION_vs_Hanwha_Life_Esports_S1,1,2026-01-22 08:05:25+00:00,16.01,RED,HANJIN BRION,Pantheon,1,9,6,0.6666666666666666,9,0.6666666666666666,0,,0
LOLTMNT03_339583,LCK_20260122_HANJIN_BRION_vs_Hanwha_Life_Esports_S1,1,2026-01-22 08:05:25+00:00,16.01,RED,HANJIN BRION,Orianna,2,8,4,0.5,8,0.5,1,0.0,0
LOLTMNT03_339583,LCK_20260122_HANJIN_BRION_vs_Hanwha_Life_Esports_S1,1,2026-01-22 08:05:25+00:00,16.01,RED,HANJIN BRION,Jhin,3,3,0,0.0,3,0.0,1,0.0,0
LOLTMNT03_339583,LCK_20260122_HANJIN_BRION_vs_Hanwha_Life_Esports_S1,1,2026-01-22 08:05:25+00:00,16.01,RED,HANJIN BRION,Nocturne,4,6,4,0.6666666666666666,6,0.6666666666666666,1,0.0,0
LOLTMNT03_339583,LCK_20260122_HANJIN_BRION_vs_Hanwha_Life_Esports_S1,1,2026-01-22 08:05:25+00:00,16.01,RED,HANJIN BRION,Renekton,5,7,5,0.7142857142857143,7,0.7142857142857143,0,,0
LOLTMNT03_339592,LCK_20260122_HANJIN_BRION_vs_Hanwha_Life_Esports_S1,2,2026-01-22 09:06:13+00:00,16.01,BLUE,Hanwha Life Esports,Yunara,1,11,5,0.45454545454545453,11,0.45454545454545453,0,,0
LOLTMNT03_339592,LCK_20260122_HANJIN_BRION_vs_Hanwha_Life_Esports_S1,2,2026-01-22 09:06:13+00:00,16.01,BLUE,Hanwha Life Esports,Aurora,2,5,2,0.4,5,0.4,1,0.0,0
LOLTMNT03_339592,LCK_20260122_HANJIN_BRION_vs_Hanwha_Life_Esports_S1,2,2026-01-22 09:06:13+00:00,16.01,BLUE,Hanwha Life Esports,Aatrox,3,2,0,0.0,2,0.0,1,0.0,0
LOLTMNT03_339592,LCK_20260122_HANJIN_BRION_vs_Hanwha_Life_Esports_S1,2,2026-01-22 09:06:13+00:00,16.01,BLUE,Hanwha Life Esports,Poppy,4,1,0,0.0,1,0.0,0,,0
LOLTMNT03_339592,LCK_20260122_HANJIN_BRION_vs_Hanwha_Life_Esports_S1,2,2026-01-22 09:06:13+00:00,16.01,BLUE,Hanwha Life Esports,Zaahen,5,3,3,1.0,3,1.0,0,,0
LOLTMNT03_339592,LCK_20260122_HANJIN_BRION_vs_Hanwha_Life_Esports_S1,2,2026-01-22 09:06:13+00:00,16.01,RED,HANJIN BRION,Ambessa,1,10,7,0.7,10,0.7,1,1.0,1
LOLTMNT03_339592,LCK_20260122_HANJIN_BRION_vs_Hanwha_Life_Esports_S1,2,2026-01-22 09:06:13+00:00,16.01,RED,HANJIN BRION,Corki,2,7,6,0.8571428571428571,7,0.8571428571428571,0,,1
LOLTMNT03_339592,LCK_20260122_HANJIN_BRION_vs_Hanwha_Life_Esports_S1,2,2026-01-22 09:06:13+00:00,16.01,RED,HANJIN BRION,Taliyah,3,11,3,0.2727272727272727,11,0.2727272727272727,2,0.0,1
LOLTMNT03_339592,LCK_20260122_HANJIN_BRION_vs_Hanwha_Life_Esports_S1,2,2026-01-22 09:06:13+00:00,16.01,RED,HANJIN BRION,Xin Zhao,4,9,3,0.3333333333333333,9,0.3333333333333333,1,0.0,1
LOLTMNT03_339592,LCK_20260122_HANJIN_BRION_vs_Hanwha_Life_Esports_S1,2,2026-01-22 09:06:13+00:00,16.01,RED,HANJIN BRION,Elise,5,1,0,0.0,1,0.0,1,0.0,1
LOLTMNT03_339605,LCK_20260122_HANJIN_BRION_vs_Hanwha_Life_Esports_S1,3,2026-01-22 10:02:22+00:00,16.01,BLUE,HANJIN BRION,Ryze,1,11,7,0.6363636363636364,11,0.6363636363636364,1,1.0,0
LOLTMNT03_339605,LCK_20260122_HANJIN_BRION_vs_Hanwha_Life_Esports_S1,3,2026-01-22 10:02:22+00:00,16.01,BLUE,HANJIN BRION,Lucian,2,6,2,0.3333333333333333,6,0.3333333333333333,1,0.0,0
LOLTMNT03_339605,LCK_20260122_HANJIN_BRION_vs_Hanwha_Life_Esports_S1,3,2026-01-22 10:02:22+00:00,16.01,BLUE,HANJIN BRION,Braum,3,6,2,0.3333333333333333,6,0.3333333333333333,1,0.0,0
LOLTMNT03_339605,LCK_20260122_HANJIN_BRION_vs_Hanwha_Life_Esports_S1,3,2026-01-22 10:02:22+00:00,16.01,BLUE,HANJIN BRION,Wukong,4,7,3,0.42857142857142855,7,0.42857142857142855,0,,0
LOLTMNT03_339605,LCK_20260122_HANJIN_BRION_vs_Hanwha_Life_Esports_S1,3,2026-01-22 10:02:22+00:00,16.01,BLUE,HANJIN BRION,K'Sante,5,7,4,0.5714285714285714,7,0.5714285714285714,1,0.0,0
LOLTMNT03_339605,LCK_20260122_HANJIN_BRION_vs_Hanwha_Life_Esports_S1,3,2026-01-22 10:02:22+00:00,16.01,RED,Hanwha Life Esports,Vi,1,5,2,0.4,5,0.4,1,1.0,1
LOLTMNT03_339605,LCK_20260122_HANJIN_BRION_vs_Hanwha_Life_Esports_S1,3,2026-01-22 10:02:22+00:00,16.01,RED,Hanwha Life Esports,Sivir,2,4,3,0.75,4,0.75,0,,1
LOLTMNT03_339605,LCK_20260122_HANJIN_BRION_vs_Hanwha_Life_Esports_S1,3,2026-01-22 10:02:22+00:00,16.01,RED,Hanwha Life Esports,Alistar,3,8,3,0.375,8,0.375,1,1.0,1
LOLTMNT03_339605,LCK_20260122_HANJIN_BRION_vs_Hanwha_Life_Esports_S1,3,2026-01-22 10:02:22+00:00,16.01,RED,Hanwha Life Esports,Gwen,4,5,3,0.6,5,0.6,0,,1
LOLTMNT03_339605,LCK_20260122_HANJIN_BRION_vs_Hanwha_Life_Esports_S1,3,2026-01-22 10:02:22+00:00,16.01,RED,Hanwha Life Esports,Akali,5,2,1,0.5,2,0.5,0,,1
LOLTMNT03_339627,LCK_20260122_BNK_FEARX_vs_Gen_G_S1,1,2026-01-22 11:14:53+00:00,16.01,BLUE,Gen.G,Azir,1,7,4,0.5714285714285714,7,0.5714285714285714,1,1.0,1
LOLTMNT03_339627,LCK_20260122_BNK_FEARX_vs_Gen_G_S1,1,2026-01-22 11:14:53+00:00,16.01,BLUE,Gen.G,Corki,2,8,7,0.875,8,0.875,1,1.0,1
LOLTMNT03_339627,LCK_20260122_BNK_FEARX_vs_Gen_G_S1,1,2026-01-22 11:14:53+00:00,16.01,BLUE,Gen.G,Jarvan IV,3,10,6,0.6,10,0.6,0,,1
LOLTMNT03_339627,LCK_20260122_BNK_FEARX_vs_Gen_G_S1,1,2026-01-22 11:14:53+00:00,16.01,BLUE,Gen.G,Renekton,4,8,5,0.625,8,0.625,1,1.0,1
LOLTMNT03_339627,LCK_20260122_BNK_FEARX_vs_Gen_G_S1,1,2026-01-22 11:14:53+00:00,16.01,BLUE,Gen.G,Nami,5,4,2,0.5,4,0.5,1,1.0,1
LOLTMNT03_339627,LCK_20260122_BNK_FEARX_vs_Gen_G_S1,1,2026-01-22 11:14:53+00:00,16.01,RED,BNK FEARX,Yunara,1,12,5,0.4166666666666667,12,0.4166666666666667,2,0.5,0
LOLTMNT03_339627,LCK_20260122_BNK_FEARX_vs_Gen_G_S1,1,2026-01-22 11:14:53+00:00,16.01,RED,BNK FEARX,Pantheon,2,10,6,0.6,10,0.6,2,1.0,0
LOLTMNT03_339627,LCK_20260122_BNK_FEARX_vs_Gen_G_S1,1,2026-01-22 11:14:53+00:00,16.01,RED,BNK FEARX,Lulu,3,5,3,0.6,5,0.6,2,0.5,0
LOLTMNT03_339627,LCK_20260122_BNK_FEARX_vs_Gen_G_S1,1,2026-01-22 11:14:53+00:00,16.01,RED,BNK FEARX,K'Sante,4,8,4,0.5,8,0.5,0,,0
LOLTMNT03_339627,LCK_20260122_BNK_FEARX_vs_Gen_G_S1,1,2026-01-22 11:14:53+00:00,16.01,RED,BNK FEARX,Akali,5,3,2,0.6666666666666666,3,0.6666666666666666,0,,0
LOLTMNT03_340003,LCK_20260122_BNK_FEARX_vs_Gen_G_S1,2,2026-01-22 12:11:59+00:00,16.01,BLUE,Gen.G,Xin Zhao,1,10,4,0.4,10,0.4,1,1.0,1
LOLTMNT03_340003,LCK_20260122_BNK_FEARX_vs_Gen_G_S1,2,2026-01-22 12:11:59+00:00,16.01,BLUE,Gen.G,Ryze,2,12,7,0.5833333333333334,12,0.5833333333333334,1,1.0,1
LOLTMNT03_340003,LCK_20260122_BNK_FEARX_vs_Gen_G_S1,2,2026-01-22 12:11:59+00:00,16.01,BLUE,Gen.G,Gwen,3,6,4,0.6666666666666666,6,0.6666666666666666,0,,1
LOLTMNT03_340003,LCK_20260122_BNK_FEARX_vs_Gen_G_S1,2,2026-01-22 12:11:59+00:00,16.01,BLUE,Gen.G,Jhin,4,4,0,0.0,4,0.0,0,,1
LOLTMNT03_340003,LCK_20260122_BNK_FEARX_vs_Gen_G_S1,2,2026-01-22 12:11:59+00:00,16.01,BLUE,Gen.G,Rakan,5,5,4,0.8,5,0.8,1,1.0,1
LOLTMNT03_340003,LCK_20260122_BNK_FEARX_vs_Gen_G_S1,2,2026-01-22 12:11:59+00:00,16.01,RED,BNK FEARX,Orianna,1,9,4,0.4444444444444444,9,0.4444444444444444,1,1.0,0
LOLTMNT03_340003,LCK_20260122_BNK_FEARX_vs_Gen_G_S1,2,2026-01-22 12:11:59+00:00,16.01,RED,BNK FEARX,Ambessa,2,11,8,0.7272727272727273,11,0.7272727272727273,0,,0
LOLTMNT03_340003,LCK_20260122_BNK_FEARX_vs_Gen_G_S1,2,2026-01-22 12:11:59+00:00,16.01,RED,BNK FEARX,Ezreal,3,6,3,0.5,6,0.5,1,1.0,0
LOLTMNT03_340003,LCK_20260122_BNK_FEARX_vs_Gen_G_S1,2,2026-01-22 12:11:59+00:00,16.01,RED,BNK FEARX,Qiyana,4,1,0,0.0,1,0.0,0,,0
LOLTMNT03_340003,LCK_20260122_BNK_FEARX_vs_Gen_G_S1,2,2026-01-22 12:11:59+00:00,16.01,RED,BNK FEARX,Leona,5,4,2,0.5,4,0.5,0,,0
LOLTMNT03_341143,LCK_20260123_KT_Rolster_vs_T1_S1,1,2026-01-23 08:04:55+00:00,16.01,BLUE,T1,Ryze,1,13,8,0.6153846153846154,13,0.6153846153846154,2,0.0,1
LOLTMNT03_341143,LCK_20260123_KT_Rolster_vs_T1_S1,1,2026-01-23 08:04:55+00:00,16.01,BLUE,T1,Vi,2,6,3,0.5,6,0.5,0,,1
LOLTMNT03_341143,LCK_20260123_KT_Rolster_vs_T1_S1,1,2026-01-23 08:04:55+00:00,16.01,BLUE,T1,Gnar,3,6,1,0.16666666666666666,6,0.16666666666666666,1,0.0,1
LOLTMNT03_341143,LCK_20260123_KT_Rolster_vs_T1_S1,1,2026-01-23 08:04:55+00:00,16.01,BLUE,T1,Ezreal,4,7,3,0.42857142857142855,7,0.42857142857142855,0,,1
LOLTMNT03_341143,LCK_20260123_KT_Rolster_vs_T1_S1,1,2026-01-23 08:04:55+00:00,16.01,BLUE,T1,Lissandra,5,0,0,,0,,0,,1
LOLTMNT03_341143,LCK_20260123_KT_Rolster_vs_T1_S1,1,2026-01-23 08:04:55+00:00,16.01,RED,KT Rolster,Varus,1,7,4,0.5714285714285714,7,0.5714285714285714,0,,0
LOLTMNT03_341143,LCK_20260123_KT_Rolster_vs_T1_S1,1,2026-01-23 08:04:55+00:00,16.01,RED,KT Rolster,Renekton,2,9,6,0.6666666666666666,9,0.6666666666666666,2,0.5,0
LOLTMNT03_341143,LCK_20260123_KT_Rolster_vs_T1_S1,1,2026-01-23 08:04:55+00:00,16.01,RED,KT Rolster,Taliyah,3,12,4,0.3333333333333333,12,0.3333333333333333,2,0.0,0
LOLTMNT03_341143,LCK_20260123_KT_Rolster_vs_T1_S1,1,2026-01-23 08:04:55+00:00,16.01,RED,KT Rolster,Rakan,4,6,5,0.8333333333333334,6,0.8333333333333334,0,,0
LOLTMNT03_341143,LCK_20260123_KT_Rolster_vs_T1_S1,1,2026-01-23 08:04:55+00:00,16.01,RED,KT Rolster,Wukong,5,8,3,0.375,8,0.375,1,0.0,0
LOLTMNT03_341150,LCK_20260123_KT_Rolster_vs_T1_S1,2,2026-01-23 09:00:11+00:00,16.01,BLUE,T1,Azir,1,8,5,0.625,8,0.625,1,1.0,1
LOLTMNT03_341150,LCK_20260123_KT_Rolster_vs_T1_S1,2,2026-01-23 09:00:11+00:00,16.01,BLUE,T1,Aphelios,2,6,4,0.6666666666666666,6,0.6666666666666666,2,1.0,1
LOLTMNT03_341150,LCK_20260123_KT_Rolster_vs_T1_S1,2,2026-01-23 09:00:11+00:00,16.01,BLUE,T1,Lulu,3,6,3,0.5,6,0.5,1,1.0,1
LOLTMNT03_341150,LCK_20260123_KT_Rolster_vs_T1_S1,2,2026-01-23 09:00:11+00:00,16.01,BLUE,T1,Zaahen,4,4,3,0.75,4,0.75,1,1.0,1
LOLTMNT03_341150,LCK_20260123_KT_Rolster_vs_T1_S1,2,2026-01-23 09:00:11+00:00,16.01,BLUE,T1,Dr. Mundo,5,1,0,0.0,1,0.0,0,,1
LOLTMNT03_341150,LCK_20260123_KT_Rolster_vs_T1_S1,2,2026-01-23 09:00:11+00:00,16.01,RED,KT Rolster,Yunara,1,13,5,0.38461538461538464,13,0.38461538461538464,1,0.0,0
LOLTMNT03_341150,LCK_20260123_KT_Rolster_vs_T1_S1,2,2026-01-23 09:00:11+00:00,16.01,RED,KT Rolster,Neeko,2,6,3,0.5,6,0.5,0,,0
LOLTMNT03_341150,LCK_20260123_KT_Rolster_vs_T1_S1,2,2026-01-23 09:00:11+00:00,16.01,RED,KT Rolster,Akali,3,4,2,0.5,4,0.5,0,,0
LOLTMNT03_341150,LCK_20260123_KT_Rolster_vs_T1_S1,2,2026-01-23 09:00:11+00:00,16.01,RED,KT Rolster,Sejuani,4,0,0,,0,,0,,0
LOLTMNT03_341150,LCK_20260123_KT_Rolster_vs_T1_S1,2,2026-01-23 09:00:11+00:00,16.01,RED,KT Rolster,Rek'Sai,5,6,3,0.5,6,0.5,1,1.0,0
LOLTMNT03_340138,LCK_20260123_Kiwoom_DRX_vs_Nongshim_RedForce_S1,1,2026-01-23 10:33:19+00:00,16.01,BLUE,Kiwoom DRX,Ryze,1,14,9,0.6428571428571429,14,0.6428571428571429,0,,1
LOLTMNT03_340138,LCK_20260123_Kiwoom_DRX_vs_Nongshim_RedForce_S1,1,2026-01-23 10:33:19+00:00,16.01,BLUE,Kiwoom DRX,Vi,2,7,4,0.5714285714285714,7,0.5714285714285714,1,0.0,1
LOLTMNT03_340138,LCK_20260123_Kiwoom_DRX_vs_Nongshim_RedForce_S1,1,2026-01-23 10:33:19+00:00,16.01,BLUE,Kiwoom DRX,Kai'Sa,3,2,1,0.5,2,0.5,0,,1
LOLTMNT03_340138,LCK_20260123_Kiwoom_DRX_vs_Nongshim_RedForce_S1,1,2026-01-23 10:33:19+00:00,16.01,BLUE,Kiwoom DRX,Neeko,4,7,3,0.42857142857142855,7,0.42857142857142855,0,,1
LOLTMNT03_340138,LCK_20260123_Kiwoom_DRX_vs_Nongshim_RedForce_S1,1,2026-01-23 10:33:19+00:00,16.01,BLUE,Kiwoom DRX,Gnar,5,7,2,0.2857142857142857,7,0.2857142857142857,1,0.0,1
LOLTMNT03_340138,LCK_20260123_Kiwoom_DRX_vs_Nongshim_RedForce_S1,1,2026-01-23 10:33:19+00:00,16.01,RED,Nongshim RedForce,Yunara,1,14,5,0.35714285714285715,14,0.35714285714285715,2,1.0,0
LOLTMNT03_340138,LCK_20260123_Kiwoom_DRX_vs_Nongshim_RedForce_S1,1,2026-01-23 10:33:19+00:00,16.01,RED,Nongshim RedForce,Jayce,2,2,1,0.5,2,0.5,1,0.0,0
LOLTMNT03_340138,LCK_20260123_Kiwoom_DRX_vs_Nongshim_RedForce_S1,1,2026-01-23 10:33:19+00:00,16.01,RED,Nongshim RedForce,Taliyah,3,13,4,0.3076923076923077,13,0.3076923076923077,3,0.3333333333333333,0
LOLTMNT03_340138,LCK_20260123_Kiwoom_DRX_vs_Nongshim_RedForce_S1,1,2026-01-23 10:33:19+00:00,16.01,RED,Nongshim RedForce,Alistar,4,9,4,0.4444444444444444,9,0.4444444444444444,1,0.0,0
LOLTMNT03_340138,LCK_20260123_Kiwoom_DRX_vs_Nongshim_RedForce_S1,1,2026-01-23 10:33:19+00:00,16.01,RED,Nongshim RedForce,Renekton,5,10,6,0.6,10,0.6,1,0.0,0
LOLTMNT03_340145,LCK_20260123_Kiwoom_DRX_vs_Nongshim_RedForce_S1,2,2026-01-23 11:24:18+00:00,16.01,BLUE,Kiwoom DRX,Pantheon,1,11,6,0.5454545454545454,11,0.5454545454545454,1,0.0,0
LOLTMNT03_340145,LCK_20260123_Kiwoom_DRX_vs_Nongshim_RedForce_S1,2,2026-01-23 11:24:18+00:00,16.01,BLUE,Kiwoom DRX,Corki,2,9,8,0.8888888888888888,9,0.8888888888888888,2,1.0,0
LOLTMNT03_340145,LCK_20260123_Kiwoom_DRX_vs_Nongshim_RedForce_S1,2,2026-01-23 11:24:18+00:00,16.01,BLUE,Kiwoom DRX,Gwen,3,7,5,0.7142857142857143,7,0.7142857142857143,1,0.0,0
LOLTMNT03_340145,LCK_20260123_Kiwoom_DRX_vs_Nongshim_RedForce_S1,2,2026-01-23 11:24:18+00:00,16.01,BLUE,Kiwoom DRX,Akali,4,5,2,0.4,5,0.4,0,,0
LOLTMNT03_340145,LCK_20260123_Kiwoom_DRX_vs_Nongshim_RedForce_S1,2,2026-01-23 11:24:18+00:00,16.01,BLUE,Kiwoom DRX,Poppy,5,2,0,0.0,2,0.0,0,,0
LOLTMNT03_340145,LCK_20260123_Kiwoom_DRX_vs_Nongshim_RedForce_S1,2,2026-01-23 11:24:18+00:00,16.01,RED,Nongshim RedForce,Aurora,1,6,2,0.3333333333333333,6,0.3333333333333333,1,1.0,1
LOLTMNT03_340145,LCK_20260123_Kiwoom_DRX_vs_Nongshim_RedForce_S1,2,2026-01-23 11:24:18+00:00,16.01,RED,Nongshim RedForce,Jarvan IV,2,11,7,0.6363636363636364,11,0.6363636363636364,1,1.0,1
LOLTMNT03_340145,LCK_20260123_Kiwoom_DRX_vs_Nongshim_RedForce_S1,2,2026-01-23 11:24:18+00:00,16.01,RED,Nongshim RedForce,Zaahen,3,5,4,0.8,5,0.8,1,1.0,1
LOLTMNT03_340145,LCK_20260123_Kiwoom_DRX_vs_Nongshim_RedForce_S1,2,2026-01-23 11:24:18+00:00,16.01,RED,Nongshim RedForce,Kalista,4,3,2,0.6666666666666666,3,0.6666666666666666,1,0.0,1
LOLTMNT03_340145,LCK_20260123_Kiwoom_DRX_vs_Nongshim_RedForce_S1,2,2026-01-23 11:24:18+00:00,16.01,RED,Nongshim RedForce,Renata Glasc,5,3,2,0.6666666666666666,3,0.6666666666666666,1,0.0,1
LOLTMNT03_341173,LCK_20260123_Kiwoom_DRX_vs_Nongshim_RedForce_S1,3,2026-01-23 12:21:14+00:00,16.01,BLUE,Nongshim RedForce,Sion,1,7,1,0.14285714285714285,7,0.14285714285714285,1,0.0,0
LOLTMNT03_341173,LCK_20260123_Kiwoom_DRX_vs_Nongshim_RedForce_S1,3,2026-01-23 12:21:14+00:00,16.01,BLUE,Nongshim RedForce,Xin Zhao,2,11,5,0.45454545454545453,11,0.45454545454545453,0,,0
LOLTMNT03_341173,LCK_20260123_Kiwoom_DRX_vs_Nongshim_RedForce_S1,3,2026-01-23 12:21:14+00:00,16.01,BLUE,Nongshim RedForce,Azir,3,9,6,0.6666666666666666,9,0.6666666666666666,0,,0
LOLTMNT03_341173,LCK_20260123_Kiwoom_DRX_vs_Nongshim_RedForce_S1,3,2026-01-23 12:21:14+00:00,16.01,BLUE,Nongshim RedForce,Caitlyn,4,0,0,,0,,0,,0
LOLTMNT03_341173,LCK_20260123_Kiwoom_DRX_vs_Nongshim_RedForce_S1,3,2026-01-23 12:21:14+00:00,16.01,BLUE,Nongshim RedForce,Braum,5,7,2,0.2857142857142857,7,0.2857142857142857,0,,0
LOLTMNT03_341173,LCK_20260123_Kiwoom_DRX_vs_Nongshim_RedForce_S1,3,2026-01-23 12:21:14+00:00,16.01,RED,Kiwoom DRX,Orianna,1,10,4,0.4,10,0.4,3,0.3333333333333333,1
LOLTMNT03_341173,LCK_20260123_Kiwoom_DRX_vs_Nongshim_RedForce_S1,3,2026-01-23 12:21:14+00:00,16.01,RED,Kiwoom DRX,K'Sante,2,9,4,0.4444444444444444,9,0.4444444444444444,0,,1
LOLTMNT03_341173,LCK_20260123_Kiwoom_DRX_vs_Nongshim_RedForce_S1,3,2026-01-23 12:21:14+00:00,16.01,RED,Kiwoom DRX,Jax,3,1,0,0.0,1,0.0,1,0.0,1
LOLTMNT03_341173,LCK_20260123_Kiwoom_DRX_vs_Nongshim_RedForce_S1,3,2026-01-23 12:21:14+00:00,16.01,RED,Kiwoom DRX,Jhin,4,5,1,0.2,5,0.2,1,0.0,1
LOLTMNT03_341173,LCK_20260123_Kiwoom_DRX_vs_Nongshim_RedForce_S1,3,2026-01-23 12:21:14+00:00,16.01,RED,Kiwoom DRX,Bard,5,5,3,0.6,5,0.6,2,0.0,1
LOLTMNT03_341253,LCK_20260124_DN_SOOPers_vs_Hanwha_Life_Esports_S1,1,2026-01-24 08:04:56+00:00,16.01,BLUE,DN SOOPers,Orianna,1,11,5,0.45454545454545453,11,0.45454545454545453,0,,0
LOLTMNT03_341253,LCK_20260124_DN_SOOPers_vs_Hanwha_Life_Esports_S1,1,2026-01-24 08:04:56+00:00,16.01,BLUE,DN SOOPers,Jarvan IV,2,12,8,0.6666666666666666,12,0.6666666666666666,1,0.0,0
LOLTMNT03_341253,LCK_20260124_DN_SOOPers_vs_Hanwha_Life_Esports_S1,1,2026-01-24 08:04:56+00:00,16.01,BLUE,DN SOOPers,Sivir,3,5,4,0.8,5,0.8,0,,0
LOLTMNT03_341253,LCK_20260124_DN_SOOPers_vs_Hanwha_Life_Esports_S1,1,2026-01-24 08:04:56+00:00,16.01,BLUE,DN SOOPers,Alistar,4,10,4,0.4,10,0.4,1,0.0,0
LOLTMNT03_341253,LCK_20260124_DN_SOOPers_vs_Hanwha_Life_Esports_S1,1,2026-01-24 08:04:56+00:00,16.01,BLUE,DN SOOPers,Rek'Sai,5,7,3,0.42857142857142855,7,0.42857142857142855,1,0.0,0
LOLTMNT03_341253,LCK_20260124_DN_SOOPers_vs_Hanwha_Life_Esports_S1,1,2026-01-24 08:04:56+00:00,16.01,RED,Hanwha Life Esports,Azir,1,10,6,0.6,10,0.6,3,0.3333333333333333,1
LOLTMNT03_341253,LCK_20260124_DN_SOOPers_vs_Hanwha_Life_Esports_S1,1,2026-01-24 08:04:56+00:00,16.01,RED,Hanwha Life Esports,Varus,2,8,4,0.5,8,0.5,2,0.5,1
LOLTMNT03_341253,LCK_20260124_DN_SOOPers_vs_Hanwha_Life_Esports_S1,1,2026-01-24 08:04:56+00:00,16.01,RED,Hanwha Life Esports,Xin Zhao,3,12,5,0.4166666666666667,12,0.4166666666666667,1,0.0,1
LOLTMNT03_341253,LCK_20260124_DN_SOOPers_vs_Hanwha_Life_Esports_S1,1,2026-01-24 08:04:56+00:00,16.01,RED,Hanwha Life Esports,Rakan,4,7,5,0.7142857142857143,7,0.7142857142857143,2,0.5,1
LOLTMNT03_341253,LCK_20260124_DN_SOOPers_vs_Hanwha_Life_Esports_S1,1,2026-01-24 08:04:56+00:00,16.01,RED,Hanwha Life Esports,Sion,5,8,1,0.125,8,0.125,1,0.0,1
LOLTMNT03_340232,LCK_20260124_DN_SOOPers_vs_Hanwha_Life_Esports_S1,2,2026-01-24 09:04:12+00:00,16.01,BLUE,DN SOOPers,Neeko,1,8,4,0.5,8,0.5,1,1.0,1
LOLTMNT03_340232,LCK_20260124_DN_SOOPers_vs_Hanwha_Life_Esports_S1,2,2026-01-24 09:04:12+00:00,16.01,BLUE,DN SOOPers,Wukong,2,9,3,0.3333333333333333,9,0.3333333333333333,2,0.5,1
LOLTMNT03_340232,LCK_20260124_DN_SOOPers_vs_Hanwha_Life_Esports_S1,2,2026-01-24 09:04:12+00:00,16.01,BLUE,DN SOOPers,Ahri,3,2,2,1.0,2,1.0,1,1.0,1
LOLTMNT03_340232,LCK_20260124_DN_SOOPers_vs_Hanwha_Life_Esports_S1,2,2026-01-24 09:04:12+00:00,16.01,BLUE,DN SOOPers,Ezreal,4,8,4,0.5,8,0.5,0,,1
LOLTMNT03_340232,LCK_20260124_DN_SOOPers_vs_Hanwha_Life_Esports_S1,2,2026-01-24 09:04:12+00:00,16.01,BLUE,DN SOOPers,K'Sante,5,10,5,0.5,10,0.5,1,1.0,1
LOLTMNT03_340232,LCK_20260124_DN_SOOPers_vs_Hanwha_Life_Esports_S1,2,2026-01-24 09:04:12+00:00,16.01,RED,Hanwha Life Esports,Vi,1,8,5,0.625,8,0.625,2,1.0,0
LOLTMNT03_340232,LCK_20260124_DN_SOOPers_vs_Hanwha_Life_Esports_S1,2,2026-01-24 09:04:12+00:00,16.01,RED,Hanwha Life Esports,Corki,2,10,8,0.8,10,0.8,1,1.0,0
LOLTMNT03_340232,LCK_20260124_DN_SOOPers_vs_Hanwha_Life_Esports_S1,2,2026-01-24 09:04:12+00:00,16.01,RED,Hanwha Life Esports,Taliyah,3,14,4,0.2857142857142857,14,0.2857142857142857,1,1.0,0
LOLTMNT03_340232,LCK_20260124_DN_SOOPers_vs_Hanwha_Life_Esports_S1,2,2026-01-24 09:04:12+00:00,16.01,RED,Hanwha Life Esports,Bard,4,6,4,0.6666666666666666,6,0.6666666666666666,0,,0
LOLTMNT03_340232,LCK_20260124_DN_SOOPers_vs_Hanwha_Life_Esports_S1,2,2026-01-24 09:04:12+00:00,16.01,RED,Hanwha Life Esports,Aurora,5,7,3,0.42857142857142855,7,0.42857142857142855,2,0.0,0
LOLTMNT03_341276,LCK_20260124_DN_SOOPers_vs_Hanwha_Life_Esports_S1,3,2026-01-24 10:06:14+00:00,16.01,BLUE,DN SOOPers,Aphelios,1,7,5,0.7142857142857143,7,0.7142857142857143,1,1.0,0
LOLTMNT03_341276,LCK_20260124_DN_SOOPers_vs_Hanwha_Life_Esports_S1,3,2026-01-24 10:06:14+00:00,16.01,BLUE,DN SOOPers,Cassiopeia,2,1,0,0.0,1,0.0,0,,0
LOLTMNT03_341276,LCK_20260124_DN_SOOPers_vs_Hanwha_Life_Esports_S1,3,2026-01-24 10:06:14+00:00,16.01,BLUE,DN SOOPers,Rell,3,2,1,0.5,2,0.5,1,0.0,0
LOLTMNT03_341276,LCK_20260124_DN_SOOPers_vs_Hanwha_Life_Esports_S1,3,2026-01-24 10:06:14+00:00,16.01,BLUE,DN SOOPers,Hecarim,4,0,0,,0,,0,,0
LOLTMNT03_341276,LCK_20260124_DN_SOOPers_vs_Hanwha_Life_Esports_S1,3,2026-01-24 10:06:14+00:00,16.01,BLUE,DN SOOPers,Aatrox,5,3,0,0.0,3,0.0,0,,0
LOLTMNT03_341276,LCK_20260124_DN_SOOPers_vs_Hanwha_Life_Esports_S1,3,2026-01-24 10:06:14+00:00,16.01,RED,Hanwha Life Esports,Ryze,1,15,10,0.6666666666666666,15,0.6666666666666666,1,0.0,1
LOLTMNT03_341276,LCK_20260124_DN_SOOPers_vs_Hanwha_Life_Esports_S1,3,2026-01-24 10:06:14+00:00,16.01,RED,Hanwha Life Esports,Ziggs,2,3,0,0.0,3,0.0,1,0.0,1
LOLTMNT03_341276,LCK_20260124_DN_SOOPers_vs_Hanwha_Life_Esports_S1,3,2026-01-24 10:06:14+00:00,16.01,RED,Hanwha Life Esports,Nautilus,3,6,3,0.5,6,0.5,1,0.0,1
LOLTMNT03_341276,LCK_20260124_DN_SOOPers_vs_Hanwha_Life_Esports_S1,3,2026-01-24 10:06:14+00:00,16.01,RED,Hanwha Life Esports,Trundle,4,1,1,1.0,1,1.0,0,,1
LOLTMNT03_341276,LCK_20260124_DN_SOOPers_vs_Hanwha_Life_Esports_S1,3,2026-01-24 10:06:14+00:00,16.01,RED,Hanwha Life Esports,Renekton,5,11,6,0.5454545454545454,11,0.5454545454545454,0,,1
LOLTMNT03_341342,LCK_20260124_Dplus_Kia_vs_Gen_G_S1,1,2026-01-24 11:24:48+00:00,16.01,BLUE,Dplus Kia,Ryze,1,16,11,0.6875,16,0.6875,3,1.0,0
LOLTMNT03_341342,LCK_20260124_Dplus_Kia_vs_Gen_G_S1,1,2026-01-24 11:24:48+00:00,16.01,BLUE,Dplus Kia,Jarvan IV,2,13,8,0.6153846153846154,13,0.6153846153846154,2,1.0,0
LOLTMNT03_341342,LCK_20260124_Dplus_Kia_vs_Gen_G_S1,1,2026-01-24 11:24:48+00:00,16.01,BLUE,Dplus Kia,Corki,3,11,8,0.7272727272727273,11,0.7272727272727273,0,,0
LOLTMNT03_341342,LCK_20260124_Dplus_Kia_vs_Gen_G_S1,1,2026-01-24 11:24:48+00:00,16.01,BLUE,Dplus Kia,Ambessa,4,12,8,0.6666666666666666,12,0.6666666666666666,2,1.0,0
LOLTMNT03_341342,LCK_20260124_Dplus_Kia_vs_Gen_G_S1,1,2026-01-24 11:24:48+00:00,16.01,BLUE,Dplus Kia,Nami,5,5,3,0.6,5,0.6,1,1.0,0
LOLTMNT03_341342,LCK_20260124_Dplus_Kia_vs_Gen_G_S1,1,2026-01-24 11:24:48+00:00,16.01,RED,Gen.G,Varus,1,9,5,0.5555555555555556,9,0.5555555555555556,1,1.0,1
LOLTMNT03_341342,LCK_20260124_Dplus_Kia_vs_Gen_G_S1,1,2026-01-24 11:24:48+00:00,16.01,RED,Gen.G,Xin Zhao,2,13,6,0.46153846153846156,13,0.46153846153846156,2,1.0,1
LOLTMNT03_341342,LCK_20260124_Dplus_Kia_vs_Gen_G_S1,1,2026-01-24 11:24:48+00:00,16.01,RED,Gen.G,Anivia,3,1,1,1.0,1,1.0,1,1.0,1
LOLTMNT03_341342,LCK_20260124_Dplus_Kia_vs_Gen_G_S1,1,2026-01-24 11:24:48+00:00,16.01,RED,Gen.G,Bard,4,7,4,0.5714285714285714,7,0.5714285714285714,0,,1
LOLTMNT03_341342,LCK_20260124_Dplus_Kia_vs_Gen_G_S1,1,2026-01-24 11:24:48+00:00,16.01,RED,Gen.G,Gwen,5,8,5,0.625,8,0.625,1,1.0,1
LOLTMNT03_341348,LCK_20260124_Dplus_Kia_vs_Gen_G_S1,2,2026-01-24 12:21:19+00:00,16.01,BLUE,Gen.G,Rumble,1,6,4,0.6666666666666666,6,0.6666666666666666,1,1.0,1
LOLTMNT03_341348,LCK_20260124_Dplus_Kia_vs_Gen_G_S1,2,2026-01-24 12:21:19+00:00,16.01,BLUE,Gen.G,Wukong,2,10,4,0.4,10,0.4,1,1.0,1
LOLTMNT03_341348,LCK_20260124_Dplus_Kia_vs_Gen_G_S1,2,2026-01-24 12:21:19+00:00,16.01,BLUE,Gen.G,Galio,3,1,0,0.0,1,0.0,0,,1
LOLTMNT03_341348,LCK_20260124_Dplus_Kia_vs_Gen_G_S1,2,2026-01-24 12:21:19+00:00,16.01,BLUE,Gen.G,Ashe,4,2,0,0.0,2,0.0,0,,1
LOLTMNT03_341348,LCK_20260124_Dplus_Kia_vs_Gen_G_S1,2,2026-01-24 12:21:19+00:00,16.01,BLUE,Gen.G,Seraphine,5,0,0,,0,,0,,1
LOLTMNT03_341348,LCK_20260124_Dplus_Kia_vs_Gen_G_S1,2,2026-01-24 12:21:19+00:00,16.01,RED,Dplus Kia,Vi,1,9,5,0.5555555555555556,9,0.5555555555555556,1,1.0,0
LOLTMNT03_341348,LCK_20260124_Dplus_Kia_vs_Gen_G_S1,2,2026-01-24 12:21:19+00:00,16.01,RED,Dplus Kia,Yunara,2,15,5,0.3333333333333333,15,0.3333333333333333,1,1.0,0
LOLTMNT03_341348,LCK_20260124_Dplus_Kia_vs_Gen_G_S1,2,2026-01-24 12:21:19+00:00,16.01,RED,Dplus Kia,Lulu,3,7,4,0.5714285714285714,7,0.5714285714285714,1,1.0,0
LOLTMNT03_341348,LCK_20260124_Dplus_Kia_vs_Gen_G_S1,2,2026-01-24 12:21:19+00:00,16.01,RED,Dplus Kia,Sion,4,9,2,0.2222222222222222,9,0.2222222222222222,0,,0
LOLTMNT03_341348,LCK_20260124_Dplus_Kia_vs_Gen_G_S1,2,2026-01-24 12:21:19+00:00,16.01,RED,Dplus Kia,Syndra,5,3,0,0.0,3,0.0,0,,0
LOLTMNT03_341399,LCK_20260125_BNK_FEARX_vs_T1_S1,1,2026-01-25 08:05:39+00:00,16.01,BLUE,BNK FEARX,Rumble,1,7,5,0.7142857142857143,7,0.7142857142857143,0,,0
LOLTMNT03_341399,LCK_20260125_BNK_FEARX_vs_T1_S1,1,2026-01-25 08:05:39+00:00,16.01,BLUE,BNK FEARX,Varus,2,10,6,0.6,10,0.6,0,,0
LOLTMNT03_341399,LCK_20260125_BNK_FEARX_vs_T1_S1,1,2026-01-25 08:05:39+00:00,16.01,BLUE,BNK FEARX,Taliyah,3,15,4,0.26666666666666666,15,0.26666666666666666,0,,0
LOLTMNT03_341399,LCK_20260125_BNK_FEARX_vs_T1_S1,1,2026-01-25 08:05:39+00:00,16.01,BLUE,BNK FEARX,Neeko,4,9,5,0.5555555555555556,9,0.5555555555555556,1,1.0,0
LOLTMNT03_341399,LCK_20260125_BNK_FEARX_vs_T1_S1,1,2026-01-25 08:05:39+00:00,16.01,BLUE,BNK FEARX,Nocturne,5,7,4,0.5714285714285714,7,0.5714285714285714,0,,0
LOLTMNT03_341399,LCK_20260125_BNK_FEARX_vs_T1_S1,1,2026-01-25 08:05:39+00:00,16.01,RED,T1,Jayce,1,3,1,0.3333333333333333,3,0.3333333333333333,0,,1
LOLTMNT03_341399,LCK_20260125_BNK_FEARX_vs_T1_S1,1,2026-01-25 08:05:39+00:00,16.01,RED,T1,Ryze,2,17,11,0.6470588235294118,17,0.6470588235294118,3,0.3333333333333333,1
LOLTMNT03_341399,LCK_20260125_BNK_FEARX_vs_T1_S1,1,2026-01-25 08:05:39+00:00,16.01,RED,T1,Vi,3,10,5,0.5,10,0.5,1,1.0,1
LOLTMNT03_341399,LCK_20260125_BNK_FEARX_vs_T1_S1,1,2026-01-25 08:05:39+00:00,16.01,RED,T1,Corki,4,12,8,0.6666666666666666,12,0.6666666666666666,0,,1
LOLTMNT03_341399,LCK_20260125_BNK_FEARX_vs_T1_S1,1,2026-01-25 08:05:39+00:00,16.01,RED,T1,Nami,5,6,3,0.5,6,0.5,0,,1
LOLTMNT03_340339,LCK_20260125_BNK_FEARX_vs_T1_S1,2,2026-01-25 09:06:56+00:00,16.01,BLUE,T1,Xin Zhao,1,14,7,0.5,14,0.5,1,1.0,0
LOLTMNT03_340339,LCK_20260125_BNK_FEARX_vs_T1_S1,2,2026-01-25 09:06:56+00:00,16.01,BLUE,T1,Aphelios,2,8,5,0.625,8,0.625,3,1.0,0
LOLTMNT03_340339,LCK_20260125_BNK_FEARX_vs_T1_S1,2,2026-01-25 09:06:56+00:00,16.01,BLUE,T1,Thresh,3,2,2,1.0,2,1.0,1,1.0,0
LOLTMNT03_340339,LCK_20260125_BNK_FEARX_vs_T1_S1,2,2026-01-25 09:06:56+00:00,16.01,BLUE,T1,Aurora,4,8,3,0.375,8,0.375,1,1.0,0
LOLTMNT03_340339,LCK_20260125_BNK_FEARX_vs_T1_S1,2,2026-01-25 09:06:56+00:00,16.01,BLUE,T1,Yone,5,1,1,1.0,1,1.0,0,,0
LOLTMNT03_340339,LCK_20260125_BNK_FEARX_vs_T1_S1,2,2026-01-25 09:06:56+00:00,16.01,RED,BNK FEARX,Lucian,1,7,2,0.2857142857142857,7,0.2857142857142857,0,,1
LOLTMNT03_340339,LCK_20260125_BNK_FEARX_vs_T1_S1,2,2026-01-25 09:06:56+00:00,16.01,RED,BNK FEARX,Jarvan IV,2,14,8,0.5714285714285714,14,0.5714285714285714,0,,1
LOLTMNT03_340339,LCK_20260125_BNK_FEARX_vs_T1_S1,2,2026-01-25 09:06:56+00:00,16.01,RED,BNK FEARX,Milio,3,1,0,0.0,1,0.0,0,,1
LOLTMNT03_340339,LCK_20260125_BNK_FEARX_vs_T1_S1,2,2026-01-25 09:06:56+00:00,16.01,RED,BNK FEARX,Sion,4,10,2,0.2,10,0.2,0,,1
LOLTMNT03_340339,LCK_20260125_BNK_FEARX_vs_T1_S1,2,2026-01-25 09:06:56+00:00,16.01,RED,BNK FEARX,Syndra,5,4,0,0.0,4,0.0,0,,1
LOLTMNT03_340341,LCK_20260125_BNK_FEARX_vs_T1_S1,3,2026-01-25 10:12:05+00:00,16.01,BLUE,BNK FEARX,Qiyana,1,2,0,0.0,2,0.0,1,0.0,0
LOLTMNT03_340341,LCK_20260125_BNK_FEARX_vs_T1_S1,3,2026-01-25 10:12:05+00:00,16.01,BLUE,BNK FEARX,Ezreal,2,9,5,0.5555555555555556,9,0.5555555555555556,2,0.5,0
LOLTMNT03_340341,LCK_20260125_BNK_FEARX_vs_T1_S1,3,2026-01-25 10:12:05+00:00,16.01,BLUE,BNK FEARX,Gnar,3,8,3,0.375,8,0.375,0,,0
LOLTMNT03_340341,LCK_20260125_BNK_FEARX_vs_T1_S1,3,2026-01-25 10:12:05+00:00,16.01,BLUE,BNK FEARX,Rell,4,3,1,0.3333333333333333,3,0.3333333333333333,0,,0
LOLTMNT03_340341,LCK_20260125_BNK_FEARX_vs_T1_S1,3,2026-01-25 10:12:05+00:00,16.01,BLUE,BNK FEARX,Ahri,5,3,3,1.0,3,1.0,1,1.0,0
LOLTMNT03_340341,LCK_20260125_BNK_FEARX_vs_T1_S1,3,2026-01-25 10:12:05+00:00,16.01,RED,T1,Pantheon,1,12,6,0.5,12,0.5,1,0.0,1
LOLTMNT03_340341,LCK_20260125_BNK_FEARX_vs_T1_S1,3,2026-01-25 10:12:05+00:00,16.01,RED,T1,K'Sante,2,11,6,0.5454545454545454,11,0.5454545454545454,1,1.0,1
LOLTMNT03_340341,LCK_20260125_BNK_FEARX_vs_T1_S1,3,2026-01-25 10:12:05+00:00,16.01,RED,T1,Bard,3,8,5,0.625,8,0.625,1,1.0,1
LOLTMNT03_340341,LCK_20260125_BNK_FEARX_vs_T1_S1,3,2026-01-25 10:12:05+00:00,16.01,RED,T1,Galio,4,2,1,0.5,2,0.5,0,,1
LOLTMNT03_340341,LCK_20260125_BNK_FEARX_vs_T1_S1,3,2026-01-25 10:12:05+00:00,16.01,RED,T1,Kai'Sa,5,3,2,0.6666666666666666,3,0.6666666666666666,1,0.0,1
LOLTMNT03_341439,LCK_20260125_HANJIN_BRION_vs_KT_Rolster_S1,1,2026-01-25 11:28:02+00:00,16.01,BLUE,HANJIN BRION,Pantheon,1,13,7,0.5384615384615384,13,0.5384615384615384,1,0.0,1
LOLTMNT03_341439,LCK_20260125_HANJIN_BRION_vs_KT_Rolster_S1,1,2026-01-25 11:28:02+00:00,16.01,BLUE,HANJIN BRION,Orianna,2,12,5,0.4166666666666667,12,0.4166666666666667,2,0.0,1
LOLTMNT03_341439,LCK_20260125_HANJIN_BRION_vs_KT_Rolster_S1,1,2026-01-25 11:28:02+00:00,16.01,BLUE,HANJIN BRION,Gwen,3,9,6,0.6666666666666666,9,0.6666666666666666,0,,1
LOLTMNT03_341439,LCK_20260125_HANJIN_BRION_vs_KT_Rolster_S1,1,2026-01-25 11:28:02+00:00,16.01,BLUE,HANJIN BRION,Corki,4,13,9,0.6923076923076923,13,0.6923076923076923,1,1.0,1
LOLTMNT03_341439,LCK_20260125_HANJIN_BRION_vs_KT_Rolster_S1,1,2026-01-25 11:28:02+00:00,16.01,BLUE,HANJIN BRION,Rakan,5,8,6,0.75,8,0.75,0,,1
LOLTMNT03_341439,LCK_20260125_HANJIN_BRION_vs_KT_Rolster_S1,1,2026-01-25 11:28:02+00:00,16.01,RED,KT Rolster,Azir,1,11,7,0.6363636363636364,11,0.6363636363636364,0,,0
LOLTMNT03_341439,LCK_20260125_HANJIN_BRION_vs_KT_Rolster_S1,1,2026-01-25 11:28:02+00:00,16.01,RED,KT Rolster,Xin Zhao,2,15,7,0.4666666666666667,15,0.4666666666666667,0,,0
LOLTMNT03_341439,LCK_20260125_HANJIN_BRION_vs_KT_Rolster_S1,1,2026-01-25 11:28:02+00:00,16.01,RED,KT Rolster,K'Sante,3,12,7,0.5833333333333334,12,0.5833333333333334,2,0.0,0
LOLTMNT03_341439,LCK_20260125_HANJIN_BRION_vs_KT_Rolster_S1,1,2026-01-25 11:28:02+00:00,16.01,RED,KT Rolster,Lucian,4,8,3,0.375,8,0.375,1,1.0,0
LOLTMNT03_341439,LCK_20260125_HANJIN_BRION_vs_KT_Rolster_S1,1,2026-01-25 11:28:02+00:00,16.01,RED,KT Rolster,Braum,5,8,2,0.25,8,0.25,1,1.0,0
LOLTMNT03_341446,LCK_20260125_HANJIN_BRION_vs_KT_Rolster_S1,2,2026-01-25 12:29:52+00:00,16.01,BLUE,HANJIN BRION,Ryze,1,18,12,0.6666666666666666,18,0.6666666666666666,2,0.5,0
LOLTMNT03_341446,LCK_20260125_HANJIN_BRION_vs_KT_Rolster_S1,2,2026-01-25 12:29:52+00:00,16.01,BLUE,HANJIN BRION,Ambessa,2,13,8,0.6153846153846154,13,0.6153846153846154,2,1.0,0
LOLTMNT03_341446,LCK_20260125_HANJIN_BRION_vs_KT_Rolster_S1,2,2026-01-25 12:29:52+00:00,16.01,BLUE,HANJIN BRION,Renekton,3,12,7,0.5833333333333334,12,0.5833333333333334,1,0.0,0
LOLTMNT03_341446,LCK_20260125_HANJIN_BRION_vs_KT_Rolster_S1,2,2026-01-25 12:29:52+00:00,16.01,BLUE,HANJIN BRION,Varus,4,11,6,0.5454545454545454,11,0.5454545454545454,1,1.0,0
LOLTMNT03_341446,LCK_20260125_HANJIN_BRION_vs_KT_Rolster_S1,2,2026-01-25 12:29:52+00:00,16.01,BLUE,HANJIN BRION,Karma,5,2,1,0.5,2,0.5,0,,0
LOLTMNT03_341446,LCK_20260125_HANJIN_BRION_vs_KT_Rolster_S1,2,2026-01-25 12:29:52+00:00,16.01,RED,KT Rolster,Yunara,1,16,5,0.3125,16,0.3125,2,0.0,1
LOLTMNT03_341446,LCK_20260125_HANJIN_BRION_vs_KT_Rolster_S1,2,2026-01-25 12:29:52+00:00,16.01,RED,KT Rolster,Taliyah,2,16,4,0.25,16,0.25,3,0.0,1
LOLTMNT03_341446,LCK_20260125_HANJIN_BRION_vs_KT_Rolster_S1,2,2026-01-25 12:29:52+00:00,16.01,RED,KT Rolster,Neeko,3,10,5,0.5,10,0.5,1,0.0,1
LOLTMNT03_341446,LCK_20260125_HANJIN_BRION_vs_KT_Rolster_S1,2,2026-01-25 12:29:52+00:00,16.01,RED,KT Rolster,Gnar,4,9,3,0.3333333333333333,9,0.3333333333333333,0,,1
LOLTMNT03_341446,LCK_20260125_HANJIN_BRION_vs_KT_Rolster_S1,2,2026-01-25 12:29:52+00:00,16.01,RED,KT Rolster,Dr. Mundo,5,2,1,0.5,2,0.5,0,,1
LOLTMNT03_341450,LCK_20260125_HANJIN_BRION_vs_KT_Rolster_S1,3,2026-01-25 13:39:08+00:00,16.01,BLUE,KT Rolster,Wukong,1,11,5,0.45454545454545453,11,0.45454545454545453,2,0.0,1
LOLTMNT03_341450,LCK_20260125_HANJIN_BRION_vs_KT_Rolster_S1,3,2026-01-25 13:39:08+00:00,16.01,BLUE,KT Rolster,Zoe,2,3,2,0.6666666666666666,3,0.6666666666666666,1,1.0,1
LOLTMNT03_341450,LCK_20260125_HANJIN_BRION_vs_KT_Rolster_S1,3,2026-01-25 13:39:08+00:00,16.01,BLUE,KT Rolster,Kennen,3,3,2,0.6666666666666666,3,0.6666666666666666,0,,1
LOLTMNT03_341450,LCK_20260125_HANJIN_BRION_vs_KT_Rolster_S1,3,2026-01-25 13:39:08+00:00,16.01,BLUE,KT Rolster,Nautilus,4,7,4,0.5714285714285714,7,0.5714285714285714,1,0.0,1
LOLTMNT03_341450,LCK_20260125_HANJIN_BRION_vs_KT_Rolster_S1,3,2026-01-25 13:39:08+00:00,16.01,BLUE,KT Rolster,Kai'Sa,5,4,3,0.75,4,0.75,0,,1
LOLTMNT03_341450,LCK_20260125_HANJIN_BRION_vs_KT_Rolster_S1,3,2026-01-25 13:39:08+00:00,16.01,RED,HANJIN BRION,Vi,1,11,6,0.5454545454545454,11,0.5454545454545454,1,0.0,0
LOLTMNT03_341450,LCK_20260125_HANJIN_BRION_vs_KT_Rolster_S1,3,2026-01-25 13:39:08+00:00,16.01,RED,HANJIN BRION,Ziggs,2,4,1,0.25,4,0.25,0,,0
LOLTMNT03_341450,LCK_20260125_HANJIN_BRION_vs_KT_Rolster_S1,3,2026-01-25 13:39:08+00:00,16.01,RED,HANJIN BRION,Zaahen,3,6,5,0.8333333333333334,6,0.8333333333333334,0,,0
LOLTMNT03_341450,LCK_20260125_HANJIN_BRION_vs_KT_Rolster_S1,3,2026-01-25 13:39:08+00:00,16.01,RED,HANJIN BRION,Miss Fortune,4,0,0,,0,,0,,0
LOLTMNT03_341450,LCK_20260125_HANJIN_BRION_vs_KT_Rolster_S1,3,2026-01-25 13:39:08+00:00,16.01,RED,HANJIN BRION,Leona,5,5,2,0.4,5,0.4,1,0.0,0
LOLTMNT01_326821,LCK_20260128_HANJIN_BRION_vs_Kiwoom_DRX_S1,1,2026-01-28 08:04:54+00:00,16.02,BLUE,Kiwoom DRX,Taliyah,1,17,5,0.29411764705882354,0,,2,0.5,1
LOLTMNT01_326821,LCK_20260128_HANJIN_BRION_vs_Kiwoom_DRX_S1,1,2026-01-28 08:04:54+00:00,16.02,BLUE,Kiwoom DRX,Yunara,2,17,6,0.35294117647058826,0,,2,0.0,1
LOLTMNT01_326821,LCK_20260128_HANJIN_BRION_vs_Kiwoom_DRX_S1,1,2026-01-28 08:04:54+00:00,16.02,BLUE,Kiwoom DRX,Gnar,3,10,4,0.4,0,,2,0.5,1
LOLTMNT01_326821,LCK_20260128_HANJIN_BRION_vs_Kiwoom_DRX_S1,1,2026-01-28 08:04:54+00:00,16.02,BLUE,Kiwoom DRX,Xin Zhao,4,16,7,0.4375,0,,2,0.0,1
LOLTMNT01_326821,LCK_20260128_HANJIN_BRION_vs_Kiwoom_DRX_S1,1,2026-01-28 08:04:54+00:00,16.02,BLUE,Kiwoom DRX,Bard,5,9,6,0.6666666666666666,0,,3,0.3333333333333333,1
LOLTMNT01_326821,LCK_20260128_HANJIN_BRION_vs_Kiwoom_DRX_S1,1,2026-01-28 08:04:54+00:00,16.02,RED,HANJIN BRION,Ryze,1,19,12,0.631578947368421,0,,3,0.3333333333333333,0
LOLTMNT01_326821,LCK_20260128_HANJIN_BRION_vs_Kiwoom_DRX_S1,1,2026-01-28 08:04:54+00:00,16.02,RED,HANJIN BRION,Pantheon,2,14,8,0.5714285714285714,0,,2,0.5,0
LOLTMNT01_326821,LCK_20260128_HANJIN_BRION_vs_Kiwoom_DRX_S1,1,2026-01-28 08:04:54+00:00,16.02,RED,HANJIN BRION,Renekton,3,13,7,0.5384615384615384,0,,2,0.0,0
LOLTMNT01_326821,LCK_20260128_HANJIN_BRION_vs_Kiwoom_DRX_S1,1,2026-01-28 08:04:54+00:00,16.02,RED,HANJIN BRION,Ezreal,4,10,5,0.5,0,,1,0.0,0
LOLTMNT01_326821,LCK_20260128_HANJIN_BRION_vs_Kiwoom_DRX_S1,1,2026-01-28 08:04:54+00:00,16.02,RED,HANJIN BRION,Braum,5,9,2,0.2222222222222222,0,,2,0.0,0
LOLTMNT01_326837,LCK_20260128_HANJIN_BRION_vs_Kiwoom_DRX_S1,2,2026-01-28 09:03:47+00:00,16.02,BLUE,Kiwoom DRX,Orianna,1,13,6,0.46153846153846156,0,,4,0.5,0
LOLTMNT01_326837,LCK_20260128_HANJIN_BRION_vs_Kiwoom_DRX_S1,2,2026-01-28 09:03:47+00:00,16.02,BLUE,Kiwoom DRX,Ambessa,2,14,8,0.5714285714285714,0,,1,1.0,0
LOLTMNT01_326837,LCK_20260128_HANJIN_BRION_vs_Kiwoom_DRX_S1,2,2026-01-28 09:03:47+00:00,16.02,BLUE,Kiwoom DRX,Neeko,3,11,6,0.5454545454545454,0,,1,1.0,0
LOLTMNT01_326837,LCK_20260128_HANJIN_BRION_vs_Kiwoom_DRX_S1,2,2026-01-28 09:03:47+00:00,16.02,BLUE,Kiwoom DRX,Kai'Sa,4,5,4,0.8,0,,1,1.0,0
LOLTMNT01_326837,LCK_20260128_HANJIN_BRION_vs_Kiwoom_DRX_S1,2,2026-01-28 09:03:47+00:00,16.02,BLUE,Kiwoom DRX,Vi,5,12,6,0.5,0,,2,0.5,0
LOLTMNT01_326837,LCK_20260128_HANJIN_BRION_vs_Kiwoom_DRX_S1,2,2026-01-28 09:03:47+00:00,16.02,RED,HANJIN BRION,Jarvan IV,1,15,9,0.6,0,,0,,1
LOLTMNT01_326837,LCK_20260128_HANJIN_BRION_vs_Kiwoom_DRX_S1,2,2026-01-28 09:03:47+00:00,16.02,RED,HANJIN BRION,Azir,2,12,7,0.5833333333333334,0,,0,,1
LOLTMNT01_326837,LCK_20260128_HANJIN_BRION_vs_Kiwoom_DRX_S1,2,2026-01-28 09:03:47+00:00,16.02,RED,HANJIN BRION,Gwen,3,10,7,0.7,0,,1,1.0,1
LOLTMNT01_326837,LCK_20260128_HANJIN_BRION_vs_Kiwoom_DRX_S1,2,2026-01-28 09:03:47+00:00,16.02,RED,HANJIN BRION,Sivir,4,6,4,0.6666666666666666,0,,0,,1
LOLTMNT01_326837,LCK_20260128_HANJIN_BRION_vs_Kiwoom_DRX_S1,2,2026-01-28 09:03:47+00:00,16.02,RED,HANJIN BRION,Karma,5,3,1,0.3333333333333333,0,,1,0.0,1
LOLTMNT01_327784,LCK_20260128_HANJIN_BRION_vs_Kiwoom_DRX_S1,3,2026-01-28 09:59:21+00:00,16.02,BLUE,HANJIN BRION,Aurora,1,9,3,0.3333333333333333,0,,0,,1
LOLTMNT01_327784,LCK_20260128_HANJIN_BRION_vs_Kiwoom_DRX_S1,3,2026-01-28 09:59:21+00:00,16.02,BLUE,HANJIN BRION,Aphelios,2,9,5,0.5555555555555556,0,,0,,1
LOLTMNT01_327784,LCK_20260128_HANJIN_BRION_vs_Kiwoom_DRX_S1,3,2026-01-28 09:59:21+00:00,16.02,BLUE,HANJIN BRION,Thresh,3,3,2,0.6666666666666666,0,,0,,1
LOLTMNT01_327784,LCK_20260128_HANJIN_BRION_vs_Kiwoom_DRX_S1,3,2026-01-28 09:59:21+00:00,16.02,BLUE,HANJIN BRION,Sylas,4,4,3,0.75,0,,0,,1
LOLTMNT01_327784,LCK_20260128_HANJIN_BRION_vs_Kiwoom_DRX_S1,3,2026-01-28 09:59:21+00:00,16.02,BLUE,HANJIN BRION,Trundle,5,2,2,1.0,0,,1,1.0,1
LOLTMNT01_327784,LCK_20260128_HANJIN_BRION_vs_Kiwoom_DRX_S1,3,2026-01-28 09:59:21+00:00,16.02,RED,Kiwoom DRX,Wukong,1,12,6,0.5,0,,0,,0
LOLTMNT01_327784,LCK_20260128_HANJIN_BRION_vs_Kiwoom_DRX_S1,3,2026-01-28 09:59:21+00:00,16.02,RED,Kiwoom DRX,Ahri,2,4,3,0.75,0,,0,,0
LOLTMNT01_327784,LCK_20260128_HANJIN_BRION_vs_Kiwoom_DRX_S1,3,2026-01-28 09:59:21+00:00,16.02,RED,Kiwoom DRX,Zaahen,3,7,5,0.7142857142857143,0,,0,,0
LOLTMNT01_327784,LCK_20260128_HANJIN_BRION_vs_Kiwoom_DRX_S1,3,2026-01-28 09:59:21+00:00,16.02,RED,Kiwoom DRX,Alistar,4,11,4,0.36363636363636365,0,,2,0.5,0
LOLTMNT01_327784,LCK_20260128_HANJIN_BRION_vs_Kiwoom_DRX_S1,3,2026-01-28 09:59:21+00:00,16.02,RED,Kiwoom DRX,Zeri,5,0,0,,0,,0,,0
LOLTMNT01_327799,LCK_20260128_HANJIN_BRION_vs_Kiwoom_DRX_S1,4,2026-01-28 10:54:21+00:00,16.02,BLUE,HANJIN BRION,Akali,1,6,2,0.3333333333333333,0,,0,,0
LOLTMNT01_327799,LCK_20260128_HANJIN_BRION_vs_Kiwoom_DRX_S1,4,2026-01-28 10:54:21+00:00,16.02,BLUE,HANJIN BRION,Sejuani,2,1,0,0.0,0,,0,,0
LOLTMNT01_327799,LCK_20260128_HANJIN_BRION_vs_Kiwoom_DRX_S1,4,2026-01-28 10:54:21+00:00,16.02,BLUE,HANJIN BRION,Yorick,3,0,0,,0,,0,,0
LOLTMNT01_327799,LCK_20260128_HANJIN_BRION_vs_Kiwoom_DRX_S1,4,2026-01-28 10:54:21+00:00,16.02,BLUE,HANJIN BRION,Kalista,4,4,3,0.75,0,,0,,0
LOLTMNT01_327799,LCK_20260128_HANJIN_BRION_vs_Kiwoom_DRX_S1,4,2026-01-28 10:54:21+00:00,16.02,BLUE,HANJIN BRION,Renata Glasc,5,4,3,0.75,0,,0,,0
LOLTMNT01_327799,LCK_20260128_HANJIN_BRION_vs_Kiwoom_DRX_S1,4,2026-01-28 10:54:21+00:00,16.02,RED,Kiwoom DRX,Malphite,1,2,0,0.0,0,,0,,1
LOLTMNT01_327799,LCK_20260128_HANJIN_BRION_vs_Kiwoom_DRX_S1,4,2026-01-28 10:54:21+00:00,16.02,RED,Kiwoom DRX,Xayah,2,1,1,1.0,0,,0,,1
LOLTMNT01_327799,LCK_20260128_HANJIN_BRION_vs_Kiwoom_DRX_S1,4,2026-01-28 10:54:21+00:00,16.02,RED,Kiwoom DRX,Rakan,3,9,7,0.7777777777777778,0,,0,,1
LOLTMNT01_327799,LCK_20260128_HANJIN_BRION_vs_Kiwoom_DRX_S1,4,2026-01-28 10:54:21+00:00,16.02,RED,Kiwoom DRX,Jax,4,2,1,0.5,0,,2,0.5,1
LOLTMNT01_327799,LCK_20260128_HANJIN_BRION_vs_Kiwoom_DRX_S1,4,2026-01-28 10:54:21+00:00,16.02,RED,Kiwoom DRX,Viktor,5,1,0,0.0,0,,0,,1
LOLTMNT01_326904,LCK_20260128_HANJIN_BRION_vs_Kiwoom_DRX_S1,5,2026-01-28 11:49:42+00:00,16.02,BLUE,Kiwoom DRX,Syndra,1,5,1,0.2,0,,1,0.0,1
LOLTMNT01_326904,LCK_20260128_HANJIN_BRION_vs_Kiwoom_DRX_S1,5,2026-01-28 11:49:42+00:00,16.02,BLUE,Kiwoom DRX,Nautilus,2,8,5,0.625,0,,0,,1
LOLTMNT01_326904,LCK_20260128_HANJIN_BRION_vs_Kiwoom_DRX_S1,5,2026-01-28 11:49:42+00:00,16.02,BLUE,Kiwoom DRX,Jhin,3,6,2,0.3333333333333333,0,,2,0.5,1
LOLTMNT01_326904,LCK_20260128_HANJIN_BRION_vs_Kiwoom_DRX_S1,5,2026-01-28 11:49:42+00:00,16.02,BLUE,Kiwoom DRX,Aatrox,4,4,0,0.0,0,,0,,1
LOLTMNT01_326904,LCK_20260128_HANJIN_BRION_vs_Kiwoom_DRX_S1,5,2026-01-28 11:49:42+00:00,16.02,BLUE,Kiwoom DRX,K'Sante,5,13,7,0.5384615384615384,0,,1,1.0,1
LOLTMNT01_326904,LCK_20260128_HANJIN_BRION_vs_Kiwoom_DRX_S1,5,2026-01-28 11:49:42+00:00,16.02,RED,HANJIN BRION,Zoe,1,4,3,0.75,0,,0,,0
LOLTMNT01_326904,LCK_20260128_HANJIN_BRION_vs_Kiwoom_DRX_S1,5,2026-01-28 11:49:42+00:00,16.02,RED,HANJIN BRION,Rell,2,4,1,0.25,0,,0,,0
LOLTMNT01_326904,LCK_20260128_HANJIN_BRION_vs_Kiwoom_DRX_S1,5,2026-01-28 11:49:42+00:00,16.02,RED,HANJIN BRION,Nocturne,3,8,4,0.5,0,,2,0.0,0
LOLTMNT01_326904,LCK_20260128_HANJIN_BRION_vs_Kiwoom_DRX_S1,5,2026-01-28 11:49:42+00:00,16.02,RED,HANJIN BRION,Tristana,4,0,0,,0,,0,,0
LOLTMNT01_326904,LCK_20260128_HANJIN_BRION_vs_Kiwoom_DRX_S1,5,2026-01-28 11:49:42+00:00,16.02,RED,HANJIN BRION,Sion,5,11,3,0.2727272727272727,0,,1,0.0,0
LOLTMNT01_331103,LCK_20260129_BNK_FEARX_vs_DN_SOOPers_S1,1,2026-01-29 08:07:19+00:00,16.02,BLUE,BNK FEARX,Azir,1,13,8,0.6153846153846154,1,1.0,1,1.0,1
LOLTMNT01_331103,LCK_20260129_BNK_FEARX_vs_DN_SOOPers_S1,1,2026-01-29 08:07:19+00:00,16.02,BLUE,BNK FEARX,Renekton,2,14,7,0.5,1,0.0,1,1.0,1
LOLTMNT01_331103,LCK_20260129_BNK_FEARX_vs_DN_SOOPers_S1,1,2026-01-29 08:07:19+00:00,16.02,BLUE,BNK FEARX,Vi,3,13,6,0.46153846153846156,1,0.0,0,,1
LOLTMNT01_331103,LCK_20260129_BNK_FEARX_vs_DN_SOOPers_S1,1,2026-01-29 08:07:19+00:00,16.02,BLUE,BNK FEARX,Lucian,4,9,3,0.3333333333333333,0,,1,1.0,1
LOLTMNT01_331103,LCK_20260129_BNK_FEARX_vs_DN_SOOPers_S1,1,2026-01-29 08:07:19+00:00,16.02,BLUE,BNK FEARX,Nami,5,7,4,0.5714285714285714,0,,0,,1
LOLTMNT01_331103,LCK_20260129_BNK_FEARX_vs_DN_SOOPers_S1,1,2026-01-29 08:07:19+00:00,16.02,RED,DN SOOPers,Orianna,1,14,6,0.42857142857142855,1,0.0,1,0.0,0
LOLTMNT01_331103,LCK_20260129_BNK_FEARX_vs_DN_SOOPers_S1,1,2026-01-29 08:07:19+00:00,16.02,RED,DN SOOPers,Jarvan IV,2,16,10,0.625,1,1.0,2,0.0,0
LOLTMNT01_331103,LCK_20260129_BNK_FEARX_vs_DN_SOOPers_S1,1,2026-01-29 08:07:19+00:00,16.02,RED,DN SOOPers,Yunara,3,18,7,0.3888888888888889,1,1.0,1,0.0,0
LOLTMNT01_331103,LCK_20260129_BNK_FEARX_vs_DN_SOOPers_S1,1,2026-01-29 08:07:19+00:00,16.02,RED,DN SOOPers,Lulu,4,8,4,0.5,0,,0,,0
LOLTMNT01_331103,LCK_20260129_BNK_FEARX_vs_DN_SOOPers_S1,1,2026-01-29 08:07:19+00:00,16.02,RED,DN SOOPers,Sion,5,12,3,0.25,1,0.0,2,0.0,0
LOLTMNT01_332133,LCK_20260129_BNK_FEARX_vs_DN_SOOPers_S1,2,2026-01-29 09:07:12+00:00,16.02,BLUE,BNK FEARX,Ryze,1,20,12,0.6,1,0.0,0,,1
LOLTMNT01_332133,LCK_20260129_BNK_FEARX_vs_DN_SOOPers_S1,2,2026-01-29 09:07:12+00:00,16.02,BLUE,BNK FEARX,Xin Zhao,2,17,8,0.47058823529411764,1,1.0,1,0.0,1
LOLTMNT01_332133,LCK_20260129_BNK_FEARX_vs_DN_SOOPers_S1,2,2026-01-29 09:07:12+00:00,16.02,BLUE,BNK FEARX,Bard,3,10,7,0.7,1,1.0,0,,1
LOLTMNT01_332133,LCK_20260129_BNK_FEARX_vs_DN_SOOPers_S1,2,2026-01-29 09:07:12+00:00,16.02,BLUE,BNK FEARX,Corki,4,14,10,0.7142857142857143,0,,0,,1
LOLTMNT01_332133,LCK_20260129_BNK_FEARX_vs_DN_SOOPers_S1,2,2026-01-29 09:07:12+00:00,16.02,BLUE,BNK FEARX,Kennen,5,4,3,0.75,0,,1,1.0,1
LOLTMNT01_332133,LCK_20260129_BNK_FEARX_vs_DN_SOOPers_S1,2,2026-01-29 09:07:12+00:00,16.02,RED,DN SOOPers,Ambessa,1,15,8,0.5333333333333333,1,0.0,1,0.0,0
LOLTMNT01_332133,LCK_20260129_BNK_FEARX_vs_DN_SOOPers_S1,2,2026-01-29 09:07:12+00:00,16.02,RED,DN SOOPers,Wukong,2,13,6,0.46153846153846156,1,0.0,3,0.6666666666666666,0
LOLTMNT01_332133,LCK_20260129_BNK_FEARX_vs_DN_SOOPers_S1,2,2026-01-29 09:07:12+00:00,16.02,RED,DN SOOPers,Taliyah,3,18,6,0.3333333333333333,1,1.0,1,0.0,0
LOLTMNT01_332133,LCK_20260129_BNK_FEARX_vs_DN_SOOPers_S1,2,2026-01-29 09:07:12+00:00,16.02,RED,DN SOOPers,Sivir,4,7,5,0.7142857142857143,1,1.0,1,0.0,0
LOLTMNT01_332133,LCK_20260129_BNK_FEARX_vs_DN_SOOPers_S1,2,2026-01-29 09:07:12+00:00,16.02,RED,DN SOOPers,Rakan,5,10,8,0.8,1,1.0,0,,0
LOLTMNT01_332152,LCK_20260129_BNK_FEARX_vs_DN_SOOPers_S1,3,2026-01-29 09:53:36+00:00,16.02,BLUE,BNK FEARX,Aurora,1,10,4,0.4,1,1.0,0,,0
LOLTMNT01_332152,LCK_20260129_BNK_FEARX_vs_DN_SOOPers_S1,3,2026-01-29 09:53:36+00:00,16.02,BLUE,BNK FEARX,Ezreal,2,11,5,0.45454545454545453,1,0.0,3,0.3333333333333333,0
LOLTMNT01_332152,LCK_20260129_BNK_FEARX_vs_DN_SOOPers_S1,3,2026-01-29 09:53:36+00:00,16.02,BLUE,BNK FEARX,Gnar,3,11,5,0.45454545454545453,1,1.0,1,0.0,0
LOLTMNT01_332152,LCK_20260129_BNK_FEARX_vs_DN_SOOPers_S1,3,2026-01-29 09:53:36+00:00,16.02,BLUE,BNK FEARX,Rell,4,5,1,0.2,1,0.0,1,0.0,0
LOLTMNT01_332152,LCK_20260129_BNK_FEARX_vs_DN_SOOPers_S1,3,2026-01-29 09:53:36+00:00,16.02,BLUE,BNK FEARX,Aatrox,5,5,1,0.2,1,1.0,1,0.0,0
LOLTMNT01_332152,LCK_20260129_BNK_FEARX_vs_DN_SOOPers_S1,3,2026-01-29 09:53:36+00:00,16.02,RED,DN SOOPers,Neeko,1,12,6,0.5,1,0.0,2,1.0,1
LOLTMNT01_332152,LCK_20260129_BNK_FEARX_vs_DN_SOOPers_S1,3,2026-01-29 09:53:36+00:00,16.02,RED,DN SOOPers,K'Sante,2,14,8,0.5714285714285714,1,1.0,2,1.0,1
LOLTMNT01_332152,LCK_20260129_BNK_FEARX_vs_DN_SOOPers_S1,3,2026-01-29 09:53:36+00:00,16.02,RED,DN SOOPers,Kai'Sa,3,6,4,0.6666666666666666,1,0.0,0,,1
LOLTMNT01_332152,LCK_20260129_BNK_FEARX_vs_DN_SOOPers_S1,3,2026-01-29 09:53:36+00:00,16.02,RED,DN SOOPers,Syndra,4,6,2,0.3333333333333333,1,1.0,1,0.0,1
LOLTMNT01_332152,LCK_20260129_BNK_FEARX_vs_DN_SOOPers_S1,3,2026-01-29 09:53:36+00:00,16.02,RED,DN SOOPers,Lee Sin,5,1,1,1.0,0,,1,1.0,1
LOLTMNT01_332170,LCK_20260129_BNK_FEARX_vs_DN_SOOPers_S1,4,2026-01-29 10:47:32+00:00,16.02,BLUE,DN SOOPers,Ziggs,1,5,1,0.2,0,,1,0.0,0
LOLTMNT01_332170,LCK_20260129_BNK_FEARX_vs_DN_SOOPers_S1,4,2026-01-29 10:47:32+00:00,16.02,BLUE,DN SOOPers,Pantheon,2,15,8,0.5333333333333333,1,0.0,1,1.0,0
LOLTMNT01_332170,LCK_20260129_BNK_FEARX_vs_DN_SOOPers_S1,4,2026-01-29 10:47:32+00:00,16.02,BLUE,DN SOOPers,Yone,3,2,1,0.5,0,,0,,0
LOLTMNT01_332170,LCK_20260129_BNK_FEARX_vs_DN_SOOPers_S1,4,2026-01-29 10:47:32+00:00,16.02,BLUE,DN SOOPers,Sejuani,4,2,0,0.0,1,0.0,0,,0
LOLTMNT01_332170,LCK_20260129_BNK_FEARX_vs_DN_SOOPers_S1,4,2026-01-29 10:47:32+00:00,16.02,BLUE,DN SOOPers,Rek'Sai,5,8,3,0.375,0,,2,0.0,0
LOLTMNT01_332170,LCK_20260129_BNK_FEARX_vs_DN_SOOPers_S1,4,2026-01-29 10:47:32+00:00,16.02,RED,BNK FEARX,Jayce,1,4,2,0.5,0,,0,,1
LOLTMNT01_332170,LCK_20260129_BNK_FEARX_vs_DN_SOOPers_S1,4,2026-01-29 10:47:32+00:00,16.02,RED,BNK FEARX,Jhin,2,7,3,0.42857142857142855,1,1.0,0,,1
LOLTMNT01_332170,LCK_20260129_BNK_FEARX_vs_DN_SOOPers_S1,4,2026-01-29 10:47:32+00:00,16.02,RED,BNK FEARX,Leona,3,6,2,0.3333333333333333,0,,1,0.0,1
LOLTMNT01_332170,LCK_20260129_BNK_FEARX_vs_DN_SOOPers_S1,4,2026-01-29 10:47:32+00:00,16.02,RED,BNK FEARX,Jax,4,3,2,0.6666666666666666,1,1.0,0,,1
LOLTMNT01_332170,LCK_20260129_BNK_FEARX_vs_DN_SOOPers_S1,4,2026-01-29 10:47:32+00:00,16.02,RED,BNK FEARX,Lillia,5,0,0,,0,,0,,1
LOLTMNT01_331607,LCK_20260130_KT_Rolster_vs_Nongshim_RedForce_S1,1,2026-01-30 08:05:48+00:00,16.02,BLUE,KT Rolster,Taliyah,1,19,6,0.3157894736842105,2,0.5,4,0.25,0
LOLTMNT01_331607,LCK_20260130_KT_Rolster_vs_Nongshim_RedForce_S1,1,2026-01-30 08:05:48+00:00,16.02,BLUE,KT Rolster,Vi,2,14,7,0.5,2,0.5,1,0.0,0
LOLTMNT01_331607,LCK_20260130_KT_Rolster_vs_Nongshim_RedForce_S1,1,2026-01-30 08:05:48+00:00,16.02,BLUE,KT Rolster,Ambessa,3,16,8,0.5,2,0.0,0,,0
LOLTMNT01_331607,LCK_20260130_KT_Rolster_vs_Nongshim_RedForce_S1,1,2026-01-30 08:05:48+00:00,16.02,BLUE,KT Rolster,Corki,4,15,11,0.7333333333333333,1,1.0,0,,0
LOLTMNT01_331607,LCK_20260130_KT_Rolster_vs_Nongshim_RedForce_S1,1,2026-01-30 08:05:48+00:00,16.02,BLUE,KT Rolster,Nautilus,5,9,6,0.6666666666666666,1,1.0,2,0.5,0
LOLTMNT01_331607,LCK_20260130_KT_Rolster_vs_Nongshim_RedForce_S1,1,2026-01-30 08:05:48+00:00,16.02,RED,Nongshim RedForce,Yunara,1,19,7,0.3684210526315789,2,0.5,3,0.6666666666666666,1
LOLTMNT01_331607,LCK_20260130_KT_Rolster_vs_Nongshim_RedForce_S1,1,2026-01-30 08:05:48+00:00,16.02,RED,Nongshim RedForce,Pantheon,2,16,8,0.5,2,0.0,2,0.5,1
LOLTMNT01_331607,LCK_20260130_KT_Rolster_vs_Nongshim_RedForce_S1,1,2026-01-30 08:05:48+00:00,16.02,RED,Nongshim RedForce,Ryze,3,21,13,0.6190476190476191,2,0.5,0,,1
LOLTMNT01_331607,LCK_20260130_KT_Rolster_vs_Nongshim_RedForce_S1,1,2026-01-30 08:05:48+00:00,16.02,RED,Nongshim RedForce,Neeko,4,13,7,0.5384615384615384,2,0.5,2,0.5,1
LOLTMNT01_331607,LCK_20260130_KT_Rolster_vs_Nongshim_RedForce_S1,1,2026-01-30 08:05:48+00:00,16.02,RED,Nongshim RedForce,Aatrox,5,6,1,0.16666666666666666,2,0.5,0,,1
LOLTMNT01_332667,LCK_20260130_KT_Rolster_vs_Nongshim_RedForce_S1,2,2026-01-30 08:56:59+00:00,16.02,BLUE,Nongshim RedForce,Xin Zhao,1,18,9,0.5,2,1.0,1,0.0,1
LOLTMNT01_332667,LCK_20260130_KT_Rolster_vs_Nongshim_RedForce_S1,2,2026-01-30 08:56:59+00:00,16.02,BLUE,Nongshim RedForce,Orianna,2,15,6,0.4,2,0.0,2,0.5,1
LOLTMNT01_332667,LCK_20260130_KT_Rolster_vs_Nongshim_RedForce_S1,2,2026-01-30 08:56:59+00:00,16.02,BLUE,Nongshim RedForce,Gnar,3,12,5,0.4166666666666667,2,0.5,1,0.0,1
LOLTMNT01_332667,LCK_20260130_KT_Rolster_vs_Nongshim_RedForce_S1,2,2026-01-30 08:56:59+00:00,16.02,BLUE,Nongshim RedForce,Kalista,4,5,3,0.6,1,0.0,2,0.5,1
LOLTMNT01_332667,LCK_20260130_KT_Rolster_vs_Nongshim_RedForce_S1,2,2026-01-30 08:56:59+00:00,16.02,BLUE,Nongshim RedForce,Renata Glasc,5,5,3,0.6,1,0.0,2,0.5,1
LOLTMNT01_332667,LCK_20260130_KT_Rolster_vs_Nongshim_RedForce_S1,2,2026-01-30 08:56:59+00:00,16.02,RED,KT Rolster,Azir,1,14,9,0.6428571428571429,2,1.0,1,0.0,0
LOLTMNT01_332667,LCK_20260130_KT_Rolster_vs_Nongshim_RedForce_S1,2,2026-01-30 08:56:59+00:00,16.02,RED,KT Rolster,Wukong,2,14,6,0.42857142857142855,2,0.0,3,0.3333333333333333,0
LOLTMNT01_332667,LCK_20260130_KT_Rolster_vs_Nongshim_RedForce_S1,2,2026-01-30 08:56:59+00:00,16.02,RED,KT Rolster,Renekton,3,15,8,0.5333333333333333,2,0.5,3,0.3333333333333333,0
LOLTMNT01_332667,LCK_20260130_KT_Rolster_vs_Nongshim_RedForce_S1,2,2026-01-30 08:56:59+00:00,16.02,RED,KT Rolster,Ezreal,4,12,5,0.4166666666666667,2,0.0,1,0.0,0
LOLTMNT01_332667,LCK_20260130_KT_Rolster_vs_Nongshim_RedForce_S1,2,2026-01-30 08:56:59+00:00,16.02,RED,KT Rolster,Karma,5,4,2,0.5,1,1.0,0,,0
LOLTMNT01_331640,LCK_20260130_KT_Rolster_vs_Nongshim_RedForce_S1,3,2026-01-30 09:57:18+00:00,16.02,BLUE,Nongshim RedForce,Malphite,1,3,1,0.3333333333333333,1,1.0,1,0.0,0
LOLTMNT01_331640,LCK_20260130_KT_Rolster_vs_Nongshim_RedForce_S1,3,2026-01-30 09:57:18+00:00,16.02,BLUE,Nongshim RedForce,Jinx,2,0,0,,0,,0,,0
LOLTMNT01_331640,LCK_20260130_KT_Rolster_vs_Nongshim_RedForce_S1,3,2026-01-30 09:57:18+00:00,16.02,BLUE,Nongshim RedForce,Lulu,3,9,4,0.4444444444444444,1,0.0,0,,0
LOLTMNT01_331640,LCK_20260130_KT_Rolster_vs_Nongshim_RedForce_S1,3,2026-01-30 09:57:18+00:00,16.02,BLUE,Nongshim RedForce,Yone,4,3,1,0.3333333333333333,1,0.0,0,,0
LOLTMNT01_331640,LCK_20260130_KT_Rolster_vs_Nongshim_RedForce_S1,3,2026-01-30 09:57:18+00:00,16.02,BLUE,Nongshim RedForce,K'Sante,5,15,9,0.6,2,1.0,0,,0
LOLTMNT01_331640,LCK_20260130_KT_Rolster_vs_Nongshim_RedForce_S1,3,2026-01-30 09:57:18+00:00,16.02,RED,KT Rolster,Aphelios,1,10,6,0.6,1,1.0,1,1.0,1
LOLTMNT01_331640,LCK_20260130_KT_Rolster_vs_Nongshim_RedForce_S1,3,2026-01-30 09:57:18+00:00,16.02,RED,KT Rolster,Dr. Mundo,2,3,2,0.6666666666666666,0,,1,1.0,1
LOLTMNT01_331640,LCK_20260130_KT_Rolster_vs_Nongshim_RedForce_S1,3,2026-01-30 09:57:18+00:00,16.02,RED,KT Rolster,Blitzcrank,3,0,0,,0,,0,,1
LOLTMNT01_331640,LCK_20260130_KT_Rolster_vs_Nongshim_RedForce_S1,3,2026-01-30 09:57:18+00:00,16.02,RED,KT Rolster,Zaahen,4,8,5,0.625,1,0.0,0,,1
LOLTMNT01_331640,LCK_20260130_KT_Rolster_vs_Nongshim_RedForce_S1,3,2026-01-30 09:57:18+00:00,16.02,RED,KT Rolster,Ahri,5,5,3,0.6,1,0.0,0,,1
LOLTMNT01_331650,LCK_20260130_KT_Rolster_vs_Nongshim_RedForce_S1,4,2026-01-30 10:47:33+00:00,16.02,BLUE,KT Rolster,Lucian,1,10,4,0.4,1,1.0,2,0.5,1
LOLTMNT01_331650,LCK_20260130_KT_Rolster_vs_Nongshim_RedForce_S1,4,2026-01-30 10:47:33+00:00,16.02,BLUE,KT Rolster,Akali,2,7,2,0.2857142857142857,1,0.0,1,0.0,1
LOLTMNT01_331650,LCK_20260130_KT_Rolster_vs_Nongshim_RedForce_S1,4,2026-01-30 10:47:33+00:00,16.02,BLUE,KT Rolster,Braum,3,10,2,0.2,1,0.0,2,0.5,1
LOLTMNT01_331650,LCK_20260130_KT_Rolster_vs_Nongshim_RedForce_S1,4,2026-01-30 10:47:33+00:00,16.02,BLUE,KT Rolster,Jax,4,4,3,0.75,2,1.0,0,,1
LOLTMNT01_331650,LCK_20260130_KT_Rolster_vs_Nongshim_RedForce_S1,4,2026-01-30 10:47:33+00:00,16.02,BLUE,KT Rolster,Rek'Sai,5,9,3,0.3333333333333333,1,0.0,2,0.5,1
LOLTMNT01_331650,LCK_20260130_KT_Rolster_vs_Nongshim_RedForce_S1,4,2026-01-30 10:47:33+00:00,16.02,RED,Nongshim RedForce,Jarvan IV,1,17,10,0.5882352941176471,2,0.5,2,1.0,0
LOLTMNT01_331650,LCK_20260130_KT_Rolster_vs_Nongshim_RedForce_S1,4,2026-01-30 10:47:33+00:00,16.02,RED,Nongshim RedForce,Caitlyn,2,1,0,0.0,0,,1,0.0,0
LOLTMNT01_331650,LCK_20260130_KT_Rolster_vs_Nongshim_RedForce_S1,4,2026-01-30 10:47:33+00:00,16.02,RED,Nongshim RedForce,Galio,3,3,2,0.6666666666666666,0,,0,,0
LOLTMNT01_331650,LCK_20260130_KT_Rolster_vs_Nongshim_RedForce_S1,4,2026-01-30 10:47:33+00:00,16.02,RED,Nongshim RedForce,Tahm Kench,4,0,0,,0,,0,,0
LOLTMNT01_331650,LCK_20260130_KT_Rolster_vs_Nongshim_RedForce_S1,4,2026-01-30 10:47:33+00:00,16.02,RED,Nongshim RedForce,Gragas,5,1,0,0.0,0,,0,,0
LOLTMNT01_332727,LCK_20260130_KT_Rolster_vs_Nongshim_RedForce_S1,5,2026-01-30 11:49:42+00:00,16.02,BLUE,KT Rolster,Nocturne,1,9,4,0.4444444444444444,1,0.0,0,,0
LOLTMNT01_332727,LCK_20260130_KT_Rolster_vs_Nongshim_RedForce_S1,5,2026-01-30 11:49:42+00:00,16.02,BLUE,KT Rolster,Sion,2,13,3,0.23076923076923078,2,0.0,0,,0
LOLTMNT01_332727,LCK_20260130_KT_Rolster_vs_Nongshim_RedForce_S1,5,2026-01-30 11:49:42+00:00,16.02,BLUE,KT Rolster,Rakan,3,11,8,0.7272727272727273,2,0.5,1,0.0,0
LOLTMNT01_332727,LCK_20260130_KT_Rolster_vs_Nongshim_RedForce_S1,5,2026-01-30 11:49:42+00:00,16.02,BLUE,KT Rolster,Miss Fortune,4,1,0,0.0,0,,0,,0
LOLTMNT01_332727,LCK_20260130_KT_Rolster_vs_Nongshim_RedForce_S1,5,2026-01-30 11:49:42+00:00,16.02,BLUE,KT Rolster,Syndra,5,7,3,0.42857142857142855,2,1.0,0,,0
LOLTMNT01_332727,LCK_20260130_KT_Rolster_vs_Nongshim_RedForce_S1,5,2026-01-30 11:49:42+00:00,16.02,RED,Nongshim RedForce,Aurora,1,11,4,0.36363636363636365,2,0.5,2,1.0,1
LOLTMNT01_332727,LCK_20260130_KT_Rolster_vs_Nongshim_RedForce_S1,5,2026-01-30 11:49:42+00:00,16.02,RED,Nongshim RedForce,Kai'Sa,2,7,5,0.7142857142857143,2,0.5,0,,1
LOLTMNT01_332727,LCK_20260130_KT_Rolster_vs_Nongshim_RedForce_S1,5,2026-01-30 11:49:42+00:00,16.02,RED,Nongshim RedForce,Trundle,3,3,3,1.0,1,1.0,0,,1
LOLTMNT01_332727,LCK_20260130_KT_Rolster_vs_Nongshim_RedForce_S1,5,2026-01-30 11:49:42+00:00,16.02,RED,Nongshim RedForce,Shen,4,0,0,,0,,0,,1
LOLTMNT01_332727,LCK_20260130_KT_Rolster_vs_Nongshim_RedForce_S1,5,2026-01-30 11:49:42+00:00,16.02,RED,Nongshim RedForce,Olaf,5,0,0,,0,,0,,1
LOLTMNT01_334295,LCK_20260131_Dplus_Kia_vs_T1_S1,1,2026-01-31 08:17:53+00:00,16.02,BLUE,Dplus Kia,Rumble,1,8,5,0.625,0,,1,1.0,0
LOLTMNT01_334295,LCK_20260131_Dplus_Kia_vs_T1_S1,1,2026-01-31 08:17:53+00:00,16.02,BLUE,Dplus Kia,Orianna,2,16,7,0.4375,3,0.3333333333333333,0,,0
LOLTMNT01_334295,LCK_20260131_Dplus_Kia_vs_T1_S1,1,2026-01-31 08:17:53+00:00,16.02,BLUE,Dplus Kia,Xin Zhao,3,19,10,0.5263157894736842,3,1.0,1,1.0,0
LOLTMNT01_334295,LCK_20260131_Dplus_Kia_vs_T1_S1,1,2026-01-31 08:17:53+00:00,16.02,BLUE,Dplus Kia,Ezreal,4,13,5,0.38461538461538464,3,0.0,1,1.0,0
LOLTMNT01_334295,LCK_20260131_Dplus_Kia_vs_T1_S1,1,2026-01-31 08:17:53+00:00,16.02,BLUE,Dplus Kia,Karma,5,5,2,0.4,2,0.5,1,1.0,0
LOLTMNT01_334295,LCK_20260131_Dplus_Kia_vs_T1_S1,1,2026-01-31 08:17:53+00:00,16.02,RED,T1,Azir,1,15,9,0.6,3,0.6666666666666666,2,1.0,1
LOLTMNT01_334295,LCK_20260131_Dplus_Kia_vs_T1_S1,1,2026-01-31 08:17:53+00:00,16.02,RED,T1,Ambessa,2,17,8,0.47058823529411764,3,0.0,1,0.0,1
LOLTMNT01_334295,LCK_20260131_Dplus_Kia_vs_T1_S1,1,2026-01-31 08:17:53+00:00,16.02,RED,T1,Jarvan IV,3,18,10,0.5555555555555556,3,0.3333333333333333,1,1.0,1
LOLTMNT01_334295,LCK_20260131_Dplus_Kia_vs_T1_S1,1,2026-01-31 08:17:53+00:00,16.02,RED,T1,Neeko,4,14,8,0.5714285714285714,3,0.6666666666666666,1,0.0,1
LOLTMNT01_334295,LCK_20260131_Dplus_Kia_vs_T1_S1,1,2026-01-31 08:17:53+00:00,16.02,RED,T1,Jhin,5,8,4,0.5,2,1.0,0,,1
LOLTMNT01_334313,LCK_20260131_Dplus_Kia_vs_T1_S1,2,2026-01-31 09:15:38+00:00,16.02,BLUE,T1,Vi,1,15,7,0.4666666666666667,3,0.3333333333333333,2,1.0,1
LOLTMNT01_334313,LCK_20260131_Dplus_Kia_vs_T1_S1,2,2026-01-31 09:15:38+00:00,16.02,BLUE,T1,Ryze,2,22,14,0.6363636363636364,3,0.6666666666666666,4,0.5,1
LOLTMNT01_334313,LCK_20260131_Dplus_Kia_vs_T1_S1,2,2026-01-31 09:15:38+00:00,16.02,BLUE,T1,Sion,3,14,3,0.21428571428571427,3,0.0,0,,1
LOLTMNT01_334313,LCK_20260131_Dplus_Kia_vs_T1_S1,2,2026-01-31 09:15:38+00:00,16.02,BLUE,T1,Kai'Sa,4,8,6,0.75,3,0.6666666666666666,2,0.5,1
LOLTMNT01_334313,LCK_20260131_Dplus_Kia_vs_T1_S1,2,2026-01-31 09:15:38+00:00,16.02,BLUE,T1,Nautilus,5,10,6,0.6,2,0.5,0,,1
LOLTMNT01_334313,LCK_20260131_Dplus_Kia_vs_T1_S1,2,2026-01-31 09:15:38+00:00,16.02,RED,Dplus Kia,Wukong,1,15,6,0.4,3,0.0,0,,0
LOLTMNT01_334313,LCK_20260131_Dplus_Kia_vs_T1_S1,2,2026-01-31 09:15:38+00:00,16.02,RED,Dplus Kia,Corki,2,16,11,0.6875,2,0.5,1,0.0,0
LOLTMNT01_334313,LCK_20260131_Dplus_Kia_vs_T1_S1,2,2026-01-31 09:15:38+00:00,16.02,RED,Dplus Kia,Anivia,3,2,2,1.0,0,,0,,0
LOLTMNT01_334313,LCK_20260131_Dplus_Kia_vs_T1_S1,2,2026-01-31 09:15:38+00:00,16.02,RED,Dplus Kia,Zaahen,4,9,6,0.6666666666666666,2,0.5,1,1.0,0
LOLTMNT01_334313,LCK_20260131_Dplus_Kia_vs_T1_S1,2,2026-01-31 09:15:38+00:00,16.02,RED,Dplus Kia,Alistar,5,12,4,0.3333333333333333,1,0.0,0,,0
LOLTMNT01_333373,LCK_20260131_Dplus_Kia_vs_T1_S1,3,2026-01-31 10:06:58+00:00,16.02,BLUE,T1,Varus,1,12,6,0.5,0,,0,,1
LOLTMNT01_333373,LCK_20260131_Dplus_Kia_vs_T1_S1,3,2026-01-31 10:06:58+00:00,16.02,BLUE,T1,Nocturne,2,10,4,0.4,2,0.0,2,1.0,1
LOLTMNT01_333373,LCK_20260131_Dplus_Kia_vs_T1_S1,3,2026-01-31 10:06:58+00:00,16.02,BLUE,T1,Galio,3,4,2,0.5,1,0.0,1,1.0,1
LOLTMNT01_333373,LCK_20260131_Dplus_Kia_vs_T1_S1,3,2026-01-31 10:06:58+00:00,16.02,BLUE,T1,Kennen,4,5,4,0.8,1,1.0,0,,1
LOLTMNT01_333373,LCK_20260131_Dplus_Kia_vs_T1_S1,3,2026-01-31 10:06:58+00:00,16.02,BLUE,T1,Rell,5,6,1,0.16666666666666666,2,0.0,0,,1
LOLTMNT01_333373,LCK_20260131_Dplus_Kia_vs_T1_S1,3,2026-01-31 10:06:58+00:00,16.02,RED,Dplus Kia,Pantheon,1,17,9,0.5294117647058824,3,0.3333333333333333,1,1.0,0
LOLTMNT01_333373,LCK_20260131_Dplus_Kia_vs_T1_S1,3,2026-01-31 10:06:58+00:00,16.02,RED,Dplus Kia,Lucian,2,11,5,0.45454545454545453,2,1.0,1,1.0,0
LOLTMNT01_333373,LCK_20260131_Dplus_Kia_vs_T1_S1,3,2026-01-31 10:06:58+00:00,16.02,RED,Dplus Kia,Nami,3,8,5,0.625,1,1.0,2,0.5,0
LOLTMNT01_333373,LCK_20260131_Dplus_Kia_vs_T1_S1,3,2026-01-31 10:06:58+00:00,16.02,RED,Dplus Kia,Ahri,4,6,4,0.6666666666666666,2,0.5,0,,0
LOLTMNT01_333373,LCK_20260131_Dplus_Kia_vs_T1_S1,3,2026-01-31 10:06:58+00:00,16.02,RED,Dplus Kia,Yorick,5,1,0,0.0,1,0.0,0,,0
LOLTMNT01_336016,LCK_20260201_Gen_G_vs_Hanwha_Life_Esports_S1,1,2026-02-01 08:08:08+00:00,16.02,BLUE,Gen.G,Neeko,1,15,9,0.6,4,0.75,0,,1
LOLTMNT01_336016,LCK_20260201_Gen_G_vs_Hanwha_Life_Esports_S1,1,2026-02-01 08:08:08+00:00,16.02,BLUE,Gen.G,Vi,2,16,8,0.5,4,0.5,0,,1
LOLTMNT01_336016,LCK_20260201_Gen_G_vs_Hanwha_Life_Esports_S1,1,2026-02-01 08:08:08+00:00,16.02,BLUE,Gen.G,Yunara,3,20,8,0.4,3,0.6666666666666666,1,1.0,1
LOLTMNT01_336016,LCK_20260201_Gen_G_vs_Hanwha_Life_Esports_S1,1,2026-02-01 08:08:08+00:00,16.02,BLUE,Gen.G,Aurora,4,12,5,0.4166666666666667,3,0.6666666666666666,0,,1
LOLTMNT01_336016,LCK_20260201_Gen_G_vs_Hanwha_Life_Esports_S1,1,2026-02-01 08:08:08+00:00,16.02,BLUE,Gen.G,Yone,5,4,1,0.25,2,0.0,1,1.0,1
LOLTMNT01_336016,LCK_20260201_Gen_G_vs_Hanwha_Life_Esports_S1,1,2026-02-01 08:08:08+00:00,16.02,RED,Hanwha Life Esports,Azir,1,16,10,0.625,4,0.75,4,0.5,0
LOLTMNT01_336016,LCK_20260201_Gen_G_vs_Hanwha_Life_Esports_S1,1,2026-02-01 08:08:08+00:00,16.02,RED,Hanwha Life Esports,Corki,2,17,11,0.6470588235294118,3,0.3333333333333333,2,0.5,0
LOLTMNT01_336016,LCK_20260201_Gen_G_vs_Hanwha_Life_Esports_S1,1,2026-02-01 08:08:08+00:00,16.02,RED,Hanwha Life Esports,Xin Zhao,3,20,10,0.5,4,0.75,2,0.5,0
LOLTMNT01_336016,LCK_20260201_Gen_G_vs_Hanwha_Life_Esports_S1,1,2026-02-01 08:08:08+00:00,16.02,RED,Hanwha Life Esports,Rakan,4,12,8,0.6666666666666666,3,0.3333333333333333,3,0.6666666666666666,0
LOLTMNT01_336016,LCK_20260201_Gen_G_vs_Hanwha_Life_Esports_S1,1,2026-02-01 08:08:08+00:00,16.02,RED,Hanwha Life Esports,K'Sante,5,16,9,0.5625,3,0.6666666666666666,0,,0
LOLTMNT01_336021,LCK_20260201_Gen_G_vs_Hanwha_Life_Esports_S1,2,2026-02-01 09:10:50+00:00,16.02,BLUE,Gen.G,Aatrox,1,7,2,0.2857142857142857,3,0.6666666666666666,0,,1
LOLTMNT01_336021,LCK_20260201_Gen_G_vs_Hanwha_Life_Esports_S1,2,2026-02-01 09:10:50+00:00,16.02,BLUE,Gen.G,Galio,2,5,3,0.6,2,0.5,1,1.0,1
LOLTMNT01_336021,LCK_20260201_Gen_G_vs_Hanwha_Life_Esports_S1,2,2026-02-01 09:10:50+00:00,16.02,BLUE,Gen.G,Gnar,3,13,6,0.46153846153846156,3,0.6666666666666666,0,,1
LOLTMNT01_336021,LCK_20260201_Gen_G_vs_Hanwha_Life_Esports_S1,2,2026-02-01 09:10:50+00:00,16.02,BLUE,Gen.G,Jhin,4,9,5,0.5555555555555556,3,1.0,1,1.0,1
LOLTMNT01_336021,LCK_20260201_Gen_G_vs_Hanwha_Life_Esports_S1,2,2026-02-01 09:10:50+00:00,16.02,BLUE,Gen.G,Bard,5,11,8,0.7272727272727273,2,1.0,1,1.0,1
LOLTMNT01_336021,LCK_20260201_Gen_G_vs_Hanwha_Life_Esports_S1,2,2026-02-01 09:10:50+00:00,16.02,RED,Hanwha Life Esports,Orianna,1,17,7,0.4117647058823529,4,0.25,0,,0
LOLTMNT01_336021,LCK_20260201_Gen_G_vs_Hanwha_Life_Esports_S1,2,2026-02-01 09:10:50+00:00,16.02,RED,Hanwha Life Esports,Renekton,2,16,8,0.5,3,0.3333333333333333,1,1.0,0
LOLTMNT01_336021,LCK_20260201_Gen_G_vs_Hanwha_Life_Esports_S1,2,2026-02-01 09:10:50+00:00,16.02,RED,Hanwha Life Esports,Jarvan IV,3,19,11,0.5789473684210527,4,0.5,2,0.5,0
LOLTMNT01_336021,LCK_20260201_Gen_G_vs_Hanwha_Life_Esports_S1,2,2026-02-01 09:10:50+00:00,16.02,RED,Hanwha Life Esports,Miss Fortune,4,2,0,0.0,1,0.0,0,,0
LOLTMNT01_336021,LCK_20260201_Gen_G_vs_Hanwha_Life_Esports_S1,2,2026-02-01 09:10:50+00:00,16.02,RED,Hanwha Life Esports,Rell,5,7,2,0.2857142857142857,3,0.3333333333333333,0,,0
LOLTMNT01_335069,LCK_20260201_Gen_G_vs_Hanwha_Life_Esports_S1,3,2026-02-01 10:09:06+00:00,16.02,BLUE,Gen.G,Pantheon,1,18,9,0.5,4,0.25,1,1.0,1
LOLTMNT01_335069,LCK_20260201_Gen_G_vs_Hanwha_Life_Esports_S1,3,2026-02-01 10:09:06+00:00,16.02,BLUE,Gen.G,Ornn,2,0,0,,0,,0,,1
LOLTMNT01_335069,LCK_20260201_Gen_G_vs_Hanwha_Life_Esports_S1,3,2026-02-01 10:09:06+00:00,16.02,BLUE,Gen.G,Cassiopeia,3,2,0,0.0,0,,0,,1
LOLTMNT01_335069,LCK_20260201_Gen_G_vs_Hanwha_Life_Esports_S1,3,2026-02-01 10:09:06+00:00,16.02,BLUE,Gen.G,Aphelios,4,11,7,0.6363636363636364,2,1.0,0,,1
LOLTMNT01_335069,LCK_20260201_Gen_G_vs_Hanwha_Life_Esports_S1,3,2026-02-01 10:09:06+00:00,16.02,BLUE,Gen.G,Thresh,5,4,3,0.75,1,1.0,0,,1
LOLTMNT01_335069,LCK_20260201_Gen_G_vs_Hanwha_Life_Esports_S1,3,2026-02-01 10:09:06+00:00,16.02,RED,Hanwha Life Esports,Rumble,1,9,5,0.5555555555555556,1,0.0,1,1.0,0
LOLTMNT01_335069,LCK_20260201_Gen_G_vs_Hanwha_Life_Esports_S1,3,2026-02-01 10:09:06+00:00,16.02,RED,Hanwha Life Esports,Ryze,2,23,15,0.6521739130434783,4,0.75,2,0.5,0
LOLTMNT01_335069,LCK_20260201_Gen_G_vs_Hanwha_Life_Esports_S1,3,2026-02-01 10:09:06+00:00,16.02,RED,Hanwha Life Esports,Trundle,3,4,4,1.0,2,1.0,1,1.0,0
LOLTMNT01_335069,LCK_20260201_Gen_G_vs_Hanwha_Life_Esports_S1,3,2026-02-01 10:09:06+00:00,16.02,RED,Hanwha Life Esports,Alistar,4,13,4,0.3076923076923077,2,0.0,2,1.0,0
LOLTMNT01_335069,LCK_20260201_Gen_G_vs_Hanwha_Life_Esports_S1,3,2026-02-01 10:09:06+00:00,16.02,RED,Hanwha Life Esports,Sivir,5,8,5,0.625,2,0.5,1,1.0,0
LOLTMNT01_338397,LCK_20260206_HANJIN_BRION_vs_Kiwoom_DRX_S2,1,2026-02-06 08:05:10+00:00,16.02,BLUE,HANJIN BRION,Rumble,1,10,5,0.5,2,0.0,0,,0
LOLTMNT01_338397,LCK_20260206_HANJIN_BRION_vs_Kiwoom_DRX_S2,1,2026-02-06 08:05:10+00:00,16.02,BLUE,HANJIN BRION,Pantheon,2,19,10,0.5263157894736842,5,0.4,3,0.3333333333333333,0
LOLTMNT01_338397,LCK_20260206_HANJIN_BRION_vs_Kiwoom_DRX_S2,1,2026-02-06 08:05:10+00:00,16.02,BLUE,HANJIN BRION,Corki,3,18,11,0.6111111111111112,4,0.25,2,1.0,0
LOLTMNT01_338397,LCK_20260206_HANJIN_BRION_vs_Kiwoom_DRX_S2,1,2026-02-06 08:05:10+00:00,16.02,BLUE,HANJIN BRION,Alistar,4,14,4,0.2857142857142857,3,0.0,0,,0
LOLTMNT01_338397,LCK_20260206_HANJIN_BRION_vs_Kiwoom_DRX_S2,1,2026-02-06 08:05:10+00:00,16.02,BLUE,HANJIN BRION,Ryze,5,24,15,0.625,5,0.6,4,0.25,0
LOLTMNT01_338397,LCK_20260206_HANJIN_BRION_vs_Kiwoom_DRX_S2,1,2026-02-06 08:05:10+00:00,16.02,RED,Kiwoom DRX,Orianna,1,18,7,0.3888888888888889,5,0.2,5,0.4,1
LOLTMNT01_338397,LCK_20260206_HANJIN_BRION_vs_Kiwoom_DRX_S2,1,2026-02-06 08:05:10+00:00,16.02,RED,Kiwoom DRX,Xin Zhao,2,21,10,0.47619047619047616,5,0.6,3,0.3333333333333333,1
LOLTMNT01_338397,LCK_20260206_HANJIN_BRION_vs_Kiwoom_DRX_S2,1,2026-02-06 08:05:10+00:00,16.02,RED,Kiwoom DRX,Yunara,3,21,9,0.42857142857142855,4,0.75,3,0.3333333333333333,1
LOLTMNT01_338397,LCK_20260206_HANJIN_BRION_vs_Kiwoom_DRX_S2,1,2026-02-06 08:05:10+00:00,16.02,RED,Kiwoom DRX,Nautilus,4,11,7,0.6363636363636364,3,0.6666666666666666,1,1.0,1
LOLTMNT01_338397,LCK_20260206_HANJIN_BRION_vs_Kiwoom_DRX_S2,1,2026-02-06 08:05:10+00:00,16.02,RED,Kiwoom DRX,Ambessa,5,18,9,0.5,4,0.25,2,0.5,1
LOLTMNT01_338416,LCK_20260206_HANJIN_BRION_vs_Kiwoom_DRX_S2,2,2026-02-06 08:50:09+00:00,16.02,BLUE,Kiwoom DRX,Azir,1,17,10,0.5882352941176471,5,0.6,0,,0
LOLTMNT01_338416,LCK_20260206_HANJIN_BRION_vs_Kiwoom_DRX_S2,2,2026-02-06 08:50:09+00:00,16.02,BLUE,Kiwoom DRX,Jarvan IV,2,20,11,0.55,5,0.4,2,0.0,0
LOLTMNT01_338416,LCK_20260206_HANJIN_BRION_vs_Kiwoom_DRX_S2,2,2026-02-06 08:50:09+00:00,16.02,BLUE,Kiwoom DRX,Gwen,3,11,8,0.7272727272727273,1,1.0,2,0.0,0
LOLTMNT01_338416,LCK_20260206_HANJIN_BRION_vs_Kiwoom_DRX_S2,2,2026-02-06 08:50:09+00:00,16.02,BLUE,Kiwoom DRX,Xayah,4,2,2,1.0,1,1.0,1,1.0,0
LOLTMNT01_338416,LCK_20260206_HANJIN_BRION_vs_Kiwoom_DRX_S2,2,2026-02-06 08:50:09+00:00,16.02,BLUE,Kiwoom DRX,Rakan,5,13,8,0.6153846153846154,4,0.25,1,1.0,0
LOLTMNT01_338416,LCK_20260206_HANJIN_BRION_vs_Kiwoom_DRX_S2,2,2026-02-06 08:50:09+00:00,16.02,RED,HANJIN BRION,Vi,1,17,9,0.5294117647058824,5,0.6,2,0.0,1
LOLTMNT01_338416,LCK_20260206_HANJIN_BRION_vs_Kiwoom_DRX_S2,2,2026-02-06 08:50:09+00:00,16.02,RED,HANJIN BRION,Taliyah,2,20,6,0.3,3,0.3333333333333333,3,0.3333333333333333,1
LOLTMNT01_338416,LCK_20260206_HANJIN_BRION_vs_Kiwoom_DRX_S2,2,2026-02-06 08:50:09+00:00,16.02,RED,HANJIN BRION,Aurora,3,13,6,0.46153846153846156,4,0.75,1,1.0,1
LOLTMNT01_338416,LCK_20260206_HANJIN_BRION_vs_Kiwoom_DRX_S2,2,2026-02-06 08:50:09+00:00,16.02,RED,HANJIN BRION,Ezreal,4,14,5,0.35714285714285715,4,0.0,2,0.0,1
LOLTMNT01_338416,LCK_20260206_HANJIN_BRION_vs_Kiwoom_DRX_S2,2,2026-02-06 08:50:09+00:00,16.02,RED,HANJIN BRION,Elise,5,2,1,0.5,0,,2,0.5,1
LOLTMNT01_338422,LCK_20260206_HANJIN_BRION_vs_Kiwoom_DRX_S2,3,2026-02-06 09:45:35+00:00,16.02,BLUE,HANJIN BRION,Aphelios,1,12,8,0.6666666666666666,3,1.0,1,1.0,0
LOLTMNT01_338422,LCK_20260206_HANJIN_BRION_vs_Kiwoom_DRX_S2,3,2026-02-06 09:45:35+00:00,16.02,BLUE,HANJIN BRION,Aatrox,2,8,3,0.375,4,0.75,0,,0
LOLTMNT01_338422,LCK_20260206_HANJIN_BRION_vs_Kiwoom_DRX_S2,3,2026-02-06 09:45:35+00:00,16.02,BLUE,HANJIN BRION,Lulu,3,10,4,0.4,2,0.0,0,,0
LOLTMNT01_338422,LCK_20260206_HANJIN_BRION_vs_Kiwoom_DRX_S2,3,2026-02-06 09:45:35+00:00,16.02,BLUE,HANJIN BRION,Wukong,4,16,6,0.375,4,0.0,1,0.0,0
LOLTMNT01_338422,LCK_20260206_HANJIN_BRION_vs_Kiwoom_DRX_S2,3,2026-02-06 09:45:35+00:00,16.02,BLUE,HANJIN BRION,Cassiopeia,5,3,1,0.3333333333333333,1,1.0,0,,0
LOLTMNT01_338422,LCK_20260206_HANJIN_BRION_vs_Kiwoom_DRX_S2,3,2026-02-06 09:45:35+00:00,16.02,RED,Kiwoom DRX,Zaahen,1,10,6,0.6,3,0.3333333333333333,1,0.0,1
LOLTMNT01_338422,LCK_20260206_HANJIN_BRION_vs_Kiwoom_DRX_S2,3,2026-02-06 09:45:35+00:00,16.02,RED,Kiwoom DRX,Lucian,2,12,5,0.4166666666666667,3,0.6666666666666666,2,0.0,1
LOLTMNT01_338422,LCK_20260206_HANJIN_BRION_vs_Kiwoom_DRX_S2,3,2026-02-06 09:45:35+00:00,16.02,RED,Kiwoom DRX,Galio,3,6,4,0.6666666666666666,3,0.6666666666666666,0,,1
LOLTMNT01_338422,LCK_20260206_HANJIN_BRION_vs_Kiwoom_DRX_S2,3,2026-02-06 09:45:35+00:00,16.02,RED,Kiwoom DRX,K'Sante,4,17,9,0.5294117647058824,4,0.5,2,1.0,1
LOLTMNT01_338422,LCK_20260206_HANJIN_BRION_vs_Kiwoom_DRX_S2,3,2026-02-06 09:45:35+00:00,16.02,RED,Kiwoom DRX,Sona,5,0,0,,0,,0,,1
LOLTMNT01_338447,LCK_20260206_DN_SOOPers_vs_KT_Rolster_S2,1,2026-02-06 10:59:51+00:00,16.02,BLUE,DN SOOPers,Neeko,1,16,10,0.625,5,0.8,3,1.0,1
LOLTMNT01_338447,LCK_20260206_DN_SOOPers_vs_KT_Rolster_S2,1,2026-02-06 10:59:51+00:00,16.02,BLUE,DN SOOPers,Ambessa,2,19,10,0.5263157894736842,5,0.4,2,0.0,1
LOLTMNT01_338447,LCK_20260206_DN_SOOPers_vs_KT_Rolster_S2,1,2026-02-06 10:59:51+00:00,16.02,BLUE,DN SOOPers,Akali,3,8,3,0.375,2,0.5,0,,1
LOLTMNT01_338447,LCK_20260206_DN_SOOPers_vs_KT_Rolster_S2,1,2026-02-06 10:59:51+00:00,16.02,BLUE,DN SOOPers,Gwen,4,12,8,0.6666666666666666,2,0.5,0,,1
LOLTMNT01_338447,LCK_20260206_DN_SOOPers_vs_KT_Rolster_S2,1,2026-02-06 10:59:51+00:00,16.02,BLUE,DN SOOPers,Ezreal,5,15,6,0.4,5,0.2,1,1.0,1
LOLTMNT01_338447,LCK_20260206_DN_SOOPers_vs_KT_Rolster_S2,1,2026-02-06 10:59:51+00:00,16.02,RED,KT Rolster,Vi,1,18,10,0.5555555555555556,6,0.6666666666666666,2,0.0,0
LOLTMNT01_338447,LCK_20260206_DN_SOOPers_vs_KT_Rolster_S2,1,2026-02-06 10:59:51+00:00,16.02,RED,KT Rolster,Renekton,2,17,8,0.47058823529411764,4,0.25,4,0.25,0
LOLTMNT01_338447,LCK_20260206_DN_SOOPers_vs_KT_Rolster_S2,1,2026-02-06 10:59:51+00:00,16.02,RED,KT Rolster,Azir,3,18,10,0.5555555555555556,6,0.5,2,0.0,0
LOLTMNT01_338447,LCK_20260206_DN_SOOPers_vs_KT_Rolster_S2,1,2026-02-06 10:59:51+00:00,16.02,RED,KT Rolster,Corki,4,19,11,0.5789473684210527,5,0.2,1,0.0,0
LOLTMNT01_338447,LCK_20260206_DN_SOOPers_vs_KT_Rolster_S2,1,2026-02-06 10:59:51+00:00,16.02,RED,KT Rolster,Nami,5,9,5,0.5555555555555556,2,0.5,0,,0
LOLTMNT01_338459,LCK_20260206_DN_SOOPers_vs_KT_Rolster_S2,2,2026-02-06 12:11:32+00:00,16.02,BLUE,DN SOOPers,Ryze,1,25,15,0.6,6,0.5,1,1.0,1
LOLTMNT01_338459,LCK_20260206_DN_SOOPers_vs_KT_Rolster_S2,2,2026-02-06 12:11:32+00:00,16.02,BLUE,DN SOOPers,Yunara,2,22,10,0.45454545454545453,5,0.8,2,0.0,1
LOLTMNT01_338459,LCK_20260206_DN_SOOPers_vs_KT_Rolster_S2,2,2026-02-06 12:11:32+00:00,16.02,BLUE,DN SOOPers,Lee Sin,3,2,2,1.0,1,1.0,2,1.0,1
LOLTMNT01_338459,LCK_20260206_DN_SOOPers_vs_KT_Rolster_S2,2,2026-02-06 12:11:32+00:00,16.02,BLUE,DN SOOPers,Rek'Sai,4,10,4,0.4,2,0.5,3,0.0,1
LOLTMNT01_338459,LCK_20260206_DN_SOOPers_vs_KT_Rolster_S2,2,2026-02-06 12:11:32+00:00,16.02,BLUE,DN SOOPers,Rell,5,8,2,0.25,4,0.25,2,0.0,1
LOLTMNT01_338459,LCK_20260206_DN_SOOPers_vs_KT_Rolster_S2,2,2026-02-06 12:11:32+00:00,16.02,RED,KT Rolster,Jayce,1,5,3,0.6,1,1.0,0,,0
LOLTMNT01_338459,LCK_20260206_DN_SOOPers_vs_KT_Rolster_S2,2,2026-02-06 12:11:32+00:00,16.02,RED,KT Rolster,Sion,2,15,4,0.26666666666666666,4,0.25,1,0.0,0
LOLTMNT01_338459,LCK_20260206_DN_SOOPers_vs_KT_Rolster_S2,2,2026-02-06 12:11:32+00:00,16.02,RED,KT Rolster,Taliyah,3,21,7,0.3333333333333333,4,0.5,5,0.2,0
LOLTMNT01_338459,LCK_20260206_DN_SOOPers_vs_KT_Rolster_S2,2,2026-02-06 12:11:32+00:00,16.02,RED,KT Rolster,Caitlyn,4,2,0,0.0,1,0.0,0,,0
LOLTMNT01_338459,LCK_20260206_DN_SOOPers_vs_KT_Rolster_S2,2,2026-02-06 12:11:32+00:00,16.02,RED,KT Rolster,Bard,5,12,9,0.75,3,1.0,0,,0
LOLTMNT01_338589,LCK_20260207_Dplus_Kia_vs_Kiwoom_DRX_S1,1,2026-02-07 08:07:00+00:00,16.02,BLUE,Dplus Kia,Jarvan IV,1,21,11,0.5238095238095238,6,0.3333333333333333,3,0.6666666666666666,1
LOLTMNT01_338589,LCK_20260207_Dplus_Kia_vs_Kiwoom_DRX_S1,1,2026-02-07 08:07:00+00:00,16.02,BLUE,Dplus Kia,Yunara,2,23,11,0.4782608695652174,6,0.8333333333333334,2,0.5,1
LOLTMNT01_338589,LCK_20260207_Dplus_Kia_vs_Kiwoom_DRX_S1,1,2026-02-07 08:07:00+00:00,16.02,BLUE,Dplus Kia,Lulu,3,11,4,0.36363636363636365,3,0.0,2,0.5,1
LOLTMNT01_338589,LCK_20260207_Dplus_Kia_vs_Kiwoom_DRX_S1,1,2026-02-07 08:07:00+00:00,16.02,BLUE,Dplus Kia,Ornn,4,1,1,1.0,1,1.0,0,,1
LOLTMNT01_338589,LCK_20260207_Dplus_Kia_vs_Kiwoom_DRX_S1,1,2026-02-07 08:07:00+00:00,16.02,BLUE,Dplus Kia,Ahri,5,7,4,0.5714285714285714,3,0.3333333333333333,1,0.0,1
LOLTMNT01_338589,LCK_20260207_Dplus_Kia_vs_Kiwoom_DRX_S1,1,2026-02-07 08:07:00+00:00,16.02,RED,Kiwoom DRX,Rumble,1,11,5,0.45454545454545453,3,0.0,0,,0
LOLTMNT01_338589,LCK_20260207_Dplus_Kia_vs_Kiwoom_DRX_S1,1,2026-02-07 08:07:00+00:00,16.02,RED,Kiwoom DRX,Xin Zhao,2,22,11,0.5,6,0.6666666666666666,4,0.5,0
LOLTMNT01_338589,LCK_20260207_Dplus_Kia_vs_Kiwoom_DRX_S1,1,2026-02-07 08:07:00+00:00,16.02,RED,Kiwoom DRX,Corki,3,20,11,0.55,6,0.16666666666666666,3,0.6666666666666666,0
LOLTMNT01_338589,LCK_20260207_Dplus_Kia_vs_Kiwoom_DRX_S1,1,2026-02-07 08:07:00+00:00,16.02,RED,Kiwoom DRX,Neeko,4,17,11,0.6470588235294118,6,0.8333333333333334,2,0.5,0
LOLTMNT01_338589,LCK_20260207_Dplus_Kia_vs_Kiwoom_DRX_S1,1,2026-02-07 08:07:00+00:00,16.02,RED,Kiwoom DRX,Taliyah,5,22,7,0.3181818181818182,5,0.4,3,0.6666666666666666,0
LOLTMNT01_338603,LCK_20260207_Dplus_Kia_vs_Kiwoom_DRX_S1,2,2026-02-07 08:55:19+00:00,16.02,BLUE,Dplus Kia,Pantheon,1,20,10,0.5,6,0.3333333333333333,2,0.5,1
LOLTMNT01_338603,LCK_20260207_Dplus_Kia_vs_Kiwoom_DRX_S1,2,2026-02-07 08:55:19+00:00,16.02,BLUE,Dplus Kia,Lucian,2,13,6,0.46153846153846156,4,0.75,2,0.5,1
LOLTMNT01_338603,LCK_20260207_Dplus_Kia_vs_Kiwoom_DRX_S1,2,2026-02-07 08:55:19+00:00,16.02,BLUE,Dplus Kia,Braum,3,11,3,0.2727272727272727,2,0.5,0,,1
LOLTMNT01_338603,LCK_20260207_Dplus_Kia_vs_Kiwoom_DRX_S1,2,2026-02-07 08:55:19+00:00,16.02,BLUE,Dplus Kia,Kennen,4,6,5,0.8333333333333334,2,1.0,0,,1
LOLTMNT01_338603,LCK_20260207_Dplus_Kia_vs_Kiwoom_DRX_S1,2,2026-02-07 08:55:19+00:00,16.02,BLUE,Dplus Kia,Cassiopeia,5,4,1,0.25,2,0.5,0,,1
LOLTMNT01_338603,LCK_20260207_Dplus_Kia_vs_Kiwoom_DRX_S1,2,2026-02-07 08:55:19+00:00,16.02,RED,Kiwoom DRX,Ambessa,1,20,11,0.55,6,0.5,3,0.6666666666666666,0
LOLTMNT01_338603,LCK_20260207_Dplus_Kia_vs_Kiwoom_DRX_S1,2,2026-02-07 08:55:19+00:00,16.02,RED,Kiwoom DRX,Aurora,2,14,7,0.5,5,0.8,1,0.0,0
LOLTMNT01_338603,LCK_20260207_Dplus_Kia_vs_Kiwoom_DRX_S1,2,2026-02-07 08:55:19+00:00,16.02,RED,Kiwoom DRX,Nautilus,3,12,8,0.6666666666666666,4,0.75,2,1.0,0
LOLTMNT01_338603,LCK_20260207_Dplus_Kia_vs_Kiwoom_DRX_S1,2,2026-02-07 08:55:19+00:00,16.02,RED,Kiwoom DRX,Sion,4,16,4,0.25,5,0.2,1,0.0,0
LOLTMNT01_338603,LCK_20260207_Dplus_Kia_vs_Kiwoom_DRX_S1,2,2026-02-07 08:55:19+00:00,16.02,RED,Kiwoom DRX,Ezreal,5,16,7,0.4375,6,0.3333333333333333,0,,0
LOLTMNT01_338625,LCK_20260207_DN_SOOPers_vs_Nongshim_RedForce_S1,1,2026-02-07 10:09:22+00:00,16.02,BLUE,DN SOOPers,Jayce,1,6,3,0.5,2,0.5,1,1.0,0
LOLTMNT01_338625,LCK_20260207_DN_SOOPers_vs_Nongshim_RedForce_S1,1,2026-02-07 10:09:22+00:00,16.02,BLUE,DN SOOPers,Anivia,2,3,2,0.6666666666666666,1,0.0,0,,0
LOLTMNT01_338625,LCK_20260207_DN_SOOPers_vs_Nongshim_RedForce_S1,1,2026-02-07 10:09:22+00:00,16.02,BLUE,DN SOOPers,Corki,3,21,11,0.5238095238095238,7,0.14285714285714285,2,0.5,0
LOLTMNT01_338625,LCK_20260207_DN_SOOPers_vs_Nongshim_RedForce_S1,1,2026-02-07 10:09:22+00:00,16.02,BLUE,DN SOOPers,Nautilus,4,13,8,0.6153846153846154,5,0.6,0,,0
LOLTMNT01_338625,LCK_20260207_DN_SOOPers_vs_Nongshim_RedForce_S1,1,2026-02-07 10:09:22+00:00,16.02,BLUE,DN SOOPers,Rek'Sai,5,11,5,0.45454545454545453,3,0.6666666666666666,4,0.25,0
LOLTMNT01_338625,LCK_20260207_DN_SOOPers_vs_Nongshim_RedForce_S1,1,2026-02-07 10:09:22+00:00,16.02,RED,Nongshim RedForce,Ryze,1,26,16,0.6153846153846154,7,0.5714285714285714,1,1.0,1
LOLTMNT01_338625,LCK_20260207_DN_SOOPers_vs_Nongshim_RedForce_S1,1,2026-02-07 10:09:22+00:00,16.02,RED,Nongshim RedForce,Jarvan IV,2,22,12,0.5454545454545454,7,0.42857142857142855,3,0.6666666666666666,1
LOLTMNT01_338625,LCK_20260207_DN_SOOPers_vs_Nongshim_RedForce_S1,1,2026-02-07 10:09:22+00:00,16.02,RED,Nongshim RedForce,Yunara,3,24,12,0.5,7,0.8571428571428571,4,0.75,1
LOLTMNT01_338625,LCK_20260207_DN_SOOPers_vs_Nongshim_RedForce_S1,1,2026-02-07 10:09:22+00:00,16.02,RED,Nongshim RedForce,Ambessa,4,21,11,0.5238095238095238,7,0.42857142857142855,1,1.0,1
LOLTMNT01_338625,LCK_20260207_DN_SOOPers_vs_Nongshim_RedForce_S1,1,2026-02-07 10:09:22+00:00,16.02,RED,Nongshim RedForce,Leona,5,7,3,0.42857142857142855,1,1.0,1,1.0,1
LOLTMNT01_337768,LCK_20260207_DN_SOOPers_vs_Nongshim_RedForce_S1,2,2026-02-07 11:00:32+00:00,16.02,BLUE,Nongshim RedForce,Vi,1,19,10,0.5263157894736842,7,0.5714285714285714,0,,0
LOLTMNT01_337768,LCK_20260207_DN_SOOPers_vs_Nongshim_RedForce_S1,2,2026-02-07 11:00:32+00:00,16.02,BLUE,Nongshim RedForce,K'Sante,2,18,10,0.5555555555555556,5,0.6,1,0.0,0
LOLTMNT01_337768,LCK_20260207_DN_SOOPers_vs_Nongshim_RedForce_S1,2,2026-02-07 11:00:32+00:00,16.02,BLUE,Nongshim RedForce,Akali,3,9,4,0.4444444444444444,3,0.6666666666666666,1,0.0,0
LOLTMNT01_337768,LCK_20260207_DN_SOOPers_vs_Nongshim_RedForce_S1,2,2026-02-07 11:00:32+00:00,16.02,BLUE,Nongshim RedForce,Lucian,4,14,7,0.5,5,0.8,0,,0
LOLTMNT01_337768,LCK_20260207_DN_SOOPers_vs_Nongshim_RedForce_S1,2,2026-02-07 11:00:32+00:00,16.02,BLUE,Nongshim RedForce,Nami,5,10,5,0.5,3,0.3333333333333333,0,,0
LOLTMNT01_337768,LCK_20260207_DN_SOOPers_vs_Nongshim_RedForce_S1,2,2026-02-07 11:00:32+00:00,16.02,RED,DN SOOPers,Rumble,1,12,5,0.4166666666666667,4,0.0,2,0.5,1
LOLTMNT01_337768,LCK_20260207_DN_SOOPers_vs_Nongshim_RedForce_S1,2,2026-02-07 11:00:32+00:00,16.02,RED,DN SOOPers,Wukong,2,17,6,0.35294117647058826,5,0.0,4,0.5,1
LOLTMNT01_337768,LCK_20260207_DN_SOOPers_vs_Nongshim_RedForce_S1,2,2026-02-07 11:00:32+00:00,16.02,RED,DN SOOPers,Ahri,3,8,5,0.625,4,0.5,2,1.0,1
LOLTMNT01_337768,LCK_20260207_DN_SOOPers_vs_Nongshim_RedForce_S1,2,2026-02-07 11:00:32+00:00,16.02,RED,DN SOOPers,Xayah,4,3,2,0.6666666666666666,2,0.5,0,,1
LOLTMNT01_337768,LCK_20260207_DN_SOOPers_vs_Nongshim_RedForce_S1,2,2026-02-07 11:00:32+00:00,16.02,RED,DN SOOPers,Rakan,5,14,8,0.5714285714285714,5,0.2,1,0.0,1
LOLTMNT01_338644,LCK_20260207_DN_SOOPers_vs_Nongshim_RedForce_S1,3,2026-02-07 11:54:25+00:00,16.02,BLUE,DN SOOPers,Orianna,1,19,8,0.42105263157894735,6,0.3333333333333333,2,0.0,1
LOLTMNT01_338644,LCK_20260207_DN_SOOPers_vs_Nongshim_RedForce_S1,3,2026-02-07 11:54:25+00:00,16.02,BLUE,DN SOOPers,Lee Sin,2,3,3,1.0,2,1.0,3,1.0,1
LOLTMNT01_338644,LCK_20260207_DN_SOOPers_vs_Nongshim_RedForce_S1,3,2026-02-07 11:54:25+00:00,16.02,BLUE,DN SOOPers,Gwen,3,13,9,0.6923076923076923,3,0.6666666666666666,1,1.0,1
LOLTMNT01_338644,LCK_20260207_DN_SOOPers_vs_Nongshim_RedForce_S1,3,2026-02-07 11:54:25+00:00,16.02,BLUE,DN SOOPers,Ezreal,4,17,7,0.4117647058823529,7,0.2857142857142857,2,1.0,1
LOLTMNT01_338644,LCK_20260207_DN_SOOPers_vs_Nongshim_RedForce_S1,3,2026-02-07 11:54:25+00:00,16.02,BLUE,DN SOOPers,Rell,5,9,3,0.3333333333333333,5,0.4,3,0.3333333333333333,1
LOLTMNT01_338644,LCK_20260207_DN_SOOPers_vs_Nongshim_RedForce_S1,3,2026-02-07 11:54:25+00:00,16.02,RED,Nongshim RedForce,Azir,1,19,10,0.5263157894736842,7,0.42857142857142855,1,0.0,0
LOLTMNT01_338644,LCK_20260207_DN_SOOPers_vs_Nongshim_RedForce_S1,3,2026-02-07 11:54:25+00:00,16.02,RED,Nongshim RedForce,Xin Zhao,2,23,11,0.4782608695652174,7,0.5714285714285714,2,0.5,0
LOLTMNT01_338644,LCK_20260207_DN_SOOPers_vs_Nongshim_RedForce_S1,3,2026-02-07 11:54:25+00:00,16.02,RED,Nongshim RedForce,Sion,3,17,4,0.23529411764705882,6,0.16666666666666666,2,0.0,0
LOLTMNT01_338644,LCK_20260207_DN_SOOPers_vs_Nongshim_RedForce_S1,3,2026-02-07 11:54:25+00:00,16.02,RED,Nongshim RedForce,Kai'Sa,4,9,7,0.7777777777777778,4,0.75,1,1.0,0
LOLTMNT01_338644,LCK_20260207_DN_SOOPers_vs_Nongshim_RedForce_S1,3,2026-02-07 11:54:25+00:00,16.02,RED,Nongshim RedForce,Alistar,5,15,4,0.26666666666666666,4,0.0,2,0.0,0
LOLTMNT01_338745,LCK_20260208_Kiwoom_DRX_vs_Nongshim_RedForce_S2,1,2026-02-08 08:06:06+00:00,16.02,BLUE,Nongshim RedForce,Ambessa,1,22,12,0.5454545454545454,8,0.5,2,1.0,0
LOLTMNT01_338745,LCK_20260208_Kiwoom_DRX_vs_Nongshim_RedForce_S2,1,2026-02-08 08:06:06+00:00,16.02,BLUE,Nongshim RedForce,Orianna,2,20,9,0.45,7,0.42857142857142855,3,0.6666666666666666,0
LOLTMNT01_338745,LCK_20260208_Kiwoom_DRX_vs_Nongshim_RedForce_S2,1,2026-02-08 08:06:06+00:00,16.02,BLUE,Nongshim RedForce,Malphite,3,4,1,0.25,2,0.5,2,0.0,0
LOLTMNT01_338745,LCK_20260208_Kiwoom_DRX_vs_Nongshim_RedForce_S2,1,2026-02-08 08:06:06+00:00,16.02,BLUE,Nongshim RedForce,Lucian,4,15,7,0.4666666666666667,6,0.6666666666666666,1,0.0,0
LOLTMNT01_338745,LCK_20260208_Kiwoom_DRX_vs_Nongshim_RedForce_S2,1,2026-02-08 08:06:06+00:00,16.02,BLUE,Nongshim RedForce,Braum,5,12,4,0.3333333333333333,3,0.6666666666666666,1,0.0,0
LOLTMNT01_338745,LCK_20260208_Kiwoom_DRX_vs_Nongshim_RedForce_S2,1,2026-02-08 08:06:06+00:00,16.02,RED,Kiwoom DRX,Yunara,1,25,13,0.52,8,0.875,4,0.5,1
LOLTMNT01_338745,LCK_20260208_Kiwoom_DRX_vs_Nongshim_RedForce_S2,1,2026-02-08 08:06:06+00:00,16.02,RED,Kiwoom DRX,Azir,2,20,10,0.5,8,0.375,1,0.0,1
LOLTMNT01_338745,LCK_20260208_Kiwoom_DRX_vs_Nongshim_RedForce_S2,1,2026-02-08 08:06:06+00:00,16.02,RED,Kiwoom DRX,Nautilus,3,14,8,0.5714285714285714,6,0.5,3,0.6666666666666666,1
LOLTMNT01_338745,LCK_20260208_Kiwoom_DRX_vs_Nongshim_RedForce_S2,1,2026-02-08 08:06:06+00:00,16.02,RED,Kiwoom DRX,Pantheon,4,21,11,0.5238095238095238,7,0.42857142857142855,2,0.0,1
LOLTMNT01_338745,LCK_20260208_Kiwoom_DRX_vs_Nongshim_RedForce_S2,1,2026-02-08 08:06:06+00:00,16.02,RED,Kiwoom DRX,Gwen,5,14,10,0.7142857142857143,4,0.75,3,0.0,1
LOLTMNT01_337856,LCK_20260208_Kiwoom_DRX_vs_Nongshim_RedForce_S2,2,2026-02-08 08:59:00+00:00,16.02,BLUE,Kiwoom DRX,Corki,1,22,11,0.5,8,0.125,4,0.5,1
LOLTMNT01_337856,LCK_20260208_Kiwoom_DRX_vs_Nongshim_RedForce_S2,2,2026-02-08 08:59:00+00:00,16.02,BLUE,Kiwoom DRX,Jarvan IV,2,23,13,0.5652173913043478,8,0.5,3,0.0,1
LOLTMNT01_337856,LCK_20260208_Kiwoom_DRX_vs_Nongshim_RedForce_S2,2,2026-02-08 08:59:00+00:00,16.02,BLUE,Kiwoom DRX,K'Sante,3,19,10,0.5263157894736842,6,0.5,3,1.0,1
LOLTMNT01_337856,LCK_20260208_Kiwoom_DRX_vs_Nongshim_RedForce_S2,2,2026-02-08 08:59:00+00:00,16.02,BLUE,Kiwoom DRX,Syndra,4,8,3,0.375,3,0.6666666666666666,2,0.5,1
LOLTMNT01_337856,LCK_20260208_Kiwoom_DRX_vs_Nongshim_RedForce_S2,2,2026-02-08 08:59:00+00:00,16.02,BLUE,Kiwoom DRX,Alistar,5,16,4,0.25,5,0.0,3,0.3333333333333333,1
LOLTMNT01_337856,LCK_20260208_Kiwoom_DRX_vs_Nongshim_RedForce_S2,2,2026-02-08 08:59:00+00:00,16.02,RED,Nongshim RedForce,Vi,1,20,10,0.5,8,0.5,1,0.0,0
LOLTMNT01_337856,LCK_20260208_Kiwoom_DRX_vs_Nongshim_RedForce_S2,2,2026-02-08 08:59:00+00:00,16.02,RED,Nongshim RedForce,Sion,2,18,4,0.2222222222222222,7,0.14285714285714285,3,0.0,0
LOLTMNT01_337856,LCK_20260208_Kiwoom_DRX_vs_Nongshim_RedForce_S2,2,2026-02-08 08:59:00+00:00,16.02,RED,Nongshim RedForce,Taliyah,3,23,7,0.30434782608695654,6,0.3333333333333333,4,0.25,0
LOLTMNT01_337856,LCK_20260208_Kiwoom_DRX_vs_Nongshim_RedForce_S2,2,2026-02-08 08:59:00+00:00,16.02,RED,Nongshim RedForce,Ezreal,4,18,8,0.4444444444444444,8,0.375,1,0.0,0
LOLTMNT01_337856,LCK_20260208_Kiwoom_DRX_vs_Nongshim_RedForce_S2,2,2026-02-08 08:59:00+00:00,16.02,RED,Nongshim RedForce,Leona,5,8,4,0.5,2,1.0,2,1.0,0
LOLTMNT01_337859,LCK_20260208_Kiwoom_DRX_vs_Nongshim_RedForce_S2,3,2026-02-08 09:55:03+00:00,16.02,BLUE,Kiwoom DRX,Xin Zhao,1,24,11,0.4583333333333333,8,0.5,5,0.4,1
LOLTMNT01_337859,LCK_20260208_Kiwoom_DRX_vs_Nongshim_RedForce_S2,3,2026-02-08 09:55:03+00:00,16.02,BLUE,Kiwoom DRX,Aurora,2,15,7,0.4666666666666667,6,0.6666666666666666,2,0.0,1
LOLTMNT01_337859,LCK_20260208_Kiwoom_DRX_vs_Nongshim_RedForce_S2,3,2026-02-08 09:55:03+00:00,16.02,BLUE,Kiwoom DRX,Sivir,3,9,5,0.5555555555555556,3,0.3333333333333333,1,0.0,1
LOLTMNT01_337859,LCK_20260208_Kiwoom_DRX_vs_Nongshim_RedForce_S2,3,2026-02-08 09:55:03+00:00,16.02,BLUE,Kiwoom DRX,Karma,4,6,2,0.3333333333333333,3,0.3333333333333333,0,,1
LOLTMNT01_337859,LCK_20260208_Kiwoom_DRX_vs_Nongshim_RedForce_S2,3,2026-02-08 09:55:03+00:00,16.02,BLUE,Kiwoom DRX,Gnar,5,14,7,0.5,4,0.75,3,0.6666666666666666,1
LOLTMNT01_337859,LCK_20260208_Kiwoom_DRX_vs_Nongshim_RedForce_S2,3,2026-02-08 09:55:03+00:00,16.02,RED,Nongshim RedForce,Varus,1,13,7,0.5384615384615384,1,1.0,1,0.0,0
LOLTMNT01_337859,LCK_20260208_Kiwoom_DRX_vs_Nongshim_RedForce_S2,3,2026-02-08 09:55:03+00:00,16.02,RED,Nongshim RedForce,Viktor,2,2,1,0.5,1,1.0,0,,0
LOLTMNT01_337859,LCK_20260208_Kiwoom_DRX_vs_Nongshim_RedForce_S2,3,2026-02-08 09:55:03+00:00,16.02,RED,Nongshim RedForce,Wukong,3,18,7,0.3888888888888889,6,0.16666666666666666,1,0.0,0
LOLTMNT01_337859,LCK_20260208_Kiwoom_DRX_vs_Nongshim_RedForce_S2,3,2026-02-08 09:55:03+00:00,16.02,RED,Nongshim RedForce,Renekton,4,18,8,0.4444444444444444,5,0.2,2,0.0,0
LOLTMNT01_337859,LCK_20260208_Kiwoom_DRX_vs_Nongshim_RedForce_S2,3,2026-02-08 09:55:03+00:00,16.02,RED,Nongshim RedForce,Renata Glasc,5,6,4,0.6666666666666666,2,0.5,3,0.6666666666666666,0
LOLTMNT02_352362,LCK_20260212_BNK_FEARX_vs_DN_SOOPers_S2,1,2026-02-12 08:04:05+00:00,16.03,BLUE,DN SOOPers,Orianna,1,21,9,0.42857142857142855,0,,3,0.3333333333333333,1
LOLTMNT02_352362,LCK_20260212_BNK_FEARX_vs_DN_SOOPers_S2,1,2026-02-12 08:04:05+00:00,16.03,BLUE,DN SOOPers,Nocturne,2,11,5,0.45454545454545453,0,,1,0.0,1
LOLTMNT02_352362,LCK_20260212_BNK_FEARX_vs_DN_SOOPers_S2,1,2026-02-12 08:04:05+00:00,16.03,BLUE,DN SOOPers,Yunara,3,26,14,0.5384615384615384,0,,3,0.3333333333333333,1
LOLTMNT02_352362,LCK_20260212_BNK_FEARX_vs_DN_SOOPers_S2,1,2026-02-12 08:04:05+00:00,16.03,BLUE,DN SOOPers,Ambessa,4,23,12,0.5217391304347826,0,,3,0.3333333333333333,1
LOLTMNT02_352362,LCK_20260212_BNK_FEARX_vs_DN_SOOPers_S2,1,2026-02-12 08:04:05+00:00,16.03,BLUE,DN SOOPers,Rakan,5,15,9,0.6,0,,2,0.5,1
LOLTMNT02_352362,LCK_20260212_BNK_FEARX_vs_DN_SOOPers_S2,1,2026-02-12 08:04:05+00:00,16.03,RED,BNK FEARX,Azir,1,21,11,0.5238095238095238,0,,2,1.0,0
LOLTMNT02_352362,LCK_20260212_BNK_FEARX_vs_DN_SOOPers_S2,1,2026-02-12 08:04:05+00:00,16.03,RED,BNK FEARX,Jarvan IV,2,24,14,0.5833333333333334,0,,1,1.0,0
LOLTMNT02_352362,LCK_20260212_BNK_FEARX_vs_DN_SOOPers_S2,1,2026-02-12 08:04:05+00:00,16.03,RED,BNK FEARX,Bard,3,13,9,0.6923076923076923,0,,1,1.0,0
LOLTMNT02_352362,LCK_20260212_BNK_FEARX_vs_DN_SOOPers_S2,1,2026-02-12 08:04:05+00:00,16.03,RED,BNK FEARX,Aurora,4,16,8,0.5,0,,1,0.0,0
LOLTMNT02_352362,LCK_20260212_BNK_FEARX_vs_DN_SOOPers_S2,1,2026-02-12 08:04:05+00:00,16.03,RED,BNK FEARX,Ezreal,5,19,8,0.42105263157894735,0,,4,0.25,0
LOLTMNT02_351385,LCK_20260212_BNK_FEARX_vs_DN_SOOPers_S2,2,2026-02-12 08:55:20+00:00,16.03,BLUE,DN SOOPers,Corki,1,23,12,0.5217391304347826,0,,3,0.3333333333333333,0
LOLTMNT02_351385,LCK_20260212_BNK_FEARX_vs_DN_SOOPers_S2,2,2026-02-12 08:55:20+00:00,16.03,BLUE,DN SOOPers,Cassiopeia,2,5,2,0.4,0,,1,0.0,0
LOLTMNT02_351385,LCK_20260212_BNK_FEARX_vs_DN_SOOPers_S2,2,2026-02-12 08:55:20+00:00,16.03,BLUE,DN SOOPers,Wukong,3,19,7,0.3684210526315789,0,,5,0.6,0
LOLTMNT02_351385,LCK_20260212_BNK_FEARX_vs_DN_SOOPers_S2,2,2026-02-12 08:55:20+00:00,16.03,BLUE,DN SOOPers,Gnar,4,15,8,0.5333333333333333,0,,0,,0
LOLTMNT02_351385,LCK_20260212_BNK_FEARX_vs_DN_SOOPers_S2,2,2026-02-12 08:55:20+00:00,16.03,BLUE,DN SOOPers,Alistar,5,17,5,0.29411764705882354,0,,2,0.0,0
LOLTMNT02_351385,LCK_20260212_BNK_FEARX_vs_DN_SOOPers_S2,2,2026-02-12 08:55:20+00:00,16.03,RED,BNK FEARX,Ryze,1,27,17,0.6296296296296297,0,,1,1.0,1
LOLTMNT02_351385,LCK_20260212_BNK_FEARX_vs_DN_SOOPers_S2,2,2026-02-12 08:55:20+00:00,16.03,RED,BNK FEARX,Renekton,2,19,8,0.42105263157894735,0,,2,1.0,1
LOLTMNT02_351385,LCK_20260212_BNK_FEARX_vs_DN_SOOPers_S2,2,2026-02-12 08:55:20+00:00,16.03,RED,BNK FEARX,Lee Sin,3,4,4,1.0,0,,0,,1
LOLTMNT02_351385,LCK_20260212_BNK_FEARX_vs_DN_SOOPers_S2,2,2026-02-12 08:55:20+00:00,16.03,RED,BNK FEARX,Sivir,4,10,6,0.6,0,,0,,1
LOLTMNT02_351385,LCK_20260212_BNK_FEARX_vs_DN_SOOPers_S2,2,2026-02-12 08:55:20+00:00,16.03,RED,BNK FEARX,Karma,5,7,3,0.42857142857142855,0,,0,,1
LOLTMNT02_351402,LCK_20260212_BNK_FEARX_vs_DN_SOOPers_S2,3,2026-02-12 09:56:42+00:00,16.03,BLUE,BNK FEARX,K'Sante,1,20,11,0.55,0,,1,0.0,1
LOLTMNT02_351402,LCK_20260212_BNK_FEARX_vs_DN_SOOPers_S2,3,2026-02-12 09:56:42+00:00,16.03,BLUE,BNK FEARX,Ahri,2,9,6,0.6666666666666666,0,,2,0.5,1
LOLTMNT02_351402,LCK_20260212_BNK_FEARX_vs_DN_SOOPers_S2,3,2026-02-12 09:56:42+00:00,16.03,BLUE,BNK FEARX,Poppy,3,3,0,0.0,0,,0,,1
LOLTMNT02_351402,LCK_20260212_BNK_FEARX_vs_DN_SOOPers_S2,3,2026-02-12 09:56:42+00:00,16.03,BLUE,BNK FEARX,Xayah,4,4,3,0.75,0,,1,1.0,1
LOLTMNT02_351402,LCK_20260212_BNK_FEARX_vs_DN_SOOPers_S2,3,2026-02-12 09:56:42+00:00,16.03,BLUE,BNK FEARX,Pantheon,5,22,12,0.5454545454545454,0,,3,0.6666666666666666,1
LOLTMNT02_351402,LCK_20260212_BNK_FEARX_vs_DN_SOOPers_S2,3,2026-02-12 09:56:42+00:00,16.03,RED,DN SOOPers,Vi,1,21,10,0.47619047619047616,0,,0,,0
LOLTMNT02_351402,LCK_20260212_BNK_FEARX_vs_DN_SOOPers_S2,3,2026-02-12 09:56:42+00:00,16.03,RED,DN SOOPers,Gwen,2,15,11,0.7333333333333333,0,,2,1.0,0
LOLTMNT02_351402,LCK_20260212_BNK_FEARX_vs_DN_SOOPers_S2,3,2026-02-12 09:56:42+00:00,16.03,RED,DN SOOPers,Akali,3,10,4,0.4,0,,1,1.0,0
LOLTMNT02_351402,LCK_20260212_BNK_FEARX_vs_DN_SOOPers_S2,3,2026-02-12 09:56:42+00:00,16.03,RED,DN SOOPers,Jhin,4,10,6,0.6,0,,0,,0
LOLTMNT02_351402,LCK_20260212_BNK_FEARX_vs_DN_SOOPers_S2,3,2026-02-12 09:56:42+00:00,16.03,RED,DN SOOPers,Leona,5,9,4,0.4444444444444444,0,,0,,0
LOLTMNT02_352407,LCK_20260212_BNK_FEARX_vs_DN_SOOPers_S2,4,2026-02-12 10:48:56+00:00,16.03,BLUE,BNK FEARX,Kalista,1,6,4,0.6666666666666666,0,,0,,0
LOLTMNT02_352407,LCK_20260212_BNK_FEARX_vs_DN_SOOPers_S2,4,2026-02-12 10:48:56+00:00,16.03,BLUE,BNK FEARX,Xin Zhao,2,25,12,0.48,0,,2,0.5,0
LOLTMNT02_352407,LCK_20260212_BNK_FEARX_vs_DN_SOOPers_S2,4,2026-02-12 10:48:56+00:00,16.03,BLUE,BNK FEARX,Renata Glasc,3,7,4,0.5714285714285714,0,,0,,0
LOLTMNT02_352407,LCK_20260212_BNK_FEARX_vs_DN_SOOPers_S2,4,2026-02-12 10:48:56+00:00,16.03,BLUE,BNK FEARX,Taliyah,4,24,7,0.2916666666666667,0,,1,0.0,0
LOLTMNT02_352407,LCK_20260212_BNK_FEARX_vs_DN_SOOPers_S2,4,2026-02-12 10:48:56+00:00,16.03,BLUE,BNK FEARX,Rek'Sai,5,12,5,0.4166666666666667,0,,2,1.0,0
LOLTMNT02_352407,LCK_20260212_BNK_FEARX_vs_DN_SOOPers_S2,4,2026-02-12 10:48:56+00:00,16.03,RED,DN SOOPers,Neeko,1,18,11,0.6111111111111112,0,,4,1.0,1
LOLTMNT02_352407,LCK_20260212_BNK_FEARX_vs_DN_SOOPers_S2,4,2026-02-12 10:48:56+00:00,16.03,RED,DN SOOPers,Zaahen,2,11,7,0.6363636363636364,0,,0,,1
LOLTMNT02_352407,LCK_20260212_BNK_FEARX_vs_DN_SOOPers_S2,4,2026-02-12 10:48:56+00:00,16.03,RED,DN SOOPers,Caitlyn,3,3,0,0.0,0,,0,,1
LOLTMNT02_352407,LCK_20260212_BNK_FEARX_vs_DN_SOOPers_S2,4,2026-02-12 10:48:56+00:00,16.03,RED,DN SOOPers,Zoe,4,5,3,0.6,0,,1,1.0,1
LOLTMNT02_352407,LCK_20260212_BNK_FEARX_vs_DN_SOOPers_S2,4,2026-02-12 10:48:56+00:00,16.03,RED,DN SOOPers,Dr. Mundo,5,4,3,0.75,0,,1,0.0,1
LOLTMNT02_352429,LCK_20260212_BNK_FEARX_vs_DN_SOOPers_S2,5,2026-02-12 11:41:51+00:00,16.03,BLUE,DN SOOPers,Rell,1,10,4,0.4,0,,4,0.5,0
LOLTMNT02_352429,LCK_20260212_BNK_FEARX_vs_DN_SOOPers_S2,5,2026-02-12 11:41:51+00:00,16.03,BLUE,DN SOOPers,Miss Fortune,2,3,0,0.0,0,,0,,0
LOLTMNT02_352429,LCK_20260212_BNK_FEARX_vs_DN_SOOPers_S2,5,2026-02-12 11:41:51+00:00,16.03,BLUE,DN SOOPers,Jax,3,5,4,0.8,0,,0,,0
LOLTMNT02_352429,LCK_20260212_BNK_FEARX_vs_DN_SOOPers_S2,5,2026-02-12 11:41:51+00:00,16.03,BLUE,DN SOOPers,Rammus,4,0,0,,0,,0,,0
LOLTMNT02_352429,LCK_20260212_BNK_FEARX_vs_DN_SOOPers_S2,5,2026-02-12 11:41:51+00:00,16.03,BLUE,DN SOOPers,Smolder,5,0,0,,0,,0,,0
LOLTMNT02_352429,LCK_20260212_BNK_FEARX_vs_DN_SOOPers_S2,5,2026-02-12 11:41:51+00:00,16.03,RED,BNK FEARX,Sion,1,19,4,0.21052631578947367,0,,1,1.0,1
LOLTMNT02_352429,LCK_20260212_BNK_FEARX_vs_DN_SOOPers_S2,5,2026-02-12 11:41:51+00:00,16.03,RED,BNK FEARX,Aphelios,2,13,8,0.6153846153846154,0,,0,,1
LOLTMNT02_352429,LCK_20260212_BNK_FEARX_vs_DN_SOOPers_S2,5,2026-02-12 11:41:51+00:00,16.03,RED,BNK FEARX,Thresh,3,5,4,0.8,0,,0,,1
LOLTMNT02_352429,LCK_20260212_BNK_FEARX_vs_DN_SOOPers_S2,5,2026-02-12 11:41:51+00:00,16.03,RED,BNK FEARX,Galio,4,7,5,0.7142857142857143,0,,1,0.0,1
LOLTMNT02_352429,LCK_20260212_BNK_FEARX_vs_DN_SOOPers_S2,5,2026-02-12 11:41:51+00:00,16.03,RED,BNK FEARX,Zac,5,0,0,,0,,0,,1
LOLTMNT02_352782,LCK_20260213_Dplus_Kia_vs_Kiwoom_DRX_S2,1,2026-02-13 08:06:47+00:00,16.03,BLUE,Dplus Kia,Ambessa,1,24,13,0.5416666666666666,1,1.0,3,0.6666666666666666,0
LOLTMNT02_352782,LCK_20260213_Dplus_Kia_vs_Kiwoom_DRX_S2,1,2026-02-13 08:06:47+00:00,16.03,BLUE,Dplus Kia,Bard,2,14,9,0.6428571428571429,1,0.0,2,1.0,0
LOLTMNT02_352782,LCK_20260213_Dplus_Kia_vs_Kiwoom_DRX_S2,1,2026-02-13 08:06:47+00:00,16.03,BLUE,Dplus Kia,Azir,3,22,11,0.5,1,0.0,0,,0
LOLTMNT02_352782,LCK_20260213_Dplus_Kia_vs_Kiwoom_DRX_S2,1,2026-02-13 08:06:47+00:00,16.03,BLUE,Dplus Kia,Jhin,4,11,6,0.5454545454545454,1,0.0,0,,0
LOLTMNT02_352782,LCK_20260213_Dplus_Kia_vs_Kiwoom_DRX_S2,1,2026-02-13 08:06:47+00:00,16.03,BLUE,Dplus Kia,Jayce,5,7,3,0.42857142857142855,0,,0,,0
LOLTMNT02_352782,LCK_20260213_Dplus_Kia_vs_Kiwoom_DRX_S2,1,2026-02-13 08:06:47+00:00,16.03,RED,Kiwoom DRX,Orianna,1,22,10,0.45454545454545453,1,1.0,6,0.5,1
LOLTMNT02_352782,LCK_20260213_Dplus_Kia_vs_Kiwoom_DRX_S2,1,2026-02-13 08:06:47+00:00,16.03,RED,Kiwoom DRX,Nautilus,2,15,9,0.6,0,,4,0.75,1
LOLTMNT02_352782,LCK_20260213_Dplus_Kia_vs_Kiwoom_DRX_S2,1,2026-02-13 08:06:47+00:00,16.03,RED,Kiwoom DRX,Corki,3,24,12,0.5,1,0.0,5,0.6,1
LOLTMNT02_352782,LCK_20260213_Dplus_Kia_vs_Kiwoom_DRX_S2,1,2026-02-13 08:06:47+00:00,16.03,RED,Kiwoom DRX,Xin Zhao,4,26,12,0.46153846153846156,1,0.0,6,0.5,1
LOLTMNT02_352782,LCK_20260213_Dplus_Kia_vs_Kiwoom_DRX_S2,1,2026-02-13 08:06:47+00:00,16.03,RED,Kiwoom DRX,Kennen,5,7,6,0.8571428571428571,0,,1,0.0,1
LOLTMNT02_352790,LCK_20260213_Dplus_Kia_vs_Kiwoom_DRX_S2,2,2026-02-13 09:03:09+00:00,16.03,BLUE,Dplus Kia,Ashe,1,3,1,0.3333333333333333,0,,0,,1
LOLTMNT02_352790,LCK_20260213_Dplus_Kia_vs_Kiwoom_DRX_S2,2,2026-02-13 09:03:09+00:00,16.03,BLUE,Dplus Kia,Dr. Mundo,2,5,4,0.8,1,1.0,0,,1
LOLTMNT02_352790,LCK_20260213_Dplus_Kia_vs_Kiwoom_DRX_S2,2,2026-02-13 09:03:09+00:00,16.03,BLUE,Dplus Kia,Seraphine,3,1,1,1.0,0,,0,,1
LOLTMNT02_352790,LCK_20260213_Dplus_Kia_vs_Kiwoom_DRX_S2,2,2026-02-13 09:03:09+00:00,16.03,BLUE,Dplus Kia,Gnar,4,16,8,0.5,1,0.0,0,,1
LOLTMNT02_352790,LCK_20260213_Dplus_Kia_vs_Kiwoom_DRX_S2,2,2026-02-13 09:03:09+00:00,16.03,BLUE,Dplus Kia,Zoe,5,6,4,0.6666666666666666,1,1.0,1,0.0,1
LOLTMNT02_352790,LCK_20260213_Dplus_Kia_vs_Kiwoom_DRX_S2,2,2026-02-13 09:03:09+00:00,16.03,RED,Kiwoom DRX,Yunara,1,27,15,0.5555555555555556,1,1.0,5,0.6,0
LOLTMNT02_352790,LCK_20260213_Dplus_Kia_vs_Kiwoom_DRX_S2,2,2026-02-13 09:03:09+00:00,16.03,RED,Kiwoom DRX,Aurora,2,17,8,0.47058823529411764,1,0.0,3,0.3333333333333333,0
LOLTMNT02_352790,LCK_20260213_Dplus_Kia_vs_Kiwoom_DRX_S2,2,2026-02-13 09:03:09+00:00,16.03,RED,Kiwoom DRX,Karma,3,8,4,0.5,1,1.0,1,1.0,0
LOLTMNT02_352790,LCK_20260213_Dplus_Kia_vs_Kiwoom_DRX_S2,2,2026-02-13 09:03:09+00:00,16.03,RED,Kiwoom DRX,Sylas,4,5,4,0.8,0,,0,,0
LOLTMNT02_352790,LCK_20260213_Dplus_Kia_vs_Kiwoom_DRX_S2,2,2026-02-13 09:03:09+00:00,16.03,RED,Kiwoom DRX,Zaahen,5,12,8,0.6666666666666666,1,1.0,2,0.5,0
LOLTMNT02_351807,LCK_20260213_Dplus_Kia_vs_Kiwoom_DRX_S2,3,2026-02-13 10:06:25+00:00,16.03,BLUE,Dplus Kia,Varus,1,14,7,0.5,0,,2,0.5,0
LOLTMNT02_351807,LCK_20260213_Dplus_Kia_vs_Kiwoom_DRX_S2,3,2026-02-13 10:06:25+00:00,16.03,BLUE,Dplus Kia,Nocturne,2,12,6,0.5,1,1.0,0,,0
LOLTMNT02_351807,LCK_20260213_Dplus_Kia_vs_Kiwoom_DRX_S2,3,2026-02-13 10:06:25+00:00,16.03,BLUE,Dplus Kia,Alistar,3,18,5,0.2777777777777778,1,0.0,1,0.0,0
LOLTMNT02_351807,LCK_20260213_Dplus_Kia_vs_Kiwoom_DRX_S2,3,2026-02-13 10:06:25+00:00,16.03,BLUE,Dplus Kia,K'Sante,4,21,12,0.5714285714285714,1,1.0,2,1.0,0
LOLTMNT02_351807,LCK_20260213_Dplus_Kia_vs_Kiwoom_DRX_S2,3,2026-02-13 10:06:25+00:00,16.03,BLUE,Dplus Kia,Viktor,5,3,1,0.3333333333333333,0,,0,,0
LOLTMNT02_351807,LCK_20260213_Dplus_Kia_vs_Kiwoom_DRX_S2,3,2026-02-13 10:06:25+00:00,16.03,RED,Kiwoom DRX,Ryze,1,28,18,0.6428571428571429,1,1.0,1,1.0,1
LOLTMNT02_351807,LCK_20260213_Dplus_Kia_vs_Kiwoom_DRX_S2,3,2026-02-13 10:06:25+00:00,16.03,RED,Kiwoom DRX,Sivir,2,11,7,0.6363636363636364,1,1.0,2,0.5,1
LOLTMNT02_351807,LCK_20260213_Dplus_Kia_vs_Kiwoom_DRX_S2,3,2026-02-13 10:06:25+00:00,16.03,RED,Kiwoom DRX,Renekton,3,20,9,0.45,1,1.0,2,1.0,1
LOLTMNT02_351807,LCK_20260213_Dplus_Kia_vs_Kiwoom_DRX_S2,3,2026-02-13 10:06:25+00:00,16.03,RED,Kiwoom DRX,Olaf,4,1,1,1.0,0,,0,,1
LOLTMNT02_351807,LCK_20260213_Dplus_Kia_vs_Kiwoom_DRX_S2,3,2026-02-13 10:06:25+00:00,16.03,RED,Kiwoom DRX,Poppy,5,4,1,0.25,1,1.0,1,0.0,1
LOLTMNT02_352851,LCK_20260213_Dplus_Kia_vs_Kiwoom_DRX_S2,4,2026-02-13 11:11:59+00:00,16.03,BLUE,Dplus Kia,Vi,1,22,10,0.45454545454545453,1,0.0,2,0.5,1
LOLTMNT02_352851,LCK_20260213_Dplus_Kia_vs_Kiwoom_DRX_S2,4,2026-02-13 11:11:59+00:00,16.03,BLUE,Dplus Kia,Jax,2,6,4,0.6666666666666666,1,0.0,0,,1
LOLTMNT02_352851,LCK_20260213_Dplus_Kia_vs_Kiwoom_DRX_S2,4,2026-02-13 11:11:59+00:00,16.03,BLUE,Dplus Kia,Taliyah,3,25,7,0.28,1,0.0,0,,1
LOLTMNT02_352851,LCK_20260213_Dplus_Kia_vs_Kiwoom_DRX_S2,4,2026-02-13 11:11:59+00:00,16.03,BLUE,Dplus Kia,Ziggs,4,6,1,0.16666666666666666,0,,0,,1
LOLTMNT02_352851,LCK_20260213_Dplus_Kia_vs_Kiwoom_DRX_S2,4,2026-02-13 11:11:59+00:00,16.03,BLUE,Dplus Kia,Rakan,5,16,10,0.625,1,1.0,1,1.0,1
LOLTMNT02_352851,LCK_20260213_Dplus_Kia_vs_Kiwoom_DRX_S2,4,2026-02-13 11:11:59+00:00,16.03,RED,Kiwoom DRX,Galio,1,8,6,0.75,1,1.0,1,1.0,0
LOLTMNT02_352851,LCK_20260213_Dplus_Kia_vs_Kiwoom_DRX_S2,4,2026-02-13 11:11:59+00:00,16.03,RED,Kiwoom DRX,Naafiri,2,0,0,,0,,0,,0
LOLTMNT02_352851,LCK_20260213_Dplus_Kia_vs_Kiwoom_DRX_S2,4,2026-02-13 11:11:59+00:00,16.03,RED,Kiwoom DRX,Sion,3,20,5,0.25,1,1.0,2,0.0,0
LOLTMNT02_352851,LCK_20260213_Dplus_Kia_vs_Kiwoom_DRX_S2,4,2026-02-13 11:11:59+00:00,16.03,RED,Kiwoom DRX,Kalista,4,7,4,0.5714285714285714,1,0.0,0,,0
LOLTMNT02_352851,LCK_20260213_Dplus_Kia_vs_Kiwoom_DRX_S2,4,2026-02-13 11:11:59+00:00,16.03,RED,Kiwoom DRX,Renata Glasc,5,8,4,0.5,1,0.0,0,,0
LOLTMNT02_351868,LCK_20260213_Dplus_Kia_vs_Kiwoom_DRX_S2,5,2026-02-13 12:01:25+00:00,16.03,BLUE,Dplus Kia,Gwen,1,16,11,0.6875,1,0.0,2,0.5,1
LOLTMNT02_351868,LCK_20260213_Dplus_Kia_vs_Kiwoom_DRX_S2,5,2026-02-13 12:01:25+00:00,16.03,BLUE,Dplus Kia,Lee Sin,2,5,5,1.0,1,1.0,0,,1
LOLTMNT02_351868,LCK_20260213_Dplus_Kia_vs_Kiwoom_DRX_S2,5,2026-02-13 12:01:25+00:00,16.03,BLUE,Dplus Kia,Twisted Fate,3,1,1,1.0,0,,1,1.0,1
LOLTMNT02_351868,LCK_20260213_Dplus_Kia_vs_Kiwoom_DRX_S2,5,2026-02-13 12:01:25+00:00,16.03,BLUE,Dplus Kia,Jinx,4,1,0,0.0,0,,0,,1
LOLTMNT02_351868,LCK_20260213_Dplus_Kia_vs_Kiwoom_DRX_S2,5,2026-02-13 12:01:25+00:00,16.03,BLUE,Dplus Kia,Thresh,5,6,5,0.8333333333333334,1,1.0,0,,1
LOLTMNT02_351868,LCK_20260213_Dplus_Kia_vs_Kiwoom_DRX_S2,5,2026-02-13 12:01:25+00:00,16.03,RED,Kiwoom DRX,Rumble,1,13,6,0.46153846153846156,0,,1,0.0,0
LOLTMNT02_351868,LCK_20260213_Dplus_Kia_vs_Kiwoom_DRX_S2,5,2026-02-13 12:01:25+00:00,16.03,RED,Kiwoom DRX,Aphelios,2,14,9,0.6428571428571429,1,1.0,0,,0
LOLTMNT02_351868,LCK_20260213_Dplus_Kia_vs_Kiwoom_DRX_S2,5,2026-02-13 12:01:25+00:00,16.03,RED,Kiwoom DRX,Lulu,3,12,5,0.4166666666666667,0,,0,,0
LOLTMNT02_351868,LCK_20260213_Dplus_Kia_vs_Kiwoom_DRX_S2,5,2026-02-13 12:01:25+00:00,16.03,RED,Kiwoom DRX,Sejuani,4,3,0,0.0,0,,0,,0
LOLTMNT02_351868,LCK_20260213_Dplus_Kia_vs_Kiwoom_DRX_S2,5,2026-02-13 12:01:25+00:00,16.03,RED,Kiwoom DRX,Tristana,5,1,0,0.0,0,,0,,0
LOLTMNT02_354256,LCK_20260214_Dplus_Kia_vs_Gen_G_S2,1,2026-02-14 08:07:25+00:00,16.03,BLUE,Dplus Kia,Azir,1,23,11,0.4782608695652174,2,0.0,1,0.0,0
LOLTMNT02_354256,LCK_20260214_Dplus_Kia_vs_Gen_G_S2,1,2026-02-14 08:07:25+00:00,16.03,BLUE,Dplus Kia,Jarvan IV,2,25,14,0.56,1,0.0,4,0.75,0
LOLTMNT02_354256,LCK_20260214_Dplus_Kia_vs_Gen_G_S2,1,2026-02-14 08:07:25+00:00,16.03,BLUE,Dplus Kia,Ornn,3,2,2,1.0,0,,1,1.0,0
LOLTMNT02_354256,LCK_20260214_Dplus_Kia_vs_Gen_G_S2,1,2026-02-14 08:07:25+00:00,16.03,BLUE,Dplus Kia,Ezreal,4,20,8,0.4,1,0.0,2,0.5,0
LOLTMNT02_354256,LCK_20260214_Dplus_Kia_vs_Gen_G_S2,1,2026-02-14 08:07:25+00:00,16.03,BLUE,Dplus Kia,Yuumi,5,0,0,,0,,0,,0
LOLTMNT02_354256,LCK_20260214_Dplus_Kia_vs_Gen_G_S2,1,2026-02-14 08:07:25+00:00,16.03,RED,Gen.G,Rumble,1,14,6,0.42857142857142855,1,0.0,2,1.0,1
LOLTMNT02_354256,LCK_20260214_Dplus_Kia_vs_Gen_G_S2,1,2026-02-14 08:07:25+00:00,16.03,RED,Gen.G,Vi,2,23,11,0.4782608695652174,2,0.5,1,1.0,1
LOLTMNT02_354256,LCK_20260214_Dplus_Kia_vs_Gen_G_S2,1,2026-02-14 08:07:25+00:00,16.03,RED,Gen.G,Taliyah,3,26,8,0.3076923076923077,2,0.5,0,,1
LOLTMNT02_354256,LCK_20260214_Dplus_Kia_vs_Gen_G_S2,1,2026-02-14 08:07:25+00:00,16.03,RED,Gen.G,Jhin,4,12,6,0.5,2,0.0,2,1.0,1
LOLTMNT02_354256,LCK_20260214_Dplus_Kia_vs_Gen_G_S2,1,2026-02-14 08:07:25+00:00,16.03,RED,Gen.G,Rakan,5,17,11,0.6470588235294118,2,1.0,2,1.0,1
LOLTMNT02_354263,LCK_20260214_Dplus_Kia_vs_Gen_G_S2,2,2026-02-14 09:01:24+00:00,16.03,BLUE,Dplus Kia,Yunara,1,28,15,0.5357142857142857,2,0.5,3,0.6666666666666666,1
LOLTMNT02_354263,LCK_20260214_Dplus_Kia_vs_Gen_G_S2,2,2026-02-14 09:01:24+00:00,16.03,BLUE,Dplus Kia,Wukong,2,20,7,0.35,1,0.0,1,0.0,1
LOLTMNT02_354263,LCK_20260214_Dplus_Kia_vs_Gen_G_S2,2,2026-02-14 09:01:24+00:00,16.03,BLUE,Dplus Kia,Gwen,3,17,12,0.7058823529411765,2,0.5,3,0.6666666666666666,1
LOLTMNT02_354263,LCK_20260214_Dplus_Kia_vs_Gen_G_S2,2,2026-02-14 09:01:24+00:00,16.03,BLUE,Dplus Kia,Lulu,4,13,5,0.38461538461538464,1,0.0,3,0.6666666666666666,1
LOLTMNT02_354263,LCK_20260214_Dplus_Kia_vs_Gen_G_S2,2,2026-02-14 09:01:24+00:00,16.03,BLUE,Dplus Kia,Cassiopeia,5,6,2,0.3333333333333333,1,0.0,1,1.0,1
LOLTMNT02_354263,LCK_20260214_Dplus_Kia_vs_Gen_G_S2,2,2026-02-14 09:01:24+00:00,16.03,RED,Gen.G,Corki,1,25,13,0.52,2,0.5,2,1.0,0
LOLTMNT02_354263,LCK_20260214_Dplus_Kia_vs_Gen_G_S2,2,2026-02-14 09:01:24+00:00,16.03,RED,Gen.G,Xin Zhao,2,27,13,0.48148148148148145,2,0.5,3,1.0,0
LOLTMNT02_354263,LCK_20260214_Dplus_Kia_vs_Gen_G_S2,2,2026-02-14 09:01:24+00:00,16.03,RED,Gen.G,Ahri,3,10,7,0.7,1,1.0,0,,0
LOLTMNT02_354263,LCK_20260214_Dplus_Kia_vs_Gen_G_S2,2,2026-02-14 09:01:24+00:00,16.03,RED,Gen.G,Jayce,4,8,3,0.375,1,0.0,0,,0
LOLTMNT02_354263,LCK_20260214_Dplus_Kia_vs_Gen_G_S2,2,2026-02-14 09:01:24+00:00,16.03,RED,Gen.G,Nami,5,11,5,0.45454545454545453,0,,2,1.0,0
LOLTMNT02_353283,LCK_20260214_Dplus_Kia_vs_Gen_G_S2,3,2026-02-14 10:10:21+00:00,16.03,BLUE,Dplus Kia,Ashe,1,4,2,0.5,1,1.0,1,1.0,0
LOLTMNT02_353283,LCK_20260214_Dplus_Kia_vs_Gen_G_S2,3,2026-02-14 10:10:21+00:00,16.03,BLUE,Dplus Kia,Dr. Mundo,2,6,5,0.8333333333333334,2,1.0,1,1.0,0
LOLTMNT02_353283,LCK_20260214_Dplus_Kia_vs_Gen_G_S2,3,2026-02-14 10:10:21+00:00,16.03,BLUE,Dplus Kia,Seraphine,3,2,2,1.0,1,1.0,1,1.0,0
LOLTMNT02_353283,LCK_20260214_Dplus_Kia_vs_Gen_G_S2,3,2026-02-14 10:10:21+00:00,16.03,BLUE,Dplus Kia,Jax,4,7,5,0.7142857142857143,2,0.5,1,1.0,0
LOLTMNT02_353283,LCK_20260214_Dplus_Kia_vs_Gen_G_S2,3,2026-02-14 10:10:21+00:00,16.03,BLUE,Dplus Kia,Malzahar,5,0,0,,0,,0,,0
LOLTMNT02_353283,LCK_20260214_Dplus_Kia_vs_Gen_G_S2,3,2026-02-14 10:10:21+00:00,16.03,RED,Gen.G,Ryze,1,29,19,0.6551724137931034,2,1.0,2,1.0,1
LOLTMNT02_353283,LCK_20260214_Dplus_Kia_vs_Gen_G_S2,3,2026-02-14 10:10:21+00:00,16.03,RED,Gen.G,Pantheon,2,23,13,0.5652173913043478,1,1.0,2,1.0,1
LOLTMNT02_353283,LCK_20260214_Dplus_Kia_vs_Gen_G_S2,3,2026-02-14 10:10:21+00:00,16.03,RED,Gen.G,Zaahen,3,13,8,0.6153846153846154,2,0.5,0,,1
LOLTMNT02_353283,LCK_20260214_Dplus_Kia_vs_Gen_G_S2,3,2026-02-14 10:10:21+00:00,16.03,RED,Gen.G,Kalista,4,8,4,0.5,2,0.0,0,,1
LOLTMNT02_353283,LCK_20260214_Dplus_Kia_vs_Gen_G_S2,3,2026-02-14 10:10:21+00:00,16.03,RED,Gen.G,Renata Glasc,5,9,4,0.4444444444444444,2,0.0,0,,1
LOLTMNT02_353312,LCK_20260214_Dplus_Kia_vs_Gen_G_S2,4,2026-02-14 11:05:18+00:00,16.03,BLUE,Gen.G,Aurora,1,18,8,0.4444444444444444,2,0.0,1,1.0,1
LOLTMNT02_353312,LCK_20260214_Dplus_Kia_vs_Gen_G_S2,4,2026-02-14 11:05:18+00:00,16.03,BLUE,Gen.G,Nocturne,2,13,6,0.46153846153846156,2,0.5,0,,1
LOLTMNT02_353312,LCK_20260214_Dplus_Kia_vs_Gen_G_S2,4,2026-02-14 11:05:18+00:00,16.03,BLUE,Gen.G,Rek'Sai,3,13,5,0.38461538461538464,1,0.0,0,,1
LOLTMNT02_353312,LCK_20260214_Dplus_Kia_vs_Gen_G_S2,4,2026-02-14 11:05:18+00:00,16.03,BLUE,Gen.G,Miss Fortune,4,4,0,0.0,1,0.0,0,,1
LOLTMNT02_353312,LCK_20260214_Dplus_Kia_vs_Gen_G_S2,4,2026-02-14 11:05:18+00:00,16.03,BLUE,Gen.G,Rell,5,11,4,0.36363636363636365,1,0.0,1,1.0,1
LOLTMNT02_353312,LCK_20260214_Dplus_Kia_vs_Gen_G_S2,4,2026-02-14 11:05:18+00:00,16.03,RED,Dplus Kia,Sion,1,21,5,0.23809523809523808,2,0.5,1,0.0,0
LOLTMNT02_353312,LCK_20260214_Dplus_Kia_vs_Gen_G_S2,4,2026-02-14 11:05:18+00:00,16.03,RED,Dplus Kia,Aphelios,2,15,9,0.6,2,0.5,0,,0
LOLTMNT02_353312,LCK_20260214_Dplus_Kia_vs_Gen_G_S2,4,2026-02-14 11:05:18+00:00,16.03,RED,Dplus Kia,Thresh,3,7,6,0.8571428571428571,2,1.0,1,1.0,0
LOLTMNT02_353312,LCK_20260214_Dplus_Kia_vs_Gen_G_S2,4,2026-02-14 11:05:18+00:00,16.03,RED,Dplus Kia,Aatrox,4,9,3,0.3333333333333333,0,,0,,0
LOLTMNT02_353312,LCK_20260214_Dplus_Kia_vs_Gen_G_S2,4,2026-02-14 11:05:18+00:00,16.03,RED,Dplus Kia,Anivia,5,4,2,0.5,0,,1,0.0,0
LOLTMNT02_353559,LCK_20260215_BNK_FEARX_vs_T1_S2,1,2026-02-15 08:05:24+00:00,16.03,BLUE,BNK FEARX,Rumble,1,15,7,0.4666666666666667,2,0.5,1,0.0,1
LOLTMNT02_353559,LCK_20260215_BNK_FEARX_vs_T1_S2,1,2026-02-15 08:05:24+00:00,16.03,BLUE,BNK FEARX,Pantheon,2,24,14,0.5833333333333334,2,1.0,4,0.75,1
LOLTMNT02_353559,LCK_20260215_BNK_FEARX_vs_T1_S2,1,2026-02-15 08:05:24+00:00,16.03,BLUE,BNK FEARX,Orianna,3,23,11,0.4782608695652174,2,1.0,2,0.5,1
LOLTMNT02_353559,LCK_20260215_BNK_FEARX_vs_T1_S2,1,2026-02-15 08:05:24+00:00,16.03,BLUE,BNK FEARX,Aphelios,4,16,9,0.5625,3,0.3333333333333333,1,1.0,1
LOLTMNT02_353559,LCK_20260215_BNK_FEARX_vs_T1_S2,1,2026-02-15 08:05:24+00:00,16.03,BLUE,BNK FEARX,Lulu,5,14,6,0.42857142857142855,2,0.5,3,0.3333333333333333,1
LOLTMNT02_353559,LCK_20260215_BNK_FEARX_vs_T1_S2,1,2026-02-15 08:05:24+00:00,16.03,RED,T1,Azir,1,24,11,0.4583333333333333,3,0.0,3,1.0,0
LOLTMNT02_353559,LCK_20260215_BNK_FEARX_vs_T1_S2,1,2026-02-15 08:05:24+00:00,16.03,RED,T1,Ornn,2,3,2,0.6666666666666666,1,0.0,0,,0
LOLTMNT02_353559,LCK_20260215_BNK_FEARX_vs_T1_S2,1,2026-02-15 08:05:24+00:00,16.03,RED,T1,Xin Zhao,3,28,13,0.4642857142857143,3,0.3333333333333333,2,0.5,0
LOLTMNT02_353559,LCK_20260215_BNK_FEARX_vs_T1_S2,1,2026-02-15 08:05:24+00:00,16.03,RED,T1,Jinx,4,2,1,0.5,1,1.0,0,,0
LOLTMNT02_353559,LCK_20260215_BNK_FEARX_vs_T1_S2,1,2026-02-15 08:05:24+00:00,16.03,RED,T1,Thresh,5,8,6,0.75,3,0.6666666666666666,2,0.5,0
LOLTMNT02_353572,LCK_20260215_BNK_FEARX_vs_T1_S2,2,2026-02-15 09:00:12+00:00,16.03,BLUE,BNK FEARX,Jarvan IV,1,26,14,0.5384615384615384,2,0.0,2,0.5,0
LOLTMNT02_353572,LCK_20260215_BNK_FEARX_vs_T1_S2,2,2026-02-15 09:00:12+00:00,16.03,BLUE,BNK FEARX,Ahri,2,11,7,0.6363636363636364,2,0.5,3,0.6666666666666666,0
LOLTMNT02_353572,LCK_20260215_BNK_FEARX_vs_T1_S2,2,2026-02-15 09:00:12+00:00,16.03,BLUE,BNK FEARX,Renekton,3,21,10,0.47619047619047616,2,1.0,3,1.0,0
LOLTMNT02_353572,LCK_20260215_BNK_FEARX_vs_T1_S2,2,2026-02-15 09:00:12+00:00,16.03,BLUE,BNK FEARX,Sivir,4,12,8,0.6666666666666666,2,1.0,1,1.0,0
LOLTMNT02_353572,LCK_20260215_BNK_FEARX_vs_T1_S2,2,2026-02-15 09:00:12+00:00,16.03,BLUE,BNK FEARX,Poppy,5,5,2,0.4,2,1.0,1,1.0,0
LOLTMNT02_353572,LCK_20260215_BNK_FEARX_vs_T1_S2,2,2026-02-15 09:00:12+00:00,16.03,RED,T1,Varus,1,15,7,0.4666666666666667,1,0.0,1,1.0,1
LOLTMNT02_353572,LCK_20260215_BNK_FEARX_vs_T1_S2,2,2026-02-15 09:00:12+00:00,16.03,RED,T1,Ambessa,2,25,13,0.52,2,0.5,2,0.5,1
LOLTMNT02_353572,LCK_20260215_BNK_FEARX_vs_T1_S2,2,2026-02-15 09:00:12+00:00,16.03,RED,T1,Sylas,3,6,4,0.6666666666666666,1,0.0,2,0.5,1
LOLTMNT02_353572,LCK_20260215_BNK_FEARX_vs_T1_S2,2,2026-02-15 09:00:12+00:00,16.03,RED,T1,Alistar,4,19,5,0.2631578947368421,2,0.0,0,,1
LOLTMNT02_353572,LCK_20260215_BNK_FEARX_vs_T1_S2,2,2026-02-15 09:00:12+00:00,16.03,RED,T1,Rek'Sai,5,14,6,0.42857142857142855,2,0.5,0,,1
LOLTMNT02_354619,LCK_20260215_BNK_FEARX_vs_T1_S2,3,2026-02-15 09:56:35+00:00,16.03,BLUE,T1,Anivia,1,5,2,0.4,1,0.0,0,,0
LOLTMNT02_354619,LCK_20260215_BNK_FEARX_vs_T1_S2,3,2026-02-15 09:56:35+00:00,16.03,BLUE,T1,Wukong,2,21,8,0.38095238095238093,2,0.5,0,,0
LOLTMNT02_354619,LCK_20260215_BNK_FEARX_vs_T1_S2,3,2026-02-15 09:56:35+00:00,16.03,BLUE,T1,Kennen,3,8,7,0.875,1,1.0,1,1.0,0
LOLTMNT02_354619,LCK_20260215_BNK_FEARX_vs_T1_S2,3,2026-02-15 09:56:35+00:00,16.03,BLUE,T1,Jhin,4,13,7,0.5384615384615384,3,0.3333333333333333,1,1.0,0
LOLTMNT02_354619,LCK_20260215_BNK_FEARX_vs_T1_S2,3,2026-02-15 09:56:35+00:00,16.03,BLUE,T1,Rakan,5,18,12,0.6666666666666666,3,1.0,0,,0
LOLTMNT02_354619,LCK_20260215_BNK_FEARX_vs_T1_S2,3,2026-02-15 09:56:35+00:00,16.03,RED,BNK FEARX,Ryze,1,30,20,0.6666666666666666,3,1.0,2,1.0,1
LOLTMNT02_354619,LCK_20260215_BNK_FEARX_vs_T1_S2,3,2026-02-15 09:56:35+00:00,16.03,RED,BNK FEARX,Ashe,2,5,2,0.4,2,0.5,0,,1
LOLTMNT02_354619,LCK_20260215_BNK_FEARX_vs_T1_S2,3,2026-02-15 09:56:35+00:00,16.03,RED,BNK FEARX,Seraphine,3,3,2,0.6666666666666666,2,0.5,0,,1
LOLTMNT02_354619,LCK_20260215_BNK_FEARX_vs_T1_S2,3,2026-02-15 09:56:35+00:00,16.03,RED,BNK FEARX,Yone,4,5,2,0.4,0,,0,,1
LOLTMNT02_354619,LCK_20260215_BNK_FEARX_vs_T1_S2,3,2026-02-15 09:56:35+00:00,16.03,RED,BNK FEARX,Maokai,5,0,0,,0,,0,,1
LOLTMNT02_354641,LCK_20260215_BNK_FEARX_vs_T1_S2,4,2026-02-15 10:48:53+00:00,16.03,BLUE,BNK FEARX,Lucian,1,16,7,0.4375,0,,2,1.0,1
LOLTMNT02_354641,LCK_20260215_BNK_FEARX_vs_T1_S2,4,2026-02-15 10:48:53+00:00,16.03,BLUE,BNK FEARX,Milio,2,2,1,0.5,0,,1,1.0,1
LOLTMNT02_354641,LCK_20260215_BNK_FEARX_vs_T1_S2,4,2026-02-15 10:48:53+00:00,16.03,BLUE,BNK FEARX,Twisted Fate,3,2,2,1.0,1,1.0,0,,1
LOLTMNT02_354641,LCK_20260215_BNK_FEARX_vs_T1_S2,4,2026-02-15 10:48:53+00:00,16.03,BLUE,BNK FEARX,Gnar,4,17,9,0.5294117647058824,2,0.5,2,0.0,1
LOLTMNT02_354641,LCK_20260215_BNK_FEARX_vs_T1_S2,4,2026-02-15 10:48:53+00:00,16.03,BLUE,BNK FEARX,Trundle,5,5,4,0.8,0,,0,,1
LOLTMNT02_354641,LCK_20260215_BNK_FEARX_vs_T1_S2,4,2026-02-15 10:48:53+00:00,16.03,RED,T1,Aurora,1,19,9,0.47368421052631576,3,0.3333333333333333,2,0.5,0
LOLTMNT02_354641,LCK_20260215_BNK_FEARX_vs_T1_S2,4,2026-02-15 10:48:53+00:00,16.03,RED,T1,Yunara,2,29,16,0.5517241379310345,3,0.6666666666666666,0,,0
LOLTMNT02_354641,LCK_20260215_BNK_FEARX_vs_T1_S2,4,2026-02-15 10:48:53+00:00,16.03,RED,T1,Nautilus,3,16,10,0.625,1,1.0,1,1.0,0
LOLTMNT02_354641,LCK_20260215_BNK_FEARX_vs_T1_S2,4,2026-02-15 10:48:53+00:00,16.03,RED,T1,Malphite,4,5,1,0.2,0,,0,,0
LOLTMNT02_354641,LCK_20260215_BNK_FEARX_vs_T1_S2,4,2026-02-15 10:48:53+00:00,16.03,RED,T1,Jax,5,8,5,0.625,3,0.3333333333333333,0,,0
LOLTMNT02_356392,LCK_20260219_DN_SOOPers_vs_Kiwoom_DRX_S2,1,2026-02-19 08:06:05+00:00,16.03,BLUE,Kiwoom DRX,Ambessa,1,26,14,0.5384615384615384,3,0.6666666666666666,4,0.5,0
LOLTMNT02_356392,LCK_20260219_DN_SOOPers_vs_Kiwoom_DRX_S2,1,2026-02-19 08:06:05+00:00,16.03,BLUE,Kiwoom DRX,Azir,2,25,11,0.44,4,0.0,2,0.5,0
LOLTMNT02_356392,LCK_20260219_DN_SOOPers_vs_Kiwoom_DRX_S2,1,2026-02-19 08:06:05+00:00,16.03,BLUE,Kiwoom DRX,Ornn,3,4,2,0.5,2,0.0,0,,0
LOLTMNT02_356392,LCK_20260219_DN_SOOPers_vs_Kiwoom_DRX_S2,1,2026-02-19 08:06:05+00:00,16.03,BLUE,Kiwoom DRX,Ezreal,4,21,8,0.38095238095238093,2,0.0,1,0.0,0
LOLTMNT02_356392,LCK_20260219_DN_SOOPers_vs_Kiwoom_DRX_S2,1,2026-02-19 08:06:05+00:00,16.03,BLUE,Kiwoom DRX,Nautilus,5,17,10,0.5882352941176471,2,0.5,5,0.8,0
LOLTMNT02_356392,LCK_20260219_DN_SOOPers_vs_Kiwoom_DRX_S2,1,2026-02-19 08:06:05+00:00,16.03,RED,DN SOOPers,Rumble,1,16,8,0.5,3,0.6666666666666666,3,0.6666666666666666,1
LOLTMNT02_356392,LCK_20260219_DN_SOOPers_vs_Kiwoom_DRX_S2,1,2026-02-19 08:06:05+00:00,16.03,RED,DN SOOPers,Pantheon,2,25,15,0.6,3,1.0,2,0.5,1
LOLTMNT02_356392,LCK_20260219_DN_SOOPers_vs_Kiwoom_DRX_S2,1,2026-02-19 08:06:05+00:00,16.03,RED,DN SOOPers,Orianna,3,24,12,0.5,3,1.0,4,0.5,1
LOLTMNT02_356392,LCK_20260219_DN_SOOPers_vs_Kiwoom_DRX_S2,1,2026-02-19 08:06:05+00:00,16.03,RED,DN SOOPers,Jhin,4,14,7,0.5,4,0.25,1,0.0,1
LOLTMNT02_356392,LCK_20260219_DN_SOOPers_vs_Kiwoom_DRX_S2,1,2026-02-19 08:06:05+00:00,16.03,RED,DN SOOPers,Alistar,5,20,6,0.3,3,0.3333333333333333,3,0.0,1
LOLTMNT02_356399,LCK_20260219_DN_SOOPers_vs_Kiwoom_DRX_S2,2,2026-02-19 08:59:02+00:00,16.03,BLUE,DN SOOPers,Varus,1,16,8,0.5,2,0.5,0,,1
LOLTMNT02_356399,LCK_20260219_DN_SOOPers_vs_Kiwoom_DRX_S2,2,2026-02-19 08:59:02+00:00,16.03,BLUE,DN SOOPers,Ahri,2,12,7,0.5833333333333334,3,0.3333333333333333,3,1.0,1
LOLTMNT02_356399,LCK_20260219_DN_SOOPers_vs_Kiwoom_DRX_S2,2,2026-02-19 08:59:02+00:00,16.03,BLUE,DN SOOPers,Wukong,3,22,8,0.36363636363636365,3,0.3333333333333333,6,0.5,1
LOLTMNT02_356399,LCK_20260219_DN_SOOPers_vs_Kiwoom_DRX_S2,2,2026-02-19 08:59:02+00:00,16.03,BLUE,DN SOOPers,Rakan,4,19,12,0.631578947368421,4,0.75,3,0.6666666666666666,1
LOLTMNT02_356399,LCK_20260219_DN_SOOPers_vs_Kiwoom_DRX_S2,2,2026-02-19 08:59:02+00:00,16.03,BLUE,DN SOOPers,Yorick,5,2,0,0.0,0,,0,,1
LOLTMNT02_356399,LCK_20260219_DN_SOOPers_vs_Kiwoom_DRX_S2,2,2026-02-19 08:59:02+00:00,16.03,RED,Kiwoom DRX,Xin Zhao,1,29,13,0.4482758620689655,4,0.25,7,0.5714285714285714,0
LOLTMNT02_356399,LCK_20260219_DN_SOOPers_vs_Kiwoom_DRX_S2,2,2026-02-19 08:59:02+00:00,16.03,RED,Kiwoom DRX,Sivir,2,13,8,0.6153846153846154,3,0.6666666666666666,3,0.6666666666666666,0
LOLTMNT02_356399,LCK_20260219_DN_SOOPers_vs_Kiwoom_DRX_S2,2,2026-02-19 08:59:02+00:00,16.03,RED,Kiwoom DRX,Aurora,3,20,9,0.45,4,0.25,4,0.25,0
LOLTMNT02_356399,LCK_20260219_DN_SOOPers_vs_Kiwoom_DRX_S2,2,2026-02-19 08:59:02+00:00,16.03,RED,Kiwoom DRX,Leona,4,10,4,0.4,1,0.0,1,0.0,0
LOLTMNT02_356399,LCK_20260219_DN_SOOPers_vs_Kiwoom_DRX_S2,2,2026-02-19 08:59:02+00:00,16.03,RED,Kiwoom DRX,Kennen,5,9,7,0.7777777777777778,2,0.5,2,0.5,0
LOLTMNT02_355443,LCK_20260219_DN_SOOPers_vs_Kiwoom_DRX_S2,3,2026-02-19 09:49:11+00:00,16.03,BLUE,DN SOOPers,Ryze,1,31,21,0.6774193548387096,4,1.0,2,1.0,0
LOLTMNT02_355443,LCK_20260219_DN_SOOPers_vs_Kiwoom_DRX_S2,3,2026-02-19 09:49:11+00:00,16.03,BLUE,DN SOOPers,Jarvan IV,2,27,14,0.5185185185185185,3,0.0,3,0.0,0
LOLTMNT02_355443,LCK_20260219_DN_SOOPers_vs_Kiwoom_DRX_S2,3,2026-02-19 09:49:11+00:00,16.03,BLUE,DN SOOPers,Jax,3,9,5,0.5555555555555556,4,0.25,1,0.0,0
LOLTMNT02_355443,LCK_20260219_DN_SOOPers_vs_Kiwoom_DRX_S2,3,2026-02-19 09:49:11+00:00,16.03,BLUE,DN SOOPers,Xayah,4,5,4,0.8,1,1.0,1,1.0,0
LOLTMNT02_355443,LCK_20260219_DN_SOOPers_vs_Kiwoom_DRX_S2,3,2026-02-19 09:49:11+00:00,16.03,BLUE,DN SOOPers,Lulu,5,15,7,0.4666666666666667,3,0.6666666666666666,1,0.0,0
LOLTMNT02_355443,LCK_20260219_DN_SOOPers_vs_Kiwoom_DRX_S2,3,2026-02-19 09:49:11+00:00,16.03,RED,Kiwoom DRX,Gnar,1,18,10,0.5555555555555556,3,0.6666666666666666,4,0.75,1
LOLTMNT02_355443,LCK_20260219_DN_SOOPers_vs_Kiwoom_DRX_S2,3,2026-02-19 09:49:11+00:00,16.03,RED,Kiwoom DRX,Vi,2,24,12,0.5,3,0.6666666666666666,3,0.3333333333333333,1
LOLTMNT02_355443,LCK_20260219_DN_SOOPers_vs_Kiwoom_DRX_S2,3,2026-02-19 09:49:11+00:00,16.03,RED,Kiwoom DRX,Taliyah,3,27,9,0.3333333333333333,3,0.6666666666666666,4,0.5,1
LOLTMNT02_355443,LCK_20260219_DN_SOOPers_vs_Kiwoom_DRX_S2,3,2026-02-19 09:49:11+00:00,16.03,RED,Kiwoom DRX,Neeko,4,19,12,0.631578947368421,1,1.0,3,0.3333333333333333,1
LOLTMNT02_355443,LCK_20260219_DN_SOOPers_vs_Kiwoom_DRX_S2,3,2026-02-19 09:49:11+00:00,16.03,RED,Kiwoom DRX,Kai'Sa,5,10,7,0.7,0,,2,0.5,1
LOLTMNT02_355446,LCK_20260219_DN_SOOPers_vs_Kiwoom_DRX_S2,4,2026-02-19 10:37:09+00:00,16.03,BLUE,Kiwoom DRX,Yunara,1,30,16,0.5333333333333333,4,0.5,6,0.5,0
LOLTMNT02_355446,LCK_20260219_DN_SOOPers_vs_Kiwoom_DRX_S2,4,2026-02-19 10:37:09+00:00,16.03,BLUE,Kiwoom DRX,Dr. Mundo,2,7,5,0.7142857142857143,3,0.6666666666666666,0,,0
LOLTMNT02_355446,LCK_20260219_DN_SOOPers_vs_Kiwoom_DRX_S2,4,2026-02-19 10:37:09+00:00,16.03,BLUE,Kiwoom DRX,Jayce,3,9,3,0.3333333333333333,2,0.0,0,,0
LOLTMNT02_355446,LCK_20260219_DN_SOOPers_vs_Kiwoom_DRX_S2,4,2026-02-19 10:37:09+00:00,16.03,BLUE,Kiwoom DRX,Twisted Fate,4,3,3,1.0,2,1.0,0,,0
LOLTMNT02_355446,LCK_20260219_DN_SOOPers_vs_Kiwoom_DRX_S2,4,2026-02-19 10:37:09+00:00,16.03,BLUE,Kiwoom DRX,Karma,5,9,4,0.4444444444444444,2,0.5,2,0.5,0
LOLTMNT02_355446,LCK_20260219_DN_SOOPers_vs_Kiwoom_DRX_S2,4,2026-02-19 10:37:09+00:00,16.03,RED,DN SOOPers,Renekton,1,22,10,0.45454545454545453,3,0.6666666666666666,0,,1
LOLTMNT02_355446,LCK_20260219_DN_SOOPers_vs_Kiwoom_DRX_S2,4,2026-02-19 10:37:09+00:00,16.03,RED,DN SOOPers,Corki,2,26,13,0.5,3,0.3333333333333333,4,0.25,1
LOLTMNT02_355446,LCK_20260219_DN_SOOPers_vs_Kiwoom_DRX_S2,4,2026-02-19 10:37:09+00:00,16.03,RED,DN SOOPers,Rell,3,12,5,0.4166666666666667,2,0.5,5,0.4,1
LOLTMNT02_355446,LCK_20260219_DN_SOOPers_vs_Kiwoom_DRX_S2,4,2026-02-19 10:37:09+00:00,16.03,RED,DN SOOPers,Naafiri,4,1,0,0.0,1,0.0,0,,1
LOLTMNT02_355446,LCK_20260219_DN_SOOPers_vs_Kiwoom_DRX_S2,4,2026-02-19 10:37:09+00:00,16.03,RED,DN SOOPers,Viktor,5,4,1,0.25,1,0.0,1,0.0,1
LOLTMNT02_356582,LCK_20260220_DN_SOOPers_vs_Dplus_Kia_S2,1,2026-02-20 08:06:25+00:00,16.03,BLUE,DN SOOPers,Corki,1,27,14,0.5185185185185185,4,0.5,5,0.4,0
LOLTMNT02_356582,LCK_20260220_DN_SOOPers_vs_Dplus_Kia_S2,1,2026-02-20 08:06:25+00:00,16.03,BLUE,DN SOOPers,Vi,2,25,13,0.52,4,0.75,1,0.0,0
LOLTMNT02_356582,LCK_20260220_DN_SOOPers_vs_Dplus_Kia_S2,1,2026-02-20 08:06:25+00:00,16.03,BLUE,DN SOOPers,Taliyah,3,28,10,0.35714285714285715,4,0.75,2,0.0,0
LOLTMNT02_356582,LCK_20260220_DN_SOOPers_vs_Dplus_Kia_S2,1,2026-02-20 08:06:25+00:00,16.03,BLUE,DN SOOPers,Nautilus,4,18,10,0.5555555555555556,3,0.3333333333333333,1,0.0,0
LOLTMNT02_356582,LCK_20260220_DN_SOOPers_vs_Dplus_Kia_S2,1,2026-02-20 08:06:25+00:00,16.03,BLUE,DN SOOPers,Gwen,5,18,13,0.7222222222222222,3,0.6666666666666666,3,0.6666666666666666,0
LOLTMNT02_356582,LCK_20260220_DN_SOOPers_vs_Dplus_Kia_S2,1,2026-02-20 08:06:25+00:00,16.03,RED,Dplus Kia,Ambessa,1,27,14,0.5185185185185185,4,0.5,4,0.5,1
LOLTMNT02_356582,LCK_20260220_DN_SOOPers_vs_Dplus_Kia_S2,1,2026-02-20 08:06:25+00:00,16.03,RED,Dplus Kia,Ezreal,2,22,8,0.36363636363636365,3,0.0,3,0.3333333333333333,1
LOLTMNT02_356582,LCK_20260220_DN_SOOPers_vs_Dplus_Kia_S2,1,2026-02-20 08:06:25+00:00,16.03,RED,Dplus Kia,Azir,3,26,11,0.4230769230769231,5,0.0,2,0.0,1
LOLTMNT02_356582,LCK_20260220_DN_SOOPers_vs_Dplus_Kia_S2,1,2026-02-20 08:06:25+00:00,16.03,RED,Dplus Kia,Xin Zhao,4,30,13,0.43333333333333335,5,0.2,2,0.5,1
LOLTMNT02_356582,LCK_20260220_DN_SOOPers_vs_Dplus_Kia_S2,1,2026-02-20 08:06:25+00:00,16.03,RED,Dplus Kia,Leona,5,11,4,0.36363636363636365,2,0.0,0,,1
LOLTMNT02_355631,LCK_20260220_DN_SOOPers_vs_Dplus_Kia_S2,2,2026-02-20 09:07:24+00:00,16.03,BLUE,Dplus Kia,Ryze,1,32,21,0.65625,5,0.8,4,0.75,1
LOLTMNT02_355631,LCK_20260220_DN_SOOPers_vs_Dplus_Kia_S2,2,2026-02-20 09:07:24+00:00,16.03,BLUE,Dplus Kia,Jarvan IV,2,28,14,0.5,4,0.0,5,0.6,1
LOLTMNT02_355631,LCK_20260220_DN_SOOPers_vs_Dplus_Kia_S2,2,2026-02-20 09:07:24+00:00,16.03,BLUE,Dplus Kia,K'Sante,3,22,12,0.5454545454545454,2,0.5,3,0.6666666666666666,1
LOLTMNT02_355631,LCK_20260220_DN_SOOPers_vs_Dplus_Kia_S2,2,2026-02-20 09:07:24+00:00,16.03,BLUE,Dplus Kia,Aphelios,4,17,10,0.5882352941176471,4,0.5,1,0.0,1
LOLTMNT02_355631,LCK_20260220_DN_SOOPers_vs_Dplus_Kia_S2,2,2026-02-20 09:07:24+00:00,16.03,BLUE,Dplus Kia,Lulu,5,16,7,0.4375,4,0.5,4,0.75,1
LOLTMNT02_355631,LCK_20260220_DN_SOOPers_vs_Dplus_Kia_S2,2,2026-02-20 09:07:24+00:00,16.03,RED,DN SOOPers,Rumble,1,17,9,0.5294117647058824,4,0.75,4,0.75,0
LOLTMNT02_355631,LCK_20260220_DN_SOOPers_vs_Dplus_Kia_S2,2,2026-02-20 09:07:24+00:00,16.03,RED,DN SOOPers,Sejuani,2,4,0,0.0,1,0.0,1,0.0,0
LOLTMNT02_355631,LCK_20260220_DN_SOOPers_vs_Dplus_Kia_S2,2,2026-02-20 09:07:24+00:00,16.03,RED,DN SOOPers,Yone,3,6,3,0.5,1,1.0,1,0.0,0
LOLTMNT02_355631,LCK_20260220_DN_SOOPers_vs_Dplus_Kia_S2,2,2026-02-20 09:07:24+00:00,16.03,RED,DN SOOPers,Kalista,4,9,5,0.5555555555555556,3,0.3333333333333333,1,1.0,0
LOLTMNT02_355631,LCK_20260220_DN_SOOPers_vs_Dplus_Kia_S2,2,2026-02-20 09:07:24+00:00,16.03,RED,DN SOOPers,Renata Glasc,5,10,5,0.5,3,0.3333333333333333,1,1.0,0
LOLTMNT02_355637,LCK_20260220_DN_SOOPers_vs_Dplus_Kia_S2,3,2026-02-20 10:07:12+00:00,16.03,BLUE,Dplus Kia,Aurora,1,21,9,0.42857142857142855,5,0.2,0,,0
LOLTMNT02_355637,LCK_20260220_DN_SOOPers_vs_Dplus_Kia_S2,3,2026-02-20 10:07:12+00:00,16.03,BLUE,Dplus Kia,Lee Sin,2,6,6,1.0,2,1.0,1,1.0,0
LOLTMNT02_355637,LCK_20260220_DN_SOOPers_vs_Dplus_Kia_S2,3,2026-02-20 10:07:12+00:00,16.03,BLUE,Dplus Kia,Bard,3,15,9,0.6,2,0.0,3,0.6666666666666666,0
LOLTMNT02_355637,LCK_20260220_DN_SOOPers_vs_Dplus_Kia_S2,3,2026-02-20 10:07:12+00:00,16.03,BLUE,Dplus Kia,Jhin,4,15,8,0.5333333333333333,5,0.4,1,0.0,0
LOLTMNT02_355637,LCK_20260220_DN_SOOPers_vs_Dplus_Kia_S2,3,2026-02-20 10:07:12+00:00,16.03,BLUE,Dplus Kia,LeBlanc,5,1,1,1.0,0,,1,1.0,0
LOLTMNT02_355637,LCK_20260220_DN_SOOPers_vs_Dplus_Kia_S2,3,2026-02-20 10:07:12+00:00,16.03,RED,DN SOOPers,Varus,1,17,9,0.5294117647058824,3,0.6666666666666666,1,1.0,1
LOLTMNT02_355637,LCK_20260220_DN_SOOPers_vs_Dplus_Kia_S2,3,2026-02-20 10:07:12+00:00,16.03,RED,DN SOOPers,Wukong,2,23,9,0.391304347826087,4,0.5,7,0.5714285714285714,1
LOLTMNT02_355637,LCK_20260220_DN_SOOPers_vs_Dplus_Kia_S2,3,2026-02-20 10:07:12+00:00,16.03,RED,DN SOOPers,Rakan,3,20,13,0.65,5,0.8,4,0.75,1
LOLTMNT02_355637,LCK_20260220_DN_SOOPers_vs_Dplus_Kia_S2,3,2026-02-20 10:07:12+00:00,16.03,RED,DN SOOPers,Renekton,4,23,11,0.4782608695652174,4,0.75,1,1.0,1
LOLTMNT02_355637,LCK_20260220_DN_SOOPers_vs_Dplus_Kia_S2,3,2026-02-20 10:07:12+00:00,16.03,RED,DN SOOPers,Galio,5,9,6,0.6666666666666666,2,0.5,0,,1
LOLTMNT02_356609,LCK_20260220_DN_SOOPers_vs_Dplus_Kia_S2,4,2026-02-20 11:02:23+00:00,16.03,BLUE,DN SOOPers,Yunara,1,31,16,0.5161290322580645,5,0.4,4,0.5,0
LOLTMNT02_356609,LCK_20260220_DN_SOOPers_vs_Dplus_Kia_S2,4,2026-02-20 11:02:23+00:00,16.03,BLUE,DN SOOPers,Neeko,2,20,13,0.65,2,1.0,5,1.0,0
LOLTMNT02_356609,LCK_20260220_DN_SOOPers_vs_Dplus_Kia_S2,4,2026-02-20 11:02:23+00:00,16.03,BLUE,DN SOOPers,Kennen,3,10,7,0.7,3,0.3333333333333333,1,1.0,0
LOLTMNT02_356609,LCK_20260220_DN_SOOPers_vs_Dplus_Kia_S2,4,2026-02-20 11:02:23+00:00,16.03,BLUE,DN SOOPers,Naafiri,4,2,1,0.5,2,0.5,1,1.0,0
LOLTMNT02_356609,LCK_20260220_DN_SOOPers_vs_Dplus_Kia_S2,4,2026-02-20 11:02:23+00:00,16.03,BLUE,DN SOOPers,Viktor,5,5,2,0.4,2,0.5,2,0.5,0
LOLTMNT02_356609,LCK_20260220_DN_SOOPers_vs_Dplus_Kia_S2,4,2026-02-20 11:02:23+00:00,16.03,RED,Dplus Kia,Ahri,1,13,8,0.6153846153846154,4,0.5,2,0.5,1
LOLTMNT02_356609,LCK_20260220_DN_SOOPers_vs_Dplus_Kia_S2,4,2026-02-20 11:02:23+00:00,16.03,RED,Dplus Kia,Ashe,2,6,3,0.5,3,0.6666666666666666,2,0.5,1
LOLTMNT02_356609,LCK_20260220_DN_SOOPers_vs_Dplus_Kia_S2,4,2026-02-20 11:02:23+00:00,16.03,RED,Dplus Kia,Seraphine,3,4,3,0.75,3,0.6666666666666666,2,0.5,1
LOLTMNT02_356609,LCK_20260220_DN_SOOPers_vs_Dplus_Kia_S2,4,2026-02-20 11:02:23+00:00,16.03,RED,Dplus Kia,Sion,4,22,5,0.22727272727272727,3,0.3333333333333333,2,0.0,1
LOLTMNT02_356609,LCK_20260220_DN_SOOPers_vs_Dplus_Kia_S2,4,2026-02-20 11:02:23+00:00,16.03,RED,Dplus Kia,Aatrox,5,10,3,0.3,1,0.0,1,0.0,1
LOLTMNT02_356695,LCK_20260221_BNK_FEARX_vs_Gen_G_S2,1,2026-02-21 08:08:52+00:00,16.03,BLUE,Gen.G,Varus,1,18,10,0.5555555555555556,4,0.75,2,1.0,1
LOLTMNT02_356695,LCK_20260221_BNK_FEARX_vs_Gen_G_S2,1,2026-02-21 08:08:52+00:00,16.03,BLUE,Gen.G,Taliyah,2,29,10,0.3448275862068966,5,0.6,1,1.0,1
LOLTMNT02_356695,LCK_20260221_BNK_FEARX_vs_Gen_G_S2,1,2026-02-21 08:08:52+00:00,16.03,BLUE,Gen.G,Vi,3,26,13,0.5,5,0.6,2,1.0,1
LOLTMNT02_356695,LCK_20260221_BNK_FEARX_vs_Gen_G_S2,1,2026-02-21 08:08:52+00:00,16.03,BLUE,Gen.G,Rakan,4,21,14,0.6666666666666666,6,0.8333333333333334,3,1.0,1
LOLTMNT02_356695,LCK_20260221_BNK_FEARX_vs_Gen_G_S2,1,2026-02-21 08:08:52+00:00,16.03,BLUE,Gen.G,Rek'Sai,5,15,7,0.4666666666666667,3,0.6666666666666666,1,1.0,1
LOLTMNT02_356695,LCK_20260221_BNK_FEARX_vs_Gen_G_S2,1,2026-02-21 08:08:52+00:00,16.03,RED,BNK FEARX,Pantheon,1,26,16,0.6153846153846154,4,1.0,5,0.8,0
LOLTMNT02_356695,LCK_20260221_BNK_FEARX_vs_Gen_G_S2,1,2026-02-21 08:08:52+00:00,16.03,RED,BNK FEARX,Azir,2,27,12,0.4444444444444444,6,0.16666666666666666,3,0.6666666666666666,0
LOLTMNT02_356695,LCK_20260221_BNK_FEARX_vs_Gen_G_S2,1,2026-02-21 08:08:52+00:00,16.03,RED,BNK FEARX,Ambessa,3,28,15,0.5357142857142857,5,0.6,1,0.0,0
LOLTMNT02_356695,LCK_20260221_BNK_FEARX_vs_Gen_G_S2,1,2026-02-21 08:08:52+00:00,16.03,RED,BNK FEARX,Jhin,4,16,8,0.5,6,0.3333333333333333,1,1.0,0
LOLTMNT02_356695,LCK_20260221_BNK_FEARX_vs_Gen_G_S2,1,2026-02-21 08:08:52+00:00,16.03,RED,BNK FEARX,Poppy,5,6,2,0.3333333333333333,3,0.6666666666666666,2,0.5,0
LOLTMNT02_355782,LCK_20260221_BNK_FEARX_vs_Gen_G_S2,2,2026-02-21 09:07:41+00:00,16.03,BLUE,Gen.G,Aurora,1,22,9,0.4090909090909091,6,0.16666666666666666,2,1.0,1
LOLTMNT02_355782,LCK_20260221_BNK_FEARX_vs_Gen_G_S2,2,2026-02-21 09:07:41+00:00,16.03,BLUE,Gen.G,Ashe,2,7,4,0.5714285714285714,4,0.75,1,1.0,1
LOLTMNT02_355782,LCK_20260221_BNK_FEARX_vs_Gen_G_S2,2,2026-02-21 09:07:41+00:00,16.03,BLUE,Gen.G,Seraphine,3,5,4,0.8,4,0.75,1,1.0,1
LOLTMNT02_355782,LCK_20260221_BNK_FEARX_vs_Gen_G_S2,2,2026-02-21 09:07:41+00:00,16.03,BLUE,Gen.G,Wukong,4,24,10,0.4166666666666667,5,0.6,2,1.0,1
LOLTMNT02_355782,LCK_20260221_BNK_FEARX_vs_Gen_G_S2,2,2026-02-21 09:07:41+00:00,16.03,BLUE,Gen.G,Zaahen,5,14,9,0.6428571428571429,3,0.6666666666666666,1,1.0,1
LOLTMNT02_355782,LCK_20260221_BNK_FEARX_vs_Gen_G_S2,2,2026-02-21 09:07:41+00:00,16.03,RED,BNK FEARX,Xin Zhao,1,31,14,0.45161290322580644,6,0.3333333333333333,3,0.3333333333333333,0
LOLTMNT02_355782,LCK_20260221_BNK_FEARX_vs_Gen_G_S2,2,2026-02-21 09:07:41+00:00,16.03,RED,BNK FEARX,Lucian,2,17,8,0.47058823529411764,1,1.0,3,1.0,0
LOLTMNT02_355782,LCK_20260221_BNK_FEARX_vs_Gen_G_S2,2,2026-02-21 09:07:41+00:00,16.03,RED,BNK FEARX,Milio,3,3,2,0.6666666666666666,1,1.0,2,1.0,0
LOLTMNT02_355782,LCK_20260221_BNK_FEARX_vs_Gen_G_S2,2,2026-02-21 09:07:41+00:00,16.03,RED,BNK FEARX,Sion,4,23,6,0.2608695652173913,4,0.5,2,1.0,0
LOLTMNT02_355782,LCK_20260221_BNK_FEARX_vs_Gen_G_S2,2,2026-02-21 09:07:41+00:00,16.03,RED,BNK FEARX,Ahri,5,14,9,0.6428571428571429,5,0.6,4,0.5,0
LOLTMNT02_356711,LCK_20260221_BNK_FEARX_vs_Gen_G_S2,3,2026-02-21 10:03:38+00:00,16.03,BLUE,Gen.G,Mel,1,0,0,,0,,0,,0
LOLTMNT02_356711,LCK_20260221_BNK_FEARX_vs_Gen_G_S2,3,2026-02-21 10:03:38+00:00,16.03,BLUE,Gen.G,Yunara,2,32,16,0.5,6,0.3333333333333333,2,1.0,0
LOLTMNT02_356711,LCK_20260221_BNK_FEARX_vs_Gen_G_S2,3,2026-02-21 10:03:38+00:00,16.03,BLUE,Gen.G,Lulu,3,17,8,0.47058823529411764,5,0.6,0,,0
LOLTMNT02_356711,LCK_20260221_BNK_FEARX_vs_Gen_G_S2,3,2026-02-21 10:03:38+00:00,16.03,BLUE,Gen.G,Aatrox,4,11,4,0.36363636363636365,2,0.5,1,1.0,0
LOLTMNT02_356711,LCK_20260221_BNK_FEARX_vs_Gen_G_S2,3,2026-02-21 10:03:38+00:00,16.03,BLUE,Gen.G,Gnar,5,19,11,0.5789473684210527,4,0.75,1,1.0,0
LOLTMNT02_356711,LCK_20260221_BNK_FEARX_vs_Gen_G_S2,3,2026-02-21 10:03:38+00:00,16.03,RED,BNK FEARX,Twisted Fate,1,4,3,0.75,3,0.6666666666666666,1,1.0,1
LOLTMNT02_356711,LCK_20260221_BNK_FEARX_vs_Gen_G_S2,3,2026-02-21 10:03:38+00:00,16.03,RED,BNK FEARX,Ezreal,2,23,9,0.391304347826087,4,0.25,5,0.2,1
LOLTMNT02_356711,LCK_20260221_BNK_FEARX_vs_Gen_G_S2,3,2026-02-21 10:03:38+00:00,16.03,RED,BNK FEARX,Karma,3,10,4,0.4,3,0.3333333333333333,1,1.0,1
LOLTMNT02_356711,LCK_20260221_BNK_FEARX_vs_Gen_G_S2,3,2026-02-21 10:03:38+00:00,16.03,RED,BNK FEARX,Dr. Mundo,4,8,5,0.625,4,0.5,0,,1
LOLTMNT02_356711,LCK_20260221_BNK_FEARX_vs_Gen_G_S2,3,2026-02-21 10:03:38+00:00,16.03,RED,BNK FEARX,Gwen,5,19,13,0.6842105263157895,4,0.5,0,,1
LOLTMNT02_355793,LCK_20260221_BNK_FEARX_vs_Gen_G_S2,4,2026-02-21 10:56:33+00:00,16.03,BLUE,Gen.G,Renekton,1,24,12,0.5,5,0.8,2,1.0,1
LOLTMNT02_355793,LCK_20260221_BNK_FEARX_vs_Gen_G_S2,4,2026-02-21 10:56:33+00:00,16.03,BLUE,Gen.G,Nidalee,2,0,0,,0,,0,,1
LOLTMNT02_355793,LCK_20260221_BNK_FEARX_vs_Gen_G_S2,4,2026-02-21 10:56:33+00:00,16.03,BLUE,Gen.G,Zoe,3,7,5,0.7142857142857143,2,1.0,0,,1
LOLTMNT02_355793,LCK_20260221_BNK_FEARX_vs_Gen_G_S2,4,2026-02-21 10:56:33+00:00,16.03,BLUE,Gen.G,Nautilus,4,19,10,0.5263157894736842,4,0.25,0,,1
LOLTMNT02_355793,LCK_20260221_BNK_FEARX_vs_Gen_G_S2,4,2026-02-21 10:56:33+00:00,16.03,BLUE,Gen.G,Jinx,5,3,1,0.3333333333333333,2,0.5,0,,1
LOLTMNT02_355793,LCK_20260221_BNK_FEARX_vs_Gen_G_S2,4,2026-02-21 10:56:33+00:00,16.03,RED,BNK FEARX,Aphelios,1,18,11,0.6111111111111112,5,0.6,2,1.0,0
LOLTMNT02_355793,LCK_20260221_BNK_FEARX_vs_Gen_G_S2,4,2026-02-21 10:56:33+00:00,16.03,RED,BNK FEARX,Jarvan IV,2,29,15,0.5172413793103449,5,0.2,3,0.3333333333333333,0
LOLTMNT02_355793,LCK_20260221_BNK_FEARX_vs_Gen_G_S2,4,2026-02-21 10:56:33+00:00,16.03,RED,BNK FEARX,Thresh,3,9,6,0.6666666666666666,4,0.5,1,1.0,0
LOLTMNT02_355793,LCK_20260221_BNK_FEARX_vs_Gen_G_S2,4,2026-02-21 10:56:33+00:00,16.03,RED,BNK FEARX,Syndra,4,9,4,0.4444444444444444,0,,1,1.0,0
LOLTMNT02_355793,LCK_20260221_BNK_FEARX_vs_Gen_G_S2,4,2026-02-21 10:56:33+00:00,16.03,RED,BNK FEARX,Ornn,5,5,2,0.4,3,0.0,0,,0
LOLTMNT02_356869,LCK_20260222_Dplus_Kia_vs_T1_S2,1,2026-02-22 08:08:41+00:00,16.03,BLUE,Dplus Kia,Orianna,1,25,13,0.52,4,1.0,1,0.0,0
LOLTMNT02_356869,LCK_20260222_Dplus_Kia_vs_T1_S2,1,2026-02-22 08:08:41+00:00,16.03,BLUE,Dplus Kia,Jarvan IV,2,30,15,0.5,6,0.16666666666666666,6,0.6666666666666666,0
LOLTMNT02_356869,LCK_20260222_Dplus_Kia_vs_T1_S2,1,2026-02-22 08:08:41+00:00,16.03,BLUE,Dplus Kia,K'Sante,3,23,13,0.5652173913043478,3,0.6666666666666666,4,0.75,0
LOLTMNT02_356869,LCK_20260222_Dplus_Kia_vs_T1_S2,1,2026-02-22 08:08:41+00:00,16.03,BLUE,Dplus Kia,Ashe,4,8,5,0.625,5,0.8,3,0.6666666666666666,0
LOLTMNT02_356869,LCK_20260222_Dplus_Kia_vs_T1_S2,1,2026-02-22 08:08:41+00:00,16.03,BLUE,Dplus Kia,Seraphine,5,6,5,0.8333333333333334,5,0.8,3,0.6666666666666666,0
LOLTMNT02_356869,LCK_20260222_Dplus_Kia_vs_T1_S2,1,2026-02-22 08:08:41+00:00,16.03,RED,T1,Rumble,1,18,9,0.5,5,0.6,0,,1
LOLTMNT02_356869,LCK_20260222_Dplus_Kia_vs_T1_S2,1,2026-02-22 08:08:41+00:00,16.03,RED,T1,Azir,2,28,12,0.42857142857142855,7,0.14285714285714285,4,0.75,1
LOLTMNT02_356869,LCK_20260222_Dplus_Kia_vs_T1_S2,1,2026-02-22 08:08:41+00:00,16.03,RED,T1,Xin Zhao,3,32,14,0.4375,7,0.2857142857142857,3,0.3333333333333333,1
LOLTMNT02_356869,LCK_20260222_Dplus_Kia_vs_T1_S2,1,2026-02-22 08:08:41+00:00,16.03,RED,T1,Zeri,4,1,0,0.0,0,,0,,1
LOLTMNT02_356869,LCK_20260222_Dplus_Kia_vs_T1_S2,1,2026-02-22 08:08:41+00:00,16.03,RED,T1,Yuumi,5,1,0,0.0,1,0.0,0,,1
LOLTMNT02_356875,LCK_20260222_Dplus_Kia_vs_T1_S2,2,2026-02-22 09:08:21+00:00,16.03,BLUE,Dplus Kia,Ryze,1,33,22,0.6666666666666666,6,0.8333333333333334,5,0.8,0
LOLTMNT02_356875,LCK_20260222_Dplus_Kia_vs_T1_S2,2,2026-02-22 09:08:21+00:00,16.03,BLUE,Dplus Kia,Lee Sin,2,7,6,0.8571428571428571,3,0.6666666666666666,2,0.5,0
LOLTMNT02_356875,LCK_20260222_Dplus_Kia_vs_T1_S2,2,2026-02-22 09:08:21+00:00,16.03,BLUE,Dplus Kia,Sion,3,24,6,0.25,5,0.4,3,0.3333333333333333,0
LOLTMNT02_356875,LCK_20260222_Dplus_Kia_vs_T1_S2,2,2026-02-22 09:08:21+00:00,16.03,BLUE,Dplus Kia,Ezreal,4,24,10,0.4166666666666667,5,0.4,4,0.5,0
LOLTMNT02_356875,LCK_20260222_Dplus_Kia_vs_T1_S2,2,2026-02-22 09:08:21+00:00,16.03,BLUE,Dplus Kia,Blitzcrank,5,1,1,1.0,0,,0,,0
LOLTMNT02_356875,LCK_20260222_Dplus_Kia_vs_T1_S2,2,2026-02-22 09:08:21+00:00,16.03,RED,T1,Pantheon,1,27,16,0.5925925925925926,5,0.8,2,0.5,1
LOLTMNT02_356875,LCK_20260222_Dplus_Kia_vs_T1_S2,2,2026-02-22 09:08:21+00:00,16.03,RED,T1,Jayce,2,10,3,0.3,3,0.0,1,1.0,1
LOLTMNT02_356875,LCK_20260222_Dplus_Kia_vs_T1_S2,2,2026-02-22 09:08:21+00:00,16.03,RED,T1,Taliyah,3,30,11,0.36666666666666664,6,0.6666666666666666,0,,1
LOLTMNT02_356875,LCK_20260222_Dplus_Kia_vs_T1_S2,2,2026-02-22 09:08:21+00:00,16.03,RED,T1,Yunara,4,33,16,0.48484848484848486,7,0.2857142857142857,1,0.0,1
LOLTMNT02_356875,LCK_20260222_Dplus_Kia_vs_T1_S2,2,2026-02-22 09:08:21+00:00,16.03,RED,T1,Karma,5,11,5,0.45454545454545453,4,0.5,0,,1
LOLTMNT02_356881,LCK_20260222_Dplus_Kia_vs_T1_S2,3,2026-02-22 10:01:38+00:00,16.03,BLUE,T1,Aphelios,1,19,11,0.5789473684210527,6,0.5,4,0.75,0
LOLTMNT02_356881,LCK_20260222_Dplus_Kia_vs_T1_S2,3,2026-02-22 10:01:38+00:00,16.03,BLUE,T1,Lulu,2,18,8,0.4444444444444444,6,0.5,2,1.0,0
LOLTMNT02_356881,LCK_20260222_Dplus_Kia_vs_T1_S2,3,2026-02-22 10:01:38+00:00,16.03,BLUE,T1,Renekton,3,25,13,0.52,6,0.8333333333333334,0,,0
LOLTMNT02_356881,LCK_20260222_Dplus_Kia_vs_T1_S2,3,2026-02-22 10:01:38+00:00,16.03,BLUE,T1,Twisted Fate,4,5,4,0.8,4,0.75,0,,0
LOLTMNT02_356881,LCK_20260222_Dplus_Kia_vs_T1_S2,3,2026-02-22 10:01:38+00:00,16.03,BLUE,T1,Kha'Zix,5,0,0,,0,,0,,0
LOLTMNT02_356881,LCK_20260222_Dplus_Kia_vs_T1_S2,3,2026-02-22 10:01:38+00:00,16.03,RED,Dplus Kia,Ambessa,1,29,15,0.5172413793103449,6,0.5,5,0.6,1
LOLTMNT02_356881,LCK_20260222_Dplus_Kia_vs_T1_S2,3,2026-02-22 10:01:38+00:00,16.03,RED,Dplus Kia,Lucian,2,18,8,0.4444444444444444,2,0.5,3,0.6666666666666666,1
LOLTMNT02_356881,LCK_20260222_Dplus_Kia_vs_T1_S2,3,2026-02-22 10:01:38+00:00,16.03,RED,Dplus Kia,Nami,3,12,5,0.4166666666666667,1,0.0,3,0.3333333333333333,1
LOLTMNT02_356881,LCK_20260222_Dplus_Kia_vs_T1_S2,3,2026-02-22 10:01:38+00:00,16.03,RED,Dplus Kia,Ahri,4,15,9,0.6,6,0.5,3,0.6666666666666666,1
LOLTMNT02_356881,LCK_20260222_Dplus_Kia_vs_T1_S2,3,2026-02-22 10:01:38+00:00,16.03,RED,Dplus Kia,Olaf,5,2,2,1.0,1,1.0,0,,1
LOLTMNT02_355917,LCK_20260222_Dplus_Kia_vs_T1_S2,4,2026-02-22 11:04:59+00:00,16.03,BLUE,Dplus Kia,Wukong,1,25,11,0.44,6,0.6666666666666666,2,0.5,1
LOLTMNT02_355917,LCK_20260222_Dplus_Kia_vs_T1_S2,4,2026-02-22 11:04:59+00:00,16.03,BLUE,Dplus Kia,Sivir,2,14,8,0.5714285714285714,4,0.5,2,1.0,1
LOLTMNT02_355917,LCK_20260222_Dplus_Kia_vs_T1_S2,4,2026-02-22 11:04:59+00:00,16.03,BLUE,Dplus Kia,Gnar,3,20,11,0.55,5,0.6,1,1.0,1
LOLTMNT02_355917,LCK_20260222_Dplus_Kia_vs_T1_S2,4,2026-02-22 11:04:59+00:00,16.03,BLUE,Dplus Kia,Alistar,4,21,7,0.3333333333333333,4,0.5,2,0.0,1
LOLTMNT02_355917,LCK_20260222_Dplus_Kia_vs_T1_S2,4,2026-02-22 11:04:59+00:00,16.03,BLUE,Dplus Kia,Cassiopeia,5,7,3,0.42857142857142855,2,0.5,2,1.0,1
LOLTMNT02_355917,LCK_20260222_Dplus_Kia_vs_T1_S2,4,2026-02-22 11:04:59+00:00,16.03,RED,T1,Varus,1,19,11,0.5789473684210527,5,0.8,2,1.0,0
LOLTMNT02_355917,LCK_20260222_Dplus_Kia_vs_T1_S2,4,2026-02-22 11:04:59+00:00,16.03,RED,T1,Zaahen,2,15,10,0.6666666666666666,4,0.75,2,1.0,0
LOLTMNT02_355917,LCK_20260222_Dplus_Kia_vs_T1_S2,4,2026-02-22 11:04:59+00:00,16.03,RED,T1,Galio,3,10,7,0.7,3,0.6666666666666666,2,1.0,0
LOLTMNT02_355917,LCK_20260222_Dplus_Kia_vs_T1_S2,4,2026-02-22 11:04:59+00:00,16.03,RED,T1,Sylas,4,7,5,0.7142857142857143,2,0.5,3,0.6666666666666666,0
LOLTMNT02_355917,LCK_20260222_Dplus_Kia_vs_T1_S2,4,2026-02-22 11:04:59+00:00,16.03,RED,T1,Rakan,5,22,15,0.6818181818181818,7,0.8571428571428571,1,0.0,0
LOLTMNT02_356890,LCK_20260222_Dplus_Kia_vs_T1_S2,5,2026-02-22 12:02:50+00:00,16.03,BLUE,Dplus Kia,Gwen,1,20,14,0.7,5,0.6,4,0.75,1
LOLTMNT02_356890,LCK_20260222_Dplus_Kia_vs_T1_S2,5,2026-02-22 12:02:50+00:00,16.03,BLUE,Dplus Kia,Neeko,2,21,13,0.6190476190476191,3,0.6666666666666666,0,,1
LOLTMNT02_356890,LCK_20260222_Dplus_Kia_vs_T1_S2,5,2026-02-22 12:02:50+00:00,16.03,BLUE,Dplus Kia,Miss Fortune,3,5,1,0.2,2,0.5,0,,1
LOLTMNT02_356890,LCK_20260222_Dplus_Kia_vs_T1_S2,5,2026-02-22 12:02:50+00:00,16.03,BLUE,Dplus Kia,Maokai,4,1,1,1.0,1,1.0,0,,1
LOLTMNT02_356890,LCK_20260222_Dplus_Kia_vs_T1_S2,5,2026-02-22 12:02:50+00:00,16.03,BLUE,Dplus Kia,Tristana,5,2,0,0.0,1,0.0,0,,1
LOLTMNT02_356890,LCK_20260222_Dplus_Kia_vs_T1_S2,5,2026-02-22 12:02:50+00:00,16.03,RED,T1,Kennen,1,11,7,0.6363636363636364,4,0.25,2,0.5,0
LOLTMNT02_356890,LCK_20260222_Dplus_Kia_vs_T1_S2,5,2026-02-22 12:02:50+00:00,16.03,RED,T1,Kalista,2,10,5,0.5,4,0.25,1,1.0,0
LOLTMNT02_356890,LCK_20260222_Dplus_Kia_vs_T1_S2,5,2026-02-22 12:02:50+00:00,16.03,RED,T1,Renata Glasc,3,11,5,0.45454545454545453,4,0.25,1,1.0,0
LOLTMNT02_356890,LCK_20260222_Dplus_Kia_vs_T1_S2,5,2026-02-22 12:02:50+00:00,16.03,RED,T1,Anivia,4,6,2,0.3333333333333333,2,0.0,1,0.0,0
LOLTMNT02_356890,LCK_20260222_Dplus_Kia_vs_T1_S2,5,2026-02-22 12:02:50+00:00,16.03,RED,T1,Aatrox,5,12,4,0.3333333333333333,3,0.3333333333333333,0,,0
LOLTMNT02_360177,LCK_20260228_BNK_FEARX_vs_Dplus_Kia_S1,1,2026-02-28 08:23:00+00:00,16.03,BLUE,Dplus Kia,Azir,1,29,13,0.4482758620689655,8,0.25,3,0.3333333333333333,0
LOLTMNT02_360177,LCK_20260228_BNK_FEARX_vs_Dplus_Kia_S1,1,2026-02-28 08:23:00+00:00,16.03,BLUE,Dplus Kia,Xin Zhao,2,33,15,0.45454545454545453,8,0.375,3,0.6666666666666666,0
LOLTMNT02_360177,LCK_20260228_BNK_FEARX_vs_Dplus_Kia_S1,1,2026-02-28 08:23:00+00:00,16.03,BLUE,Dplus Kia,Ezreal,3,25,10,0.4,6,0.3333333333333333,5,0.4,0
LOLTMNT02_360177,LCK_20260228_BNK_FEARX_vs_Dplus_Kia_S1,1,2026-02-28 08:23:00+00:00,16.03,BLUE,Dplus Kia,Yuumi,4,2,1,0.5,2,0.5,1,0.0,0
LOLTMNT02_360177,LCK_20260228_BNK_FEARX_vs_Dplus_Kia_S1,1,2026-02-28 08:23:00+00:00,16.03,BLUE,Dplus Kia,Sion,5,25,6,0.24,6,0.3333333333333333,4,0.25,0
LOLTMNT02_360177,LCK_20260228_BNK_FEARX_vs_Dplus_Kia_S1,1,2026-02-28 08:23:00+00:00,16.03,RED,BNK FEARX,Varus,1,20,11,0.55,6,0.6666666666666666,1,0.0,1
LOLTMNT02_360177,LCK_20260228_BNK_FEARX_vs_Dplus_Kia_S1,1,2026-02-28 08:23:00+00:00,16.03,RED,BNK FEARX,Jarvan IV,2,31,15,0.4838709677419355,7,0.14285714285714285,4,0.25,1
LOLTMNT02_360177,LCK_20260228_BNK_FEARX_vs_Dplus_Kia_S1,1,2026-02-28 08:23:00+00:00,16.03,RED,BNK FEARX,Taliyah,3,31,12,0.3870967741935484,7,0.7142857142857143,2,0.0,1
LOLTMNT02_360177,LCK_20260228_BNK_FEARX_vs_Dplus_Kia_S1,1,2026-02-28 08:23:00+00:00,16.03,RED,BNK FEARX,Karma,4,12,6,0.5,5,0.6,2,1.0,1
LOLTMNT02_360177,LCK_20260228_BNK_FEARX_vs_Dplus_Kia_S1,1,2026-02-28 08:23:00+00:00,16.03,RED,BNK FEARX,Gnar,5,21,12,0.5714285714285714,6,0.6666666666666666,3,0.3333333333333333,1
LOLTMNT02_360180,LCK_20260228_BNK_FEARX_vs_Dplus_Kia_S1,2,2026-02-28 09:16:16+00:00,16.03,BLUE,BNK FEARX,Ashe,1,9,5,0.5555555555555556,6,0.6666666666666666,1,1.0,1
LOLTMNT02_360180,LCK_20260228_BNK_FEARX_vs_Dplus_Kia_S1,2,2026-02-28 09:16:16+00:00,16.03,BLUE,BNK FEARX,Seraphine,2,7,5,0.7142857142857143,6,0.6666666666666666,1,1.0,1
LOLTMNT02_360180,LCK_20260228_BNK_FEARX_vs_Dplus_Kia_S1,2,2026-02-28 09:16:16+00:00,16.03,BLUE,BNK FEARX,Ryze,3,34,22,0.6470588235294118,7,0.7142857142857143,3,1.0,1
LOLTMNT02_360180,LCK_20260228_BNK_FEARX_vs_Dplus_Kia_S1,2,2026-02-28 09:16:16+00:00,16.03,BLUE,BNK FEARX,Renekton,4,26,13,0.5,7,0.7142857142857143,4,0.75,1
LOLTMNT02_360180,LCK_20260228_BNK_FEARX_vs_Dplus_Kia_S1,2,2026-02-28 09:16:16+00:00,16.03,BLUE,BNK FEARX,Trundle,5,6,5,0.8333333333333334,1,1.0,1,1.0,1
LOLTMNT02_360180,LCK_20260228_BNK_FEARX_vs_Dplus_Kia_S1,2,2026-02-28 09:16:16+00:00,16.03,RED,Dplus Kia,Wukong,1,26,12,0.46153846153846156,7,0.7142857142857143,3,0.6666666666666666,0
LOLTMNT02_360180,LCK_20260228_BNK_FEARX_vs_Dplus_Kia_S1,2,2026-02-28 09:16:16+00:00,16.03,RED,Dplus Kia,Ziggs,2,7,2,0.2857142857142857,1,1.0,1,1.0,0
LOLTMNT02_360180,LCK_20260228_BNK_FEARX_vs_Dplus_Kia_S1,2,2026-02-28 09:16:16+00:00,16.03,RED,Dplus Kia,Nautilus,3,20,11,0.55,5,0.4,1,0.0,0
LOLTMNT02_360180,LCK_20260228_BNK_FEARX_vs_Dplus_Kia_S1,2,2026-02-28 09:16:16+00:00,16.03,RED,Dplus Kia,Yone,4,7,3,0.42857142857142855,2,0.5,0,,0
LOLTMNT02_360180,LCK_20260228_BNK_FEARX_vs_Dplus_Kia_S1,2,2026-02-28 09:16:16+00:00,16.03,RED,Dplus Kia,Aurora,5,23,10,0.43478260869565216,7,0.2857142857142857,1,0.0,0
LOLTMNT02_360183,LCK_20260228_BNK_FEARX_vs_Dplus_Kia_S1,3,2026-02-28 10:13:45+00:00,16.03,BLUE,BNK FEARX,Yunara,1,34,17,0.5,8,0.375,3,0.3333333333333333,1
LOLTMNT02_360183,LCK_20260228_BNK_FEARX_vs_Dplus_Kia_S1,3,2026-02-28 10:13:45+00:00,16.03,BLUE,BNK FEARX,Lulu,2,19,8,0.42105263157894735,7,0.42857142857142855,4,0.5,1
LOLTMNT02_360183,LCK_20260228_BNK_FEARX_vs_Dplus_Kia_S1,3,2026-02-28 10:13:45+00:00,16.03,BLUE,BNK FEARX,Nocturne,3,14,7,0.5,3,0.6666666666666666,1,0.0,1
LOLTMNT02_360183,LCK_20260228_BNK_FEARX_vs_Dplus_Kia_S1,3,2026-02-28 10:13:45+00:00,16.03,BLUE,BNK FEARX,K'Sante,4,24,13,0.5416666666666666,4,0.5,2,0.5,1
LOLTMNT02_360183,LCK_20260228_BNK_FEARX_vs_Dplus_Kia_S1,3,2026-02-28 10:13:45+00:00,16.03,BLUE,BNK FEARX,Syndra,5,10,4,0.4,1,0.0,2,0.5,1
LOLTMNT02_360183,LCK_20260228_BNK_FEARX_vs_Dplus_Kia_S1,3,2026-02-28 10:13:45+00:00,16.03,RED,Dplus Kia,Pantheon,1,28,17,0.6071428571428571,6,0.8333333333333334,3,0.6666666666666666,0
LOLTMNT02_360183,LCK_20260228_BNK_FEARX_vs_Dplus_Kia_S1,3,2026-02-28 10:13:45+00:00,16.03,RED,Dplus Kia,Corki,2,28,14,0.5,5,0.4,2,0.0,0
LOLTMNT02_360183,LCK_20260228_BNK_FEARX_vs_Dplus_Kia_S1,3,2026-02-28 10:13:45+00:00,16.03,RED,Dplus Kia,Nami,3,13,6,0.46153846153846156,2,0.5,4,0.5,0
LOLTMNT02_360183,LCK_20260228_BNK_FEARX_vs_Dplus_Kia_S1,3,2026-02-28 10:13:45+00:00,16.03,RED,Dplus Kia,Zoe,4,8,6,0.75,3,1.0,2,0.5,0
LOLTMNT02_360183,LCK_20260228_BNK_FEARX_vs_Dplus_Kia_S1,3,2026-02-28 10:13:45+00:00,16.03,RED,Dplus Kia,Jax,5,10,5,0.5,5,0.2,2,0.5,0
LOLTMNT02_360283,LCK_20260301_BNK_FEARX_vs_Gen_G_S3,1,2026-03-01 08:22:46+00:00,16.03,BLUE,Gen.G,Ryze,1,35,23,0.6571428571428571,8,0.75,3,1.0,1
LOLTMNT02_360283,LCK_20260301_BNK_FEARX_vs_Gen_G_S3,1,2026-03-01 08:22:46+00:00,16.03,BLUE,Gen.G,Gwen,2,21,15,0.7142857142857143,6,0.6666666666666666,2,1.0,1
LOLTMNT02_360283,LCK_20260301_BNK_FEARX_vs_Gen_G_S3,1,2026-03-01 08:22:46+00:00,16.03,BLUE,Gen.G,Jarvan IV,3,32,16,0.5,8,0.25,1,1.0,1
LOLTMNT02_360283,LCK_20260301_BNK_FEARX_vs_Gen_G_S3,1,2026-03-01 08:22:46+00:00,16.03,BLUE,Gen.G,Sivir,4,15,9,0.6,5,0.6,0,,1
LOLTMNT02_360283,LCK_20260301_BNK_FEARX_vs_Gen_G_S3,1,2026-03-01 08:22:46+00:00,16.03,BLUE,Gen.G,Bard,5,16,9,0.5625,3,0.0,2,1.0,1
LOLTMNT02_360283,LCK_20260301_BNK_FEARX_vs_Gen_G_S3,1,2026-03-01 08:22:46+00:00,16.03,RED,BNK FEARX,Varus,1,21,12,0.5714285714285714,7,0.7142857142857143,2,0.5,0
LOLTMNT02_360283,LCK_20260301_BNK_FEARX_vs_Gen_G_S3,1,2026-03-01 08:22:46+00:00,16.03,RED,BNK FEARX,Pantheon,2,29,17,0.5862068965517241,7,0.7142857142857143,6,0.6666666666666666,0
LOLTMNT02_360283,LCK_20260301_BNK_FEARX_vs_Gen_G_S3,1,2026-03-01 08:22:46+00:00,16.03,RED,BNK FEARX,Taliyah,3,32,13,0.40625,8,0.75,3,0.3333333333333333,0
LOLTMNT02_360283,LCK_20260301_BNK_FEARX_vs_Gen_G_S3,1,2026-03-01 08:22:46+00:00,16.03,RED,BNK FEARX,Gnar,4,22,13,0.5909090909090909,7,0.7142857142857143,4,0.5,0
LOLTMNT02_360283,LCK_20260301_BNK_FEARX_vs_Gen_G_S3,1,2026-03-01 08:22:46+00:00,16.03,RED,BNK FEARX,Rakan,5,23,15,0.6521739130434783,8,0.75,1,1.0,0
LOLTMNT02_360285,LCK_20260301_BNK_FEARX_vs_Gen_G_S3,2,2026-03-01 09:14:27+00:00,16.03,BLUE,Gen.G,Ashe,1,10,6,0.6,7,0.7142857142857143,2,1.0,1
LOLTMNT02_360285,LCK_20260301_BNK_FEARX_vs_Gen_G_S3,2,2026-03-01 09:14:27+00:00,16.03,BLUE,Gen.G,Seraphine,2,8,6,0.75,7,0.7142857142857143,2,1.0,1
LOLTMNT02_360285,LCK_20260301_BNK_FEARX_vs_Gen_G_S3,2,2026-03-01 09:14:27+00:00,16.03,BLUE,Gen.G,Galio,3,11,7,0.6363636363636364,4,0.5,2,1.0,1
LOLTMNT02_360285,LCK_20260301_BNK_FEARX_vs_Gen_G_S3,2,2026-03-01 09:14:27+00:00,16.03,BLUE,Gen.G,Ambessa,4,30,16,0.5333333333333333,7,0.5714285714285714,2,1.0,1
LOLTMNT02_360285,LCK_20260301_BNK_FEARX_vs_Gen_G_S3,2,2026-03-01 09:14:27+00:00,16.03,BLUE,Gen.G,Zaahen,5,16,10,0.625,5,0.6,2,1.0,1
LOLTMNT02_360285,LCK_20260301_BNK_FEARX_vs_Gen_G_S3,2,2026-03-01 09:14:27+00:00,16.03,RED,BNK FEARX,Orianna,1,26,13,0.5,5,0.8,3,0.6666666666666666,0
LOLTMNT02_360285,LCK_20260301_BNK_FEARX_vs_Gen_G_S3,2,2026-03-01 09:14:27+00:00,16.03,RED,BNK FEARX,Nocturne,2,15,8,0.5333333333333333,4,0.75,2,0.5,0
LOLTMNT02_360285,LCK_20260301_BNK_FEARX_vs_Gen_G_S3,2,2026-03-01 09:14:27+00:00,16.03,RED,BNK FEARX,Renekton,3,27,14,0.5185185185185185,8,0.75,5,0.8,0
LOLTMNT02_360285,LCK_20260301_BNK_FEARX_vs_Gen_G_S3,2,2026-03-01 09:14:27+00:00,16.03,RED,BNK FEARX,Kalista,4,11,5,0.45454545454545453,5,0.2,1,0.0,0
LOLTMNT02_360285,LCK_20260301_BNK_FEARX_vs_Gen_G_S3,2,2026-03-01 09:14:27+00:00,16.03,RED,BNK FEARX,Renata Glasc,5,12,5,0.4166666666666667,5,0.2,1,0.0,0
LOLTMNT02_360286,LCK_20260301_BNK_FEARX_vs_Gen_G_S3,3,2026-03-01 10:01:17+00:00,16.03,BLUE,Gen.G,Neeko,1,22,14,0.6363636363636364,4,0.75,1,1.0,1
LOLTMNT02_360286,LCK_20260301_BNK_FEARX_vs_Gen_G_S3,3,2026-03-01 10:01:17+00:00,16.03,BLUE,Gen.G,Wukong,2,27,12,0.4444444444444444,8,0.625,3,1.0,1
LOLTMNT02_360286,LCK_20260301_BNK_FEARX_vs_Gen_G_S3,3,2026-03-01 10:01:17+00:00,16.03,BLUE,Gen.G,Yunara,3,35,18,0.5142857142857142,9,0.4444444444444444,3,0.6666666666666666,1
LOLTMNT02_360286,LCK_20260301_BNK_FEARX_vs_Gen_G_S3,3,2026-03-01 10:01:17+00:00,16.03,BLUE,Gen.G,Annie,4,0,0,,0,,0,,1
LOLTMNT02_360286,LCK_20260301_BNK_FEARX_vs_Gen_G_S3,3,2026-03-01 10:01:17+00:00,16.03,BLUE,Gen.G,Aatrox,5,13,4,0.3076923076923077,4,0.25,2,0.5,1
LOLTMNT02_360286,LCK_20260301_BNK_FEARX_vs_Gen_G_S3,3,2026-03-01 10:01:17+00:00,16.03,RED,BNK FEARX,Azir,1,30,13,0.43333333333333335,9,0.2222222222222222,4,0.5,0
LOLTMNT02_360286,LCK_20260301_BNK_FEARX_vs_Gen_G_S3,3,2026-03-01 10:01:17+00:00,16.03,RED,BNK FEARX,Lucian,2,19,9,0.47368421052631576,3,0.6666666666666666,4,0.75,0
LOLTMNT02_360286,LCK_20260301_BNK_FEARX_vs_Gen_G_S3,3,2026-03-01 10:01:17+00:00,16.03,RED,BNK FEARX,Nami,3,14,6,0.42857142857142855,3,0.3333333333333333,1,1.0,0
LOLTMNT02_360286,LCK_20260301_BNK_FEARX_vs_Gen_G_S3,3,2026-03-01 10:01:17+00:00,16.03,RED,BNK FEARX,Dr. Mundo,4,9,6,0.6666666666666666,5,0.6,1,1.0,0
LOLTMNT02_360286,LCK_20260301_BNK_FEARX_vs_Gen_G_S3,3,2026-03-01 10:01:17+00:00,16.03,RED,BNK FEARX,Sion,5,26,6,0.23076923076923078,7,0.2857142857142857,3,0.6666666666666666,0
LOLTMNT02_375568,LCK_20260401_HANJIN_BRION_vs_Hanwha_Life_Esports_S2,1,2026-04-01 08:11:43+00:00,16.06,BLUE,HANJIN BRION,Neeko,1,23,15,0.6521739130434783,0,,1,0.0,0
LOLTMNT02_375568,LCK_20260401_HANJIN_BRION_vs_Hanwha_Life_Esports_S2,1,2026-04-01 08:11:43+00:00,16.06,BLUE,HANJIN BRION,Jarvan IV,2,33,17,0.5151515151515151,0,,1,1.0,0
LOLTMNT02_375568,LCK_20260401_HANJIN_BRION_vs_Hanwha_Life_Esports_S2,1,2026-04-01 08:11:43+00:00,16.06,BLUE,HANJIN BRION,Cassiopeia,3,8,4,0.5,0,,1,0.0,0
LOLTMNT02_375568,LCK_20260401_HANJIN_BRION_vs_Hanwha_Life_Esports_S2,1,2026-04-01 08:11:43+00:00,16.06,BLUE,HANJIN BRION,Jhin,4,17,8,0.47058823529411764,0,,2,0.0,0
LOLTMNT02_375568,LCK_20260401_HANJIN_BRION_vs_Hanwha_Life_Esports_S2,1,2026-04-01 08:11:43+00:00,16.06,BLUE,HANJIN BRION,Yorick,5,3,1,0.3333333333333333,0,,1,0.0,0
LOLTMNT02_375568,LCK_20260401_HANJIN_BRION_vs_Hanwha_Life_Esports_S2,1,2026-04-01 08:11:43+00:00,16.06,RED,Hanwha Life Esports,Ryze,1,36,24,0.6666666666666666,0,,3,0.3333333333333333,1
LOLTMNT02_375568,LCK_20260401_HANJIN_BRION_vs_Hanwha_Life_Esports_S2,1,2026-04-01 08:11:43+00:00,16.06,RED,Hanwha Life Esports,Ezreal,2,26,10,0.38461538461538464,0,,0,,1
LOLTMNT02_375568,LCK_20260401_HANJIN_BRION_vs_Hanwha_Life_Esports_S2,1,2026-04-01 08:11:43+00:00,16.06,RED,Hanwha Life Esports,Bard,3,17,10,0.5882352941176471,0,,1,0.0,1
LOLTMNT02_375568,LCK_20260401_HANJIN_BRION_vs_Hanwha_Life_Esports_S2,1,2026-04-01 08:11:43+00:00,16.06,RED,Hanwha Life Esports,Jayce,4,11,4,0.36363636363636365,0,,0,,1
LOLTMNT02_375568,LCK_20260401_HANJIN_BRION_vs_Hanwha_Life_Esports_S2,1,2026-04-01 08:11:43+00:00,16.06,RED,Hanwha Life Esports,Pantheon,5,30,17,0.5666666666666667,0,,0,,1
LOLTMNT02_375577,LCK_20260401_HANJIN_BRION_vs_Hanwha_Life_Esports_S2,2,2026-04-01 09:05:37+00:00,16.06,BLUE,Hanwha Life Esports,Ashe,1,11,7,0.6363636363636364,0,,0,,1
LOLTMNT02_375577,LCK_20260401_HANJIN_BRION_vs_Hanwha_Life_Esports_S2,2,2026-04-01 09:05:37+00:00,16.06,BLUE,Hanwha Life Esports,Xin Zhao,2,34,15,0.4411764705882353,0,,3,0.3333333333333333,1
LOLTMNT02_375577,LCK_20260401_HANJIN_BRION_vs_Hanwha_Life_Esports_S2,2,2026-04-01 09:05:37+00:00,16.06,BLUE,Hanwha Life Esports,Seraphine,3,9,7,0.7777777777777778,0,,0,,1
LOLTMNT02_375577,LCK_20260401_HANJIN_BRION_vs_Hanwha_Life_Esports_S2,2,2026-04-01 09:05:37+00:00,16.06,BLUE,Hanwha Life Esports,Ziggs,4,8,2,0.25,0,,2,0.5,1
LOLTMNT02_375577,LCK_20260401_HANJIN_BRION_vs_Hanwha_Life_Esports_S2,2,2026-04-01 09:05:37+00:00,16.06,BLUE,Hanwha Life Esports,Gnar,5,23,13,0.5652173913043478,0,,2,0.5,1
LOLTMNT02_375577,LCK_20260401_HANJIN_BRION_vs_Hanwha_Life_Esports_S2,2,2026-04-01 09:05:37+00:00,16.06,RED,HANJIN BRION,Azir,1,31,13,0.41935483870967744,0,,1,1.0,0
LOLTMNT02_375577,LCK_20260401_HANJIN_BRION_vs_Hanwha_Life_Esports_S2,2,2026-04-01 09:05:37+00:00,16.06,RED,HANJIN BRION,Trundle,2,7,6,0.8571428571428571,0,,2,1.0,0
LOLTMNT02_375577,LCK_20260401_HANJIN_BRION_vs_Hanwha_Life_Esports_S2,2,2026-04-01 09:05:37+00:00,16.06,RED,HANJIN BRION,Renekton,3,28,14,0.5,0,,3,0.0,0
LOLTMNT02_375577,LCK_20260401_HANJIN_BRION_vs_Hanwha_Life_Esports_S2,2,2026-04-01 09:05:37+00:00,16.06,RED,HANJIN BRION,Mel,4,1,0,0.0,0,,0,,0
LOLTMNT02_375577,LCK_20260401_HANJIN_BRION_vs_Hanwha_Life_Esports_S2,2,2026-04-01 09:05:37+00:00,16.06,RED,HANJIN BRION,Pyke,5,0,0,,0,,0,,0
LOLTMNT02_374657,LCK_20260401_KT_Rolster_vs_T1_S2,1,2026-04-01 10:23:34+00:00,16.06,BLUE,KT Rolster,Ryze,1,37,25,0.6756756756756757,1,1.0,2,0.5,1
LOLTMNT02_374657,LCK_20260401_KT_Rolster_vs_T1_S2,1,2026-04-01 10:23:34+00:00,16.06,BLUE,KT Rolster,Pantheon,2,31,18,0.5806451612903226,1,1.0,0,,1
LOLTMNT02_374657,LCK_20260401_KT_Rolster_vs_T1_S2,1,2026-04-01 10:23:34+00:00,16.06,BLUE,KT Rolster,Jayce,3,12,5,0.4166666666666667,1,1.0,1,0.0,1
LOLTMNT02_374657,LCK_20260401_KT_Rolster_vs_T1_S2,1,2026-04-01 10:23:34+00:00,16.06,BLUE,KT Rolster,Ashe,4,12,8,0.6666666666666666,1,1.0,0,,1
LOLTMNT02_374657,LCK_20260401_KT_Rolster_vs_T1_S2,1,2026-04-01 10:23:34+00:00,16.06,BLUE,KT Rolster,Seraphine,5,10,8,0.8,1,1.0,0,,1
LOLTMNT02_374657,LCK_20260401_KT_Rolster_vs_T1_S2,1,2026-04-01 10:23:34+00:00,16.06,RED,T1,Orianna,1,27,13,0.48148148148148145,0,,1,1.0,0
LOLTMNT02_374657,LCK_20260401_KT_Rolster_vs_T1_S2,1,2026-04-01 10:23:34+00:00,16.06,RED,T1,Jarvan IV,2,34,17,0.5,1,0.0,2,1.0,0
LOLTMNT02_374657,LCK_20260401_KT_Rolster_vs_T1_S2,1,2026-04-01 10:23:34+00:00,16.06,RED,T1,Ezreal,3,27,11,0.4074074074074074,1,1.0,1,1.0,0
LOLTMNT02_374657,LCK_20260401_KT_Rolster_vs_T1_S2,1,2026-04-01 10:23:34+00:00,16.06,RED,T1,Anivia,4,7,2,0.2857142857142857,0,,2,0.0,0
LOLTMNT02_374657,LCK_20260401_KT_Rolster_vs_T1_S2,1,2026-04-01 10:23:34+00:00,16.06,RED,T1,Ambessa,5,31,17,0.5483870967741935,0,,3,0.6666666666666666,0
LOLTMNT02_374671,LCK_20260401_KT_Rolster_vs_T1_S2,2,2026-04-01 11:09:27+00:00,16.06,BLUE,KT Rolster,Yunara,1,36,19,0.5277777777777778,0,,3,0.3333333333333333,1
LOLTMNT02_374671,LCK_20260401_KT_Rolster_vs_T1_S2,2,2026-04-01 11:09:27+00:00,16.06,BLUE,KT Rolster,Nocturne,2,16,8,0.5,0,,1,0.0,1
LOLTMNT02_374671,LCK_20260401_KT_Rolster_vs_T1_S2,2,2026-04-01 11:09:27+00:00,16.06,BLUE,KT Rolster,Lulu,3,20,9,0.45,0,,0,,1
LOLTMNT02_374671,LCK_20260401_KT_Rolster_vs_T1_S2,2,2026-04-01 11:09:27+00:00,16.06,BLUE,KT Rolster,Annie,4,1,1,1.0,0,,0,,1
LOLTMNT02_374671,LCK_20260401_KT_Rolster_vs_T1_S2,2,2026-04-01 11:09:27+00:00,16.06,BLUE,KT Rolster,Vayne,5,0,0,,0,,0,,1
LOLTMNT02_374671,LCK_20260401_KT_Rolster_vs_T1_S2,2,2026-04-01 11:09:27+00:00,16.06,RED,T1,Vi,1,27,14,0.5185185185185185,0,,3,1.0,0
LOLTMNT02_374671,LCK_20260401_KT_Rolster_vs_T1_S2,2,2026-04-01 11:09:27+00:00,16.06,RED,T1,Corki,2,29,14,0.4827586206896552,0,,1,1.0,0
LOLTMNT02_374671,LCK_20260401_KT_Rolster_vs_T1_S2,2,2026-04-01 11:09:27+00:00,16.06,RED,T1,Nami,3,15,6,0.4,0,,1,1.0,0
LOLTMNT02_374671,LCK_20260401_KT_Rolster_vs_T1_S2,2,2026-04-01 11:09:27+00:00,16.06,RED,T1,K'Sante,4,25,14,0.56,0,,2,1.0,0
LOLTMNT02_374671,LCK_20260401_KT_Rolster_vs_T1_S2,2,2026-04-01 11:09:27+00:00,16.06,RED,T1,Taliyah,5,33,13,0.3939393939393939,0,,1,1.0,0
LOLTMNT02_374985,LCK_20260402_Dplus_Kia_vs_Nongshim_RedForce_S2,1,2026-04-02 08:08:29+00:00,16.06,BLUE,Nongshim RedForce,Vi,1,28,14,0.5,1,0.0,2,0.0,1
LOLTMNT02_374985,LCK_20260402_Dplus_Kia_vs_Nongshim_RedForce_S2,1,2026-04-02 08:08:29+00:00,16.06,BLUE,Nongshim RedForce,Varus,2,22,12,0.5454545454545454,0,,2,0.0,1
LOLTMNT02_374985,LCK_20260402_Dplus_Kia_vs_Nongshim_RedForce_S2,1,2026-04-02 08:08:29+00:00,16.06,BLUE,Nongshim RedForce,Gnar,3,24,14,0.5833333333333334,1,1.0,2,0.5,1
LOLTMNT02_374985,LCK_20260402_Dplus_Kia_vs_Nongshim_RedForce_S2,1,2026-04-02 08:08:29+00:00,16.06,BLUE,Nongshim RedForce,LeBlanc,4,2,1,0.5,0,,0,,1
LOLTMNT02_374985,LCK_20260402_Dplus_Kia_vs_Nongshim_RedForce_S2,1,2026-04-02 08:08:29+00:00,16.06,BLUE,Nongshim RedForce,Anivia,5,8,2,0.25,1,0.0,0,,1
LOLTMNT02_374985,LCK_20260402_Dplus_Kia_vs_Nongshim_RedForce_S2,1,2026-04-02 08:08:29+00:00,16.06,RED,Dplus Kia,Azir,1,32,13,0.40625,1,0.0,4,0.25,0
LOLTMNT02_374985,LCK_20260402_Dplus_Kia_vs_Nongshim_RedForce_S2,1,2026-04-02 08:08:29+00:00,16.06,RED,Dplus Kia,Xin Zhao,2,35,16,0.45714285714285713,1,1.0,4,0.5,0
LOLTMNT02_374985,LCK_20260402_Dplus_Kia_vs_Nongshim_RedForce_S2,1,2026-04-02 08:08:29+00:00,16.06,RED,Dplus Kia,Renekton,3,29,14,0.4827586206896552,1,0.0,0,,0
LOLTMNT02_374985,LCK_20260402_Dplus_Kia_vs_Nongshim_RedForce_S2,1,2026-04-02 08:08:29+00:00,16.06,RED,Dplus Kia,Sivir,4,16,10,0.625,0,,3,1.0,0
LOLTMNT02_374985,LCK_20260402_Dplus_Kia_vs_Nongshim_RedForce_S2,1,2026-04-02 08:08:29+00:00,16.06,RED,Dplus Kia,Alistar,5,22,8,0.36363636363636365,0,,3,0.3333333333333333,0
LOLTMNT02_374997,LCK_20260402_Dplus_Kia_vs_Nongshim_RedForce_S2,2,2026-04-02 09:03:28+00:00,16.06,BLUE,Nongshim RedForce,Jarvan IV,1,35,17,0.4857142857142857,2,0.0,4,0.75,1
LOLTMNT02_374997,LCK_20260402_Dplus_Kia_vs_Nongshim_RedForce_S2,2,2026-04-02 09:03:28+00:00,16.06,BLUE,Nongshim RedForce,Orianna,2,28,13,0.4642857142857143,1,0.0,4,0.5,1
LOLTMNT02_374997,LCK_20260402_Dplus_Kia_vs_Nongshim_RedForce_S2,2,2026-04-02 09:03:28+00:00,16.06,BLUE,Nongshim RedForce,K'Sante,3,26,14,0.5384615384615384,1,0.0,2,0.0,1
LOLTMNT02_374997,LCK_20260402_Dplus_Kia_vs_Nongshim_RedForce_S2,2,2026-04-02 09:03:28+00:00,16.06,BLUE,Nongshim RedForce,Yunara,4,37,20,0.5405405405405406,1,1.0,5,0.8,1
LOLTMNT02_374997,LCK_20260402_Dplus_Kia_vs_Nongshim_RedForce_S2,2,2026-04-02 09:03:28+00:00,16.06,BLUE,Nongshim RedForce,Nautilus,5,21,11,0.5238095238095238,0,,1,1.0,1
LOLTMNT02_374997,LCK_20260402_Dplus_Kia_vs_Nongshim_RedForce_S2,2,2026-04-02 09:03:28+00:00,16.06,RED,Dplus Kia,Ryze,1,38,26,0.6842105263157895,2,1.0,6,0.6666666666666666,0
LOLTMNT02_374997,LCK_20260402_Dplus_Kia_vs_Nongshim_RedForce_S2,2,2026-04-02 09:03:28+00:00,16.06,RED,Dplus Kia,Ambessa,2,32,17,0.53125,1,0.0,6,0.6666666666666666,0
LOLTMNT02_374997,LCK_20260402_Dplus_Kia_vs_Nongshim_RedForce_S2,2,2026-04-02 09:03:28+00:00,16.06,RED,Dplus Kia,Jayce,3,13,6,0.46153846153846156,2,1.0,1,0.0,0
LOLTMNT02_374997,LCK_20260402_Dplus_Kia_vs_Nongshim_RedForce_S2,2,2026-04-02 09:03:28+00:00,16.06,RED,Dplus Kia,Corki,4,30,14,0.4666666666666667,1,0.0,3,0.0,0
LOLTMNT02_374997,LCK_20260402_Dplus_Kia_vs_Nongshim_RedForce_S2,2,2026-04-02 09:03:28+00:00,16.06,RED,Dplus Kia,Leona,5,12,5,0.4166666666666667,0,,1,1.0,0
LOLTMNT02_376019,LCK_20260402_DN_SOOPers_vs_Kiwoom_DRX_S3,1,2026-04-02 10:15:16+00:00,16.06,BLUE,Kiwoom DRX,Azir,1,33,13,0.3939393939393939,2,0.0,3,0.3333333333333333,0
LOLTMNT02_376019,LCK_20260402_DN_SOOPers_vs_Kiwoom_DRX_S3,1,2026-04-02 10:15:16+00:00,16.06,BLUE,Kiwoom DRX,Xin Zhao,2,36,16,0.4444444444444444,2,0.5,8,0.5,0
LOLTMNT02_376019,LCK_20260402_DN_SOOPers_vs_Kiwoom_DRX_S3,1,2026-04-02 10:15:16+00:00,16.06,BLUE,Kiwoom DRX,Jayce,3,14,6,0.42857142857142855,3,0.6666666666666666,1,0.0,0
LOLTMNT02_376019,LCK_20260402_DN_SOOPers_vs_Kiwoom_DRX_S3,1,2026-04-02 10:15:16+00:00,16.06,BLUE,Kiwoom DRX,Yunara,4,38,21,0.5526315789473685,2,1.0,7,0.42857142857142855,0
LOLTMNT02_376019,LCK_20260402_DN_SOOPers_vs_Kiwoom_DRX_S3,1,2026-04-02 10:15:16+00:00,16.06,BLUE,Kiwoom DRX,Nautilus,5,22,12,0.5454545454545454,1,1.0,6,0.6666666666666666,0
LOLTMNT02_376019,LCK_20260402_DN_SOOPers_vs_Kiwoom_DRX_S3,1,2026-04-02 10:15:16+00:00,16.06,RED,DN SOOPers,Ziggs,1,9,3,0.3333333333333333,1,1.0,2,0.0,1
LOLTMNT02_376019,LCK_20260402_DN_SOOPers_vs_Kiwoom_DRX_S3,1,2026-04-02 10:15:16+00:00,16.06,RED,DN SOOPers,Jarvan IV,2,36,18,0.5,3,0.3333333333333333,4,0.0,1
LOLTMNT02_376019,LCK_20260402_DN_SOOPers_vs_Kiwoom_DRX_S3,1,2026-04-02 10:15:16+00:00,16.06,RED,DN SOOPers,Yone,3,8,3,0.375,0,,2,0.0,1
LOLTMNT02_376019,LCK_20260402_DN_SOOPers_vs_Kiwoom_DRX_S3,1,2026-04-02 10:15:16+00:00,16.06,RED,DN SOOPers,Yorick,4,4,1,0.25,1,0.0,1,1.0,1
LOLTMNT02_376019,LCK_20260402_DN_SOOPers_vs_Kiwoom_DRX_S3,1,2026-04-02 10:15:16+00:00,16.06,RED,DN SOOPers,Leona,5,13,5,0.38461538461538464,1,0.0,1,0.0,1
LOLTMNT02_376026,LCK_20260402_DN_SOOPers_vs_Kiwoom_DRX_S3,2,2026-04-02 11:09:57+00:00,16.06,BLUE,Kiwoom DRX,Ryze,1,39,26,0.6666666666666666,3,0.6666666666666666,2,1.0,0
LOLTMNT02_376026,LCK_20260402_DN_SOOPers_vs_Kiwoom_DRX_S3,2,2026-04-02 11:09:57+00:00,16.06,BLUE,Kiwoom DRX,Ambessa,2,33,17,0.5151515151515151,2,0.0,5,0.4,0
LOLTMNT02_376026,LCK_20260402_DN_SOOPers_vs_Kiwoom_DRX_S3,2,2026-04-02 11:09:57+00:00,16.06,BLUE,Kiwoom DRX,Varus,3,23,13,0.5652173913043478,1,1.0,0,,0
LOLTMNT02_376026,LCK_20260402_DN_SOOPers_vs_Kiwoom_DRX_S3,2,2026-04-02 11:09:57+00:00,16.06,BLUE,Kiwoom DRX,Anivia,4,9,3,0.3333333333333333,2,0.5,0,,0
LOLTMNT02_376026,LCK_20260402_DN_SOOPers_vs_Kiwoom_DRX_S3,2,2026-04-02 11:09:57+00:00,16.06,BLUE,Kiwoom DRX,Gnar,5,25,15,0.6,2,1.0,5,0.8,0
LOLTMNT02_376026,LCK_20260402_DN_SOOPers_vs_Kiwoom_DRX_S3,2,2026-04-02 11:09:57+00:00,16.06,RED,DN SOOPers,Cassiopeia,1,9,4,0.4444444444444444,1,0.0,2,0.0,1
LOLTMNT02_376026,LCK_20260402_DN_SOOPers_vs_Kiwoom_DRX_S3,2,2026-04-02 11:09:57+00:00,16.06,RED,DN SOOPers,Bard,2,18,11,0.6111111111111112,1,1.0,0,,1
LOLTMNT02_376026,LCK_20260402_DN_SOOPers_vs_Kiwoom_DRX_S3,2,2026-04-02 11:09:57+00:00,16.06,RED,DN SOOPers,Sivir,3,17,10,0.5882352941176471,1,0.0,2,0.0,1
LOLTMNT02_376026,LCK_20260402_DN_SOOPers_vs_Kiwoom_DRX_S3,2,2026-04-02 11:09:57+00:00,16.06,RED,DN SOOPers,Naafiri,4,3,1,0.3333333333333333,0,,2,0.5,1
LOLTMNT02_376026,LCK_20260402_DN_SOOPers_vs_Kiwoom_DRX_S3,2,2026-04-02 11:09:57+00:00,16.06,RED,DN SOOPers,Sylas,5,8,5,0.625,0,,0,,1
LOLTMNT02_377156,LCK_20260403_Gen_G_vs_KT_Rolster_S2,1,2026-04-03 08:10:24+00:00,16.06,BLUE,KT Rolster,Ezreal,1,28,11,0.39285714285714285,2,0.5,2,0.0,1
LOLTMNT02_377156,LCK_20260403_Gen_G_vs_KT_Rolster_S2,1,2026-04-03 08:10:24+00:00,16.06,BLUE,KT Rolster,Karma,2,13,7,0.5384615384615384,0,,1,0.0,1
LOLTMNT02_377156,LCK_20260403_Gen_G_vs_KT_Rolster_S2,1,2026-04-03 08:10:24+00:00,16.06,BLUE,KT Rolster,Jayce,3,15,6,0.4,4,0.5,2,0.5,1
LOLTMNT02_377156,LCK_20260403_Gen_G_vs_KT_Rolster_S2,1,2026-04-03 08:10:24+00:00,16.06,BLUE,KT Rolster,Xin Zhao,4,37,16,0.43243243243243246,3,0.3333333333333333,1,0.0,1
LOLTMNT02_377156,LCK_20260403_Gen_G_vs_KT_Rolster_S2,1,2026-04-03 08:10:24+00:00,16.06,BLUE,KT Rolster,Zoe,5,9,6,0.6666666666666666,0,,2,1.0,1
LOLTMNT02_377156,LCK_20260403_Gen_G_vs_KT_Rolster_S2,1,2026-04-03 08:10:24+00:00,16.06,RED,Gen.G,Aurora,1,24,10,0.4166666666666667,0,,3,1.0,0
LOLTMNT02_377156,LCK_20260403_Gen_G_vs_KT_Rolster_S2,1,2026-04-03 08:10:24+00:00,16.06,RED,Gen.G,Ashe,2,13,9,0.6923076923076923,2,1.0,3,1.0,0
LOLTMNT02_377156,LCK_20260403_Gen_G_vs_KT_Rolster_S2,1,2026-04-03 08:10:24+00:00,16.06,RED,Gen.G,Seraphine,3,11,9,0.8181818181818182,2,1.0,3,1.0,0
LOLTMNT02_377156,LCK_20260403_Gen_G_vs_KT_Rolster_S2,1,2026-04-03 08:10:24+00:00,16.06,RED,Gen.G,K'Sante,4,27,15,0.5555555555555556,2,0.5,0,,0
LOLTMNT02_377156,LCK_20260403_Gen_G_vs_KT_Rolster_S2,1,2026-04-03 08:10:24+00:00,16.06,RED,Gen.G,Nocturne,5,17,9,0.5294117647058824,1,1.0,1,1.0,0
LOLTMNT02_376203,LCK_20260403_Gen_G_vs_KT_Rolster_S2,2,2026-04-03 08:58:48+00:00,16.06,BLUE,Gen.G,Pantheon,1,32,19,0.59375,2,1.0,3,1.0,1
LOLTMNT02_376203,LCK_20260403_Gen_G_vs_KT_Rolster_S2,2,2026-04-03 08:58:48+00:00,16.06,BLUE,Gen.G,Varus,2,24,13,0.5416666666666666,2,0.5,3,1.0,1
LOLTMNT02_376203,LCK_20260403_Gen_G_vs_KT_Rolster_S2,2,2026-04-03 08:58:48+00:00,16.06,BLUE,Gen.G,Azir,3,34,13,0.38235294117647056,3,0.0,2,1.0,1
LOLTMNT02_376203,LCK_20260403_Gen_G_vs_KT_Rolster_S2,2,2026-04-03 08:58:48+00:00,16.06,BLUE,Gen.G,Neeko,4,24,15,0.625,1,0.0,2,1.0,1
LOLTMNT02_376203,LCK_20260403_Gen_G_vs_KT_Rolster_S2,2,2026-04-03 08:58:48+00:00,16.06,BLUE,Gen.G,Jhin,5,18,8,0.4444444444444444,1,0.0,3,1.0,1
LOLTMNT02_376203,LCK_20260403_Gen_G_vs_KT_Rolster_S2,2,2026-04-03 08:58:48+00:00,16.06,RED,KT Rolster,Ryze,1,40,26,0.65,4,0.5,3,0.6666666666666666,0
LOLTMNT02_376203,LCK_20260403_Gen_G_vs_KT_Rolster_S2,2,2026-04-03 08:58:48+00:00,16.06,RED,KT Rolster,Sivir,2,18,11,0.6111111111111112,2,0.5,0,,0
LOLTMNT02_376203,LCK_20260403_Gen_G_vs_KT_Rolster_S2,2,2026-04-03 08:58:48+00:00,16.06,RED,KT Rolster,Bard,3,19,12,0.631578947368421,2,1.0,1,0.0,0
LOLTMNT02_376203,LCK_20260403_Gen_G_vs_KT_Rolster_S2,2,2026-04-03 08:58:48+00:00,16.06,RED,KT Rolster,Renekton,4,30,14,0.4666666666666667,2,0.0,5,0.2,0
LOLTMNT02_376203,LCK_20260403_Gen_G_vs_KT_Rolster_S2,2,2026-04-03 08:58:48+00:00,16.06,RED,KT Rolster,Aatrox,5,14,5,0.35714285714285715,0,,0,,0
LOLTMNT02_376207,LCK_20260403_Gen_G_vs_KT_Rolster_S2,3,2026-04-03 09:48:35+00:00,16.06,BLUE,Gen.G,Ambessa,1,34,17,0.5,3,0.0,3,1.0,0
LOLTMNT02_376207,LCK_20260403_Gen_G_vs_KT_Rolster_S2,3,2026-04-03 09:48:35+00:00,16.06,BLUE,Gen.G,Wukong,2,28,13,0.4642857142857143,0,,4,1.0,0
LOLTMNT02_376207,LCK_20260403_Gen_G_vs_KT_Rolster_S2,3,2026-04-03 09:48:35+00:00,16.06,BLUE,Gen.G,Annie,3,2,2,1.0,1,1.0,1,1.0,0
LOLTMNT02_376207,LCK_20260403_Gen_G_vs_KT_Rolster_S2,3,2026-04-03 09:48:35+00:00,16.06,BLUE,Gen.G,Caitlyn,4,4,1,0.25,0,,0,,0
LOLTMNT02_376207,LCK_20260403_Gen_G_vs_KT_Rolster_S2,3,2026-04-03 09:48:35+00:00,16.06,BLUE,Gen.G,Elise,5,3,2,0.6666666666666666,0,,0,,0
LOLTMNT02_376207,LCK_20260403_Gen_G_vs_KT_Rolster_S2,3,2026-04-03 09:48:35+00:00,16.06,RED,KT Rolster,Jarvan IV,1,37,19,0.5135135135135135,4,0.5,1,1.0,1
LOLTMNT02_376207,LCK_20260403_Gen_G_vs_KT_Rolster_S2,3,2026-04-03 09:48:35+00:00,16.06,RED,KT Rolster,Yunara,2,39,21,0.5384615384615384,3,0.6666666666666666,4,0.5,1
LOLTMNT02_376207,LCK_20260403_Gen_G_vs_KT_Rolster_S2,3,2026-04-03 09:48:35+00:00,16.06,RED,KT Rolster,Alistar,3,23,8,0.34782608695652173,1,0.0,2,0.0,1
LOLTMNT02_376207,LCK_20260403_Gen_G_vs_KT_Rolster_S2,3,2026-04-03 09:48:35+00:00,16.06,RED,KT Rolster,Zaahen,4,17,11,0.6470588235294118,0,,1,1.0,1
LOLTMNT02_376207,LCK_20260403_Gen_G_vs_KT_Rolster_S2,3,2026-04-03 09:48:35+00:00,16.06,RED,KT Rolster,Akali,5,11,4,0.36363636363636365,0,,2,0.5,1
LOLTMNT02_376241,LCK_20260403_BNK_FEARX_vs_HANJIN_BRION_S2,1,2026-04-03 11:10:37+00:00,16.06,BLUE,HANJIN BRION,Pantheon,1,33,20,0.6060606060606061,3,1.0,4,0.25,1
LOLTMNT02_376241,LCK_20260403_BNK_FEARX_vs_HANJIN_BRION_S2,1,2026-04-03 11:10:37+00:00,16.06,BLUE,HANJIN BRION,Jayce,2,16,7,0.4375,5,0.6,0,,1
LOLTMNT02_376241,LCK_20260403_BNK_FEARX_vs_HANJIN_BRION_S2,1,2026-04-03 11:10:37+00:00,16.06,BLUE,HANJIN BRION,Anivia,3,10,3,0.3,3,0.3333333333333333,0,,1
LOLTMNT02_376241,LCK_20260403_BNK_FEARX_vs_HANJIN_BRION_S2,1,2026-04-03 11:10:37+00:00,16.06,BLUE,HANJIN BRION,Ezreal,4,29,12,0.41379310344827586,3,0.6666666666666666,3,0.3333333333333333,1
LOLTMNT02_376241,LCK_20260403_BNK_FEARX_vs_HANJIN_BRION_S2,1,2026-04-03 11:10:37+00:00,16.06,BLUE,HANJIN BRION,Elise,5,4,2,0.5,1,0.0,3,0.6666666666666666,1
LOLTMNT02_376241,LCK_20260403_BNK_FEARX_vs_HANJIN_BRION_S2,1,2026-04-03 11:10:37+00:00,16.06,RED,BNK FEARX,Ryze,1,41,26,0.6341463414634146,5,0.4,4,1.0,0
LOLTMNT02_376241,LCK_20260403_BNK_FEARX_vs_HANJIN_BRION_S2,1,2026-04-03 11:10:37+00:00,16.06,RED,BNK FEARX,Jarvan IV,2,38,20,0.5263157894736842,5,0.6,5,0.4,0
LOLTMNT02_376241,LCK_20260403_BNK_FEARX_vs_HANJIN_BRION_S2,1,2026-04-03 11:10:37+00:00,16.06,RED,BNK FEARX,Bard,3,20,12,0.6,3,0.6666666666666666,2,0.5,0
LOLTMNT02_376241,LCK_20260403_BNK_FEARX_vs_HANJIN_BRION_S2,1,2026-04-03 11:10:37+00:00,16.06,RED,BNK FEARX,Jhin,4,19,9,0.47368421052631576,2,0.5,2,0.5,0
LOLTMNT02_376241,LCK_20260403_BNK_FEARX_vs_HANJIN_BRION_S2,1,2026-04-03 11:10:37+00:00,16.06,RED,BNK FEARX,Yorick,5,5,2,0.4,2,0.5,0,,0
LOLTMNT02_377199,LCK_20260403_BNK_FEARX_vs_HANJIN_BRION_S2,2,2026-04-03 12:14:25+00:00,16.06,BLUE,BNK FEARX,Karma,1,14,8,0.5714285714285714,1,1.0,3,1.0,0
LOLTMNT02_377199,LCK_20260403_BNK_FEARX_vs_HANJIN_BRION_S2,2,2026-04-03 12:14:25+00:00,16.06,BLUE,BNK FEARX,Ashe,2,14,9,0.6428571428571429,3,0.6666666666666666,2,1.0,0
LOLTMNT02_377199,LCK_20260403_BNK_FEARX_vs_HANJIN_BRION_S2,2,2026-04-03 12:14:25+00:00,16.06,BLUE,BNK FEARX,Wukong,3,29,13,0.4482758620689655,1,0.0,1,1.0,0
LOLTMNT02_377199,LCK_20260403_BNK_FEARX_vs_HANJIN_BRION_S2,2,2026-04-03 12:14:25+00:00,16.06,BLUE,BNK FEARX,Galio,4,12,8,0.6666666666666666,0,,2,0.5,0
LOLTMNT02_377199,LCK_20260403_BNK_FEARX_vs_HANJIN_BRION_S2,2,2026-04-03 12:14:25+00:00,16.06,BLUE,BNK FEARX,Kennen,5,12,7,0.5833333333333334,0,,2,1.0,0
LOLTMNT02_377199,LCK_20260403_BNK_FEARX_vs_HANJIN_BRION_S2,2,2026-04-03 12:14:25+00:00,16.06,RED,HANJIN BRION,Xin Zhao,1,38,17,0.4473684210526316,4,0.5,2,0.5,1
LOLTMNT02_377199,LCK_20260403_BNK_FEARX_vs_HANJIN_BRION_S2,2,2026-04-03 12:14:25+00:00,16.06,RED,HANJIN BRION,Caitlyn,2,5,1,0.2,1,0.0,0,,1
LOLTMNT02_377199,LCK_20260403_BNK_FEARX_vs_HANJIN_BRION_S2,2,2026-04-03 12:14:25+00:00,16.06,RED,HANJIN BRION,Seraphine,3,12,9,0.75,3,0.6666666666666666,0,,1
LOLTMNT02_377199,LCK_20260403_BNK_FEARX_vs_HANJIN_BRION_S2,2,2026-04-03 12:14:25+00:00,16.06,RED,HANJIN BRION,Annie,4,3,2,0.6666666666666666,2,0.5,0,,1
LOLTMNT02_377199,LCK_20260403_BNK_FEARX_vs_HANJIN_BRION_S2,2,2026-04-03 12:14:25+00:00,16.06,RED,HANJIN BRION,K'Sante,5,28,15,0.5357142857142857,3,0.3333333333333333,2,0.0,1
LOLTMNT02_376401,LCK_20260404_Hanwha_Life_Esports_vs_T1_S2,1,2026-04-04 08:08:38+00:00,16.06,BLUE,Hanwha Life Esports,Pantheon,1,34,21,0.6176470588235294,4,1.0,1,1.0,0
LOLTMNT02_376401,LCK_20260404_Hanwha_Life_Esports_vs_T1_S2,1,2026-04-04 08:08:38+00:00,16.06,BLUE,Hanwha Life Esports,Aurora,2,25,10,0.4,1,0.0,3,0.0,0
LOLTMNT02_376401,LCK_20260404_Hanwha_Life_Esports_vs_T1_S2,1,2026-04-04 08:08:38+00:00,16.06,BLUE,Hanwha Life Esports,Anivia,3,11,4,0.36363636363636365,4,0.5,0,,0
LOLTMNT02_376401,LCK_20260404_Hanwha_Life_Esports_vs_T1_S2,1,2026-04-04 08:08:38+00:00,16.06,BLUE,Hanwha Life Esports,Jhin,4,20,9,0.45,3,0.3333333333333333,1,0.0,0
LOLTMNT02_376401,LCK_20260404_Hanwha_Life_Esports_vs_T1_S2,1,2026-04-04 08:08:38+00:00,16.06,BLUE,Hanwha Life Esports,Nautilus,5,23,12,0.5217391304347826,2,0.5,2,0.5,0
LOLTMNT02_376401,LCK_20260404_Hanwha_Life_Esports_vs_T1_S2,1,2026-04-04 08:08:38+00:00,16.06,RED,T1,Azir,1,35,14,0.4,4,0.25,5,0.8,1
LOLTMNT02_376401,LCK_20260404_Hanwha_Life_Esports_vs_T1_S2,1,2026-04-04 08:08:38+00:00,16.06,RED,T1,Xin Zhao,2,39,18,0.46153846153846156,5,0.6,4,0.5,1
LOLTMNT02_376401,LCK_20260404_Hanwha_Life_Esports_vs_T1_S2,1,2026-04-04 08:08:38+00:00,16.06,RED,T1,Jayce,3,17,8,0.47058823529411764,6,0.6666666666666666,2,1.0,1
LOLTMNT02_376401,LCK_20260404_Hanwha_Life_Esports_vs_T1_S2,1,2026-04-04 08:08:38+00:00,16.06,RED,T1,Neeko,4,25,16,0.64,2,0.5,2,0.5,1
LOLTMNT02_376401,LCK_20260404_Hanwha_Life_Esports_vs_T1_S2,1,2026-04-04 08:08:38+00:00,16.06,RED,T1,Caitlyn,5,6,2,0.3333333333333333,2,0.5,0,,1
LOLTMNT02_376413,LCK_20260404_Hanwha_Life_Esports_vs_T1_S2,2,2026-04-04 09:08:12+00:00,16.06,BLUE,T1,Gnar,1,26,15,0.5769230769230769,3,0.6666666666666666,2,0.5,1
LOLTMNT02_376413,LCK_20260404_Hanwha_Life_Esports_vs_T1_S2,2,2026-04-04 09:08:12+00:00,16.06,BLUE,T1,Lee Sin,2,8,6,0.75,0,,0,,1
LOLTMNT02_376413,LCK_20260404_Hanwha_Life_Esports_vs_T1_S2,2,2026-04-04 09:08:12+00:00,16.06,BLUE,T1,Annie,3,4,3,0.75,3,0.6666666666666666,0,,1
LOLTMNT02_376413,LCK_20260404_Hanwha_Life_Esports_vs_T1_S2,2,2026-04-04 09:08:12+00:00,16.06,BLUE,T1,Lucian,4,20,9,0.45,0,,1,0.0,1
LOLTMNT02_376413,LCK_20260404_Hanwha_Life_Esports_vs_T1_S2,2,2026-04-04 09:08:12+00:00,16.06,BLUE,T1,Nami,5,16,6,0.375,1,0.0,2,0.5,1
LOLTMNT02_376413,LCK_20260404_Hanwha_Life_Esports_vs_T1_S2,2,2026-04-04 09:08:12+00:00,16.06,RED,Hanwha Life Esports,Jarvan IV,1,39,20,0.5128205128205128,6,0.5,3,0.3333333333333333,0
LOLTMNT02_376413,LCK_20260404_Hanwha_Life_Esports_vs_T1_S2,2,2026-04-04 09:08:12+00:00,16.06,RED,Hanwha Life Esports,Yunara,2,40,22,0.55,4,0.75,1,0.0,0
LOLTMNT02_376413,LCK_20260404_Hanwha_Life_Esports_vs_T1_S2,2,2026-04-04 09:08:12+00:00,16.06,RED,Hanwha Life Esports,Lulu,3,21,10,0.47619047619047616,1,1.0,1,0.0,0
LOLTMNT02_376413,LCK_20260404_Hanwha_Life_Esports_vs_T1_S2,2,2026-04-04 09:08:12+00:00,16.06,RED,Hanwha Life Esports,Taliyah,4,34,13,0.38235294117647056,1,0.0,2,0.5,0
LOLTMNT02_376413,LCK_20260404_Hanwha_Life_Esports_vs_T1_S2,2,2026-04-04 09:08:12+00:00,16.06,RED,Hanwha Life Esports,Vayne,5,1,1,1.0,1,1.0,0,,0
LOLTMNT02_377394,LCK_20260404_Dplus_Kia_vs_Kiwoom_DRX_S3,1,2026-04-04 10:30:33+00:00,16.06,BLUE,Dplus Kia,Karma,1,15,8,0.5333333333333333,2,0.5,2,0.5,1
LOLTMNT02_377394,LCK_20260404_Dplus_Kia_vs_Kiwoom_DRX_S3,1,2026-04-04 10:30:33+00:00,16.06,BLUE,Dplus Kia,Orianna,2,29,14,0.4827586206896552,2,0.5,2,0.0,1
LOLTMNT02_377394,LCK_20260404_Dplus_Kia_vs_Kiwoom_DRX_S3,1,2026-04-04 10:30:33+00:00,16.06,BLUE,Dplus Kia,Jhin,3,21,9,0.42857142857142855,4,0.25,2,0.0,1
LOLTMNT02_377394,LCK_20260404_Dplus_Kia_vs_Kiwoom_DRX_S3,1,2026-04-04 10:30:33+00:00,16.06,BLUE,Dplus Kia,Wukong,4,30,13,0.43333333333333335,2,0.0,4,0.5,1
LOLTMNT02_377394,LCK_20260404_Dplus_Kia_vs_Kiwoom_DRX_S3,1,2026-04-04 10:30:33+00:00,16.06,BLUE,Dplus Kia,Gnar,5,27,16,0.5925925925925926,4,0.75,2,1.0,1
LOLTMNT02_377394,LCK_20260404_Dplus_Kia_vs_Kiwoom_DRX_S3,1,2026-04-04 10:30:33+00:00,16.06,RED,Kiwoom DRX,Ezreal,1,30,13,0.43333333333333335,4,0.75,2,0.0,0
LOLTMNT02_377394,LCK_20260404_Dplus_Kia_vs_Kiwoom_DRX_S3,1,2026-04-04 10:30:33+00:00,16.06,RED,Kiwoom DRX,Xin Zhao,2,40,19,0.475,6,0.6666666666666666,9,0.4444444444444444,0
LOLTMNT02_377394,LCK_20260404_Dplus_Kia_vs_Kiwoom_DRX_S3,1,2026-04-04 10:30:33+00:00,16.06,RED,Kiwoom DRX,Ryze,3,42,26,0.6190476190476191,6,0.3333333333333333,3,0.6666666666666666,0
LOLTMNT02_377394,LCK_20260404_Dplus_Kia_vs_Kiwoom_DRX_S3,1,2026-04-04 10:30:33+00:00,16.06,RED,Kiwoom DRX,Neeko,4,26,17,0.6538461538461539,3,0.6666666666666666,4,0.5,0
LOLTMNT02_377394,LCK_20260404_Dplus_Kia_vs_Kiwoom_DRX_S3,1,2026-04-04 10:30:33+00:00,16.06,RED,Kiwoom DRX,Kennen,5,13,7,0.5384615384615384,1,0.0,3,0.3333333333333333,0
LOLTMNT02_376440,LCK_20260404_Dplus_Kia_vs_Kiwoom_DRX_S3,2,2026-04-04 11:29:13+00:00,16.06,BLUE,Dplus Kia,Jarvan IV,1,40,20,0.5,7,0.42857142857142855,7,0.5714285714285714,1
LOLTMNT02_376440,LCK_20260404_Dplus_Kia_vs_Kiwoom_DRX_S3,2,2026-04-04 11:29:13+00:00,16.06,BLUE,Dplus Kia,Annie,2,5,4,0.8,4,0.75,0,,1
LOLTMNT02_376440,LCK_20260404_Dplus_Kia_vs_Kiwoom_DRX_S3,2,2026-04-04 11:29:13+00:00,16.06,BLUE,Dplus Kia,Renekton,3,31,14,0.45161290322580644,3,0.0,1,0.0,1
LOLTMNT02_376440,LCK_20260404_Dplus_Kia_vs_Kiwoom_DRX_S3,2,2026-04-04 11:29:13+00:00,16.06,BLUE,Dplus Kia,Corki,4,31,14,0.45161290322580644,2,0.0,4,0.0,1
LOLTMNT02_376440,LCK_20260404_Dplus_Kia_vs_Kiwoom_DRX_S3,2,2026-04-04 11:29:13+00:00,16.06,BLUE,Dplus Kia,Anivia,5,12,4,0.3333333333333333,5,0.4,2,0.0,1
LOLTMNT02_376440,LCK_20260404_Dplus_Kia_vs_Kiwoom_DRX_S3,2,2026-04-04 11:29:13+00:00,16.06,RED,Kiwoom DRX,Yunara,1,41,22,0.5365853658536586,5,0.6,8,0.375,0
LOLTMNT02_376440,LCK_20260404_Dplus_Kia_vs_Kiwoom_DRX_S3,2,2026-04-04 11:29:13+00:00,16.06,RED,Kiwoom DRX,Ambessa,2,35,17,0.4857142857142857,4,0.0,6,0.3333333333333333,0
LOLTMNT02_376440,LCK_20260404_Dplus_Kia_vs_Kiwoom_DRX_S3,2,2026-04-04 11:29:13+00:00,16.06,RED,Kiwoom DRX,K'Sante,3,29,16,0.5517241379310345,4,0.5,4,1.0,0
LOLTMNT02_376440,LCK_20260404_Dplus_Kia_vs_Kiwoom_DRX_S3,2,2026-04-04 11:29:13+00:00,16.06,RED,Kiwoom DRX,Bard,4,21,12,0.5714285714285714,4,0.5,4,0.5,0
LOLTMNT02_376440,LCK_20260404_Dplus_Kia_vs_Kiwoom_DRX_S3,2,2026-04-04 11:29:13+00:00,16.06,RED,Kiwoom DRX,Aurora,5,26,10,0.38461538461538464,2,0.0,5,0.2,0
LOLTMNT02_377509,LCK_20260405_DN_SOOPers_vs_Nongshim_RedForce_S2,1,2026-04-05 08:10:33+00:00,16.06,BLUE,Nongshim RedForce,Azir,1,36,15,0.4166666666666667,5,0.4,2,0.0,1
LOLTMNT02_377509,LCK_20260405_DN_SOOPers_vs_Nongshim_RedForce_S2,1,2026-04-05 08:10:33+00:00,16.06,BLUE,Nongshim RedForce,Jarvan IV,2,41,21,0.5121951219512195,8,0.5,5,0.8,1
LOLTMNT02_377509,LCK_20260405_DN_SOOPers_vs_Nongshim_RedForce_S2,1,2026-04-05 08:10:33+00:00,16.06,BLUE,Nongshim RedForce,Jayce,3,18,9,0.5,7,0.7142857142857143,2,0.0,1
LOLTMNT02_377509,LCK_20260405_DN_SOOPers_vs_Nongshim_RedForce_S2,1,2026-04-05 08:10:33+00:00,16.06,BLUE,Nongshim RedForce,Jhin,4,22,10,0.45454545454545453,5,0.4,0,,1
LOLTMNT02_377509,LCK_20260405_DN_SOOPers_vs_Nongshim_RedForce_S2,1,2026-04-05 08:10:33+00:00,16.06,BLUE,Nongshim RedForce,Bard,5,22,12,0.5454545454545454,5,0.4,0,,1
LOLTMNT02_377509,LCK_20260405_DN_SOOPers_vs_Nongshim_RedForce_S2,1,2026-04-05 08:10:33+00:00,16.06,RED,DN SOOPers,LeBlanc,1,3,2,0.6666666666666666,1,1.0,0,,0
LOLTMNT02_377509,LCK_20260405_DN_SOOPers_vs_Nongshim_RedForce_S2,1,2026-04-05 08:10:33+00:00,16.06,RED,DN SOOPers,Pantheon,2,35,21,0.6,5,0.8,3,0.6666666666666666,0
LOLTMNT02_377509,LCK_20260405_DN_SOOPers_vs_Nongshim_RedForce_S2,1,2026-04-05 08:10:33+00:00,16.06,RED,DN SOOPers,Yorick,3,6,2,0.3333333333333333,3,0.3333333333333333,2,1.0,0
LOLTMNT02_377509,LCK_20260405_DN_SOOPers_vs_Nongshim_RedForce_S2,1,2026-04-05 08:10:33+00:00,16.06,RED,DN SOOPers,Caitlyn,4,7,3,0.42857142857142855,3,0.6666666666666666,1,1.0,0
LOLTMNT02_377509,LCK_20260405_DN_SOOPers_vs_Nongshim_RedForce_S2,1,2026-04-05 08:10:33+00:00,16.06,RED,DN SOOPers,Neeko,5,27,17,0.6296296296296297,4,0.5,6,0.8333333333333334,0
LOLTMNT02_377512,LCK_20260405_DN_SOOPers_vs_Nongshim_RedForce_S2,2,2026-04-05 09:04:05+00:00,16.06,BLUE,Nongshim RedForce,Ryze,1,43,26,0.6046511627906976,7,0.2857142857142857,2,1.0,1
LOLTMNT02_377512,LCK_20260405_DN_SOOPers_vs_Nongshim_RedForce_S2,2,2026-04-05 09:04:05+00:00,16.06,BLUE,Nongshim RedForce,Lee Sin,2,9,7,0.7777777777777778,1,1.0,0,,1
LOLTMNT02_377512,LCK_20260405_DN_SOOPers_vs_Nongshim_RedForce_S2,2,2026-04-05 09:04:05+00:00,16.06,BLUE,Nongshim RedForce,Gnar,3,28,17,0.6071428571428571,5,0.8,3,0.6666666666666666,1
LOLTMNT02_377512,LCK_20260405_DN_SOOPers_vs_Nongshim_RedForce_S2,2,2026-04-05 09:04:05+00:00,16.06,BLUE,Nongshim RedForce,Sivir,4,19,11,0.5789473684210527,3,0.3333333333333333,0,,1
LOLTMNT02_377512,LCK_20260405_DN_SOOPers_vs_Nongshim_RedForce_S2,2,2026-04-05 09:04:05+00:00,16.06,BLUE,Nongshim RedForce,Anivia,5,13,5,0.38461538461538464,6,0.5,1,1.0,1
LOLTMNT02_377512,LCK_20260405_DN_SOOPers_vs_Nongshim_RedForce_S2,2,2026-04-05 09:04:05+00:00,16.06,RED,DN SOOPers,Cassiopeia,1,10,5,0.5,2,0.5,3,0.3333333333333333,0
LOLTMNT02_377512,LCK_20260405_DN_SOOPers_vs_Nongshim_RedForce_S2,2,2026-04-05 09:04:05+00:00,16.06,RED,DN SOOPers,Nautilus,2,24,12,0.5,3,0.3333333333333333,2,0.0,0
LOLTMNT02_377512,LCK_20260405_DN_SOOPers_vs_Nongshim_RedForce_S2,2,2026-04-05 09:04:05+00:00,16.06,RED,DN SOOPers,Ambessa,3,36,17,0.4722222222222222,5,0.0,4,0.5,0
LOLTMNT02_377512,LCK_20260405_DN_SOOPers_vs_Nongshim_RedForce_S2,2,2026-04-05 09:04:05+00:00,16.06,RED,DN SOOPers,Nocturne,4,18,9,0.5,2,0.5,2,0.5,0
LOLTMNT02_377512,LCK_20260405_DN_SOOPers_vs_Nongshim_RedForce_S2,2,2026-04-05 09:04:05+00:00,16.06,RED,DN SOOPers,Kai'Sa,5,11,8,0.7272727272727273,0,,1,1.0,0
LOLTMNT02_376564,LCK_20260405_BNK_FEARX_vs_Gen_G_S4,1,2026-04-05 10:22:53+00:00,16.06,BLUE,Gen.G,Pantheon,1,36,21,0.5833333333333334,6,0.6666666666666666,4,1.0,1
LOLTMNT02_376564,LCK_20260405_BNK_FEARX_vs_Gen_G_S4,1,2026-04-05 10:22:53+00:00,16.06,BLUE,Gen.G,Yunara,2,42,22,0.5238095238095238,6,0.5,4,0.75,1
LOLTMNT02_376564,LCK_20260405_BNK_FEARX_vs_Gen_G_S4,1,2026-04-05 10:22:53+00:00,16.06,BLUE,Gen.G,Anivia,3,14,6,0.42857142857142855,7,0.5714285714285714,2,1.0,1
LOLTMNT02_376564,LCK_20260405_BNK_FEARX_vs_Gen_G_S4,1,2026-04-05 10:22:53+00:00,16.06,BLUE,Gen.G,Alistar,4,24,9,0.375,2,0.5,0,,1
LOLTMNT02_376564,LCK_20260405_BNK_FEARX_vs_Gen_G_S4,1,2026-04-05 10:22:53+00:00,16.06,BLUE,Gen.G,Sion,5,27,6,0.2222222222222222,0,,1,1.0,1
LOLTMNT02_376564,LCK_20260405_BNK_FEARX_vs_Gen_G_S4,1,2026-04-05 10:22:53+00:00,16.06,RED,BNK FEARX,Ryze,1,44,27,0.6136363636363636,8,0.375,5,0.8,0
LOLTMNT02_376564,LCK_20260405_BNK_FEARX_vs_Gen_G_S4,1,2026-04-05 10:22:53+00:00,16.06,RED,BNK FEARX,Jarvan IV,2,42,22,0.5238095238095238,9,0.5555555555555556,6,0.3333333333333333,0
LOLTMNT02_376564,LCK_20260405_BNK_FEARX_vs_Gen_G_S4,1,2026-04-05 10:22:53+00:00,16.06,RED,BNK FEARX,Nautilus,3,25,12,0.48,4,0.25,1,1.0,0
LOLTMNT02_376564,LCK_20260405_BNK_FEARX_vs_Gen_G_S4,1,2026-04-05 10:22:53+00:00,16.06,RED,BNK FEARX,Senna,4,0,0,,0,,0,,0
LOLTMNT02_376564,LCK_20260405_BNK_FEARX_vs_Gen_G_S4,1,2026-04-05 10:22:53+00:00,16.06,RED,BNK FEARX,Jayce,5,19,10,0.5263157894736842,8,0.75,1,1.0,0
LOLTMNT02_376566,LCK_20260405_BNK_FEARX_vs_Gen_G_S4,2,2026-04-05 11:13:31+00:00,16.06,BLUE,Gen.G,Rumble,1,19,10,0.5263157894736842,0,,3,1.0,1
LOLTMNT02_376566,LCK_20260405_BNK_FEARX_vs_Gen_G_S4,2,2026-04-05 11:13:31+00:00,16.06,BLUE,Gen.G,Caitlyn,2,8,3,0.375,4,0.5,1,0.0,1
LOLTMNT02_376566,LCK_20260405_BNK_FEARX_vs_Gen_G_S4,2,2026-04-05 11:13:31+00:00,16.06,BLUE,Gen.G,Bard,3,23,13,0.5652173913043478,6,0.5,3,1.0,1
LOLTMNT02_376566,LCK_20260405_BNK_FEARX_vs_Gen_G_S4,2,2026-04-05 11:13:31+00:00,16.06,BLUE,Gen.G,Azir,4,37,16,0.43243243243243246,6,0.5,3,1.0,1
LOLTMNT02_376566,LCK_20260405_BNK_FEARX_vs_Gen_G_S4,2,2026-04-05 11:13:31+00:00,16.06,BLUE,Gen.G,Skarner,5,0,0,,0,,0,,1
LOLTMNT02_376566,LCK_20260405_BNK_FEARX_vs_Gen_G_S4,2,2026-04-05 11:13:31+00:00,16.06,RED,BNK FEARX,Seraphine,1,13,10,0.7692307692307693,4,0.75,2,1.0,0
LOLTMNT02_376566,LCK_20260405_BNK_FEARX_vs_Gen_G_S4,2,2026-04-05 11:13:31+00:00,16.06,RED,BNK FEARX,Xin Zhao,2,41,19,0.4634146341463415,7,0.5714285714285714,4,0.25,0
LOLTMNT02_376566,LCK_20260405_BNK_FEARX_vs_Gen_G_S4,2,2026-04-05 11:13:31+00:00,16.06,RED,BNK FEARX,Ezreal,3,31,13,0.41935483870967744,5,0.6,6,0.3333333333333333,0
LOLTMNT02_376566,LCK_20260405_BNK_FEARX_vs_Gen_G_S4,2,2026-04-05 11:13:31+00:00,16.06,RED,BNK FEARX,K'Sante,4,30,16,0.5333333333333333,5,0.4,3,0.6666666666666666,0
LOLTMNT02_376566,LCK_20260405_BNK_FEARX_vs_Gen_G_S4,2,2026-04-05 11:13:31+00:00,16.06,RED,BNK FEARX,Mel,5,2,0,0.0,1,0.0,0,,0
LOLTMNT01_360022,LCK_20260408_Dplus_Kia_vs_Hanwha_Life_Esports_S1,1,2026-04-08 08:06:29+00:00,16.07,BLUE,Hanwha Life Esports,Orianna,1,30,15,0.5,0,,1,0.0,1
LOLTMNT01_360022,LCK_20260408_Dplus_Kia_vs_Hanwha_Life_Esports_S1,1,2026-04-08 08:06:29+00:00,16.07,BLUE,Hanwha Life Esports,Jarvan IV,2,43,22,0.5116279069767442,0,,4,0.25,1
LOLTMNT01_360022,LCK_20260408_Dplus_Kia_vs_Hanwha_Life_Esports_S1,1,2026-04-08 08:06:29+00:00,16.07,BLUE,Hanwha Life Esports,Yorick,3,7,2,0.2857142857142857,0,,0,,1
LOLTMNT01_360022,LCK_20260408_Dplus_Kia_vs_Hanwha_Life_Esports_S1,1,2026-04-08 08:06:29+00:00,16.07,BLUE,Hanwha Life Esports,Ashe,4,15,9,0.6,0,,1,1.0,1
LOLTMNT01_360022,LCK_20260408_Dplus_Kia_vs_Hanwha_Life_Esports_S1,1,2026-04-08 08:06:29+00:00,16.07,BLUE,Hanwha Life Esports,Seraphine,5,14,10,0.7142857142857143,0,,1,1.0,1
LOLTMNT01_360022,LCK_20260408_Dplus_Kia_vs_Hanwha_Life_Esports_S1,1,2026-04-08 08:06:29+00:00,16.07,RED,Dplus Kia,Azir,1,38,17,0.4473684210526316,0,,5,0.2,0
LOLTMNT01_360022,LCK_20260408_Dplus_Kia_vs_Hanwha_Life_Esports_S1,1,2026-04-08 08:06:29+00:00,16.07,RED,Dplus Kia,Jayce,2,20,10,0.5,0,,2,0.0,0
LOLTMNT01_360022,LCK_20260408_Dplus_Kia_vs_Hanwha_Life_Esports_S1,1,2026-04-08 08:06:29+00:00,16.07,RED,Dplus Kia,Vi,3,29,15,0.5172413793103449,0,,3,0.6666666666666666,0
LOLTMNT01_360022,LCK_20260408_Dplus_Kia_vs_Hanwha_Life_Esports_S1,1,2026-04-08 08:06:29+00:00,16.07,RED,Dplus Kia,Ezreal,4,32,13,0.40625,0,,6,0.3333333333333333,0
LOLTMNT01_360022,LCK_20260408_Dplus_Kia_vs_Hanwha_Life_Esports_S1,1,2026-04-08 08:06:29+00:00,16.07,RED,Dplus Kia,Neeko,5,28,17,0.6071428571428571,0,,1,1.0,0
LOLTMNT01_360035,LCK_20260408_Dplus_Kia_vs_Hanwha_Life_Esports_S1,2,2026-04-08 09:04:42+00:00,16.07,BLUE,Hanwha Life Esports,Annie,1,6,5,0.8333333333333334,0,,0,,1
LOLTMNT01_360035,LCK_20260408_Dplus_Kia_vs_Hanwha_Life_Esports_S1,2,2026-04-08 09:04:42+00:00,16.07,BLUE,Hanwha Life Esports,Corki,2,32,15,0.46875,0,,3,0.3333333333333333,1
LOLTMNT01_360035,LCK_20260408_Dplus_Kia_vs_Hanwha_Life_Esports_S1,2,2026-04-08 09:04:42+00:00,16.07,BLUE,Hanwha Life Esports,Nami,3,17,7,0.4117647058823529,0,,0,,1
LOLTMNT01_360035,LCK_20260408_Dplus_Kia_vs_Hanwha_Life_Esports_S1,2,2026-04-08 09:04:42+00:00,16.07,BLUE,Hanwha Life Esports,Kha'Zix,4,1,0,0.0,0,,0,,1
LOLTMNT01_360035,LCK_20260408_Dplus_Kia_vs_Hanwha_Life_Esports_S1,2,2026-04-08 09:04:42+00:00,16.07,BLUE,Hanwha Life Esports,Gnar,5,29,18,0.6206896551724138,0,,3,0.6666666666666666,1
LOLTMNT01_360035,LCK_20260408_Dplus_Kia_vs_Hanwha_Life_Esports_S1,2,2026-04-08 09:04:42+00:00,16.07,RED,Dplus Kia,Yunara,1,43,23,0.5348837209302325,0,,4,0.75,0
LOLTMNT01_360035,LCK_20260408_Dplus_Kia_vs_Hanwha_Life_Esports_S1,2,2026-04-08 09:04:42+00:00,16.07,RED,Dplus Kia,Lulu,2,22,10,0.45454545454545453,0,,5,0.8,0
LOLTMNT01_360035,LCK_20260408_Dplus_Kia_vs_Hanwha_Life_Esports_S1,2,2026-04-08 09:04:42+00:00,16.07,RED,Dplus Kia,Nocturne,3,19,9,0.47368421052631576,0,,1,0.0,0
LOLTMNT01_360035,LCK_20260408_Dplus_Kia_vs_Hanwha_Life_Esports_S1,2,2026-04-08 09:04:42+00:00,16.07,RED,Dplus Kia,Syndra,4,11,5,0.45454545454545453,0,,1,0.0,0
LOLTMNT01_360035,LCK_20260408_Dplus_Kia_vs_Hanwha_Life_Esports_S1,2,2026-04-08 09:04:42+00:00,16.07,RED,Dplus Kia,Ambessa,5,37,17,0.4594594594594595,0,,7,0.5714285714285714,0
LOLTMNT01_360054,LCK_20260408_Gen_G_vs_T1_S1,1,2026-04-08 10:19:02+00:00,16.07,BLUE,Gen.G,Bard,1,24,14,0.5833333333333334,0,,4,1.0,1
LOLTMNT01_360054,LCK_20260408_Gen_G_vs_T1_S1,1,2026-04-08 10:19:02+00:00,16.07,BLUE,Gen.G,Anivia,2,15,7,0.4666666666666667,0,,3,1.0,1
LOLTMNT01_360054,LCK_20260408_Gen_G_vs_T1_S1,1,2026-04-08 10:19:02+00:00,16.07,BLUE,Gen.G,Xin Zhao,3,42,19,0.4523809523809524,0,,4,0.75,1
LOLTMNT01_360054,LCK_20260408_Gen_G_vs_T1_S1,1,2026-04-08 10:19:02+00:00,16.07,BLUE,Gen.G,Sion,4,28,7,0.25,0,,2,1.0,1
LOLTMNT01_360054,LCK_20260408_Gen_G_vs_T1_S1,1,2026-04-08 10:19:02+00:00,16.07,BLUE,Gen.G,Corki,5,33,16,0.48484848484848486,1,1.0,3,0.6666666666666666,1
LOLTMNT01_360054,LCK_20260408_Gen_G_vs_T1_S1,1,2026-04-08 10:19:02+00:00,16.07,RED,T1,Ryze,1,45,27,0.6,0,,5,0.6,0
LOLTMNT01_360054,LCK_20260408_Gen_G_vs_T1_S1,1,2026-04-08 10:19:02+00:00,16.07,RED,T1,Jarvan IV,2,44,23,0.5227272727272727,1,1.0,3,0.6666666666666666,0
LOLTMNT01_360054,LCK_20260408_Gen_G_vs_T1_S1,1,2026-04-08 10:19:02+00:00,16.07,RED,T1,Jayce,3,21,10,0.47619047619047616,1,0.0,3,1.0,0
LOLTMNT01_360054,LCK_20260408_Gen_G_vs_T1_S1,1,2026-04-08 10:19:02+00:00,16.07,RED,T1,Kalista,4,12,5,0.4166666666666667,0,,2,0.5,0
LOLTMNT01_360054,LCK_20260408_Gen_G_vs_T1_S1,1,2026-04-08 10:19:02+00:00,16.07,RED,T1,Renata Glasc,5,13,5,0.38461538461538464,0,,2,0.5,0
LOLTMNT01_360067,LCK_20260408_Gen_G_vs_T1_S1,2,2026-04-08 11:07:42+00:00,16.07,BLUE,Gen.G,Yunara,1,44,23,0.5227272727272727,1,0.0,5,0.8,1
LOLTMNT01_360067,LCK_20260408_Gen_G_vs_T1_S1,2,2026-04-08 11:07:42+00:00,16.07,BLUE,Gen.G,Nocturne,2,20,9,0.45,1,0.0,2,0.5,1
LOLTMNT01_360067,LCK_20260408_Gen_G_vs_T1_S1,2,2026-04-08 11:07:42+00:00,16.07,BLUE,Gen.G,Annie,3,7,6,0.8571428571428571,1,1.0,2,0.5,1
LOLTMNT01_360067,LCK_20260408_Gen_G_vs_T1_S1,2,2026-04-08 11:07:42+00:00,16.07,BLUE,Gen.G,Neeko,4,29,17,0.5862068965517241,1,0.0,3,1.0,1
LOLTMNT01_360067,LCK_20260408_Gen_G_vs_T1_S1,2,2026-04-08 11:07:42+00:00,16.07,BLUE,Gen.G,Ambessa,5,38,17,0.4473684210526316,1,0.0,4,0.75,1
LOLTMNT01_360067,LCK_20260408_Gen_G_vs_T1_S1,2,2026-04-08 11:07:42+00:00,16.07,RED,T1,Pantheon,1,37,22,0.5945945945945946,0,,3,0.6666666666666666,0
LOLTMNT01_360067,LCK_20260408_Gen_G_vs_T1_S1,2,2026-04-08 11:07:42+00:00,16.07,RED,T1,Aurora,2,27,10,0.37037037037037035,0,,3,0.3333333333333333,0
LOLTMNT01_360067,LCK_20260408_Gen_G_vs_T1_S1,2,2026-04-08 11:07:42+00:00,16.07,RED,T1,Lulu,3,23,10,0.43478260869565216,1,0.0,3,0.6666666666666666,0
LOLTMNT01_360067,LCK_20260408_Gen_G_vs_T1_S1,2,2026-04-08 11:07:42+00:00,16.07,RED,T1,Galio,4,13,8,0.6153846153846154,0,,3,0.6666666666666666,0
LOLTMNT01_360067,LCK_20260408_Gen_G_vs_T1_S1,2,2026-04-08 11:07:42+00:00,16.07,RED,T1,Zeri,5,2,1,0.5,0,,1,1.0,0
LOLTMNT01_359784,LCK_20260409_HANJIN_BRION_vs_Kiwoom_DRX_S3,1,2026-04-09 08:06:21+00:00,16.07,BLUE,Kiwoom DRX,Nocturne,1,21,10,0.47619047619047616,2,0.5,1,1.0,0
LOLTMNT01_359784,LCK_20260409_HANJIN_BRION_vs_Kiwoom_DRX_S3,1,2026-04-09 08:06:21+00:00,16.07,BLUE,Kiwoom DRX,Azir,2,39,17,0.4358974358974359,1,0.0,4,0.25,0
LOLTMNT01_359784,LCK_20260409_HANJIN_BRION_vs_Kiwoom_DRX_S3,1,2026-04-09 08:06:21+00:00,16.07,BLUE,Kiwoom DRX,Jayce,3,22,10,0.45454545454545453,2,0.0,2,0.0,0
LOLTMNT01_359784,LCK_20260409_HANJIN_BRION_vs_Kiwoom_DRX_S3,1,2026-04-09 08:06:21+00:00,16.07,BLUE,Kiwoom DRX,Anivia,4,16,8,0.5,1,1.0,1,0.0,0
LOLTMNT01_359784,LCK_20260409_HANJIN_BRION_vs_Kiwoom_DRX_S3,1,2026-04-09 08:06:21+00:00,16.07,BLUE,Kiwoom DRX,Sivir,5,20,12,0.6,0,,4,0.5,0
LOLTMNT01_359784,LCK_20260409_HANJIN_BRION_vs_Kiwoom_DRX_S3,1,2026-04-09 08:06:21+00:00,16.07,RED,HANJIN BRION,Orianna,1,31,16,0.5161290322580645,1,1.0,3,0.3333333333333333,1
LOLTMNT01_359784,LCK_20260409_HANJIN_BRION_vs_Kiwoom_DRX_S3,1,2026-04-09 08:06:21+00:00,16.07,RED,HANJIN BRION,Ezreal,2,33,13,0.3939393939393939,1,0.0,4,0.5,1
LOLTMNT01_359784,LCK_20260409_HANJIN_BRION_vs_Kiwoom_DRX_S3,1,2026-04-09 08:06:21+00:00,16.07,RED,HANJIN BRION,Neeko,3,30,18,0.6,2,0.5,2,0.0,1
LOLTMNT01_359784,LCK_20260409_HANJIN_BRION_vs_Kiwoom_DRX_S3,1,2026-04-09 08:06:21+00:00,16.07,RED,HANJIN BRION,Kha'Zix,4,2,1,0.5,1,1.0,0,,1
LOLTMNT01_359784,LCK_20260409_HANJIN_BRION_vs_Kiwoom_DRX_S3,1,2026-04-09 08:06:21+00:00,16.07,RED,HANJIN BRION,Sion,5,29,8,0.27586206896551724,1,1.0,2,0.0,1
LOLTMNT01_359808,LCK_20260409_HANJIN_BRION_vs_Kiwoom_DRX_S3,2,2026-04-09 09:00:11+00:00,16.07,BLUE,HANJIN BRION,Aurora,1,28,10,0.35714285714285715,1,0.0,2,1.0,0
LOLTMNT01_359808,LCK_20260409_HANJIN_BRION_vs_Kiwoom_DRX_S3,2,2026-04-09 09:00:11+00:00,16.07,BLUE,HANJIN BRION,Lee Sin,2,10,8,0.8,0,,0,,0
LOLTMNT01_359808,LCK_20260409_HANJIN_BRION_vs_Kiwoom_DRX_S3,2,2026-04-09 09:00:11+00:00,16.07,BLUE,HANJIN BRION,Varus,3,25,14,0.56,0,,2,0.5,0
LOLTMNT01_359808,LCK_20260409_HANJIN_BRION_vs_Kiwoom_DRX_S3,2,2026-04-09 09:00:11+00:00,16.07,BLUE,HANJIN BRION,Nautilus,4,26,12,0.46153846153846156,0,,1,1.0,0
LOLTMNT01_359808,LCK_20260409_HANJIN_BRION_vs_Kiwoom_DRX_S3,2,2026-04-09 09:00:11+00:00,16.07,BLUE,HANJIN BRION,Ambessa,5,39,18,0.46153846153846156,2,0.5,3,0.6666666666666666,0
LOLTMNT01_359808,LCK_20260409_HANJIN_BRION_vs_Kiwoom_DRX_S3,2,2026-04-09 09:00:11+00:00,16.07,RED,Kiwoom DRX,Annie,1,8,7,0.875,2,1.0,0,,1
LOLTMNT01_359808,LCK_20260409_HANJIN_BRION_vs_Kiwoom_DRX_S3,2,2026-04-09 09:00:11+00:00,16.07,RED,Kiwoom DRX,Wukong,2,31,14,0.45161290322580644,0,,1,0.0,1
LOLTMNT01_359808,LCK_20260409_HANJIN_BRION_vs_Kiwoom_DRX_S3,2,2026-04-09 09:00:11+00:00,16.07,RED,Kiwoom DRX,Gnar,3,30,19,0.6333333333333333,1,1.0,6,0.6666666666666666,1
LOLTMNT01_359808,LCK_20260409_HANJIN_BRION_vs_Kiwoom_DRX_S3,2,2026-04-09 09:00:11+00:00,16.07,RED,Kiwoom DRX,Kalista,4,13,5,0.38461538461538464,1,0.0,1,0.0,1
LOLTMNT01_359808,LCK_20260409_HANJIN_BRION_vs_Kiwoom_DRX_S3,2,2026-04-09 09:00:11+00:00,16.07,RED,Kiwoom DRX,Renata Glasc,5,14,5,0.35714285714285715,1,0.0,1,0.0,1
LOLTMNT01_359829,LCK_20260409_HANJIN_BRION_vs_Kiwoom_DRX_S3,3,2026-04-09 10:10:03+00:00,16.07,BLUE,Kiwoom DRX,Renekton,1,32,15,0.46875,0,,3,1.0,1
LOLTMNT01_359829,LCK_20260409_HANJIN_BRION_vs_Kiwoom_DRX_S3,3,2026-04-09 10:10:03+00:00,16.07,BLUE,Kiwoom DRX,Jarvan IV,2,45,23,0.5111111111111111,2,0.5,4,0.25,1
LOLTMNT01_359829,LCK_20260409_HANJIN_BRION_vs_Kiwoom_DRX_S3,3,2026-04-09 10:10:03+00:00,16.07,BLUE,Kiwoom DRX,Mel,3,3,0,0.0,0,,0,,1
LOLTMNT01_359829,LCK_20260409_HANJIN_BRION_vs_Kiwoom_DRX_S3,3,2026-04-09 10:10:03+00:00,16.07,BLUE,Kiwoom DRX,Corki,4,34,17,0.5,2,1.0,6,0.6666666666666666,1
LOLTMNT01_359829,LCK_20260409_HANJIN_BRION_vs_Kiwoom_DRX_S3,3,2026-04-09 10:10:03+00:00,16.07,BLUE,Kiwoom DRX,Bard,5,25,15,0.6,1,1.0,5,0.4,1
LOLTMNT01_359829,LCK_20260409_HANJIN_BRION_vs_Kiwoom_DRX_S3,3,2026-04-09 10:10:03+00:00,16.07,RED,HANJIN BRION,Pantheon,1,38,22,0.5789473684210527,1,0.0,5,0.4,0
LOLTMNT01_359829,LCK_20260409_HANJIN_BRION_vs_Kiwoom_DRX_S3,3,2026-04-09 10:10:03+00:00,16.07,RED,HANJIN BRION,Yunara,2,45,24,0.5333333333333333,2,0.5,1,0.0,0
LOLTMNT01_359829,LCK_20260409_HANJIN_BRION_vs_Kiwoom_DRX_S3,3,2026-04-09 10:10:03+00:00,16.07,RED,HANJIN BRION,Lulu,3,24,10,0.4166666666666667,2,0.0,1,0.0,0
LOLTMNT01_359829,LCK_20260409_HANJIN_BRION_vs_Kiwoom_DRX_S3,3,2026-04-09 10:10:03+00:00,16.07,RED,HANJIN BRION,Zaahen,4,18,12,0.6666666666666666,0,,1,0.0,0
LOLTMNT01_359829,LCK_20260409_HANJIN_BRION_vs_Kiwoom_DRX_S3,3,2026-04-09 10:10:03+00:00,16.07,RED,HANJIN BRION,Viktor,5,6,2,0.3333333333333333,0,,0,,0
LOLTMNT01_359892,LCK_20260409_KT_Rolster_vs_Nongshim_RedForce_S2,1,2026-04-09 11:25:00+00:00,16.07,BLUE,Nongshim RedForce,Ezreal,1,34,14,0.4117647058823529,2,0.5,2,0.0,0
LOLTMNT01_359892,LCK_20260409_KT_Rolster_vs_Nongshim_RedForce_S2,1,2026-04-09 11:25:00+00:00,16.07,BLUE,Nongshim RedForce,Karma,2,16,9,0.5625,0,,1,0.0,0
LOLTMNT01_359892,LCK_20260409_KT_Rolster_vs_Nongshim_RedForce_S2,1,2026-04-09 11:25:00+00:00,16.07,BLUE,Nongshim RedForce,Azir,3,40,17,0.425,2,0.0,3,0.3333333333333333,0
LOLTMNT01_359892,LCK_20260409_KT_Rolster_vs_Nongshim_RedForce_S2,1,2026-04-09 11:25:00+00:00,16.07,BLUE,Nongshim RedForce,K'Sante,4,31,16,0.5161290322580645,0,,3,0.3333333333333333,0
LOLTMNT01_359892,LCK_20260409_KT_Rolster_vs_Nongshim_RedForce_S2,1,2026-04-09 11:25:00+00:00,16.07,BLUE,Nongshim RedForce,Jarvan IV,5,46,24,0.5217391304347826,3,0.6666666666666666,6,0.8333333333333334,0
LOLTMNT01_359892,LCK_20260409_KT_Rolster_vs_Nongshim_RedForce_S2,1,2026-04-09 11:25:00+00:00,16.07,RED,KT Rolster,Pantheon,1,39,22,0.5641025641025641,2,0.0,1,1.0,1
LOLTMNT01_359892,LCK_20260409_KT_Rolster_vs_Nongshim_RedForce_S2,1,2026-04-09 11:25:00+00:00,16.07,RED,KT Rolster,Jayce,2,23,10,0.43478260869565216,3,0.0,3,0.6666666666666666,1
LOLTMNT01_359892,LCK_20260409_KT_Rolster_vs_Nongshim_RedForce_S2,1,2026-04-09 11:25:00+00:00,16.07,RED,KT Rolster,Ryze,3,46,27,0.5869565217391305,1,0.0,4,0.5,1
LOLTMNT01_359892,LCK_20260409_KT_Rolster_vs_Nongshim_RedForce_S2,1,2026-04-09 11:25:00+00:00,16.07,RED,KT Rolster,Bard,4,26,16,0.6153846153846154,2,1.0,2,0.0,1
LOLTMNT01_359892,LCK_20260409_KT_Rolster_vs_Nongshim_RedForce_S2,1,2026-04-09 11:25:00+00:00,16.07,RED,KT Rolster,Caitlyn,5,9,4,0.4444444444444444,0,,1,0.0,1
LOLTMNT01_359914,LCK_20260409_KT_Rolster_vs_Nongshim_RedForce_S2,2,2026-04-09 12:25:37+00:00,16.07,BLUE,KT Rolster,Ambessa,1,40,18,0.45,3,0.3333333333333333,1,0.0,1
LOLTMNT01_359914,LCK_20260409_KT_Rolster_vs_Nongshim_RedForce_S2,2,2026-04-09 12:25:37+00:00,16.07,BLUE,KT Rolster,Vi,2,30,15,0.5,1,0.0,3,0.0,1
LOLTMNT01_359914,LCK_20260409_KT_Rolster_vs_Nongshim_RedForce_S2,2,2026-04-09 12:25:37+00:00,16.07,BLUE,KT Rolster,Ziggs,3,10,4,0.4,0,,1,0.0,1
LOLTMNT01_359914,LCK_20260409_KT_Rolster_vs_Nongshim_RedForce_S2,2,2026-04-09 12:25:37+00:00,16.07,BLUE,KT Rolster,Ahri,4,16,10,0.625,0,,1,1.0,1
LOLTMNT01_359914,LCK_20260409_KT_Rolster_vs_Nongshim_RedForce_S2,2,2026-04-09 12:25:37+00:00,16.07,BLUE,KT Rolster,Alistar,5,25,10,0.4,0,,3,0.3333333333333333,1
LOLTMNT01_359914,LCK_20260409_KT_Rolster_vs_Nongshim_RedForce_S2,2,2026-04-09 12:25:37+00:00,16.07,RED,Nongshim RedForce,Yunara,1,46,24,0.5217391304347826,3,0.3333333333333333,6,0.8333333333333334,0
LOLTMNT01_359914,LCK_20260409_KT_Rolster_vs_Nongshim_RedForce_S2,2,2026-04-09 12:25:37+00:00,16.07,RED,Nongshim RedForce,Nocturne,2,22,10,0.45454545454545453,3,0.3333333333333333,1,1.0,0
LOLTMNT01_359914,LCK_20260409_KT_Rolster_vs_Nongshim_RedForce_S2,2,2026-04-09 12:25:37+00:00,16.07,RED,Nongshim RedForce,Lulu,3,25,10,0.4,3,0.0,1,0.0,0
LOLTMNT01_359914,LCK_20260409_KT_Rolster_vs_Nongshim_RedForce_S2,2,2026-04-09 12:25:37+00:00,16.07,RED,Nongshim RedForce,Zaahen,4,19,12,0.631578947368421,1,0.0,2,1.0,0
LOLTMNT01_359914,LCK_20260409_KT_Rolster_vs_Nongshim_RedForce_S2,2,2026-04-09 12:25:37+00:00,16.07,RED,Nongshim RedForce,Sylas,5,9,6,0.6666666666666666,0,,0,,0
LOLTMNT01_362027,LCK_20260410_DN_SOOPers_vs_T1_S1,1,2026-04-10 08:09:34+00:00,16.07,BLUE,DN SOOPers,Bard,1,27,17,0.6296296296296297,3,1.0,1,1.0,0
LOLTMNT01_362027,LCK_20260410_DN_SOOPers_vs_T1_S1,1,2026-04-10 08:09:34+00:00,16.07,BLUE,DN SOOPers,Nocturne,2,23,10,0.43478260869565216,4,0.25,3,0.3333333333333333,0
LOLTMNT01_362027,LCK_20260410_DN_SOOPers_vs_T1_S1,1,2026-04-10 08:09:34+00:00,16.07,BLUE,DN SOOPers,Azir,3,41,17,0.4146341463414634,3,0.0,1,0.0,0
LOLTMNT01_362027,LCK_20260410_DN_SOOPers_vs_T1_S1,1,2026-04-10 08:09:34+00:00,16.07,BLUE,DN SOOPers,Caitlyn,4,10,5,0.5,1,1.0,2,0.5,0
LOLTMNT01_362027,LCK_20260410_DN_SOOPers_vs_T1_S1,1,2026-04-10 08:09:34+00:00,16.07,BLUE,DN SOOPers,Gwen,5,22,16,0.7272727272727273,0,,4,0.5,0
LOLTMNT01_362027,LCK_20260410_DN_SOOPers_vs_T1_S1,1,2026-04-10 08:09:34+00:00,16.07,RED,T1,Orianna,1,32,17,0.53125,2,1.0,2,0.5,1
LOLTMNT01_362027,LCK_20260410_DN_SOOPers_vs_T1_S1,1,2026-04-10 08:09:34+00:00,16.07,RED,T1,Ezreal,2,35,14,0.4,3,0.3333333333333333,2,0.5,1
LOLTMNT01_362027,LCK_20260410_DN_SOOPers_vs_T1_S1,1,2026-04-10 08:09:34+00:00,16.07,RED,T1,Neeko,3,31,19,0.6129032258064516,3,0.6666666666666666,3,0.6666666666666666,1
LOLTMNT01_362027,LCK_20260410_DN_SOOPers_vs_T1_S1,1,2026-04-10 08:09:34+00:00,16.07,RED,T1,Sion,4,30,9,0.3,2,1.0,1,1.0,1
LOLTMNT01_362027,LCK_20260410_DN_SOOPers_vs_T1_S1,1,2026-04-10 08:09:34+00:00,16.07,RED,T1,Lee Sin,5,11,8,0.7272727272727273,1,0.0,1,1.0,1
LOLTMNT01_361274,LCK_20260410_DN_SOOPers_vs_T1_S1,2,2026-04-10 09:00:46+00:00,16.07,BLUE,T1,Annie,1,9,8,0.8888888888888888,3,1.0,1,1.0,1
LOLTMNT01_361274,LCK_20260410_DN_SOOPers_vs_T1_S1,2,2026-04-10 09:00:46+00:00,16.07,BLUE,T1,Xin Zhao,2,43,20,0.46511627906976744,1,1.0,5,0.6,1
LOLTMNT01_361274,LCK_20260410_DN_SOOPers_vs_T1_S1,2,2026-04-10 09:00:46+00:00,16.07,BLUE,T1,Gnar,3,31,20,0.6451612903225806,2,1.0,3,0.6666666666666666,1
LOLTMNT01_361274,LCK_20260410_DN_SOOPers_vs_T1_S1,2,2026-04-10 09:00:46+00:00,16.07,BLUE,T1,Milio,4,4,2,0.5,0,,1,0.0,1
LOLTMNT01_361274,LCK_20260410_DN_SOOPers_vs_T1_S1,2,2026-04-10 09:00:46+00:00,16.07,BLUE,T1,Lucian,5,21,10,0.47619047619047616,0,,2,0.5,1
LOLTMNT01_361274,LCK_20260410_DN_SOOPers_vs_T1_S1,2,2026-04-10 09:00:46+00:00,16.07,RED,DN SOOPers,Pantheon,1,40,23,0.575,3,0.3333333333333333,4,0.5,0
LOLTMNT01_361274,LCK_20260410_DN_SOOPers_vs_T1_S1,2,2026-04-10 09:00:46+00:00,16.07,RED,DN SOOPers,Yunara,2,47,24,0.5106382978723404,4,0.25,5,0.4,0
LOLTMNT01_361274,LCK_20260410_DN_SOOPers_vs_T1_S1,2,2026-04-10 09:00:46+00:00,16.07,RED,DN SOOPers,Lulu,3,26,10,0.38461538461538464,4,0.0,2,0.0,0
LOLTMNT01_361274,LCK_20260410_DN_SOOPers_vs_T1_S1,2,2026-04-10 09:00:46+00:00,16.07,RED,DN SOOPers,Aurora,4,29,10,0.3448275862068966,2,0.0,1,0.0,0
LOLTMNT01_361274,LCK_20260410_DN_SOOPers_vs_T1_S1,2,2026-04-10 09:00:46+00:00,16.07,RED,DN SOOPers,Sylas,5,10,6,0.6,1,0.0,1,1.0,0
LOLTMNT01_362077,LCK_20260410_BNK_FEARX_vs_Hanwha_Life_Esports_S1,1,2026-04-10 10:10:47+00:00,16.07,BLUE,BNK FEARX,Ryze,1,47,28,0.5957446808510638,2,0.5,6,0.6666666666666666,0
LOLTMNT01_362077,LCK_20260410_BNK_FEARX_vs_Hanwha_Life_Esports_S1,1,2026-04-10 10:10:47+00:00,16.07,BLUE,BNK FEARX,Jarvan IV,2,47,24,0.5106382978723404,4,0.5,7,0.2857142857142857,0
LOLTMNT01_362077,LCK_20260410_BNK_FEARX_vs_Hanwha_Life_Esports_S1,1,2026-04-10 10:10:47+00:00,16.07,BLUE,BNK FEARX,Yorick,3,8,3,0.375,1,1.0,1,0.0,0
LOLTMNT01_362077,LCK_20260410_BNK_FEARX_vs_Hanwha_Life_Esports_S1,1,2026-04-10 10:10:47+00:00,16.07,BLUE,BNK FEARX,Ashe,4,16,10,0.625,1,1.0,3,0.6666666666666666,0
LOLTMNT01_362077,LCK_20260410_BNK_FEARX_vs_Hanwha_Life_Esports_S1,1,2026-04-10 10:10:47+00:00,16.07,BLUE,BNK FEARX,Rell,5,13,6,0.46153846153846156,0,,2,0.0,0
LOLTMNT01_362077,LCK_20260410_BNK_FEARX_vs_Hanwha_Life_Esports_S1,1,2026-04-10 10:10:47+00:00,16.07,RED,Hanwha Life Esports,Orianna,1,33,18,0.5454545454545454,3,1.0,2,0.5,1
LOLTMNT01_362077,LCK_20260410_BNK_FEARX_vs_Hanwha_Life_Esports_S1,1,2026-04-10 10:10:47+00:00,16.07,RED,Hanwha Life Esports,Xin Zhao,2,44,21,0.4772727272727273,2,1.0,4,0.5,1
LOLTMNT01_362077,LCK_20260410_BNK_FEARX_vs_Hanwha_Life_Esports_S1,1,2026-04-10 10:10:47+00:00,16.07,RED,Hanwha Life Esports,Jayce,3,24,11,0.4583333333333333,4,0.25,1,1.0,1
LOLTMNT01_362077,LCK_20260410_BNK_FEARX_vs_Hanwha_Life_Esports_S1,1,2026-04-10 10:10:47+00:00,16.07,RED,Hanwha Life Esports,Ziggs,4,11,5,0.45454545454545453,1,1.0,3,0.6666666666666666,1
LOLTMNT01_362077,LCK_20260410_BNK_FEARX_vs_Hanwha_Life_Esports_S1,1,2026-04-10 10:10:47+00:00,16.07,RED,Hanwha Life Esports,Pyke,5,1,0,0.0,0,,0,,1
LOLTMNT01_361313,LCK_20260410_BNK_FEARX_vs_Hanwha_Life_Esports_S1,2,2026-04-10 10:57:44+00:00,16.07,BLUE,Hanwha Life Esports,Annie,1,10,9,0.9,4,1.0,1,1.0,0
LOLTMNT01_361313,LCK_20260410_BNK_FEARX_vs_Hanwha_Life_Esports_S1,2,2026-04-10 10:57:44+00:00,16.07,BLUE,Hanwha Life Esports,Bard,2,28,17,0.6071428571428571,4,0.75,2,0.5,0
LOLTMNT01_361313,LCK_20260410_BNK_FEARX_vs_Hanwha_Life_Esports_S1,2,2026-04-10 10:57:44+00:00,16.07,BLUE,Hanwha Life Esports,Jhin,3,23,11,0.4782608695652174,0,,2,0.0,0
LOLTMNT01_361313,LCK_20260410_BNK_FEARX_vs_Hanwha_Life_Esports_S1,2,2026-04-10 10:57:44+00:00,16.07,BLUE,Hanwha Life Esports,Ambessa,4,41,19,0.4634146341463415,4,0.5,1,0.0,0
LOLTMNT01_361313,LCK_20260410_BNK_FEARX_vs_Hanwha_Life_Esports_S1,2,2026-04-10 10:57:44+00:00,16.07,BLUE,Hanwha Life Esports,Kennen,5,14,7,0.5,0,,0,,0
LOLTMNT01_361313,LCK_20260410_BNK_FEARX_vs_Hanwha_Life_Esports_S1,2,2026-04-10 10:57:44+00:00,16.07,RED,BNK FEARX,Ezreal,1,36,15,0.4166666666666667,4,0.5,7,0.2857142857142857,1
LOLTMNT01_361313,LCK_20260410_BNK_FEARX_vs_Hanwha_Life_Esports_S1,2,2026-04-10 10:57:44+00:00,16.07,RED,BNK FEARX,Neeko,2,32,20,0.625,4,0.75,2,0.5,1
LOLTMNT01_361313,LCK_20260410_BNK_FEARX_vs_Hanwha_Life_Esports_S1,2,2026-04-10 10:57:44+00:00,16.07,RED,BNK FEARX,Hwei,3,0,0,,0,,0,,1
LOLTMNT01_361313,LCK_20260410_BNK_FEARX_vs_Hanwha_Life_Esports_S1,2,2026-04-10 10:57:44+00:00,16.07,RED,BNK FEARX,Renekton,4,33,16,0.48484848484848486,1,1.0,6,0.6666666666666666,1
LOLTMNT01_361313,LCK_20260410_BNK_FEARX_vs_Hanwha_Life_Esports_S1,2,2026-04-10 10:57:44+00:00,16.07,RED,BNK FEARX,Maokai,5,2,2,1.0,0,,1,1.0,1
LOLTMNT01_361350,LCK_20260410_BNK_FEARX_vs_Hanwha_Life_Esports_S1,3,2026-04-10 11:46:50+00:00,16.07,BLUE,BNK FEARX,Lucian,1,22,11,0.5,1,1.0,5,0.6,0
LOLTMNT01_361350,LCK_20260410_BNK_FEARX_vs_Hanwha_Life_Esports_S1,3,2026-04-10 11:46:50+00:00,16.07,BLUE,BNK FEARX,Aurora,2,30,10,0.3333333333333333,3,0.0,2,0.0,0
LOLTMNT01_361350,LCK_20260410_BNK_FEARX_vs_Hanwha_Life_Esports_S1,3,2026-04-10 11:46:50+00:00,16.07,BLUE,BNK FEARX,Milio,3,5,3,0.6,1,1.0,3,0.6666666666666666,0
LOLTMNT01_361350,LCK_20260410_BNK_FEARX_vs_Hanwha_Life_Esports_S1,3,2026-04-10 11:46:50+00:00,16.07,BLUE,BNK FEARX,Naafiri,4,4,2,0.5,0,,0,,0
LOLTMNT01_361350,LCK_20260410_BNK_FEARX_vs_Hanwha_Life_Esports_S1,3,2026-04-10 11:46:50+00:00,16.07,BLUE,BNK FEARX,Mel,5,4,1,0.25,1,1.0,1,0.0,0
LOLTMNT01_361350,LCK_20260410_BNK_FEARX_vs_Hanwha_Life_Esports_S1,3,2026-04-10 11:46:50+00:00,16.07,RED,Hanwha Life Esports,Gnar,1,32,21,0.65625,3,1.0,4,0.75,1
LOLTMNT01_361350,LCK_20260410_BNK_FEARX_vs_Hanwha_Life_Esports_S1,3,2026-04-10 11:46:50+00:00,16.07,RED,Hanwha Life Esports,Vi,2,31,16,0.5161290322580645,2,0.5,3,0.6666666666666666,1
LOLTMNT01_361350,LCK_20260410_BNK_FEARX_vs_Hanwha_Life_Esports_S1,3,2026-04-10 11:46:50+00:00,16.07,RED,Hanwha Life Esports,Ahri,3,17,11,0.6470588235294118,1,1.0,0,,1
LOLTMNT01_361350,LCK_20260410_BNK_FEARX_vs_Hanwha_Life_Esports_S1,3,2026-04-10 11:46:50+00:00,16.07,RED,Hanwha Life Esports,Xayah,4,6,4,0.6666666666666666,0,,0,,1
LOLTMNT01_361350,LCK_20260410_BNK_FEARX_vs_Hanwha_Life_Esports_S1,3,2026-04-10 11:46:50+00:00,16.07,RED,Hanwha Life Esports,Rakan,5,24,15,0.625,0,,4,0.5,1
LOLTMNT01_362622,LCK_20260411_Kiwoom_DRX_vs_Nongshim_RedForce_S3,1,2026-04-11 08:06:17+00:00,16.07,BLUE,Kiwoom DRX,Ezreal,1,37,16,0.43243243243243246,5,0.6,3,0.0,1
LOLTMNT01_362622,LCK_20260411_Kiwoom_DRX_vs_Nongshim_RedForce_S3,1,2026-04-11 08:06:17+00:00,16.07,BLUE,Kiwoom DRX,Orianna,2,34,19,0.5588235294117647,4,1.0,7,0.5714285714285714,1
LOLTMNT01_362622,LCK_20260411_Kiwoom_DRX_vs_Nongshim_RedForce_S3,1,2026-04-11 08:06:17+00:00,16.07,BLUE,Kiwoom DRX,Yorick,3,9,3,0.3333333333333333,2,0.5,0,,1
LOLTMNT01_362622,LCK_20260411_Kiwoom_DRX_vs_Nongshim_RedForce_S3,1,2026-04-11 08:06:17+00:00,16.07,BLUE,Kiwoom DRX,Neeko,4,33,21,0.6363636363636364,5,0.8,5,0.4,1
LOLTMNT01_362622,LCK_20260411_Kiwoom_DRX_vs_Nongshim_RedForce_S3,1,2026-04-11 08:06:17+00:00,16.07,BLUE,Kiwoom DRX,Vi,5,32,17,0.53125,3,0.6666666666666666,4,0.5,1
LOLTMNT01_362622,LCK_20260411_Kiwoom_DRX_vs_Nongshim_RedForce_S3,1,2026-04-11 08:06:17+00:00,16.07,RED,Nongshim RedForce,Jarvan IV,1,48,24,0.5,5,0.4,7,0.7142857142857143,0
LOLTMNT01_362622,LCK_20260411_Kiwoom_DRX_vs_Nongshim_RedForce_S3,1,2026-04-11 08:06:17+00:00,16.07,RED,Nongshim RedForce,Jayce,2,25,12,0.48,5,0.4,3,0.3333333333333333,0
LOLTMNT01_362622,LCK_20260411_Kiwoom_DRX_vs_Nongshim_RedForce_S3,1,2026-04-11 08:06:17+00:00,16.07,RED,Nongshim RedForce,Ryze,3,48,28,0.5833333333333334,3,0.3333333333333333,3,1.0,0
LOLTMNT01_362622,LCK_20260411_Kiwoom_DRX_vs_Nongshim_RedForce_S3,1,2026-04-11 08:06:17+00:00,16.07,RED,Nongshim RedForce,Anivia,4,17,8,0.47058823529411764,2,0.5,2,1.0,0
LOLTMNT01_362622,LCK_20260411_Kiwoom_DRX_vs_Nongshim_RedForce_S3,1,2026-04-11 08:06:17+00:00,16.07,RED,Nongshim RedForce,Jhin,5,24,11,0.4583333333333333,1,0.0,1,1.0,0
LOLTMNT01_362650,LCK_20260411_Kiwoom_DRX_vs_Nongshim_RedForce_S3,2,2026-04-11 08:59:12+00:00,16.07,BLUE,Kiwoom DRX,Yunara,1,48,24,0.5,5,0.2,9,0.3333333333333333,1
LOLTMNT01_362650,LCK_20260411_Kiwoom_DRX_vs_Nongshim_RedForce_S3,2,2026-04-11 08:59:12+00:00,16.07,BLUE,Kiwoom DRX,Gnar,2,33,22,0.6666666666666666,4,1.0,7,0.7142857142857143,1
LOLTMNT01_362650,LCK_20260411_Kiwoom_DRX_vs_Nongshim_RedForce_S3,2,2026-04-11 08:59:12+00:00,16.07,BLUE,Kiwoom DRX,Aurora,3,31,10,0.3225806451612903,4,0.0,6,0.16666666666666666,1
LOLTMNT01_362650,LCK_20260411_Kiwoom_DRX_vs_Nongshim_RedForce_S3,2,2026-04-11 08:59:12+00:00,16.07,BLUE,Kiwoom DRX,Poppy,4,7,2,0.2857142857142857,0,,2,0.5,1
LOLTMNT01_362650,LCK_20260411_Kiwoom_DRX_vs_Nongshim_RedForce_S3,2,2026-04-11 08:59:12+00:00,16.07,BLUE,Kiwoom DRX,Alistar,5,26,11,0.4230769230769231,1,1.0,4,0.5,1
LOLTMNT01_362650,LCK_20260411_Kiwoom_DRX_vs_Nongshim_RedForce_S3,2,2026-04-11 08:59:12+00:00,16.07,RED,Nongshim RedForce,Pantheon,1,41,23,0.5609756097560976,4,0.25,3,0.6666666666666666,0
LOLTMNT01_362650,LCK_20260411_Kiwoom_DRX_vs_Nongshim_RedForce_S3,2,2026-04-11 08:59:12+00:00,16.07,RED,Nongshim RedForce,Ambessa,2,42,19,0.4523809523809524,5,0.4,3,0.6666666666666666,0
LOLTMNT01_362650,LCK_20260411_Kiwoom_DRX_vs_Nongshim_RedForce_S3,2,2026-04-11 08:59:12+00:00,16.07,RED,Nongshim RedForce,Annie,3,11,9,0.8181818181818182,5,0.8,0,,0
LOLTMNT01_362650,LCK_20260411_Kiwoom_DRX_vs_Nongshim_RedForce_S3,2,2026-04-11 08:59:12+00:00,16.07,RED,Nongshim RedForce,Corki,4,35,18,0.5142857142857142,3,1.0,1,1.0,0
LOLTMNT01_362650,LCK_20260411_Kiwoom_DRX_vs_Nongshim_RedForce_S3,2,2026-04-11 08:59:12+00:00,16.07,RED,Nongshim RedForce,Nautilus,5,27,12,0.4444444444444444,1,0.0,2,1.0,0
LOLTMNT01_361912,LCK_20260411_Dplus_Kia_vs_Gen_G_S3,1,2026-04-11 10:14:53+00:00,16.07,BLUE,Dplus Kia,Jarvan IV,1,49,24,0.4897959183673469,6,0.3333333333333333,8,0.625,1
LOLTMNT01_361912,LCK_20260411_Dplus_Kia_vs_Gen_G_S3,1,2026-04-11 10:14:53+00:00,16.07,BLUE,Dplus Kia,Bard,2,29,17,0.5862068965517241,5,0.6,4,0.5,1
LOLTMNT01_361912,LCK_20260411_Dplus_Kia_vs_Gen_G_S3,1,2026-04-11 10:14:53+00:00,16.07,BLUE,Dplus Kia,Anivia,3,18,8,0.4444444444444444,3,0.3333333333333333,3,0.3333333333333333,1
LOLTMNT01_361912,LCK_20260411_Dplus_Kia_vs_Gen_G_S3,1,2026-04-11 10:14:53+00:00,16.07,BLUE,Dplus Kia,Caitlyn,4,11,5,0.45454545454545453,2,0.5,0,,1
LOLTMNT01_361912,LCK_20260411_Dplus_Kia_vs_Gen_G_S3,1,2026-04-11 10:14:53+00:00,16.07,BLUE,Dplus Kia,Gnar,5,34,23,0.6764705882352942,5,1.0,3,1.0,1
LOLTMNT01_361912,LCK_20260411_Dplus_Kia_vs_Gen_G_S3,1,2026-04-11 10:14:53+00:00,16.07,RED,Gen.G,Pantheon,1,42,23,0.5476190476190477,5,0.2,5,1.0,0
LOLTMNT01_361912,LCK_20260411_Dplus_Kia_vs_Gen_G_S3,1,2026-04-11 10:14:53+00:00,16.07,RED,Gen.G,Ezreal,2,38,17,0.4473684210526316,6,0.6666666666666666,1,1.0,0
LOLTMNT01_361912,LCK_20260411_Dplus_Kia_vs_Gen_G_S3,1,2026-04-11 10:14:53+00:00,16.07,RED,Gen.G,Ryze,3,49,28,0.5714285714285714,4,0.25,4,1.0,0
LOLTMNT01_361912,LCK_20260411_Dplus_Kia_vs_Gen_G_S3,1,2026-04-11 10:14:53+00:00,16.07,RED,Gen.G,K'Sante,4,32,16,0.5,1,0.0,1,0.0,0
LOLTMNT01_361912,LCK_20260411_Dplus_Kia_vs_Gen_G_S3,1,2026-04-11 10:14:53+00:00,16.07,RED,Gen.G,Pyke,5,2,1,0.5,1,1.0,0,,0
LOLTMNT01_361920,LCK_20260411_Dplus_Kia_vs_Gen_G_S3,2,2026-04-11 11:07:33+00:00,16.07,BLUE,Gen.G,Xin Zhao,1,45,22,0.4888888888888889,3,1.0,5,0.8,0
LOLTMNT01_361920,LCK_20260411_Dplus_Kia_vs_Gen_G_S3,2,2026-04-11 11:07:33+00:00,16.07,BLUE,Gen.G,Aurora,2,32,11,0.34375,5,0.2,4,0.75,0
LOLTMNT01_361920,LCK_20260411_Dplus_Kia_vs_Gen_G_S3,2,2026-04-11 11:07:33+00:00,16.07,BLUE,Gen.G,Yunara,3,49,25,0.5102040816326531,6,0.3333333333333333,6,0.8333333333333334,0
LOLTMNT01_361920,LCK_20260411_Dplus_Kia_vs_Gen_G_S3,2,2026-04-11 11:07:33+00:00,16.07,BLUE,Gen.G,Zaahen,4,20,12,0.6,2,0.0,3,1.0,0
LOLTMNT01_361920,LCK_20260411_Dplus_Kia_vs_Gen_G_S3,2,2026-04-11 11:07:33+00:00,16.07,BLUE,Gen.G,Seraphine,5,15,11,0.7333333333333333,1,1.0,4,0.75,0
LOLTMNT01_361920,LCK_20260411_Dplus_Kia_vs_Gen_G_S3,2,2026-04-11 11:07:33+00:00,16.07,RED,Dplus Kia,Annie,1,12,9,0.75,6,0.6666666666666666,1,1.0,1
LOLTMNT01_361920,LCK_20260411_Dplus_Kia_vs_Gen_G_S3,2,2026-04-11 11:07:33+00:00,16.07,RED,Dplus Kia,Wukong,2,32,15,0.46875,1,1.0,5,0.6,1
LOLTMNT01_361920,LCK_20260411_Dplus_Kia_vs_Gen_G_S3,2,2026-04-11 11:07:33+00:00,16.07,RED,Dplus Kia,Renekton,3,34,17,0.5,2,1.0,2,0.5,1
LOLTMNT01_361920,LCK_20260411_Dplus_Kia_vs_Gen_G_S3,2,2026-04-11 11:07:33+00:00,16.07,RED,Dplus Kia,Kalista,4,14,6,0.42857142857142855,2,0.5,0,,1
LOLTMNT01_361920,LCK_20260411_Dplus_Kia_vs_Gen_G_S3,2,2026-04-11 11:07:33+00:00,16.07,RED,Dplus Kia,Renata Glasc,5,15,6,0.4,2,0.5,0,,1
LOLTMNT01_364097,LCK_20260412_BNK_FEARX_vs_DN_SOOPers_S3,1,2026-04-12 08:05:05+00:00,16.07,BLUE,BNK FEARX,Ryze,1,50,28,0.56,5,0.2,7,0.5714285714285714,1
LOLTMNT01_364097,LCK_20260412_BNK_FEARX_vs_DN_SOOPers_S3,1,2026-04-12 08:05:05+00:00,16.07,BLUE,BNK FEARX,Jarvan IV,2,50,25,0.5,7,0.42857142857142855,8,0.25,1
LOLTMNT01_364097,LCK_20260412_BNK_FEARX_vs_DN_SOOPers_S3,1,2026-04-12 08:05:05+00:00,16.07,BLUE,BNK FEARX,Neeko,3,34,22,0.6470588235294118,6,0.8333333333333334,3,0.6666666666666666,1
LOLTMNT01_364097,LCK_20260412_BNK_FEARX_vs_DN_SOOPers_S3,1,2026-04-12 08:05:05+00:00,16.07,BLUE,BNK FEARX,Xayah,4,7,5,0.7142857142857143,1,1.0,2,1.0,1
LOLTMNT01_364097,LCK_20260412_BNK_FEARX_vs_DN_SOOPers_S3,1,2026-04-12 08:05:05+00:00,16.07,BLUE,BNK FEARX,Renekton,5,35,18,0.5142857142857142,3,1.0,7,0.7142857142857143,1
LOLTMNT01_364097,LCK_20260412_BNK_FEARX_vs_DN_SOOPers_S3,1,2026-04-12 08:05:05+00:00,16.07,RED,DN SOOPers,Ezreal,1,39,17,0.4358974358974359,7,0.5714285714285714,3,1.0,0
LOLTMNT01_364097,LCK_20260412_BNK_FEARX_vs_DN_SOOPers_S3,1,2026-04-12 08:05:05+00:00,16.07,RED,DN SOOPers,Vi,2,33,18,0.5454545454545454,4,0.75,2,0.0,0
LOLTMNT01_364097,LCK_20260412_BNK_FEARX_vs_DN_SOOPers_S3,1,2026-04-12 08:05:05+00:00,16.07,RED,DN SOOPers,Cassiopeia,3,11,5,0.45454545454545453,0,,4,0.25,0
LOLTMNT01_364097,LCK_20260412_BNK_FEARX_vs_DN_SOOPers_S3,1,2026-04-12 08:05:05+00:00,16.07,RED,DN SOOPers,Rakan,4,25,16,0.64,1,1.0,5,0.8,0
LOLTMNT01_364097,LCK_20260412_BNK_FEARX_vs_DN_SOOPers_S3,1,2026-04-12 08:05:05+00:00,16.07,RED,DN SOOPers,Zaahen,5,21,12,0.5714285714285714,3,0.0,1,1.0,0
LOLTMNT01_363354,LCK_20260412_BNK_FEARX_vs_DN_SOOPers_S3,2,2026-04-12 08:56:52+00:00,16.07,BLUE,BNK FEARX,Seraphine,1,16,11,0.6875,2,0.5,3,0.6666666666666666,1
LOLTMNT01_363354,LCK_20260412_BNK_FEARX_vs_DN_SOOPers_S3,2,2026-04-12 08:56:52+00:00,16.07,BLUE,BNK FEARX,Xin Zhao,2,46,22,0.4782608695652174,4,0.75,5,0.2,1
LOLTMNT01_363354,LCK_20260412_BNK_FEARX_vs_DN_SOOPers_S3,2,2026-04-12 08:56:52+00:00,16.07,BLUE,BNK FEARX,Ashe,3,17,10,0.5882352941176471,2,0.5,4,0.5,1
LOLTMNT01_363354,LCK_20260412_BNK_FEARX_vs_DN_SOOPers_S3,2,2026-04-12 08:56:52+00:00,16.07,BLUE,BNK FEARX,Yorick,4,10,4,0.4,3,0.6666666666666666,2,0.0,1
LOLTMNT01_363354,LCK_20260412_BNK_FEARX_vs_DN_SOOPers_S3,2,2026-04-12 08:56:52+00:00,16.07,BLUE,BNK FEARX,Akali,5,12,5,0.4166666666666667,0,,1,0.0,1
LOLTMNT01_363354,LCK_20260412_BNK_FEARX_vs_DN_SOOPers_S3,2,2026-04-12 08:56:52+00:00,16.07,RED,DN SOOPers,Azir,1,42,17,0.40476190476190477,4,0.0,2,0.0,0
LOLTMNT01_363354,LCK_20260412_BNK_FEARX_vs_DN_SOOPers_S3,2,2026-04-12 08:56:52+00:00,16.07,RED,DN SOOPers,Lee Sin,2,12,9,0.75,2,0.5,4,1.0,0
LOLTMNT01_363354,LCK_20260412_BNK_FEARX_vs_DN_SOOPers_S3,2,2026-04-12 08:56:52+00:00,16.07,RED,DN SOOPers,Ambessa,3,43,19,0.4418604651162791,6,0.3333333333333333,5,0.4,0
LOLTMNT01_363354,LCK_20260412_BNK_FEARX_vs_DN_SOOPers_S3,2,2026-04-12 08:56:52+00:00,16.07,RED,DN SOOPers,Jhin,4,25,11,0.44,2,0.0,2,0.5,0
LOLTMNT01_363354,LCK_20260412_BNK_FEARX_vs_DN_SOOPers_S3,2,2026-04-12 08:56:52+00:00,16.07,RED,DN SOOPers,Rell,5,14,6,0.42857142857142855,1,0.0,6,0.5,0
LOLTMNT01_364137,LCK_20260412_HANJIN_BRION_vs_KT_Rolster_S2,1,2026-04-12 10:09:24+00:00,16.07,BLUE,KT Rolster,Jarvan IV,1,51,26,0.5098039215686274,8,0.5,2,1.0,1
LOLTMNT01_364137,LCK_20260412_HANJIN_BRION_vs_KT_Rolster_S2,1,2026-04-12 10:09:24+00:00,16.07,BLUE,KT Rolster,Ashe,2,18,11,0.6111111111111112,3,0.6666666666666666,1,1.0,1
LOLTMNT01_364137,LCK_20260412_HANJIN_BRION_vs_KT_Rolster_S2,1,2026-04-12 10:09:24+00:00,16.07,BLUE,KT Rolster,Seraphine,3,17,12,0.7058823529411765,3,0.6666666666666666,1,1.0,1
LOLTMNT01_364137,LCK_20260412_HANJIN_BRION_vs_KT_Rolster_S2,1,2026-04-12 10:09:24+00:00,16.07,BLUE,KT Rolster,Mel,4,5,1,0.2,2,0.5,0,,1
LOLTMNT01_364137,LCK_20260412_HANJIN_BRION_vs_KT_Rolster_S2,1,2026-04-12 10:09:24+00:00,16.07,BLUE,KT Rolster,Yorick,5,11,5,0.45454545454545453,4,0.75,0,,1
LOLTMNT01_364137,LCK_20260412_HANJIN_BRION_vs_KT_Rolster_S2,1,2026-04-12 10:09:24+00:00,16.07,RED,HANJIN BRION,Annie,1,13,10,0.7692307692307693,7,0.7142857142857143,1,1.0,0
LOLTMNT01_364137,LCK_20260412_HANJIN_BRION_vs_KT_Rolster_S2,1,2026-04-12 10:09:24+00:00,16.07,RED,HANJIN BRION,Xin Zhao,2,47,23,0.48936170212765956,5,0.8,3,0.6666666666666666,0
LOLTMNT01_364137,LCK_20260412_HANJIN_BRION_vs_KT_Rolster_S2,1,2026-04-12 10:09:24+00:00,16.07,RED,HANJIN BRION,Ezreal,3,40,17,0.425,8,0.5,5,0.6,0
LOLTMNT01_364137,LCK_20260412_HANJIN_BRION_vs_KT_Rolster_S2,1,2026-04-12 10:09:24+00:00,16.07,RED,HANJIN BRION,Bard,4,30,18,0.6,6,0.6666666666666666,0,,0
LOLTMNT01_364137,LCK_20260412_HANJIN_BRION_vs_KT_Rolster_S2,1,2026-04-12 10:09:24+00:00,16.07,RED,HANJIN BRION,Jayce,5,26,12,0.46153846153846156,6,0.3333333333333333,1,1.0,0
LOLTMNT01_364149,LCK_20260412_HANJIN_BRION_vs_KT_Rolster_S2,2,2026-04-12 10:55:22+00:00,16.07,BLUE,KT Rolster,Yunara,1,50,25,0.5,7,0.2857142857142857,5,0.6,1
LOLTMNT01_364149,LCK_20260412_HANJIN_BRION_vs_KT_Rolster_S2,2,2026-04-12 10:55:22+00:00,16.07,BLUE,KT Rolster,Vi,2,34,18,0.5294117647058824,5,0.6,4,0.25,1
LOLTMNT01_364149,LCK_20260412_HANJIN_BRION_vs_KT_Rolster_S2,2,2026-04-12 10:55:22+00:00,16.07,BLUE,KT Rolster,Lulu,3,27,10,0.37037037037037035,5,0.0,1,1.0,1
LOLTMNT01_364149,LCK_20260412_HANJIN_BRION_vs_KT_Rolster_S2,2,2026-04-12 10:55:22+00:00,16.07,BLUE,KT Rolster,Ahri,4,18,12,0.6666666666666666,2,1.0,2,1.0,1
LOLTMNT01_364149,LCK_20260412_HANJIN_BRION_vs_KT_Rolster_S2,2,2026-04-12 10:55:22+00:00,16.07,BLUE,KT Rolster,Gnar,5,35,24,0.6857142857142857,6,1.0,1,1.0,1
LOLTMNT01_364149,LCK_20260412_HANJIN_BRION_vs_KT_Rolster_S2,2,2026-04-12 10:55:22+00:00,16.07,RED,HANJIN BRION,Orianna,1,35,20,0.5714285714285714,5,1.0,4,0.5,0
LOLTMNT01_364149,LCK_20260412_HANJIN_BRION_vs_KT_Rolster_S2,2,2026-04-12 10:55:22+00:00,16.07,RED,HANJIN BRION,Caitlyn,2,12,6,0.5,3,0.6666666666666666,1,1.0,0
LOLTMNT01_364149,LCK_20260412_HANJIN_BRION_vs_KT_Rolster_S2,2,2026-04-12 10:55:22+00:00,16.07,RED,HANJIN BRION,Neeko,3,35,23,0.6571428571428571,7,0.8571428571428571,3,0.3333333333333333,0
LOLTMNT01_364149,LCK_20260412_HANJIN_BRION_vs_KT_Rolster_S2,2,2026-04-12 10:55:22+00:00,16.07,RED,HANJIN BRION,Wukong,4,33,16,0.48484848484848486,2,1.0,2,0.0,0
LOLTMNT01_364149,LCK_20260412_HANJIN_BRION_vs_KT_Rolster_S2,2,2026-04-12 10:55:22+00:00,16.07,RED,HANJIN BRION,Renekton,5,36,19,0.5277777777777778,4,1.0,4,0.0,0
LOLTMNT01_365453,LCK_20260415_BNK_FEARX_vs_Nongshim_RedForce_S2,1,2026-04-15 08:04:27+00:00,16.07,BLUE,BNK FEARX,Ezreal,1,41,17,0.4146341463414634,9,0.4444444444444444,8,0.375,0
LOLTMNT01_365453,LCK_20260415_BNK_FEARX_vs_Nongshim_RedForce_S2,1,2026-04-15 08:04:27+00:00,16.07,BLUE,BNK FEARX,Xin Zhao,2,48,23,0.4791666666666667,6,0.6666666666666666,6,0.3333333333333333,0
LOLTMNT01_365453,LCK_20260415_BNK_FEARX_vs_Nongshim_RedForce_S2,1,2026-04-15 08:04:27+00:00,16.07,BLUE,BNK FEARX,Neeko,3,36,23,0.6388888888888888,8,0.75,4,0.75,0
LOLTMNT01_365453,LCK_20260415_BNK_FEARX_vs_Nongshim_RedForce_S2,1,2026-04-15 08:04:27+00:00,16.07,BLUE,BNK FEARX,K'Sante,4,33,16,0.48484848484848486,2,0.0,4,0.5,0
LOLTMNT01_365453,LCK_20260415_BNK_FEARX_vs_Nongshim_RedForce_S2,1,2026-04-15 08:04:27+00:00,16.07,BLUE,BNK FEARX,Akali,5,13,6,0.46153846153846156,1,1.0,2,0.5,0
LOLTMNT01_365453,LCK_20260415_BNK_FEARX_vs_Nongshim_RedForce_S2,1,2026-04-15 08:04:27+00:00,16.07,RED,Nongshim RedForce,Pantheon,1,43,23,0.5348837209302325,6,0.16666666666666666,4,0.5,1
LOLTMNT01_365453,LCK_20260415_BNK_FEARX_vs_Nongshim_RedForce_S2,1,2026-04-15 08:04:27+00:00,16.07,RED,Nongshim RedForce,Azir,2,43,17,0.3953488372093023,5,0.0,4,0.25,1
LOLTMNT01_365453,LCK_20260415_BNK_FEARX_vs_Nongshim_RedForce_S2,1,2026-04-15 08:04:27+00:00,16.07,RED,Nongshim RedForce,Jayce,3,27,12,0.4444444444444444,7,0.2857142857142857,4,0.25,1
LOLTMNT01_365453,LCK_20260415_BNK_FEARX_vs_Nongshim_RedForce_S2,1,2026-04-15 08:04:27+00:00,16.07,RED,Nongshim RedForce,Yunara,4,51,26,0.5098039215686274,8,0.375,7,0.7142857142857143,1
LOLTMNT01_365453,LCK_20260415_BNK_FEARX_vs_Nongshim_RedForce_S2,1,2026-04-15 08:04:27+00:00,16.07,RED,Nongshim RedForce,Lulu,5,28,11,0.39285714285714285,6,0.16666666666666666,2,0.0,1
LOLTMNT01_365467,LCK_20260415_BNK_FEARX_vs_Nongshim_RedForce_S2,2,2026-04-15 08:53:44+00:00,16.07,BLUE,BNK FEARX,Ryze,1,51,29,0.5686274509803921,6,0.3333333333333333,8,0.625,0
LOLTMNT01_365467,LCK_20260415_BNK_FEARX_vs_Nongshim_RedForce_S2,2,2026-04-15 08:53:44+00:00,16.07,BLUE,BNK FEARX,Lee Sin,2,13,9,0.6923076923076923,3,0.3333333333333333,1,1.0,0
LOLTMNT01_365467,LCK_20260415_BNK_FEARX_vs_Nongshim_RedForce_S2,2,2026-04-15 08:53:44+00:00,16.07,BLUE,BNK FEARX,Gnar,3,36,25,0.6944444444444444,7,1.0,5,0.4,0
LOLTMNT01_365467,LCK_20260415_BNK_FEARX_vs_Nongshim_RedForce_S2,2,2026-04-15 08:53:44+00:00,16.07,BLUE,BNK FEARX,Kalista,4,15,7,0.4666666666666667,3,0.6666666666666666,2,0.0,0
LOLTMNT01_365467,LCK_20260415_BNK_FEARX_vs_Nongshim_RedForce_S2,2,2026-04-15 08:53:44+00:00,16.07,BLUE,BNK FEARX,Renata Glasc,5,16,7,0.4375,3,0.6666666666666666,2,0.0,0
LOLTMNT01_365467,LCK_20260415_BNK_FEARX_vs_Nongshim_RedForce_S2,2,2026-04-15 08:53:44+00:00,16.07,RED,Nongshim RedForce,Jarvan IV,1,52,27,0.5192307692307693,9,0.5555555555555556,8,0.625,1
LOLTMNT01_365467,LCK_20260415_BNK_FEARX_vs_Nongshim_RedForce_S2,2,2026-04-15 08:53:44+00:00,16.07,RED,Nongshim RedForce,Anivia,2,19,9,0.47368421052631576,4,0.5,3,0.6666666666666666,1
LOLTMNT01_365467,LCK_20260415_BNK_FEARX_vs_Nongshim_RedForce_S2,2,2026-04-15 08:53:44+00:00,16.07,RED,Nongshim RedForce,Bard,3,31,18,0.5806451612903226,7,0.5714285714285714,1,1.0,1
LOLTMNT01_365467,LCK_20260415_BNK_FEARX_vs_Nongshim_RedForce_S2,2,2026-04-15 08:53:44+00:00,16.07,RED,Nongshim RedForce,Jhin,4,26,11,0.4230769230769231,3,0.0,2,0.5,1
LOLTMNT01_365467,LCK_20260415_BNK_FEARX_vs_Nongshim_RedForce_S2,2,2026-04-15 08:53:44+00:00,16.07,RED,Nongshim RedForce,Sion,5,31,10,0.3225806451612903,3,1.0,4,0.0,1
LOLTMNT01_366241,LCK_20260415_Dplus_Kia_vs_KT_Rolster_S1,1,2026-04-15 10:10:22+00:00,16.07,BLUE,Dplus Kia,Orianna,1,36,20,0.5555555555555556,6,0.8333333333333334,3,0.3333333333333333,1
LOLTMNT01_366241,LCK_20260415_Dplus_Kia_vs_KT_Rolster_S1,1,2026-04-15 10:10:22+00:00,16.07,BLUE,Dplus Kia,Jarvan IV,2,53,28,0.5283018867924528,10,0.6,9,0.6666666666666666,1
LOLTMNT01_366241,LCK_20260415_Dplus_Kia_vs_KT_Rolster_S1,1,2026-04-15 10:10:22+00:00,16.07,BLUE,Dplus Kia,Nautilus,3,28,12,0.42857142857142855,2,0.0,2,0.0,1
LOLTMNT01_366241,LCK_20260415_Dplus_Kia_vs_KT_Rolster_S1,1,2026-04-15 10:10:22+00:00,16.07,BLUE,Dplus Kia,Gnar,4,37,25,0.6756756756756757,8,0.875,4,1.0,1
LOLTMNT01_366241,LCK_20260415_Dplus_Kia_vs_KT_Rolster_S1,1,2026-04-15 10:10:22+00:00,16.07,BLUE,Dplus Kia,Kai'Sa,5,12,8,0.6666666666666666,0,,0,,1
LOLTMNT01_366241,LCK_20260415_Dplus_Kia_vs_KT_Rolster_S1,1,2026-04-15 10:10:22+00:00,16.07,RED,KT Rolster,Karma,1,17,9,0.5294117647058824,1,0.0,2,0.5,0
LOLTMNT01_366241,LCK_20260415_Dplus_Kia_vs_KT_Rolster_S1,1,2026-04-15 10:10:22+00:00,16.07,RED,KT Rolster,Ezreal,2,42,17,0.40476190476190477,10,0.4,3,0.3333333333333333,0
LOLTMNT01_366241,LCK_20260415_Dplus_Kia_vs_KT_Rolster_S1,1,2026-04-15 10:10:22+00:00,16.07,RED,KT Rolster,Ryze,3,52,29,0.5576923076923077,7,0.2857142857142857,5,0.6,0
LOLTMNT01_366241,LCK_20260415_Dplus_Kia_vs_KT_Rolster_S1,1,2026-04-15 10:10:22+00:00,16.07,RED,KT Rolster,Vayne,4,2,1,0.5,0,,1,1.0,0
LOLTMNT01_366241,LCK_20260415_Dplus_Kia_vs_KT_Rolster_S1,1,2026-04-15 10:10:22+00:00,16.07,RED,KT Rolster,Wukong,5,34,16,0.47058823529411764,3,0.6666666666666666,4,0.25,0
LOLTMNT01_366261,LCK_20260415_Dplus_Kia_vs_KT_Rolster_S1,2,2026-04-15 11:04:40+00:00,16.07,BLUE,KT Rolster,Ashe,1,19,12,0.631578947368421,4,0.75,2,1.0,1
LOLTMNT01_366261,LCK_20260415_Dplus_Kia_vs_KT_Rolster_S1,2,2026-04-15 11:04:40+00:00,16.07,BLUE,KT Rolster,Xin Zhao,2,49,23,0.46938775510204084,7,0.5714285714285714,2,0.5,1
LOLTMNT01_366261,LCK_20260415_Dplus_Kia_vs_KT_Rolster_S1,2,2026-04-15 11:04:40+00:00,16.07,BLUE,KT Rolster,Seraphine,3,18,13,0.7222222222222222,4,0.75,2,1.0,1
LOLTMNT01_366261,LCK_20260415_Dplus_Kia_vs_KT_Rolster_S1,2,2026-04-15 11:04:40+00:00,16.07,BLUE,KT Rolster,Yorick,4,12,6,0.5,5,0.8,1,1.0,1
LOLTMNT01_366261,LCK_20260415_Dplus_Kia_vs_KT_Rolster_S1,2,2026-04-15 11:04:40+00:00,16.07,BLUE,KT Rolster,Hwei,5,1,1,1.0,1,1.0,0,,1
LOLTMNT01_366261,LCK_20260415_Dplus_Kia_vs_KT_Rolster_S1,2,2026-04-15 11:04:40+00:00,16.07,RED,Dplus Kia,Annie,1,14,10,0.7142857142857143,8,0.625,2,1.0,0
LOLTMNT01_366261,LCK_20260415_Dplus_Kia_vs_KT_Rolster_S1,2,2026-04-15 11:04:40+00:00,16.07,RED,Dplus Kia,Jayce,2,28,13,0.4642857142857143,8,0.375,3,0.0,0
LOLTMNT01_366261,LCK_20260415_Dplus_Kia_vs_KT_Rolster_S1,2,2026-04-15 11:04:40+00:00,16.07,RED,Dplus Kia,Lee Sin,3,14,9,0.6428571428571429,4,0.25,3,0.3333333333333333,0
LOLTMNT01_366261,LCK_20260415_Dplus_Kia_vs_KT_Rolster_S1,2,2026-04-15 11:04:40+00:00,16.07,RED,Dplus Kia,Ziggs,4,12,6,0.5,2,1.0,2,0.5,0
LOLTMNT01_366261,LCK_20260415_Dplus_Kia_vs_KT_Rolster_S1,2,2026-04-15 11:04:40+00:00,16.07,RED,Dplus Kia,Pyke,5,3,1,0.3333333333333333,2,0.5,0,,0
LOLTMNT01_366284,LCK_20260415_Dplus_Kia_vs_KT_Rolster_S1,3,2026-04-15 12:08:03+00:00,16.07,BLUE,KT Rolster,Yunara,1,52,27,0.5192307692307693,9,0.4444444444444444,6,0.6666666666666666,1
LOLTMNT01_366284,LCK_20260415_Dplus_Kia_vs_KT_Rolster_S1,3,2026-04-15 12:08:03+00:00,16.07,BLUE,KT Rolster,Lulu,2,29,12,0.41379310344827586,7,0.2857142857142857,2,1.0,1
LOLTMNT01_366284,LCK_20260415_Dplus_Kia_vs_KT_Rolster_S1,3,2026-04-15 12:08:03+00:00,16.07,BLUE,KT Rolster,Trundle,3,8,6,0.75,0,,0,,1
LOLTMNT01_366284,LCK_20260415_Dplus_Kia_vs_KT_Rolster_S1,3,2026-04-15 12:08:03+00:00,16.07,BLUE,KT Rolster,Ahri,4,19,13,0.6842105263157895,3,1.0,3,1.0,1
LOLTMNT01_366284,LCK_20260415_Dplus_Kia_vs_KT_Rolster_S1,3,2026-04-15 12:08:03+00:00,16.07,BLUE,KT Rolster,Naafiri,5,5,2,0.4,1,0.0,0,,1
LOLTMNT01_366284,LCK_20260415_Dplus_Kia_vs_KT_Rolster_S1,3,2026-04-15 12:08:03+00:00,16.07,RED,Dplus Kia,Varus,1,26,14,0.5384615384615384,1,0.0,3,0.3333333333333333,0
LOLTMNT01_366284,LCK_20260415_Dplus_Kia_vs_KT_Rolster_S1,3,2026-04-15 12:08:03+00:00,16.07,RED,Dplus Kia,Ambessa,2,44,19,0.4318181818181818,7,0.2857142857142857,8,0.5,0
LOLTMNT01_366284,LCK_20260415_Dplus_Kia_vs_KT_Rolster_S1,3,2026-04-15 12:08:03+00:00,16.07,RED,Dplus Kia,Twisted Fate,3,6,4,0.6666666666666666,0,,2,1.0,0
LOLTMNT01_366284,LCK_20260415_Dplus_Kia_vs_KT_Rolster_S1,3,2026-04-15 12:08:03+00:00,16.07,RED,Dplus Kia,Aphelios,4,20,11,0.55,0,,2,0.5,0
LOLTMNT01_366284,LCK_20260415_Dplus_Kia_vs_KT_Rolster_S1,3,2026-04-15 12:08:03+00:00,16.07,RED,Dplus Kia,Thresh,5,10,6,0.6,0,,2,0.5,0
LOLTMNT01_366570,LCK_20260416_Gen_G_vs_HANJIN_BRION_S1,1,2026-04-16 08:07:45+00:00,16.07,BLUE,HANJIN BRION,Jarvan IV,1,54,29,0.5370370370370371,11,0.6363636363636364,2,0.5,0
LOLTMNT01_366570,LCK_20260416_Gen_G_vs_HANJIN_BRION_S1,1,2026-04-16 08:07:45+00:00,16.07,BLUE,HANJIN BRION,Akali,2,14,6,0.42857142857142855,2,0.5,1,0.0,0
LOLTMNT01_366570,LCK_20260416_Gen_G_vs_HANJIN_BRION_S1,1,2026-04-16 08:07:45+00:00,16.07,BLUE,HANJIN BRION,Jayce,3,29,13,0.4482758620689655,9,0.3333333333333333,2,0.5,0
LOLTMNT01_366570,LCK_20260416_Gen_G_vs_HANJIN_BRION_S1,1,2026-04-16 08:07:45+00:00,16.07,BLUE,HANJIN BRION,Neeko,4,37,23,0.6216216216216216,9,0.6666666666666666,4,0.25,0
LOLTMNT01_366570,LCK_20260416_Gen_G_vs_HANJIN_BRION_S1,1,2026-04-16 08:07:45+00:00,16.07,BLUE,HANJIN BRION,Caitlyn,5,13,6,0.46153846153846156,4,0.5,2,0.5,0
LOLTMNT01_366570,LCK_20260416_Gen_G_vs_HANJIN_BRION_S1,1,2026-04-16 08:07:45+00:00,16.07,RED,Gen.G,Xin Zhao,1,50,24,0.48,8,0.625,6,0.6666666666666666,1
LOLTMNT01_366570,LCK_20260416_Gen_G_vs_HANJIN_BRION_S1,1,2026-04-16 08:07:45+00:00,16.07,RED,Gen.G,Azir,2,44,18,0.4090909090909091,6,0.16666666666666666,4,1.0,1
LOLTMNT01_366570,LCK_20260416_Gen_G_vs_HANJIN_BRION_S1,1,2026-04-16 08:07:45+00:00,16.07,RED,Gen.G,Sion,3,32,11,0.34375,4,1.0,3,1.0,1
LOLTMNT01_366570,LCK_20260416_Gen_G_vs_HANJIN_BRION_S1,1,2026-04-16 08:07:45+00:00,16.07,RED,Gen.G,Ezreal,4,43,17,0.3953488372093023,11,0.36363636363636365,2,0.5,1
LOLTMNT01_366570,LCK_20260416_Gen_G_vs_HANJIN_BRION_S1,1,2026-04-16 08:07:45+00:00,16.07,RED,Gen.G,Nami,5,18,8,0.4444444444444444,1,1.0,3,0.6666666666666666,1
LOLTMNT01_365803,LCK_20260416_Gen_G_vs_HANJIN_BRION_S1,2,2026-04-16 09:01:02+00:00,16.07,BLUE,Gen.G,Yunara,1,53,28,0.5283018867924528,10,0.5,7,0.7142857142857143,1
LOLTMNT01_365803,LCK_20260416_Gen_G_vs_HANJIN_BRION_S1,2,2026-04-16 09:01:02+00:00,16.07,BLUE,Gen.G,Nocturne,2,24,10,0.4166666666666667,5,0.2,3,0.6666666666666666,1
LOLTMNT01_365803,LCK_20260416_Gen_G_vs_HANJIN_BRION_S1,2,2026-04-16 09:01:02+00:00,16.07,BLUE,Gen.G,Anivia,3,20,10,0.5,5,0.6,4,1.0,1
LOLTMNT01_365803,LCK_20260416_Gen_G_vs_HANJIN_BRION_S1,2,2026-04-16 09:01:02+00:00,16.07,BLUE,Gen.G,Gnar,4,38,26,0.6842105263157895,9,0.8888888888888888,2,0.5,1
LOLTMNT01_365803,LCK_20260416_Gen_G_vs_HANJIN_BRION_S1,2,2026-04-16 09:01:02+00:00,16.07,BLUE,Gen.G,Alistar,5,27,12,0.4444444444444444,2,1.0,1,1.0,1
LOLTMNT01_365803,LCK_20260416_Gen_G_vs_HANJIN_BRION_S1,2,2026-04-16 09:01:02+00:00,16.07,RED,HANJIN BRION,Pantheon,1,44,24,0.5454545454545454,7,0.2857142857142857,6,0.3333333333333333,0
LOLTMNT01_365803,LCK_20260416_Gen_G_vs_HANJIN_BRION_S1,2,2026-04-16 09:01:02+00:00,16.07,RED,HANJIN BRION,Lulu,2,30,13,0.43333333333333335,8,0.375,2,0.0,0
LOLTMNT01_365803,LCK_20260416_Gen_G_vs_HANJIN_BRION_S1,2,2026-04-16 09:01:02+00:00,16.07,RED,HANJIN BRION,Ryze,3,53,29,0.5471698113207547,8,0.25,5,0.2,0
LOLTMNT01_365803,LCK_20260416_Gen_G_vs_HANJIN_BRION_S1,2,2026-04-16 09:01:02+00:00,16.07,RED,HANJIN BRION,Xayah,4,8,6,0.75,2,1.0,0,,0
LOLTMNT01_365803,LCK_20260416_Gen_G_vs_HANJIN_BRION_S1,2,2026-04-16 09:01:02+00:00,16.07,RED,HANJIN BRION,Ambessa,5,45,19,0.4222222222222222,8,0.25,4,0.5,0
LOLTMNT01_366617,LCK_20260416_DN_SOOPers_vs_Hanwha_Life_Esports_S2,1,2026-04-16 10:19:53+00:00,16.07,BLUE,DN SOOPers,Varus,1,27,14,0.5185185185185185,2,0.0,2,1.0,0
LOLTMNT01_366617,LCK_20260416_DN_SOOPers_vs_Hanwha_Life_Esports_S2,1,2026-04-16 10:19:53+00:00,16.07,BLUE,DN SOOPers,Vi,2,35,19,0.5428571428571428,6,0.6666666666666666,3,0.0,0
LOLTMNT01_366617,LCK_20260416_DN_SOOPers_vs_Hanwha_Life_Esports_S2,1,2026-04-16 10:19:53+00:00,16.07,BLUE,DN SOOPers,Ahri,3,20,14,0.7,4,1.0,4,1.0,0
LOLTMNT01_366617,LCK_20260416_DN_SOOPers_vs_Hanwha_Life_Esports_S2,1,2026-04-16 10:19:53+00:00,16.07,BLUE,DN SOOPers,Neeko,4,38,23,0.6052631578947368,10,0.6,7,0.7142857142857143,0
LOLTMNT01_366617,LCK_20260416_DN_SOOPers_vs_Hanwha_Life_Esports_S2,1,2026-04-16 10:19:53+00:00,16.07,BLUE,DN SOOPers,Yorick,5,13,7,0.5384615384615384,6,0.8333333333333334,3,0.6666666666666666,0
LOLTMNT01_366617,LCK_20260416_DN_SOOPers_vs_Hanwha_Life_Esports_S2,1,2026-04-16 10:19:53+00:00,16.07,RED,Hanwha Life Esports,Xin Zhao,1,51,25,0.49019607843137253,9,0.6666666666666666,5,0.6,1
LOLTMNT01_366617,LCK_20260416_DN_SOOPers_vs_Hanwha_Life_Esports_S2,1,2026-04-16 10:19:53+00:00,16.07,RED,Hanwha Life Esports,Bard,2,32,19,0.59375,8,0.625,3,0.3333333333333333,1
LOLTMNT01_366617,LCK_20260416_DN_SOOPers_vs_Hanwha_Life_Esports_S2,1,2026-04-16 10:19:53+00:00,16.07,RED,Hanwha Life Esports,Jhin,3,27,12,0.4444444444444444,4,0.25,3,0.0,1
LOLTMNT01_366617,LCK_20260416_DN_SOOPers_vs_Hanwha_Life_Esports_S2,1,2026-04-16 10:19:53+00:00,16.07,RED,Hanwha Life Esports,Anivia,4,21,11,0.5238095238095238,6,0.6666666666666666,1,0.0,1
LOLTMNT01_366617,LCK_20260416_DN_SOOPers_vs_Hanwha_Life_Esports_S2,1,2026-04-16 10:19:53+00:00,16.07,RED,Hanwha Life Esports,Aurora,5,33,11,0.3333333333333333,6,0.16666666666666666,4,0.0,1
LOLTMNT01_365830,LCK_20260416_DN_SOOPers_vs_Hanwha_Life_Esports_S2,2,2026-04-16 11:03:24+00:00,16.07,BLUE,Hanwha Life Esports,Pantheon,1,45,24,0.5333333333333333,8,0.25,2,0.5,1
LOLTMNT01_365830,LCK_20260416_DN_SOOPers_vs_Hanwha_Life_Esports_S2,2,2026-04-16 11:03:24+00:00,16.07,BLUE,Hanwha Life Esports,Ashe,2,20,13,0.65,5,0.8,2,1.0,1
LOLTMNT01_365830,LCK_20260416_DN_SOOPers_vs_Hanwha_Life_Esports_S2,2,2026-04-16 11:03:24+00:00,16.07,BLUE,Hanwha Life Esports,Seraphine,3,19,14,0.7368421052631579,5,0.8,2,1.0,1
LOLTMNT01_365830,LCK_20260416_DN_SOOPers_vs_Hanwha_Life_Esports_S2,2,2026-04-16 11:03:24+00:00,16.07,BLUE,Hanwha Life Esports,Annie,4,15,10,0.6666666666666666,9,0.5555555555555556,2,0.5,1
LOLTMNT01_365830,LCK_20260416_DN_SOOPers_vs_Hanwha_Life_Esports_S2,2,2026-04-16 11:03:24+00:00,16.07,BLUE,Hanwha Life Esports,Yone,5,9,4,0.4444444444444444,0,,0,,1
LOLTMNT01_365830,LCK_20260416_DN_SOOPers_vs_Hanwha_Life_Esports_S2,2,2026-04-16 11:03:24+00:00,16.07,RED,DN SOOPers,Jarvan IV,1,55,29,0.5272727272727272,12,0.5833333333333334,5,0.2,0
LOLTMNT01_365830,LCK_20260416_DN_SOOPers_vs_Hanwha_Life_Esports_S2,2,2026-04-16 11:03:24+00:00,16.07,RED,DN SOOPers,Gnar,2,39,27,0.6923076923076923,10,0.9,1,0.0,0
LOLTMNT01_365830,LCK_20260416_DN_SOOPers_vs_Hanwha_Life_Esports_S2,2,2026-04-16 11:03:24+00:00,16.07,RED,DN SOOPers,Mel,3,6,2,0.3333333333333333,3,0.6666666666666666,0,,0
LOLTMNT01_365830,LCK_20260416_DN_SOOPers_vs_Hanwha_Life_Esports_S2,2,2026-04-16 11:03:24+00:00,16.07,RED,DN SOOPers,Azir,4,45,19,0.4222222222222222,7,0.2857142857142857,3,0.0,0
LOLTMNT01_365830,LCK_20260416_DN_SOOPers_vs_Hanwha_Life_Esports_S2,2,2026-04-16 11:03:24+00:00,16.07,RED,DN SOOPers,Rell,5,15,6,0.4,2,0.0,7,0.42857142857142855,0
LOLTMNT01_367097,LCK_20260417_BNK_FEARX_vs_Kiwoom_DRX_S1,1,2026-04-17 08:09:20+00:00,16.07,BLUE,BNK FEARX,Ezreal,1,44,18,0.4090909090909091,12,0.4166666666666667,9,0.3333333333333333,1
LOLTMNT01_367097,LCK_20260417_BNK_FEARX_vs_Kiwoom_DRX_S1,1,2026-04-17 08:09:20+00:00,16.07,BLUE,BNK FEARX,Xin Zhao,2,52,26,0.5,10,0.7,7,0.2857142857142857,1
LOLTMNT01_367097,LCK_20260417_BNK_FEARX_vs_Kiwoom_DRX_S1,1,2026-04-17 08:09:20+00:00,16.07,BLUE,BNK FEARX,Neeko,3,39,23,0.5897435897435898,11,0.5454545454545454,5,0.6,1
LOLTMNT01_367097,LCK_20260417_BNK_FEARX_vs_Kiwoom_DRX_S1,1,2026-04-17 08:09:20+00:00,16.07,BLUE,BNK FEARX,K'Sante,4,34,16,0.47058823529411764,3,0.0,5,0.4,1
LOLTMNT01_367097,LCK_20260417_BNK_FEARX_vs_Kiwoom_DRX_S1,1,2026-04-17 08:09:20+00:00,16.07,BLUE,BNK FEARX,Aurora,5,34,12,0.35294117647058826,7,0.2857142857142857,3,0.0,1
LOLTMNT01_367097,LCK_20260417_BNK_FEARX_vs_Kiwoom_DRX_S1,1,2026-04-17 08:09:20+00:00,16.07,RED,Kiwoom DRX,Azir,1,46,19,0.41304347826086957,8,0.25,5,0.2,0
LOLTMNT01_367097,LCK_20260417_BNK_FEARX_vs_Kiwoom_DRX_S1,1,2026-04-17 08:09:20+00:00,16.07,RED,Kiwoom DRX,Bard,2,33,20,0.6060606060606061,9,0.6666666666666666,6,0.5,0
LOLTMNT01_367097,LCK_20260417_BNK_FEARX_vs_Kiwoom_DRX_S1,1,2026-04-17 08:09:20+00:00,16.07,RED,Kiwoom DRX,Jayce,3,30,13,0.43333333333333335,10,0.3,3,0.0,0
LOLTMNT01_367097,LCK_20260417_BNK_FEARX_vs_Kiwoom_DRX_S1,1,2026-04-17 08:09:20+00:00,16.07,RED,Kiwoom DRX,Yunara,4,54,29,0.5370370370370371,11,0.5454545454545454,10,0.4,0
LOLTMNT01_367097,LCK_20260417_BNK_FEARX_vs_Kiwoom_DRX_S1,1,2026-04-17 08:09:20+00:00,16.07,RED,Kiwoom DRX,Vi,5,36,19,0.5277777777777778,7,0.5714285714285714,5,0.6,0
LOLTMNT01_367103,LCK_20260417_BNK_FEARX_vs_Kiwoom_DRX_S1,2,2026-04-17 08:56:00+00:00,16.07,BLUE,BNK FEARX,Pantheon,1,46,25,0.5434782608695652,9,0.3333333333333333,7,0.5714285714285714,1
LOLTMNT01_367103,LCK_20260417_BNK_FEARX_vs_Kiwoom_DRX_S1,2,2026-04-17 08:56:00+00:00,16.07,BLUE,BNK FEARX,Renekton,2,37,19,0.5135135135135135,5,0.8,8,0.75,1
LOLTMNT01_367103,LCK_20260417_BNK_FEARX_vs_Kiwoom_DRX_S1,2,2026-04-17 08:56:00+00:00,16.07,BLUE,BNK FEARX,Annie,3,16,11,0.6875,10,0.6,0,,1
LOLTMNT01_367103,LCK_20260417_BNK_FEARX_vs_Kiwoom_DRX_S1,2,2026-04-17 08:56:00+00:00,16.07,BLUE,BNK FEARX,Kalista,4,16,7,0.4375,4,0.5,3,0.0,1
LOLTMNT01_367103,LCK_20260417_BNK_FEARX_vs_Kiwoom_DRX_S1,2,2026-04-17 08:56:00+00:00,16.07,BLUE,BNK FEARX,Soraka,5,1,0,0.0,0,,0,,1
LOLTMNT01_367103,LCK_20260417_BNK_FEARX_vs_Kiwoom_DRX_S1,2,2026-04-17 08:56:00+00:00,16.07,RED,Kiwoom DRX,Karma,1,18,9,0.5,2,0.0,3,0.3333333333333333,0
LOLTMNT01_367103,LCK_20260417_BNK_FEARX_vs_Kiwoom_DRX_S1,2,2026-04-17 08:56:00+00:00,16.07,RED,Kiwoom DRX,Caitlyn,2,14,6,0.42857142857142855,5,0.4,0,,0
LOLTMNT01_367103,LCK_20260417_BNK_FEARX_vs_Kiwoom_DRX_S1,2,2026-04-17 08:56:00+00:00,16.07,RED,Kiwoom DRX,Gnar,3,40,27,0.675,11,0.8181818181818182,8,0.75,0
LOLTMNT01_367103,LCK_20260417_BNK_FEARX_vs_Kiwoom_DRX_S1,2,2026-04-17 08:56:00+00:00,16.07,RED,Kiwoom DRX,Mel,4,7,2,0.2857142857142857,4,0.5,1,1.0,0
LOLTMNT01_367103,LCK_20260417_BNK_FEARX_vs_Kiwoom_DRX_S1,2,2026-04-17 08:56:00+00:00,16.07,RED,Kiwoom DRX,Dr. Mundo,5,10,6,0.6,0,,1,0.0,0
LOLTMNT01_367128,LCK_20260417_Dplus_Kia_vs_T1_S3,1,2026-04-17 10:18:08+00:00,16.07,BLUE,T1,Ezreal,1,45,19,0.4222222222222222,13,0.46153846153846156,3,0.6666666666666666,0
LOLTMNT01_367128,LCK_20260417_Dplus_Kia_vs_T1_S3,1,2026-04-17 10:18:08+00:00,16.07,BLUE,T1,Pantheon,2,47,26,0.5531914893617021,10,0.4,4,0.5,0
LOLTMNT01_367128,LCK_20260417_Dplus_Kia_vs_T1_S3,1,2026-04-17 10:18:08+00:00,16.07,BLUE,T1,Ryze,3,54,29,0.5370370370370371,9,0.2222222222222222,6,0.5,0
LOLTMNT01_367128,LCK_20260417_Dplus_Kia_vs_T1_S3,1,2026-04-17 10:18:08+00:00,16.07,BLUE,T1,Neeko,4,40,24,0.6,12,0.5833333333333334,4,0.75,0
LOLTMNT01_367128,LCK_20260417_Dplus_Kia_vs_T1_S3,1,2026-04-17 10:18:08+00:00,16.07,BLUE,T1,Ambessa,5,46,19,0.41304347826086957,9,0.2222222222222222,4,0.5,0
LOLTMNT01_367128,LCK_20260417_Dplus_Kia_vs_T1_S3,1,2026-04-17 10:18:08+00:00,16.07,RED,Dplus Kia,Karma,1,19,9,0.47368421052631576,3,0.0,3,0.6666666666666666,1
LOLTMNT01_367128,LCK_20260417_Dplus_Kia_vs_T1_S3,1,2026-04-17 10:18:08+00:00,16.07,RED,Dplus Kia,Jhin,2,28,13,0.4642857142857143,5,0.4,3,0.3333333333333333,1
LOLTMNT01_367128,LCK_20260417_Dplus_Kia_vs_T1_S3,1,2026-04-17 10:18:08+00:00,16.07,RED,Dplus Kia,Xin Zhao,3,53,27,0.5094339622641509,11,0.7272727272727273,5,0.4,1
LOLTMNT01_367128,LCK_20260417_Dplus_Kia_vs_T1_S3,1,2026-04-17 10:18:08+00:00,16.07,RED,Dplus Kia,Cassiopeia,4,12,5,0.4166666666666667,1,0.0,3,1.0,1
LOLTMNT01_367128,LCK_20260417_Dplus_Kia_vs_T1_S3,1,2026-04-17 10:18:08+00:00,16.07,RED,Dplus Kia,Rumble,5,20,11,0.55,0,,2,0.5,1
LOLTMNT01_367136,LCK_20260417_Dplus_Kia_vs_T1_S3,2,2026-04-17 11:14:57+00:00,16.07,BLUE,Dplus Kia,LeBlanc,1,4,2,0.5,0,,2,0.5,0
LOLTMNT01_367136,LCK_20260417_Dplus_Kia_vs_T1_S3,2,2026-04-17 11:14:57+00:00,16.07,BLUE,Dplus Kia,Vi,2,37,19,0.5135135135135135,8,0.5,4,0.5,0
LOLTMNT01_367136,LCK_20260417_Dplus_Kia_vs_T1_S3,2,2026-04-17 11:14:57+00:00,16.07,BLUE,Dplus Kia,K'Sante,3,35,17,0.4857142857142857,4,0.25,5,0.6,0
LOLTMNT01_367136,LCK_20260417_Dplus_Kia_vs_T1_S3,2,2026-04-17 11:14:57+00:00,16.07,BLUE,Dplus Kia,Lulu,4,31,13,0.41935483870967744,9,0.3333333333333333,6,0.6666666666666666,0
LOLTMNT01_367136,LCK_20260417_Dplus_Kia_vs_T1_S3,2,2026-04-17 11:14:57+00:00,16.07,BLUE,Dplus Kia,Miss Fortune,5,6,2,0.3333333333333333,0,,1,1.0,0
LOLTMNT01_367136,LCK_20260417_Dplus_Kia_vs_T1_S3,2,2026-04-17 11:14:57+00:00,16.07,RED,T1,Azir,1,47,19,0.40425531914893614,9,0.2222222222222222,6,0.8333333333333334,1
LOLTMNT01_367136,LCK_20260417_Dplus_Kia_vs_T1_S3,2,2026-04-17 11:14:57+00:00,16.07,RED,T1,Nocturne,2,25,11,0.44,6,0.3333333333333333,3,1.0,1
LOLTMNT01_367136,LCK_20260417_Dplus_Kia_vs_T1_S3,2,2026-04-17 11:14:57+00:00,16.07,RED,T1,Jayce,3,31,13,0.41935483870967744,11,0.2727272727272727,4,0.75,1
LOLTMNT01_367136,LCK_20260417_Dplus_Kia_vs_T1_S3,2,2026-04-17 11:14:57+00:00,16.07,RED,T1,Caitlyn,4,15,6,0.4,6,0.3333333333333333,1,1.0,1
LOLTMNT01_367136,LCK_20260417_Dplus_Kia_vs_T1_S3,2,2026-04-17 11:14:57+00:00,16.07,RED,T1,Lux,5,0,0,,0,,0,,1
LOLTMNT01_366902,LCK_20260417_Dplus_Kia_vs_T1_S3,3,2026-04-17 12:07:48+00:00,16.07,BLUE,T1,Gnar,1,41,27,0.6585365853658537,12,0.75,4,0.75,0
LOLTMNT01_366902,LCK_20260417_Dplus_Kia_vs_T1_S3,3,2026-04-17 12:07:48+00:00,16.07,BLUE,T1,Jarvan IV,2,56,29,0.5178571428571429,13,0.5384615384615384,4,0.5,0
LOLTMNT01_366902,LCK_20260417_Dplus_Kia_vs_T1_S3,3,2026-04-17 12:07:48+00:00,16.07,BLUE,T1,Aurora,3,35,13,0.37142857142857144,8,0.375,4,0.25,0
LOLTMNT01_366902,LCK_20260417_Dplus_Kia_vs_T1_S3,3,2026-04-17 12:07:48+00:00,16.07,BLUE,T1,Pyke,4,4,1,0.25,3,0.3333333333333333,0,,0
LOLTMNT01_366902,LCK_20260417_Dplus_Kia_vs_T1_S3,3,2026-04-17 12:07:48+00:00,16.07,BLUE,T1,Mel,5,8,2,0.25,5,0.4,0,,0
LOLTMNT01_366902,LCK_20260417_Dplus_Kia_vs_T1_S3,3,2026-04-17 12:07:48+00:00,16.07,RED,Dplus Kia,Annie,1,17,12,0.7058823529411765,11,0.6363636363636364,3,0.6666666666666666,1
LOLTMNT01_366902,LCK_20260417_Dplus_Kia_vs_T1_S3,3,2026-04-17 12:07:48+00:00,16.07,RED,Dplus Kia,Lee Sin,2,15,9,0.6,5,0.2,4,0.25,1
LOLTMNT01_366902,LCK_20260417_Dplus_Kia_vs_T1_S3,3,2026-04-17 12:07:48+00:00,16.07,RED,Dplus Kia,Vayne,3,3,1,0.3333333333333333,1,0.0,0,,1
LOLTMNT01_366902,LCK_20260417_Dplus_Kia_vs_T1_S3,3,2026-04-17 12:07:48+00:00,16.07,RED,Dplus Kia,Corki,4,36,18,0.5,4,0.75,5,0.2,1
LOLTMNT01_366902,LCK_20260417_Dplus_Kia_vs_T1_S3,3,2026-04-17 12:07:48+00:00,16.07,RED,Dplus Kia,Poppy,5,8,3,0.375,1,1.0,0,,1
LOLTMNT01_368128,LCK_20260418_Gen_G_vs_Hanwha_Life_Esports_S2,1,2026-04-18 08:07:24+00:00,16.07,BLUE,Gen.G,Bard,1,34,20,0.5882352941176471,10,0.6,5,1.0,0
LOLTMNT01_368128,LCK_20260418_Gen_G_vs_Hanwha_Life_Esports_S2,1,2026-04-18 08:07:24+00:00,16.07,BLUE,Gen.G,Xin Zhao,2,54,28,0.5185185185185185,12,0.75,7,0.7142857142857143,0
LOLTMNT01_368128,LCK_20260418_Gen_G_vs_Hanwha_Life_Esports_S2,1,2026-04-18 08:07:24+00:00,16.07,BLUE,Gen.G,Jayce,3,32,14,0.4375,12,0.3333333333333333,1,0.0,0
LOLTMNT01_368128,LCK_20260418_Gen_G_vs_Hanwha_Life_Esports_S2,1,2026-04-18 08:07:24+00:00,16.07,BLUE,Gen.G,Corki,4,37,19,0.5135135135135135,5,0.8,4,0.75,0
LOLTMNT01_368128,LCK_20260418_Gen_G_vs_Hanwha_Life_Esports_S2,1,2026-04-18 08:07:24+00:00,16.07,BLUE,Gen.G,Anivia,5,22,12,0.5454545454545454,7,0.7142857142857143,5,1.0,0
LOLTMNT01_368128,LCK_20260418_Gen_G_vs_Hanwha_Life_Esports_S2,1,2026-04-18 08:07:24+00:00,16.07,RED,Hanwha Life Esports,Jarvan IV,1,57,29,0.5087719298245614,14,0.5,5,0.4,1
LOLTMNT01_368128,LCK_20260418_Gen_G_vs_Hanwha_Life_Esports_S2,1,2026-04-18 08:07:24+00:00,16.07,RED,Hanwha Life Esports,Jhin,2,29,14,0.4827586206896552,6,0.5,4,0.25,1
LOLTMNT01_368128,LCK_20260418_Gen_G_vs_Hanwha_Life_Esports_S2,1,2026-04-18 08:07:24+00:00,16.07,RED,Hanwha Life Esports,Yorick,3,14,7,0.5,7,0.7142857142857143,1,1.0,1
LOLTMNT01_368128,LCK_20260418_Gen_G_vs_Hanwha_Life_Esports_S2,1,2026-04-18 08:07:24+00:00,16.07,RED,Hanwha Life Esports,Rell,4,16,6,0.375,3,0.0,1,0.0,1
LOLTMNT01_368128,LCK_20260418_Gen_G_vs_Hanwha_Life_Esports_S2,1,2026-04-18 08:07:24+00:00,16.07,RED,Hanwha Life Esports,Aurora,5,36,13,0.3611111111111111,9,0.3333333333333333,5,0.2,1
LOLTMNT01_368133,LCK_20260418_Gen_G_vs_Hanwha_Life_Esports_S2,2,2026-04-18 09:00:18+00:00,16.07,BLUE,Hanwha Life Esports,Rumble,1,21,12,0.5714285714285714,1,1.0,2,0.5,1
LOLTMNT01_368133,LCK_20260418_Gen_G_vs_Hanwha_Life_Esports_S2,2,2026-04-18 09:00:18+00:00,16.07,BLUE,Hanwha Life Esports,Vi,2,38,19,0.5,9,0.4444444444444444,4,0.75,1
LOLTMNT01_368133,LCK_20260418_Gen_G_vs_Hanwha_Life_Esports_S2,2,2026-04-18 09:00:18+00:00,16.07,BLUE,Hanwha Life Esports,Yone,3,10,5,0.5,1,1.0,1,1.0,1
LOLTMNT01_368133,LCK_20260418_Gen_G_vs_Hanwha_Life_Esports_S2,2,2026-04-18 09:00:18+00:00,16.07,BLUE,Hanwha Life Esports,Yunara,4,55,29,0.5272727272727272,12,0.5,2,0.0,1
LOLTMNT01_368133,LCK_20260418_Gen_G_vs_Hanwha_Life_Esports_S2,2,2026-04-18 09:00:18+00:00,16.07,BLUE,Hanwha Life Esports,Lulu,5,32,13,0.40625,10,0.3,2,0.0,1
LOLTMNT01_368133,LCK_20260418_Gen_G_vs_Hanwha_Life_Esports_S2,2,2026-04-18 09:00:18+00:00,16.07,RED,Gen.G,Pantheon,1,48,26,0.5416666666666666,11,0.36363636363636365,6,0.8333333333333334,0
LOLTMNT01_368133,LCK_20260418_Gen_G_vs_Hanwha_Life_Esports_S2,2,2026-04-18 09:00:18+00:00,16.07,RED,Gen.G,Seraphine,2,20,15,0.75,6,0.8333333333333334,5,0.6,0
LOLTMNT01_368133,LCK_20260418_Gen_G_vs_Hanwha_Life_Esports_S2,2,2026-04-18 09:00:18+00:00,16.07,RED,Gen.G,Ashe,3,21,14,0.6666666666666666,6,0.8333333333333334,4,0.75,0
LOLTMNT01_368133,LCK_20260418_Gen_G_vs_Hanwha_Life_Esports_S2,2,2026-04-18 09:00:18+00:00,16.07,RED,Gen.G,Ambessa,4,47,19,0.40425531914893614,10,0.2,5,0.8,0
LOLTMNT01_368133,LCK_20260418_Gen_G_vs_Hanwha_Life_Esports_S2,2,2026-04-18 09:00:18+00:00,16.07,RED,Gen.G,Akali,5,15,6,0.4,3,0.3333333333333333,0,,0
LOLTMNT01_368165,LCK_20260418_DN_SOOPers_vs_KT_Rolster_S3,1,2026-04-18 10:19:42+00:00,16.07,BLUE,DN SOOPers,Jarvan IV,1,58,30,0.5172413793103449,15,0.5333333333333333,6,0.16666666666666666,0
LOLTMNT01_368165,LCK_20260418_DN_SOOPers_vs_KT_Rolster_S3,1,2026-04-18 10:19:42+00:00,16.07,BLUE,DN SOOPers,Ashe,2,22,14,0.6363636363636364,7,0.7142857142857143,2,0.0,0
LOLTMNT01_368165,LCK_20260418_DN_SOOPers_vs_KT_Rolster_S3,1,2026-04-18 10:19:42+00:00,16.07,BLUE,DN SOOPers,Seraphine,3,21,15,0.7142857142857143,7,0.7142857142857143,0,,0
LOLTMNT01_368165,LCK_20260418_DN_SOOPers_vs_KT_Rolster_S3,1,2026-04-18 10:19:42+00:00,16.07,BLUE,DN SOOPers,Annie,4,18,13,0.7222222222222222,12,0.6666666666666666,0,,0
LOLTMNT01_368165,LCK_20260418_DN_SOOPers_vs_KT_Rolster_S3,1,2026-04-18 10:19:42+00:00,16.07,BLUE,DN SOOPers,Gnar,5,42,27,0.6428571428571429,13,0.6923076923076923,2,0.0,0
LOLTMNT01_368165,LCK_20260418_DN_SOOPers_vs_KT_Rolster_S3,1,2026-04-18 10:19:42+00:00,16.07,RED,KT Rolster,Karma,1,20,10,0.5,4,0.25,3,0.3333333333333333,1
LOLTMNT01_368165,LCK_20260418_DN_SOOPers_vs_KT_Rolster_S3,1,2026-04-18 10:19:42+00:00,16.07,RED,KT Rolster,Pantheon,2,49,26,0.5306122448979592,12,0.3333333333333333,2,1.0,1
LOLTMNT01_368165,LCK_20260418_DN_SOOPers_vs_KT_Rolster_S3,1,2026-04-18 10:19:42+00:00,16.07,RED,KT Rolster,Ezreal,3,46,19,0.41304347826086957,14,0.42857142857142855,4,0.25,1
LOLTMNT01_368165,LCK_20260418_DN_SOOPers_vs_KT_Rolster_S3,1,2026-04-18 10:19:42+00:00,16.07,RED,KT Rolster,Renekton,4,38,20,0.5263157894736842,6,0.8333333333333334,6,0.16666666666666666,1
LOLTMNT01_368165,LCK_20260418_DN_SOOPers_vs_KT_Rolster_S3,1,2026-04-18 10:19:42+00:00,16.07,RED,KT Rolster,Akali,5,16,6,0.375,4,0.25,3,0.6666666666666666,1
LOLTMNT01_367338,LCK_20260418_DN_SOOPers_vs_KT_Rolster_S3,2,2026-04-18 11:10:20+00:00,16.07,BLUE,KT Rolster,Ryze,1,55,29,0.5272727272727272,10,0.2,6,0.5,1
LOLTMNT01_367338,LCK_20260418_DN_SOOPers_vs_KT_Rolster_S3,2,2026-04-18 11:10:20+00:00,16.07,BLUE,KT Rolster,Nocturne,2,26,12,0.46153846153846156,7,0.42857142857142855,2,0.5,1
LOLTMNT01_367338,LCK_20260418_DN_SOOPers_vs_KT_Rolster_S3,2,2026-04-18 11:10:20+00:00,16.07,BLUE,KT Rolster,Bard,3,35,20,0.5714285714285714,11,0.5454545454545454,3,0.3333333333333333,1
LOLTMNT01_367338,LCK_20260418_DN_SOOPers_vs_KT_Rolster_S3,2,2026-04-18 11:10:20+00:00,16.07,BLUE,KT Rolster,Jhin,4,30,15,0.5,7,0.5714285714285714,0,,1
LOLTMNT01_367338,LCK_20260418_DN_SOOPers_vs_KT_Rolster_S3,2,2026-04-18 11:10:20+00:00,16.07,BLUE,KT Rolster,Zaahen,5,22,12,0.5454545454545454,4,0.0,2,1.0,1
LOLTMNT01_367338,LCK_20260418_DN_SOOPers_vs_KT_Rolster_S3,2,2026-04-18 11:10:20+00:00,16.07,RED,DN SOOPers,Orianna,1,37,21,0.5675675675675675,7,0.8571428571428571,5,0.6,0
LOLTMNT01_367338,LCK_20260418_DN_SOOPers_vs_KT_Rolster_S3,2,2026-04-18 11:10:20+00:00,16.07,RED,DN SOOPers,Yunara,2,56,30,0.5357142857142857,13,0.5384615384615384,6,0.3333333333333333,0
LOLTMNT01_367338,LCK_20260418_DN_SOOPers_vs_KT_Rolster_S3,2,2026-04-18 11:10:20+00:00,16.07,RED,DN SOOPers,Lulu,3,33,14,0.42424242424242425,11,0.36363636363636365,3,0.0,0
LOLTMNT01_367338,LCK_20260418_DN_SOOPers_vs_KT_Rolster_S3,2,2026-04-18 11:10:20+00:00,16.07,RED,DN SOOPers,Vi,4,39,20,0.5128205128205128,10,0.5,4,0.0,0
LOLTMNT01_367338,LCK_20260418_DN_SOOPers_vs_KT_Rolster_S3,2,2026-04-18 11:10:20+00:00,16.07,RED,DN SOOPers,K'Sante,5,36,17,0.4722222222222222,5,0.2,3,1.0,0
LOLTMNT01_368322,LCK_20260419_HANJIN_BRION_vs_Nongshim_RedForce_S1,1,2026-04-19 08:06:04+00:00,16.07,BLUE,HANJIN BRION,Neeko,1,41,24,0.5853658536585366,13,0.5384615384615384,5,0.2,1
LOLTMNT01_368322,LCK_20260419_HANJIN_BRION_vs_Nongshim_RedForce_S1,1,2026-04-19 08:06:04+00:00,16.07,BLUE,HANJIN BRION,Ezreal,2,47,20,0.425531914893617,15,0.4666666666666667,6,0.5,1
LOLTMNT01_368322,LCK_20260419_HANJIN_BRION_vs_Nongshim_RedForce_S1,1,2026-04-19 08:06:04+00:00,16.07,BLUE,HANJIN BRION,Nocturne,3,27,13,0.48148148148148145,8,0.5,3,0.0,1
LOLTMNT01_368322,LCK_20260419_HANJIN_BRION_vs_Nongshim_RedForce_S1,1,2026-04-19 08:06:04+00:00,16.07,BLUE,HANJIN BRION,Aurora,4,37,14,0.3783783783783784,10,0.4,3,0.6666666666666666,1
LOLTMNT01_368322,LCK_20260419_HANJIN_BRION_vs_Nongshim_RedForce_S1,1,2026-04-19 08:06:04+00:00,16.07,BLUE,HANJIN BRION,Sion,5,33,12,0.36363636363636365,5,1.0,3,0.3333333333333333,1
LOLTMNT01_368322,LCK_20260419_HANJIN_BRION_vs_Nongshim_RedForce_S1,1,2026-04-19 08:06:04+00:00,16.07,RED,Nongshim RedForce,Xin Zhao,1,55,28,0.509090909090909,13,0.6923076923076923,3,0.3333333333333333,0
LOLTMNT01_368322,LCK_20260419_HANJIN_BRION_vs_Nongshim_RedForce_S1,1,2026-04-19 08:06:04+00:00,16.07,RED,Nongshim RedForce,Yunara,2,57,30,0.5263157894736842,14,0.5,8,0.75,0
LOLTMNT01_368322,LCK_20260419_HANJIN_BRION_vs_Nongshim_RedForce_S1,1,2026-04-19 08:06:04+00:00,16.07,RED,Nongshim RedForce,Lulu,3,34,14,0.4117647058823529,12,0.3333333333333333,3,0.3333333333333333,0
LOLTMNT01_368322,LCK_20260419_HANJIN_BRION_vs_Nongshim_RedForce_S1,1,2026-04-19 08:06:04+00:00,16.07,RED,Nongshim RedForce,Jayce,4,33,14,0.42424242424242425,13,0.3076923076923077,5,0.4,0
LOLTMNT01_368322,LCK_20260419_HANJIN_BRION_vs_Nongshim_RedForce_S1,1,2026-04-19 08:06:04+00:00,16.07,RED,Nongshim RedForce,LeBlanc,5,5,2,0.4,1,0.0,1,1.0,0
LOLTMNT01_367468,LCK_20260419_HANJIN_BRION_vs_Nongshim_RedForce_S1,2,2026-04-19 09:06:05+00:00,16.07,BLUE,Nongshim RedForce,Caitlyn,1,16,7,0.4375,7,0.42857142857142855,2,0.0,1
LOLTMNT01_367468,LCK_20260419_HANJIN_BRION_vs_Nongshim_RedForce_S1,2,2026-04-19 09:06:05+00:00,16.07,BLUE,Nongshim RedForce,Bard,2,36,21,0.5833333333333334,12,0.5833333333333334,2,1.0,1
LOLTMNT01_367468,LCK_20260419_HANJIN_BRION_vs_Nongshim_RedForce_S1,2,2026-04-19 09:06:05+00:00,16.07,BLUE,Nongshim RedForce,Azir,3,48,20,0.4166666666666667,10,0.3,5,0.4,1
LOLTMNT01_367468,LCK_20260419_HANJIN_BRION_vs_Nongshim_RedForce_S1,2,2026-04-19 09:06:05+00:00,16.07,BLUE,Nongshim RedForce,Renekton,4,39,21,0.5384615384615384,7,0.8571428571428571,3,0.0,1
LOLTMNT01_367468,LCK_20260419_HANJIN_BRION_vs_Nongshim_RedForce_S1,2,2026-04-19 09:06:05+00:00,16.07,BLUE,Nongshim RedForce,Poppy,5,9,4,0.4444444444444444,2,1.0,0,,1
LOLTMNT01_367468,LCK_20260419_HANJIN_BRION_vs_Nongshim_RedForce_S1,2,2026-04-19 09:06:05+00:00,16.07,RED,HANJIN BRION,Karma,1,21,11,0.5238095238095238,5,0.4,2,0.5,0
LOLTMNT01_367468,LCK_20260419_HANJIN_BRION_vs_Nongshim_RedForce_S1,2,2026-04-19 09:06:05+00:00,16.07,RED,HANJIN BRION,Jhin,2,31,16,0.5161290322580645,8,0.625,3,0.0,0
LOLTMNT01_367468,LCK_20260419_HANJIN_BRION_vs_Nongshim_RedForce_S1,2,2026-04-19 09:06:05+00:00,16.07,RED,HANJIN BRION,Ryze,3,56,30,0.5357142857142857,11,0.2727272727272727,6,0.16666666666666666,0
LOLTMNT01_367468,LCK_20260419_HANJIN_BRION_vs_Nongshim_RedForce_S1,2,2026-04-19 09:06:05+00:00,16.07,RED,HANJIN BRION,Lee Sin,4,16,10,0.625,6,0.3333333333333333,1,0.0,0
LOLTMNT01_367468,LCK_20260419_HANJIN_BRION_vs_Nongshim_RedForce_S1,2,2026-04-19 09:06:05+00:00,16.07,RED,HANJIN BRION,K'Sante,5,37,17,0.4594594594594595,6,0.16666666666666666,3,0.3333333333333333,0
LOLTMNT01_368343,LCK_20260419_HANJIN_BRION_vs_Nongshim_RedForce_S1,3,2026-04-19 10:01:26+00:00,16.07,BLUE,HANJIN BRION,Ashe,1,23,14,0.6086956521739131,8,0.625,0,,0
LOLTMNT01_368343,LCK_20260419_HANJIN_BRION_vs_Nongshim_RedForce_S1,3,2026-04-19 10:01:26+00:00,16.07,BLUE,HANJIN BRION,Seraphine,2,22,15,0.6818181818181818,8,0.625,1,1.0,0
LOLTMNT01_368343,LCK_20260419_HANJIN_BRION_vs_Nongshim_RedForce_S1,3,2026-04-19 10:01:26+00:00,16.07,BLUE,HANJIN BRION,Gnar,3,43,27,0.627906976744186,14,0.6428571428571429,1,0.0,0
LOLTMNT01_368343,LCK_20260419_HANJIN_BRION_vs_Nongshim_RedForce_S1,3,2026-04-19 10:01:26+00:00,16.07,BLUE,HANJIN BRION,Taliyah,4,35,13,0.37142857142857144,0,,4,0.5,0
LOLTMNT01_368343,LCK_20260419_HANJIN_BRION_vs_Nongshim_RedForce_S1,3,2026-04-19 10:01:26+00:00,16.07,BLUE,HANJIN BRION,Naafiri,5,6,3,0.5,2,0.5,0,,0
LOLTMNT01_368343,LCK_20260419_HANJIN_BRION_vs_Nongshim_RedForce_S1,3,2026-04-19 10:01:26+00:00,16.07,RED,Nongshim RedForce,Vi,1,40,20,0.5,11,0.45454545454545453,3,0.3333333333333333,1
LOLTMNT01_368343,LCK_20260419_HANJIN_BRION_vs_Nongshim_RedForce_S1,3,2026-04-19 10:01:26+00:00,16.07,RED,Nongshim RedForce,Ambessa,2,48,19,0.3958333333333333,11,0.18181818181818182,4,0.5,1
LOLTMNT01_368343,LCK_20260419_HANJIN_BRION_vs_Nongshim_RedForce_S1,3,2026-04-19 10:01:26+00:00,16.07,RED,Nongshim RedForce,Ziggs,3,13,6,0.46153846153846156,3,0.6666666666666666,0,,1
LOLTMNT01_368343,LCK_20260419_HANJIN_BRION_vs_Nongshim_RedForce_S1,3,2026-04-19 10:01:26+00:00,16.07,RED,Nongshim RedForce,Yone,4,11,6,0.5454545454545454,2,1.0,1,0.0,1
LOLTMNT01_368343,LCK_20260419_HANJIN_BRION_vs_Nongshim_RedForce_S1,3,2026-04-19 10:01:26+00:00,16.07,RED,Nongshim RedForce,Leona,5,14,6,0.42857142857142855,0,,3,0.6666666666666666,1
LOLTMNT01_368366,LCK_20260419_Kiwoom_DRX_vs_T1_S2,1,2026-04-19 11:23:50+00:00,16.07,BLUE,T1,Rumble,1,22,13,0.5909090909090909,2,1.0,1,1.0,1
LOLTMNT01_368366,LCK_20260419_Kiwoom_DRX_vs_T1_S2,1,2026-04-19 11:23:50+00:00,16.07,BLUE,T1,Xin Zhao,2,56,28,0.5,14,0.6428571428571429,6,0.6666666666666666,1
LOLTMNT01_368366,LCK_20260419_Kiwoom_DRX_vs_T1_S2,1,2026-04-19 11:23:50+00:00,16.07,BLUE,T1,Twisted Fate,3,7,4,0.5714285714285714,1,0.0,1,0.0,1
LOLTMNT01_368366,LCK_20260419_Kiwoom_DRX_vs_T1_S2,1,2026-04-19 11:23:50+00:00,16.07,BLUE,T1,Jhin,4,32,16,0.5,9,0.5555555555555556,2,0.5,1
LOLTMNT01_368366,LCK_20260419_Kiwoom_DRX_vs_T1_S2,1,2026-04-19 11:23:50+00:00,16.07,BLUE,T1,Camille,5,0,0,,0,,0,,1
LOLTMNT01_368366,LCK_20260419_Kiwoom_DRX_vs_T1_S2,1,2026-04-19 11:23:50+00:00,16.07,RED,Kiwoom DRX,Ezreal,1,48,21,0.4375,16,0.5,4,0.25,0
LOLTMNT01_368366,LCK_20260419_Kiwoom_DRX_vs_T1_S2,1,2026-04-19 11:23:50+00:00,16.07,RED,Kiwoom DRX,Ryze,2,57,30,0.5263157894736842,12,0.25,4,0.5,0
LOLTMNT01_368366,LCK_20260419_Kiwoom_DRX_vs_T1_S2,1,2026-04-19 11:23:50+00:00,16.07,RED,Kiwoom DRX,Anivia,3,23,12,0.5217391304347826,8,0.625,2,0.0,0
LOLTMNT01_368366,LCK_20260419_Kiwoom_DRX_vs_T1_S2,1,2026-04-19 11:23:50+00:00,16.07,RED,Kiwoom DRX,Jarvan IV,4,59,30,0.5084745762711864,16,0.5,5,0.4,0
LOLTMNT01_368366,LCK_20260419_Kiwoom_DRX_vs_T1_S2,1,2026-04-19 11:23:50+00:00,16.07,RED,Kiwoom DRX,K'Sante,5,38,17,0.4473684210526316,7,0.14285714285714285,5,0.8,0
LOLTMNT01_368375,LCK_20260419_Kiwoom_DRX_vs_T1_S2,2,2026-04-19 12:15:21+00:00,16.07,BLUE,T1,Azir,1,49,21,0.42857142857142855,11,0.36363636363636365,7,0.8571428571428571,1
LOLTMNT01_368375,LCK_20260419_Kiwoom_DRX_vs_T1_S2,2,2026-04-19 12:15:21+00:00,16.07,BLUE,T1,Pantheon,2,50,27,0.54,13,0.38461538461538464,5,0.4,1
LOLTMNT01_368375,LCK_20260419_Kiwoom_DRX_vs_T1_S2,2,2026-04-19 12:15:21+00:00,16.07,BLUE,T1,Vayne,3,4,2,0.5,2,0.5,0,,1
LOLTMNT01_368375,LCK_20260419_Kiwoom_DRX_vs_T1_S2,2,2026-04-19 12:15:21+00:00,16.07,BLUE,T1,Ashe,4,24,14,0.5833333333333334,9,0.5555555555555556,0,,1
LOLTMNT01_368375,LCK_20260419_Kiwoom_DRX_vs_T1_S2,2,2026-04-19 12:15:21+00:00,16.07,BLUE,T1,Seraphine,5,23,15,0.6521739130434783,9,0.5555555555555556,0,,1
LOLTMNT01_368375,LCK_20260419_Kiwoom_DRX_vs_T1_S2,2,2026-04-19 12:15:21+00:00,16.07,RED,Kiwoom DRX,Orianna,1,38,21,0.5526315789473685,8,0.75,8,0.625,0
LOLTMNT01_368375,LCK_20260419_Kiwoom_DRX_vs_T1_S2,2,2026-04-19 12:15:21+00:00,16.07,RED,Kiwoom DRX,Renekton,2,40,22,0.55,8,0.875,4,1.0,0
LOLTMNT01_368375,LCK_20260419_Kiwoom_DRX_vs_T1_S2,2,2026-04-19 12:15:21+00:00,16.07,RED,Kiwoom DRX,Vi,3,41,21,0.5121951219512195,12,0.5,6,0.5,0
LOLTMNT01_368375,LCK_20260419_Kiwoom_DRX_vs_T1_S2,2,2026-04-19 12:15:21+00:00,16.07,RED,Kiwoom DRX,Yunara,4,58,30,0.5172413793103449,15,0.4666666666666667,11,0.36363636363636365,0
LOLTMNT01_368375,LCK_20260419_Kiwoom_DRX_vs_T1_S2,2,2026-04-19 12:15:21+00:00,16.07,RED,Kiwoom DRX,Lulu,5,35,14,0.4,13,0.3076923076923077,1,0.0,0
LOLTMNT02_384269,LCK_20260422_KT_Rolster_vs_Kiwoom_DRX_S1,1,2026-04-22 08:04:37+00:00,16.08,BLUE,Kiwoom DRX,Ezreal,1,49,21,0.42857142857142855,0,,5,0.2,0
LOLTMNT02_384269,LCK_20260422_KT_Rolster_vs_Kiwoom_DRX_S1,1,2026-04-22 08:04:37+00:00,16.08,BLUE,Kiwoom DRX,Xin Zhao,2,57,29,0.5087719298245614,0,,10,0.4,0
LOLTMNT02_384269,LCK_20260422_KT_Rolster_vs_Kiwoom_DRX_S1,1,2026-04-22 08:04:37+00:00,16.08,BLUE,Kiwoom DRX,Sion,3,34,13,0.38235294117647056,0,,3,0.0,0
LOLTMNT02_384269,LCK_20260422_KT_Rolster_vs_Kiwoom_DRX_S1,1,2026-04-22 08:04:37+00:00,16.08,BLUE,Kiwoom DRX,Neeko,4,42,25,0.5952380952380952,0,,6,0.5,0
LOLTMNT02_384269,LCK_20260422_KT_Rolster_vs_Kiwoom_DRX_S1,1,2026-04-22 08:04:37+00:00,16.08,BLUE,Kiwoom DRX,Aurora,5,38,15,0.39473684210526316,0,,7,0.2857142857142857,0
LOLTMNT02_384269,LCK_20260422_KT_Rolster_vs_Kiwoom_DRX_S1,1,2026-04-22 08:04:37+00:00,16.08,RED,KT Rolster,Pantheon,1,51,28,0.5490196078431373,0,,3,1.0,1
LOLTMNT02_384269,LCK_20260422_KT_Rolster_vs_Kiwoom_DRX_S1,1,2026-04-22 08:04:37+00:00,16.08,RED,KT Rolster,Jayce,2,34,14,0.4117647058823529,0,,4,0.75,1
LOLTMNT02_384269,LCK_20260422_KT_Rolster_vs_Kiwoom_DRX_S1,1,2026-04-22 08:04:37+00:00,16.08,RED,KT Rolster,Annie,3,19,13,0.6842105263157895,0,,1,1.0,1
LOLTMNT02_384269,LCK_20260422_KT_Rolster_vs_Kiwoom_DRX_S1,1,2026-04-22 08:04:37+00:00,16.08,RED,KT Rolster,Sivir,4,21,12,0.5714285714285714,0,,1,0.0,1
LOLTMNT02_384269,LCK_20260422_KT_Rolster_vs_Kiwoom_DRX_S1,1,2026-04-22 08:04:37+00:00,16.08,RED,KT Rolster,Yuumi,5,3,1,0.3333333333333333,0,,0,,1
LOLTMNT02_383295,LCK_20260422_KT_Rolster_vs_Kiwoom_DRX_S1,2,2026-04-22 09:04:09+00:00,16.08,BLUE,Kiwoom DRX,Nocturne,1,28,14,0.5,0,,2,0.5,0
LOLTMNT02_383295,LCK_20260422_KT_Rolster_vs_Kiwoom_DRX_S1,2,2026-04-22 09:04:09+00:00,16.08,BLUE,Kiwoom DRX,Nautilus,2,29,13,0.4482758620689655,0,,7,0.5714285714285714,0
LOLTMNT02_383295,LCK_20260422_KT_Rolster_vs_Kiwoom_DRX_S1,2,2026-04-22 09:04:09+00:00,16.08,BLUE,Kiwoom DRX,Azir,3,50,22,0.44,0,,6,0.16666666666666666,0
LOLTMNT02_383295,LCK_20260422_KT_Rolster_vs_Kiwoom_DRX_S1,2,2026-04-22 09:04:09+00:00,16.08,BLUE,Kiwoom DRX,Gnar,4,44,27,0.6136363636363636,0,,9,0.6666666666666666,0
LOLTMNT02_383295,LCK_20260422_KT_Rolster_vs_Kiwoom_DRX_S1,2,2026-04-22 09:04:09+00:00,16.08,BLUE,Kiwoom DRX,Corki,5,38,19,0.5,0,,7,0.7142857142857143,0
LOLTMNT02_383295,LCK_20260422_KT_Rolster_vs_Kiwoom_DRX_S1,2,2026-04-22 09:04:09+00:00,16.08,RED,KT Rolster,Orianna,1,39,21,0.5384615384615384,0,,0,,1
LOLTMNT02_383295,LCK_20260422_KT_Rolster_vs_Kiwoom_DRX_S1,2,2026-04-22 09:04:09+00:00,16.08,RED,KT Rolster,Ashe,2,25,15,0.6,0,,3,1.0,1
LOLTMNT02_383295,LCK_20260422_KT_Rolster_vs_Kiwoom_DRX_S1,2,2026-04-22 09:04:09+00:00,16.08,RED,KT Rolster,Seraphine,3,24,16,0.6666666666666666,0,,3,1.0,1
LOLTMNT02_383295,LCK_20260422_KT_Rolster_vs_Kiwoom_DRX_S1,2,2026-04-22 09:04:09+00:00,16.08,RED,KT Rolster,Trundle,4,9,7,0.7777777777777778,0,,1,1.0,1
LOLTMNT02_383295,LCK_20260422_KT_Rolster_vs_Kiwoom_DRX_S1,2,2026-04-22 09:04:09+00:00,16.08,RED,KT Rolster,Vayne,5,5,3,0.6,0,,2,0.5,1
LOLTMNT02_383315,LCK_20260422_Hanwha_Life_Esports_vs_Nongshim_RedForce_S2,1,2026-04-22 10:16:00+00:00,16.08,BLUE,Hanwha Life Esports,Jarvan IV,1,60,30,0.5,0,,6,0.5,1
LOLTMNT02_383315,LCK_20260422_Hanwha_Life_Esports_vs_Nongshim_RedForce_S2,1,2026-04-22 10:16:00+00:00,16.08,BLUE,Hanwha Life Esports,Nautilus,2,30,13,0.43333333333333335,1,0.0,3,0.3333333333333333,1
LOLTMNT02_383315,LCK_20260422_Hanwha_Life_Esports_vs_Nongshim_RedForce_S2,1,2026-04-22 10:16:00+00:00,16.08,BLUE,Hanwha Life Esports,Aurora,3,39,15,0.38461538461538464,1,0.0,6,0.3333333333333333,1
LOLTMNT02_383315,LCK_20260422_Hanwha_Life_Esports_vs_Nongshim_RedForce_S2,1,2026-04-22 10:16:00+00:00,16.08,BLUE,Hanwha Life Esports,Miss Fortune,4,7,2,0.2857142857142857,0,,1,0.0,1
LOLTMNT02_383315,LCK_20260422_Hanwha_Life_Esports_vs_Nongshim_RedForce_S2,1,2026-04-22 10:16:00+00:00,16.08,BLUE,Hanwha Life Esports,Jayce,5,35,15,0.42857142857142855,1,1.0,2,1.0,1
LOLTMNT02_383315,LCK_20260422_Hanwha_Life_Esports_vs_Nongshim_RedForce_S2,1,2026-04-22 10:16:00+00:00,16.08,RED,Nongshim RedForce,Karma,1,22,11,0.5,0,,2,0.0,0
LOLTMNT02_383315,LCK_20260422_Hanwha_Life_Esports_vs_Nongshim_RedForce_S2,1,2026-04-22 10:16:00+00:00,16.08,RED,Nongshim RedForce,Caitlyn,2,17,8,0.47058823529411764,0,,3,0.3333333333333333,0
LOLTMNT02_383315,LCK_20260422_Hanwha_Life_Esports_vs_Nongshim_RedForce_S2,1,2026-04-22 10:16:00+00:00,16.08,RED,Nongshim RedForce,Ryze,3,58,30,0.5172413793103449,0,,4,0.75,0
LOLTMNT02_383315,LCK_20260422_Hanwha_Life_Esports_vs_Nongshim_RedForce_S2,1,2026-04-22 10:16:00+00:00,16.08,RED,Nongshim RedForce,Pantheon,4,52,29,0.5576923076923077,1,1.0,5,0.6,0
LOLTMNT02_383315,LCK_20260422_Hanwha_Life_Esports_vs_Nongshim_RedForce_S2,1,2026-04-22 10:16:00+00:00,16.08,RED,Nongshim RedForce,Yorick,5,15,8,0.5333333333333333,0,,0,,0
LOLTMNT02_384348,LCK_20260422_Hanwha_Life_Esports_vs_Nongshim_RedForce_S2,2,2026-04-22 11:06:38+00:00,16.08,BLUE,Hanwha Life Esports,Xin Zhao,1,58,29,0.5,1,0.0,6,0.6666666666666666,0
LOLTMNT02_384348,LCK_20260422_Hanwha_Life_Esports_vs_Nongshim_RedForce_S2,2,2026-04-22 11:06:38+00:00,16.08,BLUE,Hanwha Life Esports,Bard,2,37,22,0.5945945945945946,0,,4,0.5,0
LOLTMNT02_384348,LCK_20260422_Hanwha_Life_Esports_vs_Nongshim_RedForce_S2,2,2026-04-22 11:06:38+00:00,16.08,BLUE,Hanwha Life Esports,Ziggs,3,14,7,0.5,0,,4,0.75,0
LOLTMNT02_384348,LCK_20260422_Hanwha_Life_Esports_vs_Nongshim_RedForce_S2,2,2026-04-22 11:06:38+00:00,16.08,BLUE,Hanwha Life Esports,Sivir,4,22,13,0.5909090909090909,1,1.0,2,0.5,0
LOLTMNT02_384348,LCK_20260422_Hanwha_Life_Esports_vs_Nongshim_RedForce_S2,2,2026-04-22 11:06:38+00:00,16.08,BLUE,Hanwha Life Esports,Anivia,5,24,12,0.5,0,,2,0.5,0
LOLTMNT02_384348,LCK_20260422_Hanwha_Life_Esports_vs_Nongshim_RedForce_S2,2,2026-04-22 11:06:38+00:00,16.08,RED,Nongshim RedForce,Azir,1,51,22,0.43137254901960786,1,0.0,6,0.5,1
LOLTMNT02_384348,LCK_20260422_Hanwha_Life_Esports_vs_Nongshim_RedForce_S2,2,2026-04-22 11:06:38+00:00,16.08,RED,Nongshim RedForce,Poppy,2,10,5,0.5,0,,1,1.0,1
LOLTMNT02_384348,LCK_20260422_Hanwha_Life_Esports_vs_Nongshim_RedForce_S2,2,2026-04-22 11:06:38+00:00,16.08,RED,Nongshim RedForce,Gnar,3,45,27,0.6,1,0.0,4,0.75,1
LOLTMNT02_384348,LCK_20260422_Hanwha_Life_Esports_vs_Nongshim_RedForce_S2,2,2026-04-22 11:06:38+00:00,16.08,RED,Nongshim RedForce,Corki,4,39,19,0.48717948717948717,1,0.0,2,0.5,1
LOLTMNT02_384348,LCK_20260422_Hanwha_Life_Esports_vs_Nongshim_RedForce_S2,2,2026-04-22 11:06:38+00:00,16.08,RED,Nongshim RedForce,Nami,5,19,9,0.47368421052631576,0,,1,0.0,1
LOLTMNT02_384385,LCK_20260422_Hanwha_Life_Esports_vs_Nongshim_RedForce_S2,3,2026-04-22 12:05:40+00:00,16.08,BLUE,Nongshim RedForce,Yunara,1,59,30,0.5084745762711864,0,,9,0.6666666666666666,0
LOLTMNT02_384385,LCK_20260422_Hanwha_Life_Esports_vs_Nongshim_RedForce_S2,3,2026-04-22 12:05:40+00:00,16.08,BLUE,Nongshim RedForce,Wukong,2,35,16,0.45714285714285713,0,,2,0.0,0
LOLTMNT02_384385,LCK_20260422_Hanwha_Life_Esports_vs_Nongshim_RedForce_S2,3,2026-04-22 12:05:40+00:00,16.08,BLUE,Nongshim RedForce,Neeko,3,43,25,0.5813953488372093,1,0.0,3,0.6666666666666666,0
LOLTMNT02_384385,LCK_20260422_Hanwha_Life_Esports_vs_Nongshim_RedForce_S2,3,2026-04-22 12:05:40+00:00,16.08,BLUE,Nongshim RedForce,Ambessa,4,49,20,0.40816326530612246,0,,5,0.6,0
LOLTMNT02_384385,LCK_20260422_Hanwha_Life_Esports_vs_Nongshim_RedForce_S2,3,2026-04-22 12:05:40+00:00,16.08,BLUE,Nongshim RedForce,Akali,5,17,7,0.4117647058823529,0,,2,0.0,0
LOLTMNT02_384385,LCK_20260422_Hanwha_Life_Esports_vs_Nongshim_RedForce_S2,3,2026-04-22 12:05:40+00:00,16.08,RED,Hanwha Life Esports,Lulu,1,36,14,0.3888888888888889,0,,3,0.3333333333333333,1
LOLTMNT02_384385,LCK_20260422_Hanwha_Life_Esports_vs_Nongshim_RedForce_S2,3,2026-04-22 12:05:40+00:00,16.08,RED,Hanwha Life Esports,Nocturne,2,29,14,0.4827586206896552,1,0.0,0,,1
LOLTMNT02_384385,LCK_20260422_Hanwha_Life_Esports_vs_Nongshim_RedForce_S2,3,2026-04-22 12:05:40+00:00,16.08,RED,Hanwha Life Esports,Xayah,3,9,6,0.6666666666666666,0,,1,1.0,1
LOLTMNT02_384385,LCK_20260422_Hanwha_Life_Esports_vs_Nongshim_RedForce_S2,3,2026-04-22 12:05:40+00:00,16.08,RED,Hanwha Life Esports,Ahri,4,21,14,0.6666666666666666,0,,1,1.0,1
LOLTMNT02_384385,LCK_20260422_Hanwha_Life_Esports_vs_Nongshim_RedForce_S2,3,2026-04-22 12:05:40+00:00,16.08,RED,Hanwha Life Esports,Rek'Sai,5,16,8,0.5,0,,1,0.0,1
LOLTMNT05_186248,LCK_20260423_Dplus_Kia_vs_HANJIN_BRION_S2,1,2026-04-23 08:05:27+00:00,16.08,BLUE,HANJIN BRION,Pantheon,1,53,29,0.5471698113207547,2,0.5,7,0.2857142857142857,0
LOLTMNT05_186248,LCK_20260423_Dplus_Kia_vs_HANJIN_BRION_S2,1,2026-04-23 08:05:27+00:00,16.08,BLUE,HANJIN BRION,Ezreal,2,50,21,0.42,1,0.0,7,0.5714285714285714,0
LOLTMNT05_186248,LCK_20260423_Dplus_Kia_vs_HANJIN_BRION_S2,1,2026-04-23 08:05:27+00:00,16.08,BLUE,HANJIN BRION,Neeko,3,44,25,0.5681818181818182,2,0.0,6,0.3333333333333333,0
LOLTMNT05_186248,LCK_20260423_Dplus_Kia_vs_HANJIN_BRION_S2,1,2026-04-23 08:05:27+00:00,16.08,BLUE,HANJIN BRION,Anivia,4,25,12,0.48,1,0.0,1,1.0,0
LOLTMNT05_186248,LCK_20260423_Dplus_Kia_vs_HANJIN_BRION_S2,1,2026-04-23 08:05:27+00:00,16.08,BLUE,HANJIN BRION,Aurora,5,40,16,0.4,2,0.5,4,0.75,0
LOLTMNT05_186248,LCK_20260423_Dplus_Kia_vs_HANJIN_BRION_S2,1,2026-04-23 08:05:27+00:00,16.08,RED,Dplus Kia,Varus,1,28,14,0.5,0,,4,0.25,1
LOLTMNT05_186248,LCK_20260423_Dplus_Kia_vs_HANJIN_BRION_S2,1,2026-04-23 08:05:27+00:00,16.08,RED,Dplus Kia,Lee Sin,2,17,10,0.5882352941176471,0,,5,0.4,1
LOLTMNT05_186248,LCK_20260423_Dplus_Kia_vs_HANJIN_BRION_S2,1,2026-04-23 08:05:27+00:00,16.08,RED,Dplus Kia,Annie,3,20,14,0.7,1,1.0,4,0.75,1
LOLTMNT05_186248,LCK_20260423_Dplus_Kia_vs_HANJIN_BRION_S2,1,2026-04-23 08:05:27+00:00,16.08,RED,Dplus Kia,Jhin,4,33,17,0.5151515151515151,0,,4,0.5,1
LOLTMNT05_186248,LCK_20260423_Dplus_Kia_vs_HANJIN_BRION_S2,1,2026-04-23 08:05:27+00:00,16.08,RED,Dplus Kia,Bard,5,38,22,0.5789473684210527,1,0.0,5,0.6,1
LOLTMNT05_186249,LCK_20260423_Dplus_Kia_vs_HANJIN_BRION_S2,2,2026-04-23 09:03:37+00:00,16.08,BLUE,Dplus Kia,Jayce,1,36,16,0.4444444444444444,2,1.0,4,0.0,1
LOLTMNT05_186249,LCK_20260423_Dplus_Kia_vs_HANJIN_BRION_S2,2,2026-04-23 09:03:37+00:00,16.08,BLUE,Dplus Kia,Jarvan IV,2,61,31,0.5081967213114754,1,1.0,10,0.7,1
LOLTMNT05_186249,LCK_20260423_Dplus_Kia_vs_HANJIN_BRION_S2,2,2026-04-23 09:03:37+00:00,16.08,BLUE,Dplus Kia,Ahri,3,22,15,0.6818181818181818,1,1.0,4,0.75,1
LOLTMNT05_186249,LCK_20260423_Dplus_Kia_vs_HANJIN_BRION_S2,2,2026-04-23 09:03:37+00:00,16.08,BLUE,Dplus Kia,Aphelios,4,21,11,0.5238095238095238,0,,3,0.3333333333333333,1
LOLTMNT05_186249,LCK_20260423_Dplus_Kia_vs_HANJIN_BRION_S2,2,2026-04-23 09:03:37+00:00,16.08,BLUE,Dplus Kia,Thresh,5,11,6,0.5454545454545454,0,,3,0.3333333333333333,1
LOLTMNT05_186249,LCK_20260423_Dplus_Kia_vs_HANJIN_BRION_S2,2,2026-04-23 09:03:37+00:00,16.08,RED,HANJIN BRION,Rumble,1,23,14,0.6086956521739131,0,,1,0.0,0
LOLTMNT05_186249,LCK_20260423_Dplus_Kia_vs_HANJIN_BRION_S2,2,2026-04-23 09:03:37+00:00,16.08,RED,HANJIN BRION,Yunara,2,60,30,0.5,1,0.0,2,0.0,0
LOLTMNT05_186249,LCK_20260423_Dplus_Kia_vs_HANJIN_BRION_S2,2,2026-04-23 09:03:37+00:00,16.08,RED,HANJIN BRION,Lulu,3,37,15,0.40540540540540543,1,1.0,3,0.0,0
LOLTMNT05_186249,LCK_20260423_Dplus_Kia_vs_HANJIN_BRION_S2,2,2026-04-23 09:03:37+00:00,16.08,RED,HANJIN BRION,Sejuani,4,5,0,0.0,0,,1,0.0,0
LOLTMNT05_186249,LCK_20260423_Dplus_Kia_vs_HANJIN_BRION_S2,2,2026-04-23 09:03:37+00:00,16.08,RED,HANJIN BRION,Yone,5,12,7,0.5833333333333334,0,,0,,0
LOLTMNT05_186273,LCK_20260423_DN_SOOPers_vs_Gen_G_S1,1,2026-04-23 10:15:14+00:00,16.08,BLUE,DN SOOPers,Seraphine,1,25,17,0.68,1,1.0,1,0.0,0
LOLTMNT05_186273,LCK_20260423_DN_SOOPers_vs_Gen_G_S1,1,2026-04-23 10:15:14+00:00,16.08,BLUE,DN SOOPers,Xin Zhao,2,59,29,0.4915254237288136,2,0.0,1,0.0,0
LOLTMNT05_186273,LCK_20260423_DN_SOOPers_vs_Gen_G_S1,1,2026-04-23 10:15:14+00:00,16.08,BLUE,DN SOOPers,Ashe,3,26,16,0.6153846153846154,1,1.0,3,0.0,0
LOLTMNT05_186273,LCK_20260423_DN_SOOPers_vs_Gen_G_S1,1,2026-04-23 10:15:14+00:00,16.08,BLUE,DN SOOPers,Aurora,4,41,16,0.3902439024390244,3,0.3333333333333333,2,0.0,0
LOLTMNT05_186273,LCK_20260423_DN_SOOPers_vs_Gen_G_S1,1,2026-04-23 10:15:14+00:00,16.08,BLUE,DN SOOPers,Renekton,5,41,22,0.5365853658536586,0,,2,1.0,0
LOLTMNT05_186273,LCK_20260423_DN_SOOPers_vs_Gen_G_S1,1,2026-04-23 10:15:14+00:00,16.08,RED,Gen.G,Jarvan IV,1,62,32,0.5161290322580645,2,1.0,2,1.0,1
LOLTMNT05_186273,LCK_20260423_DN_SOOPers_vs_Gen_G_S1,1,2026-04-23 10:15:14+00:00,16.08,RED,Gen.G,Azir,2,52,23,0.4423076923076923,2,0.5,5,1.0,1
LOLTMNT05_186273,LCK_20260423_DN_SOOPers_vs_Gen_G_S1,1,2026-04-23 10:15:14+00:00,16.08,RED,Gen.G,Nautilus,3,31,14,0.45161290322580644,2,0.5,1,1.0,1
LOLTMNT05_186273,LCK_20260423_DN_SOOPers_vs_Gen_G_S1,1,2026-04-23 10:15:14+00:00,16.08,RED,Gen.G,Ziggs,4,15,7,0.4666666666666667,1,0.0,0,,1
LOLTMNT05_186273,LCK_20260423_DN_SOOPers_vs_Gen_G_S1,1,2026-04-23 10:15:14+00:00,16.08,RED,Gen.G,Gnar,5,46,28,0.6086956521739131,2,0.5,3,0.6666666666666666,1
LOLTMNT05_186277,LCK_20260423_DN_SOOPers_vs_Gen_G_S1,2,2026-04-23 11:13:51+00:00,16.08,BLUE,Gen.G,Yunara,1,61,30,0.4918032786885246,2,0.0,8,0.75,1
LOLTMNT05_186277,LCK_20260423_DN_SOOPers_vs_Gen_G_S1,2,2026-04-23 11:13:51+00:00,16.08,BLUE,Gen.G,Lulu,2,38,15,0.39473684210526316,2,0.5,1,0.0,1
LOLTMNT05_186277,LCK_20260423_DN_SOOPers_vs_Gen_G_S1,2,2026-04-23 11:13:51+00:00,16.08,BLUE,Gen.G,Maokai,3,3,3,1.0,0,,0,,1
LOLTMNT05_186277,LCK_20260423_DN_SOOPers_vs_Gen_G_S1,2,2026-04-23 11:13:51+00:00,16.08,BLUE,Gen.G,Akali,4,18,7,0.3888888888888889,1,0.0,1,0.0,1
LOLTMNT05_186277,LCK_20260423_DN_SOOPers_vs_Gen_G_S1,2,2026-04-23 11:13:51+00:00,16.08,BLUE,Gen.G,Naafiri,5,7,3,0.42857142857142855,0,,0,,1
LOLTMNT05_186277,LCK_20260423_DN_SOOPers_vs_Gen_G_S1,2,2026-04-23 11:13:51+00:00,16.08,RED,DN SOOPers,Varus,1,29,15,0.5172413793103449,1,1.0,3,0.6666666666666666,0
LOLTMNT05_186277,LCK_20260423_DN_SOOPers_vs_Gen_G_S1,2,2026-04-23 11:13:51+00:00,16.08,RED,DN SOOPers,Wukong,2,36,16,0.4444444444444444,1,0.0,8,0.625,0
LOLTMNT05_186277,LCK_20260423_DN_SOOPers_vs_Gen_G_S1,2,2026-04-23 11:13:51+00:00,16.08,RED,DN SOOPers,Annie,3,21,15,0.7142857142857143,2,1.0,1,0.0,0
LOLTMNT05_186277,LCK_20260423_DN_SOOPers_vs_Gen_G_S1,2,2026-04-23 11:13:51+00:00,16.08,RED,DN SOOPers,Lucian,4,23,11,0.4782608695652174,0,,0,,0
LOLTMNT05_186277,LCK_20260423_DN_SOOPers_vs_Gen_G_S1,2,2026-04-23 11:13:51+00:00,16.08,RED,DN SOOPers,Milio,5,6,3,0.5,0,,0,,0
LOLTMNT05_185400,LCK_20260424_BNK_FEARX_vs_KT_Rolster_S1,1,2026-04-24 08:07:08+00:00,16.08,BLUE,BNK FEARX,Caitlyn,1,18,8,0.4444444444444444,1,0.0,0,,0
LOLTMNT05_185400,LCK_20260424_BNK_FEARX_vs_KT_Rolster_S1,1,2026-04-24 08:07:08+00:00,16.08,BLUE,BNK FEARX,Xin Zhao,2,60,29,0.48333333333333334,3,0.0,8,0.375,0
LOLTMNT05_185400,LCK_20260424_BNK_FEARX_vs_KT_Rolster_S1,1,2026-04-24 08:07:08+00:00,16.08,BLUE,BNK FEARX,Bard,3,39,23,0.5897435897435898,2,0.5,3,0.3333333333333333,0
LOLTMNT05_185400,LCK_20260424_BNK_FEARX_vs_KT_Rolster_S1,1,2026-04-24 08:07:08+00:00,16.08,BLUE,BNK FEARX,Renekton,4,42,22,0.5238095238095238,1,0.0,9,0.7777777777777778,0
LOLTMNT05_185400,LCK_20260424_BNK_FEARX_vs_KT_Rolster_S1,1,2026-04-24 08:07:08+00:00,16.08,BLUE,BNK FEARX,Anivia,5,26,12,0.46153846153846156,2,0.0,0,,0
LOLTMNT05_185400,LCK_20260424_BNK_FEARX_vs_KT_Rolster_S1,1,2026-04-24 08:07:08+00:00,16.08,RED,KT Rolster,Karma,1,23,11,0.4782608695652174,1,0.0,4,0.5,1
LOLTMNT05_185400,LCK_20260424_BNK_FEARX_vs_KT_Rolster_S1,1,2026-04-24 08:07:08+00:00,16.08,RED,KT Rolster,Trundle,2,10,8,0.8,1,1.0,2,1.0,1
LOLTMNT05_185400,LCK_20260424_BNK_FEARX_vs_KT_Rolster_S1,1,2026-04-24 08:07:08+00:00,16.08,RED,KT Rolster,Jhin,3,34,18,0.5294117647058824,1,1.0,1,1.0,1
LOLTMNT05_185400,LCK_20260424_BNK_FEARX_vs_KT_Rolster_S1,1,2026-04-24 08:07:08+00:00,16.08,RED,KT Rolster,Ryze,4,59,30,0.5084745762711864,1,0.0,7,0.5714285714285714,1
LOLTMNT05_185400,LCK_20260424_BNK_FEARX_vs_KT_Rolster_S1,1,2026-04-24 08:07:08+00:00,16.08,RED,KT Rolster,K'Sante,5,39,17,0.4358974358974359,0,,3,0.0,1
LOLTMNT05_185401,LCK_20260424_BNK_FEARX_vs_KT_Rolster_S1,2,2026-04-24 09:15:07+00:00,16.08,BLUE,BNK FEARX,Ezreal,1,51,21,0.4117647058823529,2,0.0,10,0.4,0
LOLTMNT05_185401,LCK_20260424_BNK_FEARX_vs_KT_Rolster_S1,2,2026-04-24 09:15:07+00:00,16.08,BLUE,BNK FEARX,Neeko,2,45,25,0.5555555555555556,3,0.0,6,0.6666666666666666,0
LOLTMNT05_185401,LCK_20260424_BNK_FEARX_vs_KT_Rolster_S1,2,2026-04-24 09:15:07+00:00,16.08,BLUE,BNK FEARX,Sion,3,35,13,0.37142857142857144,1,0.0,4,0.5,0
LOLTMNT05_185401,LCK_20260424_BNK_FEARX_vs_KT_Rolster_S1,2,2026-04-24 09:15:07+00:00,16.08,BLUE,BNK FEARX,Hwei,4,2,2,1.0,0,,1,1.0,0
LOLTMNT05_185401,LCK_20260424_BNK_FEARX_vs_KT_Rolster_S1,2,2026-04-24 09:15:07+00:00,16.08,BLUE,BNK FEARX,Lee Sin,5,18,11,0.6111111111111112,1,1.0,2,0.5,0
LOLTMNT05_185401,LCK_20260424_BNK_FEARX_vs_KT_Rolster_S1,2,2026-04-24 09:15:07+00:00,16.08,RED,KT Rolster,Jarvan IV,1,63,33,0.5238095238095238,3,1.0,3,1.0,1
LOLTMNT05_185401,LCK_20260424_BNK_FEARX_vs_KT_Rolster_S1,2,2026-04-24 09:15:07+00:00,16.08,RED,KT Rolster,Jayce,2,37,17,0.4594594594594595,3,1.0,5,0.8,1
LOLTMNT05_185401,LCK_20260424_BNK_FEARX_vs_KT_Rolster_S1,2,2026-04-24 09:15:07+00:00,16.08,RED,KT Rolster,Annie,3,22,15,0.6818181818181818,3,0.6666666666666666,2,1.0,1
LOLTMNT05_185401,LCK_20260424_BNK_FEARX_vs_KT_Rolster_S1,2,2026-04-24 09:15:07+00:00,16.08,RED,KT Rolster,Sivir,4,23,13,0.5652173913043478,2,0.5,2,0.5,1
LOLTMNT05_185401,LCK_20260424_BNK_FEARX_vs_KT_Rolster_S1,2,2026-04-24 09:15:07+00:00,16.08,RED,KT Rolster,Yuumi,5,4,2,0.5,1,1.0,1,1.0,1
LOLTMNT05_186436,LCK_20260424_Hanwha_Life_Esports_vs_Kiwoom_DRX_S1,1,2026-04-24 10:32:53+00:00,16.08,BLUE,Kiwoom DRX,Xin Zhao,1,61,29,0.47540983606557374,4,0.0,11,0.36363636363636365,0
LOLTMNT05_186436,LCK_20260424_Hanwha_Life_Esports_vs_Kiwoom_DRX_S1,1,2026-04-24 10:32:53+00:00,16.08,BLUE,Kiwoom DRX,Yunara,2,62,31,0.5,3,0.3333333333333333,12,0.3333333333333333,0
LOLTMNT05_186436,LCK_20260424_Hanwha_Life_Esports_vs_Kiwoom_DRX_S1,1,2026-04-24 10:32:53+00:00,16.08,BLUE,Kiwoom DRX,Nautilus,3,32,15,0.46875,3,0.6666666666666666,8,0.5,0
LOLTMNT05_186436,LCK_20260424_Hanwha_Life_Esports_vs_Kiwoom_DRX_S1,1,2026-04-24 10:32:53+00:00,16.08,BLUE,Kiwoom DRX,Cassiopeia,4,13,6,0.46153846153846156,0,,1,0.0,0
LOLTMNT05_186436,LCK_20260424_Hanwha_Life_Esports_vs_Kiwoom_DRX_S1,1,2026-04-24 10:32:53+00:00,16.08,BLUE,Kiwoom DRX,Jayce,5,38,18,0.47368421052631576,4,1.0,4,0.0,0
LOLTMNT05_186436,LCK_20260424_Hanwha_Life_Esports_vs_Kiwoom_DRX_S1,1,2026-04-24 10:32:53+00:00,16.08,RED,Hanwha Life Esports,Bard,1,40,23,0.575,3,0.3333333333333333,5,0.4,1
LOLTMNT05_186436,LCK_20260424_Hanwha_Life_Esports_vs_Kiwoom_DRX_S1,1,2026-04-24 10:32:53+00:00,16.08,RED,Hanwha Life Esports,Pantheon,2,54,29,0.5370370370370371,3,0.3333333333333333,3,0.6666666666666666,1
LOLTMNT05_186436,LCK_20260424_Hanwha_Life_Esports_vs_Kiwoom_DRX_S1,1,2026-04-24 10:32:53+00:00,16.08,RED,Hanwha Life Esports,Caitlyn,3,19,8,0.42105263157894735,2,0.0,0,,1
LOLTMNT05_186436,LCK_20260424_Hanwha_Life_Esports_vs_Kiwoom_DRX_S1,1,2026-04-24 10:32:53+00:00,16.08,RED,Hanwha Life Esports,Ryze,4,60,31,0.5166666666666667,2,0.5,4,0.5,1
LOLTMNT05_186436,LCK_20260424_Hanwha_Life_Esports_vs_Kiwoom_DRX_S1,1,2026-04-24 10:32:53+00:00,16.08,RED,Hanwha Life Esports,Vayne,5,6,4,0.6666666666666666,1,1.0,1,0.0,1
LOLTMNT05_185414,LCK_20260424_Hanwha_Life_Esports_vs_Kiwoom_DRX_S1,2,2026-04-24 11:29:42+00:00,16.08,BLUE,Hanwha Life Esports,Gnar,1,47,29,0.6170212765957447,3,0.6666666666666666,5,0.8,1
LOLTMNT05_185414,LCK_20260424_Hanwha_Life_Esports_vs_Kiwoom_DRX_S1,2,2026-04-24 11:29:42+00:00,16.08,BLUE,Hanwha Life Esports,Annie,2,23,16,0.6956521739130435,4,0.75,3,0.6666666666666666,1
LOLTMNT05_185414,LCK_20260424_Hanwha_Life_Esports_vs_Kiwoom_DRX_S1,2,2026-04-24 11:29:42+00:00,16.08,BLUE,Hanwha Life Esports,Naafiri,3,8,4,0.5,1,1.0,0,,1
LOLTMNT05_185414,LCK_20260424_Hanwha_Life_Esports_vs_Kiwoom_DRX_S1,2,2026-04-24 11:29:42+00:00,16.08,BLUE,Hanwha Life Esports,Miss Fortune,4,8,3,0.375,1,1.0,2,0.5,1
LOLTMNT05_185414,LCK_20260424_Hanwha_Life_Esports_vs_Kiwoom_DRX_S1,2,2026-04-24 11:29:42+00:00,16.08,BLUE,Hanwha Life Esports,Rell,5,17,7,0.4117647058823529,0,,2,0.5,1
LOLTMNT05_185414,LCK_20260424_Hanwha_Life_Esports_vs_Kiwoom_DRX_S1,2,2026-04-24 11:29:42+00:00,16.08,RED,Kiwoom DRX,Karma,1,24,12,0.5,2,0.5,4,0.25,0
LOLTMNT05_185414,LCK_20260424_Hanwha_Life_Esports_vs_Kiwoom_DRX_S1,2,2026-04-24 11:29:42+00:00,16.08,RED,Kiwoom DRX,Jhin,2,35,19,0.5428571428571428,2,1.0,3,0.6666666666666666,0
LOLTMNT05_185414,LCK_20260424_Hanwha_Life_Esports_vs_Kiwoom_DRX_S1,2,2026-04-24 11:29:42+00:00,16.08,RED,Kiwoom DRX,Ambessa,3,50,20,0.4,1,0.0,7,0.2857142857142857,0
LOLTMNT05_185414,LCK_20260424_Hanwha_Life_Esports_vs_Kiwoom_DRX_S1,2,2026-04-24 11:29:42+00:00,16.08,RED,Kiwoom DRX,Poppy,4,11,6,0.5454545454545454,1,1.0,3,0.6666666666666666,0
LOLTMNT05_185414,LCK_20260424_Hanwha_Life_Esports_vs_Kiwoom_DRX_S1,2,2026-04-24 11:29:42+00:00,16.08,RED,Kiwoom DRX,Mel,5,9,2,0.2222222222222222,0,,2,0.5,0
LOLTMNT02_388457,LCK_20260425_HANJIN_BRION_vs_T1_S1,1,2026-04-25 08:07:29+00:00,16.08,BLUE,HANJIN BRION,Xin Zhao,1,62,29,0.46774193548387094,5,0.0,4,0.5,0
LOLTMNT02_388457,LCK_20260425_HANJIN_BRION_vs_T1_S1,1,2026-04-25 08:07:29+00:00,16.08,BLUE,HANJIN BRION,Ezreal,2,52,21,0.40384615384615385,3,0.0,8,0.5,0
LOLTMNT02_388457,LCK_20260425_HANJIN_BRION_vs_T1_S1,1,2026-04-25 08:07:29+00:00,16.08,BLUE,HANJIN BRION,Akali,3,19,8,0.42105263157894735,2,0.5,2,0.0,0
LOLTMNT02_388457,LCK_20260425_HANJIN_BRION_vs_T1_S1,1,2026-04-25 08:07:29+00:00,16.08,BLUE,HANJIN BRION,Renekton,4,43,22,0.5116279069767442,2,0.0,5,0.0,0
LOLTMNT02_388457,LCK_20260425_HANJIN_BRION_vs_T1_S1,1,2026-04-25 08:07:29+00:00,16.08,BLUE,HANJIN BRION,Elise,5,5,3,0.6,0,,4,0.75,0
LOLTMNT02_388457,LCK_20260425_HANJIN_BRION_vs_T1_S1,1,2026-04-25 08:07:29+00:00,16.08,RED,T1,Azir,1,53,24,0.4528301886792453,3,0.6666666666666666,8,0.875,1
LOLTMNT02_388457,LCK_20260425_HANJIN_BRION_vs_T1_S1,1,2026-04-25 08:07:29+00:00,16.08,RED,T1,Neeko,2,46,25,0.5434782608695652,4,0.0,5,0.6,1
LOLTMNT02_388457,LCK_20260425_HANJIN_BRION_vs_T1_S1,1,2026-04-25 08:07:29+00:00,16.08,RED,T1,Nocturne,3,30,15,0.5,2,0.5,4,1.0,1
LOLTMNT02_388457,LCK_20260425_HANJIN_BRION_vs_T1_S1,1,2026-04-25 08:07:29+00:00,16.08,RED,T1,Jhin,4,36,19,0.5277777777777778,3,0.6666666666666666,3,0.6666666666666666,1
LOLTMNT02_388457,LCK_20260425_HANJIN_BRION_vs_T1_S1,1,2026-04-25 08:07:29+00:00,16.08,RED,T1,Aurora,5,42,16,0.38095238095238093,4,0.25,5,0.2,1
LOLTMNT02_388485,LCK_20260425_HANJIN_BRION_vs_T1_S1,2,2026-04-25 09:20:29+00:00,16.08,BLUE,T1,Anivia,1,27,12,0.4444444444444444,3,0.0,3,0.0,1
LOLTMNT02_388485,LCK_20260425_HANJIN_BRION_vs_T1_S1,2,2026-04-25 09:20:29+00:00,16.08,BLUE,T1,Jarvan IV,2,64,34,0.53125,4,1.0,5,0.4,1
LOLTMNT02_388485,LCK_20260425_HANJIN_BRION_vs_T1_S1,2,2026-04-25 09:20:29+00:00,16.08,BLUE,T1,Sion,3,36,13,0.3611111111111111,2,0.0,2,1.0,1
LOLTMNT02_388485,LCK_20260425_HANJIN_BRION_vs_T1_S1,2,2026-04-25 09:20:29+00:00,16.08,BLUE,T1,Caitlyn,4,20,9,0.45,3,0.3333333333333333,2,1.0,1
LOLTMNT02_388485,LCK_20260425_HANJIN_BRION_vs_T1_S1,2,2026-04-25 09:20:29+00:00,16.08,BLUE,T1,Morgana,5,0,0,,0,,0,,1
LOLTMNT02_388485,LCK_20260425_HANJIN_BRION_vs_T1_S1,2,2026-04-25 09:20:29+00:00,16.08,RED,HANJIN BRION,Annie,1,24,17,0.7083333333333334,5,0.8,2,0.5,0
LOLTMNT02_388485,LCK_20260425_HANJIN_BRION_vs_T1_S1,2,2026-04-25 09:20:29+00:00,16.08,RED,HANJIN BRION,Rumble,2,24,14,0.5833333333333334,1,0.0,2,0.0,0
LOLTMNT02_388485,LCK_20260425_HANJIN_BRION_vs_T1_S1,2,2026-04-25 09:20:29+00:00,16.08,RED,HANJIN BRION,Vi,3,42,21,0.5,0,,3,0.3333333333333333,0
LOLTMNT02_388485,LCK_20260425_HANJIN_BRION_vs_T1_S1,2,2026-04-25 09:20:29+00:00,16.08,RED,HANJIN BRION,Miss Fortune,4,9,4,0.4444444444444444,2,1.0,1,0.0,0
LOLTMNT02_388485,LCK_20260425_HANJIN_BRION_vs_T1_S1,2,2026-04-25 09:20:29+00:00,16.08,RED,HANJIN BRION,Leona,5,15,7,0.4666666666666667,0,,2,0.0,0
LOLTMNT05_185498,LCK_20260425_DN_SOOPers_vs_Dplus_Kia_S3,1,2026-04-25 10:52:42+00:00,16.08,BLUE,Dplus Kia,Karma,1,25,12,0.48,3,0.3333333333333333,4,0.75,1
LOLTMNT05_185498,LCK_20260425_DN_SOOPers_vs_Dplus_Kia_S3,1,2026-04-25 10:52:42+00:00,16.08,BLUE,Dplus Kia,Pantheon,2,55,30,0.5454545454545454,4,0.5,4,0.5,1
LOLTMNT05_185498,LCK_20260425_DN_SOOPers_vs_Dplus_Kia_S3,1,2026-04-25 10:52:42+00:00,16.08,BLUE,Dplus Kia,Sivir,3,24,14,0.5833333333333334,3,0.6666666666666666,4,0.75,1
LOLTMNT05_185498,LCK_20260425_DN_SOOPers_vs_Dplus_Kia_S3,1,2026-04-25 10:52:42+00:00,16.08,BLUE,Dplus Kia,Twisted Fate,4,8,5,0.625,0,,3,0.6666666666666666,1
LOLTMNT05_185498,LCK_20260425_DN_SOOPers_vs_Dplus_Kia_S3,1,2026-04-25 10:52:42+00:00,16.08,BLUE,Dplus Kia,Illaoi,5,0,0,,0,,0,,1
LOLTMNT05_185498,LCK_20260425_DN_SOOPers_vs_Dplus_Kia_S3,1,2026-04-25 10:52:42+00:00,16.08,RED,DN SOOPers,Orianna,1,40,22,0.55,1,1.0,6,0.5,0
LOLTMNT05_185498,LCK_20260425_DN_SOOPers_vs_Dplus_Kia_S3,1,2026-04-25 10:52:42+00:00,16.08,RED,DN SOOPers,Lee Sin,2,19,11,0.5789473684210527,2,0.5,5,0.8,0
LOLTMNT05_185498,LCK_20260425_DN_SOOPers_vs_Dplus_Kia_S3,1,2026-04-25 10:52:42+00:00,16.08,RED,DN SOOPers,Nautilus,3,33,15,0.45454545454545453,4,0.5,3,0.0,0
LOLTMNT05_185498,LCK_20260425_DN_SOOPers_vs_Dplus_Kia_S3,1,2026-04-25 10:52:42+00:00,16.08,RED,DN SOOPers,Renekton,4,44,22,0.5,3,0.0,3,0.6666666666666666,0
LOLTMNT05_185498,LCK_20260425_DN_SOOPers_vs_Dplus_Kia_S3,1,2026-04-25 10:52:42+00:00,16.08,RED,DN SOOPers,Corki,5,40,20,0.5,2,0.5,6,0.3333333333333333,0
LOLTMNT05_185506,LCK_20260425_DN_SOOPers_vs_Dplus_Kia_S3,2,2026-04-25 11:43:02+00:00,16.08,BLUE,Dplus Kia,Rumble,1,25,14,0.56,2,0.0,3,0.6666666666666666,1
LOLTMNT05_185506,LCK_20260425_DN_SOOPers_vs_Dplus_Kia_S3,2,2026-04-25 11:43:02+00:00,16.08,BLUE,Dplus Kia,Yunara,2,63,31,0.49206349206349204,4,0.25,5,0.6,1
LOLTMNT05_185506,LCK_20260425_DN_SOOPers_vs_Dplus_Kia_S3,2,2026-04-25 11:43:02+00:00,16.08,BLUE,Dplus Kia,Lulu,3,39,16,0.41025641025641024,3,0.6666666666666666,7,0.5714285714285714,1
LOLTMNT05_185506,LCK_20260425_DN_SOOPers_vs_Dplus_Kia_S3,2,2026-04-25 11:43:02+00:00,16.08,BLUE,Dplus Kia,Sejuani,4,6,0,0.0,1,0.0,0,,1
LOLTMNT05_185506,LCK_20260425_DN_SOOPers_vs_Dplus_Kia_S3,2,2026-04-25 11:43:02+00:00,16.08,BLUE,Dplus Kia,Yone,5,13,7,0.5384615384615384,1,0.0,1,0.0,1
LOLTMNT05_185506,LCK_20260425_DN_SOOPers_vs_Dplus_Kia_S3,2,2026-04-25 11:43:02+00:00,16.08,RED,DN SOOPers,K'Sante,1,40,18,0.45,1,1.0,4,0.75,0
LOLTMNT05_185506,LCK_20260425_DN_SOOPers_vs_Dplus_Kia_S3,2,2026-04-25 11:43:02+00:00,16.08,RED,DN SOOPers,Xin Zhao,2,63,29,0.4603174603174603,6,0.0,2,0.0,0
LOLTMNT05_185506,LCK_20260425_DN_SOOPers_vs_Dplus_Kia_S3,2,2026-04-25 11:43:02+00:00,16.08,RED,DN SOOPers,Azir,3,54,25,0.46296296296296297,4,0.75,4,0.0,0
LOLTMNT05_185506,LCK_20260425_DN_SOOPers_vs_Dplus_Kia_S3,2,2026-04-25 11:43:02+00:00,16.08,RED,DN SOOPers,Ezreal,4,53,21,0.39622641509433965,4,0.0,4,0.75,0
LOLTMNT05_185506,LCK_20260425_DN_SOOPers_vs_Dplus_Kia_S3,2,2026-04-25 11:43:02+00:00,16.08,RED,DN SOOPers,Neeko,5,47,26,0.5531914893617021,5,0.2,8,0.625,0
LOLTMNT02_390173,LCK_20260426_BNK_FEARX_vs_T1_S3,1,2026-04-26 08:06:17+00:00,16.08,BLUE,BNK FEARX,Ezreal,1,54,21,0.3888888888888889,5,0.0,11,0.36363636363636365,0
LOLTMNT02_390173,LCK_20260426_BNK_FEARX_vs_T1_S3,1,2026-04-26 08:06:17+00:00,16.08,BLUE,BNK FEARX,Nocturne,2,31,16,0.5161290322580645,3,0.6666666666666666,3,0.3333333333333333,0
LOLTMNT02_390173,LCK_20260426_BNK_FEARX_vs_T1_S3,1,2026-04-26 08:06:17+00:00,16.08,BLUE,BNK FEARX,Neeko,3,48,26,0.5416666666666666,6,0.16666666666666666,7,0.5714285714285714,0
LOLTMNT02_390173,LCK_20260426_BNK_FEARX_vs_T1_S3,1,2026-04-26 08:06:17+00:00,16.08,BLUE,BNK FEARX,Aurelion Sol,4,0,0,,0,,0,,0
LOLTMNT02_390173,LCK_20260426_BNK_FEARX_vs_T1_S3,1,2026-04-26 08:06:17+00:00,16.08,BLUE,BNK FEARX,Yorick,5,16,8,0.5,1,0.0,3,0.3333333333333333,0
LOLTMNT02_390173,LCK_20260426_BNK_FEARX_vs_T1_S3,1,2026-04-26 08:06:17+00:00,16.08,RED,T1,Orianna,1,41,22,0.5365853658536586,2,0.5,3,0.6666666666666666,1
LOLTMNT02_390173,LCK_20260426_BNK_FEARX_vs_T1_S3,1,2026-04-26 08:06:17+00:00,16.08,RED,T1,Xin Zhao,2,64,29,0.453125,7,0.0,7,0.7142857142857143,1
LOLTMNT02_390173,LCK_20260426_BNK_FEARX_vs_T1_S3,1,2026-04-26 08:06:17+00:00,16.08,RED,T1,Jhin,3,37,20,0.5405405405405406,4,0.75,4,0.75,1
LOLTMNT02_390173,LCK_20260426_BNK_FEARX_vs_T1_S3,1,2026-04-26 08:06:17+00:00,16.08,RED,T1,Jayce,4,39,18,0.46153846153846156,5,0.8,5,0.8,1
LOLTMNT02_390173,LCK_20260426_BNK_FEARX_vs_T1_S3,1,2026-04-26 08:06:17+00:00,16.08,RED,T1,Alistar,5,28,13,0.4642857142857143,0,,1,1.0,1
LOLTMNT02_390189,LCK_20260426_BNK_FEARX_vs_T1_S3,2,2026-04-26 08:50:58+00:00,16.08,BLUE,BNK FEARX,Yunara,1,64,32,0.5,5,0.4,4,0.5,0
LOLTMNT02_390189,LCK_20260426_BNK_FEARX_vs_T1_S3,2,2026-04-26 08:50:58+00:00,16.08,BLUE,BNK FEARX,Lulu,2,40,17,0.425,4,0.75,5,0.6,0
LOLTMNT02_390189,LCK_20260426_BNK_FEARX_vs_T1_S3,2,2026-04-26 08:50:58+00:00,16.08,BLUE,BNK FEARX,Akali,3,20,8,0.4,3,0.3333333333333333,3,0.3333333333333333,0
LOLTMNT02_390189,LCK_20260426_BNK_FEARX_vs_T1_S3,2,2026-04-26 08:50:58+00:00,16.08,BLUE,BNK FEARX,K'Sante,4,41,18,0.43902439024390244,2,0.5,6,0.5,0
LOLTMNT02_390189,LCK_20260426_BNK_FEARX_vs_T1_S3,2,2026-04-26 08:50:58+00:00,16.08,BLUE,BNK FEARX,Naafiri,5,9,5,0.5555555555555556,2,1.0,1,0.0,0
LOLTMNT02_390189,LCK_20260426_BNK_FEARX_vs_T1_S3,2,2026-04-26 08:50:58+00:00,16.08,RED,T1,Rumble,1,26,15,0.5769230769230769,3,0.3333333333333333,2,1.0,1
LOLTMNT02_390189,LCK_20260426_BNK_FEARX_vs_T1_S3,2,2026-04-26 08:50:58+00:00,16.08,RED,T1,Vi,2,43,21,0.4883720930232558,1,0.0,4,0.75,1
LOLTMNT02_390189,LCK_20260426_BNK_FEARX_vs_T1_S3,2,2026-04-26 08:50:58+00:00,16.08,RED,T1,Azir,3,55,25,0.45454545454545453,5,0.6,9,0.8888888888888888,1
LOLTMNT02_390189,LCK_20260426_BNK_FEARX_vs_T1_S3,2,2026-04-26 08:50:58+00:00,16.08,RED,T1,Caitlyn,4,21,10,0.47619047619047616,4,0.5,3,1.0,1
LOLTMNT02_390189,LCK_20260426_BNK_FEARX_vs_T1_S3,2,2026-04-26 08:50:58+00:00,16.08,RED,T1,Lux,5,1,1,1.0,0,,1,1.0,1
LOLTMNT05_185559,LCK_20260426_Gen_G_vs_Nongshim_RedForce_S1,1,2026-04-26 10:15:14+00:00,16.08,BLUE,Nongshim RedForce,Azir,1,56,26,0.4642857142857143,6,0.6666666666666666,7,0.5714285714285714,0
LOLTMNT05_185559,LCK_20260426_Gen_G_vs_Nongshim_RedForce_S1,1,2026-04-26 10:15:14+00:00,16.08,BLUE,Nongshim RedForce,Yunara,2,65,32,0.49230769230769234,6,0.3333333333333333,10,0.6,0
LOLTMNT05_185559,LCK_20260426_Gen_G_vs_Nongshim_RedForce_S1,1,2026-04-26 10:15:14+00:00,16.08,BLUE,Nongshim RedForce,Nautilus,3,34,15,0.4411764705882353,5,0.4,3,0.6666666666666666,0
LOLTMNT05_185559,LCK_20260426_Gen_G_vs_Nongshim_RedForce_S1,1,2026-04-26 10:15:14+00:00,16.08,BLUE,Nongshim RedForce,Nocturne,4,32,16,0.5,4,0.5,2,0.5,0
LOLTMNT05_185559,LCK_20260426_Gen_G_vs_Nongshim_RedForce_S1,1,2026-04-26 10:15:14+00:00,16.08,BLUE,Nongshim RedForce,Jayce,5,40,19,0.475,6,0.8333333333333334,6,0.3333333333333333,0
LOLTMNT05_185559,LCK_20260426_Gen_G_vs_Nongshim_RedForce_S1,1,2026-04-26 10:15:14+00:00,16.08,RED,Gen.G,Bard,1,41,24,0.5853658536585366,4,0.5,6,0.8333333333333334,1
LOLTMNT05_185559,LCK_20260426_Gen_G_vs_Nongshim_RedForce_S1,1,2026-04-26 10:15:14+00:00,16.08,RED,Gen.G,Jarvan IV,2,65,35,0.5384615384615384,5,1.0,3,1.0,1
LOLTMNT05_185559,LCK_20260426_Gen_G_vs_Nongshim_RedForce_S1,1,2026-04-26 10:15:14+00:00,16.08,RED,Gen.G,Jhin,3,38,21,0.5526315789473685,5,0.8,4,1.0,1
LOLTMNT05_185559,LCK_20260426_Gen_G_vs_Nongshim_RedForce_S1,1,2026-04-26 10:15:14+00:00,16.08,RED,Gen.G,Annie,4,25,17,0.68,6,0.6666666666666666,3,0.6666666666666666,1
LOLTMNT05_185559,LCK_20260426_Gen_G_vs_Nongshim_RedForce_S1,1,2026-04-26 10:15:14+00:00,16.08,RED,Gen.G,Sion,5,37,14,0.3783783783783784,3,0.3333333333333333,4,1.0,1
LOLTMNT05_185563,LCK_20260426_Gen_G_vs_Nongshim_RedForce_S1,2,2026-04-26 11:09:55+00:00,16.08,BLUE,Nongshim RedForce,Xin Zhao,1,65,30,0.46153846153846156,8,0.125,4,0.25,0
LOLTMNT05_185563,LCK_20260426_Gen_G_vs_Nongshim_RedForce_S1,2,2026-04-26 11:09:55+00:00,16.08,BLUE,Nongshim RedForce,Gnar,2,48,30,0.625,4,0.75,5,0.8,0
LOLTMNT05_185563,LCK_20260426_Gen_G_vs_Nongshim_RedForce_S1,2,2026-04-26 11:09:55+00:00,16.08,BLUE,Nongshim RedForce,Aurora,3,43,17,0.3953488372093023,5,0.4,3,1.0,0
LOLTMNT05_185563,LCK_20260426_Gen_G_vs_Nongshim_RedForce_S1,2,2026-04-26 11:09:55+00:00,16.08,BLUE,Nongshim RedForce,Nami,4,20,10,0.5,1,1.0,2,0.5,0
LOLTMNT05_185563,LCK_20260426_Gen_G_vs_Nongshim_RedForce_S1,2,2026-04-26 11:09:55+00:00,16.08,BLUE,Nongshim RedForce,Corki,5,41,20,0.4878048780487805,3,0.3333333333333333,3,0.6666666666666666,0
LOLTMNT05_185563,LCK_20260426_Gen_G_vs_Nongshim_RedForce_S1,2,2026-04-26 11:09:55+00:00,16.08,RED,Gen.G,Karma,1,26,13,0.5,4,0.5,0,,1
LOLTMNT05_185563,LCK_20260426_Gen_G_vs_Nongshim_RedForce_S1,2,2026-04-26 11:09:55+00:00,16.08,RED,Gen.G,Trundle,2,11,9,0.8181818181818182,2,1.0,0,,1
LOLTMNT05_185563,LCK_20260426_Gen_G_vs_Nongshim_RedForce_S1,2,2026-04-26 11:09:55+00:00,16.08,RED,Gen.G,Caitlyn,3,22,11,0.5,5,0.6,2,0.5,1
LOLTMNT05_185563,LCK_20260426_Gen_G_vs_Nongshim_RedForce_S1,2,2026-04-26 11:09:55+00:00,16.08,RED,Gen.G,Twisted Fate,4,9,6,0.6666666666666666,1,1.0,0,,1
LOLTMNT05_185563,LCK_20260426_Gen_G_vs_Nongshim_RedForce_S1,2,2026-04-26 11:09:55+00:00,16.08,RED,Gen.G,Mel,5,10,2,0.2,1,0.0,1,0.0,1
LOLTMNT05_185757,LCK_20260429_Nongshim_RedForce_vs_T1_S1,1,2026-04-29 08:05:12+00:00,16.08,BLUE,Nongshim RedForce,Ezreal,1,55,21,0.38181818181818183,6,0.0,3,0.0,0
LOLTMNT05_185757,LCK_20260429_Nongshim_RedForce_vs_T1_S1,1,2026-04-29 08:05:12+00:00,16.08,BLUE,Nongshim RedForce,Jarvan IV,2,66,36,0.5454545454545454,6,1.0,9,0.6666666666666666,0
LOLTMNT05_185757,LCK_20260429_Nongshim_RedForce_vs_T1_S1,1,2026-04-29 08:05:12+00:00,16.08,BLUE,Nongshim RedForce,Azir,3,57,26,0.45614035087719296,7,0.5714285714285714,8,0.5,0
LOLTMNT05_185757,LCK_20260429_Nongshim_RedForce_vs_T1_S1,1,2026-04-29 08:05:12+00:00,16.08,BLUE,Nongshim RedForce,Neeko,4,49,26,0.5306122448979592,7,0.14285714285714285,4,0.5,0
LOLTMNT05_185757,LCK_20260429_Nongshim_RedForce_vs_T1_S1,1,2026-04-29 08:05:12+00:00,16.08,BLUE,Nongshim RedForce,Sion,5,38,15,0.39473684210526316,4,0.5,5,0.2,0
LOLTMNT05_185757,LCK_20260429_Nongshim_RedForce_vs_T1_S1,1,2026-04-29 08:05:12+00:00,16.08,RED,T1,Karma,1,27,14,0.5185185185185185,5,0.6,1,1.0,1
LOLTMNT05_185757,LCK_20260429_Nongshim_RedForce_vs_T1_S1,1,2026-04-29 08:05:12+00:00,16.08,RED,T1,Anivia,2,28,13,0.4642857142857143,4,0.25,4,0.25,1
LOLTMNT05_185757,LCK_20260429_Nongshim_RedForce_vs_T1_S1,1,2026-04-29 08:05:12+00:00,16.08,RED,T1,Xin Zhao,3,66,30,0.45454545454545453,9,0.1111111111111111,8,0.75,1
LOLTMNT05_185757,LCK_20260429_Nongshim_RedForce_vs_T1_S1,1,2026-04-29 08:05:12+00:00,16.08,RED,T1,Jhin,4,39,22,0.5641025641025641,6,0.8333333333333334,5,0.8,1
LOLTMNT05_185757,LCK_20260429_Nongshim_RedForce_vs_T1_S1,1,2026-04-29 08:05:12+00:00,16.08,RED,T1,Akali,5,21,8,0.38095238095238093,4,0.25,1,1.0,1
LOLTMNT05_185758,LCK_20260429_Nongshim_RedForce_vs_T1_S1,2,2026-04-29 08:56:14+00:00,16.08,BLUE,T1,Ambessa,1,51,20,0.39215686274509803,2,0.0,5,0.4,1
LOLTMNT05_185758,LCK_20260429_Nongshim_RedForce_vs_T1_S1,2,2026-04-29 08:56:14+00:00,16.08,BLUE,T1,Nocturne,2,33,16,0.48484848484848486,5,0.4,5,1.0,1
LOLTMNT05_185758,LCK_20260429_Nongshim_RedForce_vs_T1_S1,2,2026-04-29 08:56:14+00:00,16.08,BLUE,T1,Twisted Fate,3,10,7,0.7,2,1.0,2,0.5,1
LOLTMNT05_185758,LCK_20260429_Nongshim_RedForce_vs_T1_S1,2,2026-04-29 08:56:14+00:00,16.08,BLUE,T1,Lulu,4,41,17,0.4146341463414634,5,0.6,4,0.5,1
LOLTMNT05_185758,LCK_20260429_Nongshim_RedForce_vs_T1_S1,2,2026-04-29 08:56:14+00:00,16.08,BLUE,T1,Kog'Maw,5,0,0,,0,,0,,1
LOLTMNT05_185758,LCK_20260429_Nongshim_RedForce_vs_T1_S1,2,2026-04-29 08:56:14+00:00,16.08,RED,Nongshim RedForce,Rumble,1,27,16,0.5925925925925926,4,0.5,1,0.0,0
LOLTMNT05_185758,LCK_20260429_Nongshim_RedForce_vs_T1_S1,2,2026-04-29 08:56:14+00:00,16.08,RED,Nongshim RedForce,Pantheon,2,56,31,0.5535714285714286,5,0.6,6,0.5,0
LOLTMNT05_185758,LCK_20260429_Nongshim_RedForce_vs_T1_S1,2,2026-04-29 08:56:14+00:00,16.08,RED,Nongshim RedForce,Aurora,3,44,17,0.38636363636363635,6,0.3333333333333333,4,0.75,0
LOLTMNT05_185758,LCK_20260429_Nongshim_RedForce_vs_T1_S1,2,2026-04-29 08:56:14+00:00,16.08,RED,Nongshim RedForce,Kalista,4,17,8,0.47058823529411764,0,,3,0.6666666666666666,0
LOLTMNT05_185758,LCK_20260429_Nongshim_RedForce_vs_T1_S1,2,2026-04-29 08:56:14+00:00,16.08,RED,Nongshim RedForce,Renata Glasc,5,17,7,0.4117647058823529,0,,4,0.5,0
LOLTMNT05_185774,LCK_20260429_Hanwha_Life_Esports_vs_KT_Rolster_S1,1,2026-04-29 10:15:19+00:00,16.08,BLUE,KT Rolster,Pantheon,1,57,31,0.543859649122807,6,0.5,4,1.0,0
LOLTMNT05_185774,LCK_20260429_Hanwha_Life_Esports_vs_KT_Rolster_S1,1,2026-04-29 10:15:19+00:00,16.08,BLUE,KT Rolster,Jayce,2,41,19,0.4634146341463415,7,0.7142857142857143,6,0.8333333333333334,0
LOLTMNT05_185774,LCK_20260429_Hanwha_Life_Esports_vs_KT_Rolster_S1,1,2026-04-29 10:15:19+00:00,16.08,BLUE,KT Rolster,Annie,3,26,18,0.6923076923076923,7,0.7142857142857143,3,1.0,0
LOLTMNT05_185774,LCK_20260429_Hanwha_Life_Esports_vs_KT_Rolster_S1,1,2026-04-29 10:15:19+00:00,16.08,BLUE,KT Rolster,Ezreal,4,56,21,0.375,7,0.0,5,0.4,0
LOLTMNT05_185774,LCK_20260429_Hanwha_Life_Esports_vs_KT_Rolster_S1,1,2026-04-29 10:15:19+00:00,16.08,BLUE,KT Rolster,Nautilus,5,35,15,0.42857142857142855,6,0.3333333333333333,3,0.3333333333333333,0
LOLTMNT05_185774,LCK_20260429_Hanwha_Life_Esports_vs_KT_Rolster_S1,1,2026-04-29 10:15:19+00:00,16.08,RED,Hanwha Life Esports,Ashe,1,27,16,0.5925925925925926,2,0.5,3,1.0,1
LOLTMNT05_185774,LCK_20260429_Hanwha_Life_Esports_vs_KT_Rolster_S1,1,2026-04-29 10:15:19+00:00,16.08,RED,Hanwha Life Esports,Seraphine,2,26,17,0.6538461538461539,2,0.5,3,1.0,1
LOLTMNT05_185774,LCK_20260429_Hanwha_Life_Esports_vs_KT_Rolster_S1,1,2026-04-29 10:15:19+00:00,16.08,RED,Hanwha Life Esports,Yorick,3,17,8,0.47058823529411764,2,0.0,2,1.0,1
LOLTMNT05_185774,LCK_20260429_Hanwha_Life_Esports_vs_KT_Rolster_S1,1,2026-04-29 10:15:19+00:00,16.08,RED,Hanwha Life Esports,Vi,4,44,22,0.5,2,0.5,5,0.8,1
LOLTMNT05_185774,LCK_20260429_Hanwha_Life_Esports_vs_KT_Rolster_S1,1,2026-04-29 10:15:19+00:00,16.08,RED,Hanwha Life Esports,Aurora,5,45,17,0.37777777777777777,7,0.2857142857142857,7,0.42857142857142855,1
LOLTMNT05_185776,LCK_20260429_Hanwha_Life_Esports_vs_KT_Rolster_S1,2,2026-04-29 11:07:22+00:00,16.08,BLUE,Hanwha Life Esports,Jarvan IV,1,67,36,0.5373134328358209,7,0.8571428571428571,7,0.5714285714285714,1
LOLTMNT05_185776,LCK_20260429_Hanwha_Life_Esports_vs_KT_Rolster_S1,2,2026-04-29 11:07:22+00:00,16.08,BLUE,Hanwha Life Esports,Lucian,2,24,11,0.4583333333333333,1,0.0,0,,1
LOLTMNT05_185776,LCK_20260429_Hanwha_Life_Esports_vs_KT_Rolster_S1,2,2026-04-29 11:07:22+00:00,16.08,BLUE,Hanwha Life Esports,Milio,3,7,3,0.42857142857142855,1,0.0,0,,1
LOLTMNT05_185776,LCK_20260429_Hanwha_Life_Esports_vs_KT_Rolster_S1,2,2026-04-29 11:07:22+00:00,16.08,BLUE,Hanwha Life Esports,Ahri,4,23,16,0.6956521739130435,2,1.0,2,1.0,1
LOLTMNT05_185776,LCK_20260429_Hanwha_Life_Esports_vs_KT_Rolster_S1,2,2026-04-29 11:07:22+00:00,16.08,BLUE,Hanwha Life Esports,Jax,5,11,5,0.45454545454545453,0,,0,,1
LOLTMNT05_185776,LCK_20260429_Hanwha_Life_Esports_vs_KT_Rolster_S1,2,2026-04-29 11:07:22+00:00,16.08,RED,KT Rolster,Lulu,1,42,18,0.42857142857142855,6,0.6666666666666666,3,1.0,0
LOLTMNT05_185776,LCK_20260429_Hanwha_Life_Esports_vs_KT_Rolster_S1,2,2026-04-29 11:07:22+00:00,16.08,RED,KT Rolster,Yunara,2,66,32,0.48484848484848486,7,0.2857142857142857,7,0.7142857142857143,0
LOLTMNT05_185776,LCK_20260429_Hanwha_Life_Esports_vs_KT_Rolster_S1,2,2026-04-29 11:07:22+00:00,16.08,RED,KT Rolster,Xin Zhao,3,67,31,0.4626865671641791,10,0.2,3,0.6666666666666666,0
LOLTMNT05_185776,LCK_20260429_Hanwha_Life_Esports_vs_KT_Rolster_S1,2,2026-04-29 11:07:22+00:00,16.08,RED,KT Rolster,Anivia,4,29,14,0.4827586206896552,5,0.4,0,,0
LOLTMNT05_185776,LCK_20260429_Hanwha_Life_Esports_vs_KT_Rolster_S1,2,2026-04-29 11:07:22+00:00,16.08,RED,KT Rolster,Renekton,5,45,22,0.4888888888888889,4,0.0,7,0.2857142857142857,0
LOLTMNT02_394110,LCK_20260430_Gen_G_vs_Kiwoom_DRX_S2,1,2026-04-30 08:06:44+00:00,16.08,BLUE,Gen.G,Jarvan IV,1,68,37,0.5441176470588235,8,0.875,4,1.0,1
LOLTMNT02_394110,LCK_20260430_Gen_G_vs_Kiwoom_DRX_S2,1,2026-04-30 08:06:44+00:00,16.08,BLUE,Gen.G,Ashe,2,28,17,0.6071428571428571,3,0.6666666666666666,5,0.6,1
LOLTMNT02_394110,LCK_20260430_Gen_G_vs_Kiwoom_DRX_S2,1,2026-04-30 08:06:44+00:00,16.08,BLUE,Gen.G,Seraphine,3,27,18,0.6666666666666666,3,0.6666666666666666,6,0.5,1
LOLTMNT02_394110,LCK_20260430_Gen_G_vs_Kiwoom_DRX_S2,1,2026-04-30 08:06:44+00:00,16.08,BLUE,Gen.G,Renekton,4,46,22,0.4782608695652174,5,0.0,3,1.0,1
LOLTMNT02_394110,LCK_20260430_Gen_G_vs_Kiwoom_DRX_S2,1,2026-04-30 08:06:44+00:00,16.08,BLUE,Gen.G,Annie,5,27,18,0.6666666666666666,8,0.625,4,0.75,1
LOLTMNT02_394110,LCK_20260430_Gen_G_vs_Kiwoom_DRX_S2,1,2026-04-30 08:06:44+00:00,16.08,RED,Kiwoom DRX,Ezreal,1,57,21,0.3684210526315789,8,0.0,6,0.16666666666666666,0
LOLTMNT02_394110,LCK_20260430_Gen_G_vs_Kiwoom_DRX_S2,1,2026-04-30 08:06:44+00:00,16.08,RED,Kiwoom DRX,Neeko,2,50,26,0.52,8,0.125,7,0.42857142857142855,0
LOLTMNT02_394110,LCK_20260430_Gen_G_vs_Kiwoom_DRX_S2,1,2026-04-30 08:06:44+00:00,16.08,RED,Kiwoom DRX,Pantheon,3,58,31,0.5344827586206896,7,0.42857142857142855,3,0.3333333333333333,0
LOLTMNT02_394110,LCK_20260430_Gen_G_vs_Kiwoom_DRX_S2,1,2026-04-30 08:06:44+00:00,16.08,RED,Kiwoom DRX,Aurora,4,46,18,0.391304347826087,8,0.375,8,0.25,0
LOLTMNT02_394110,LCK_20260430_Gen_G_vs_Kiwoom_DRX_S2,1,2026-04-30 08:06:44+00:00,16.08,RED,Kiwoom DRX,Gnar,5,49,30,0.6122448979591837,5,0.6,10,0.6,0
LOLTMNT02_395085,LCK_20260430_Gen_G_vs_Kiwoom_DRX_S2,2,2026-04-30 08:55:13+00:00,16.08,BLUE,Kiwoom DRX,Ryze,1,61,32,0.5245901639344263,3,0.6666666666666666,5,0.4,1
LOLTMNT02_395085,LCK_20260430_Gen_G_vs_Kiwoom_DRX_S2,2,2026-04-30 08:55:13+00:00,16.08,BLUE,Kiwoom DRX,Rumble,2,28,16,0.5714285714285714,5,0.4,2,0.0,1
LOLTMNT02_395085,LCK_20260430_Gen_G_vs_Kiwoom_DRX_S2,2,2026-04-30 08:55:13+00:00,16.08,BLUE,Kiwoom DRX,Wukong,3,37,16,0.43243243243243246,2,0.0,2,0.5,1
LOLTMNT02_395085,LCK_20260430_Gen_G_vs_Kiwoom_DRX_S2,2,2026-04-30 08:55:13+00:00,16.08,BLUE,Kiwoom DRX,Lucian,4,25,12,0.48,2,0.5,3,0.3333333333333333,1
LOLTMNT02_395085,LCK_20260430_Gen_G_vs_Kiwoom_DRX_S2,2,2026-04-30 08:55:13+00:00,16.08,BLUE,Kiwoom DRX,Milio,5,8,4,0.5,2,0.5,0,,1
LOLTMNT02_395085,LCK_20260430_Gen_G_vs_Kiwoom_DRX_S2,2,2026-04-30 08:55:13+00:00,16.08,RED,Gen.G,Yunara,1,67,32,0.47761194029850745,8,0.25,9,0.7777777777777778,0
LOLTMNT02_395085,LCK_20260430_Gen_G_vs_Kiwoom_DRX_S2,2,2026-04-30 08:55:13+00:00,16.08,RED,Gen.G,Vi,2,45,23,0.5111111111111111,3,0.6666666666666666,3,1.0,0
LOLTMNT02_395085,LCK_20260430_Gen_G_vs_Kiwoom_DRX_S2,2,2026-04-30 08:55:13+00:00,16.08,RED,Gen.G,Lulu,3,43,18,0.4186046511627907,7,0.5714285714285714,2,0.5,0
LOLTMNT02_395085,LCK_20260430_Gen_G_vs_Kiwoom_DRX_S2,2,2026-04-30 08:55:13+00:00,16.08,RED,Gen.G,Jayce,4,42,19,0.4523809523809524,8,0.625,2,0.0,0
LOLTMNT02_395085,LCK_20260430_Gen_G_vs_Kiwoom_DRX_S2,2,2026-04-30 08:55:13+00:00,16.08,RED,Gen.G,Akali,5,22,9,0.4090909090909091,5,0.4,2,0.5,0
LOLTMNT02_395093,LCK_20260430_Gen_G_vs_Kiwoom_DRX_S2,3,2026-04-30 09:47:45+00:00,16.08,BLUE,Kiwoom DRX,Xin Zhao,1,68,31,0.45588235294117646,11,0.18181818181818182,12,0.3333333333333333,0
LOLTMNT02_395093,LCK_20260430_Gen_G_vs_Kiwoom_DRX_S2,3,2026-04-30 09:47:45+00:00,16.08,BLUE,Kiwoom DRX,Nautilus,2,36,15,0.4166666666666667,7,0.2857142857142857,9,0.4444444444444444,0
LOLTMNT02_395093,LCK_20260430_Gen_G_vs_Kiwoom_DRX_S2,3,2026-04-30 09:47:45+00:00,16.08,BLUE,Kiwoom DRX,Miss Fortune,3,10,4,0.4,3,0.6666666666666666,0,,0
LOLTMNT02_395093,LCK_20260430_Gen_G_vs_Kiwoom_DRX_S2,3,2026-04-30 09:47:45+00:00,16.08,BLUE,Kiwoom DRX,Shen,4,1,1,1.0,0,,0,,0
LOLTMNT02_395093,LCK_20260430_Gen_G_vs_Kiwoom_DRX_S2,3,2026-04-30 09:47:45+00:00,16.08,BLUE,Kiwoom DRX,Viktor,5,7,2,0.2857142857142857,0,,1,1.0,0
LOLTMNT02_395093,LCK_20260430_Gen_G_vs_Kiwoom_DRX_S2,3,2026-04-30 09:47:45+00:00,16.08,RED,Gen.G,Bard,1,42,25,0.5952380952380952,5,0.6,7,0.8571428571428571,1
LOLTMNT02_395093,LCK_20260430_Gen_G_vs_Kiwoom_DRX_S2,3,2026-04-30 09:47:45+00:00,16.08,RED,Gen.G,Trundle,2,12,10,0.8333333333333334,3,1.0,1,1.0,1
LOLTMNT02_395093,LCK_20260430_Gen_G_vs_Kiwoom_DRX_S2,3,2026-04-30 09:47:45+00:00,16.08,RED,Gen.G,Jhin,3,40,23,0.575,7,0.8571428571428571,5,1.0,1
LOLTMNT02_395093,LCK_20260430_Gen_G_vs_Kiwoom_DRX_S2,3,2026-04-30 09:47:45+00:00,16.08,RED,Gen.G,K'Sante,4,42,18,0.42857142857142855,3,0.3333333333333333,2,0.0,1
LOLTMNT02_395093,LCK_20260430_Gen_G_vs_Kiwoom_DRX_S2,3,2026-04-30 09:47:45+00:00,16.08,RED,Gen.G,Sylas,5,11,6,0.5454545454545454,0,,0,,1
LOLTMNT02_394154,LCK_20260430_BNK_FEARX_vs_Dplus_Kia_S2,1,2026-04-30 11:13:48+00:00,16.08,BLUE,BNK FEARX,Jarvan IV,1,69,38,0.5507246376811594,9,0.8888888888888888,9,0.3333333333333333,0
LOLTMNT02_394154,LCK_20260430_BNK_FEARX_vs_Dplus_Kia_S2,1,2026-04-30 11:13:48+00:00,16.08,BLUE,BNK FEARX,Lucian,2,26,13,0.5,3,0.6666666666666666,6,0.5,0
LOLTMNT02_394154,LCK_20260430_BNK_FEARX_vs_Dplus_Kia_S2,1,2026-04-30 11:13:48+00:00,16.08,BLUE,BNK FEARX,Milio,3,9,5,0.5555555555555556,3,0.6666666666666666,4,0.5,0
LOLTMNT02_394154,LCK_20260430_BNK_FEARX_vs_Dplus_Kia_S2,1,2026-04-30 11:13:48+00:00,16.08,BLUE,BNK FEARX,K'Sante,4,43,19,0.4418604651162791,4,0.5,7,0.42857142857142855,0
LOLTMNT02_394154,LCK_20260430_BNK_FEARX_vs_Dplus_Kia_S2,1,2026-04-30 11:13:48+00:00,16.08,BLUE,BNK FEARX,Ryze,5,62,33,0.532258064516129,4,0.75,9,0.5555555555555556,0
LOLTMNT02_394154,LCK_20260430_BNK_FEARX_vs_Dplus_Kia_S2,1,2026-04-30 11:13:48+00:00,16.08,RED,Dplus Kia,Annie,1,28,19,0.6785714285714286,9,0.6666666666666666,5,0.8,1
LOLTMNT02_394154,LCK_20260430_BNK_FEARX_vs_Dplus_Kia_S2,1,2026-04-30 11:13:48+00:00,16.08,RED,Dplus Kia,Lee Sin,2,20,11,0.55,3,0.3333333333333333,6,0.5,1
LOLTMNT02_394154,LCK_20260430_BNK_FEARX_vs_Dplus_Kia_S2,1,2026-04-30 11:13:48+00:00,16.08,RED,Dplus Kia,Jayce,3,43,19,0.4418604651162791,9,0.5555555555555556,5,0.2,1
LOLTMNT02_394154,LCK_20260430_BNK_FEARX_vs_Dplus_Kia_S2,1,2026-04-30 11:13:48+00:00,16.08,RED,Dplus Kia,Zeri,4,3,1,0.3333333333333333,0,,0,,1
LOLTMNT02_394154,LCK_20260430_BNK_FEARX_vs_Dplus_Kia_S2,1,2026-04-30 11:13:48+00:00,16.08,RED,Dplus Kia,Yuumi,5,5,3,0.6,2,1.0,2,0.0,1
LOLTMNT02_395149,LCK_20260430_BNK_FEARX_vs_Dplus_Kia_S2,2,2026-04-30 12:08:17+00:00,16.08,BLUE,BNK FEARX,Xin Zhao,1,69,31,0.4492753623188406,12,0.16666666666666666,9,0.3333333333333333,0
LOLTMNT02_395149,LCK_20260430_BNK_FEARX_vs_Dplus_Kia_S2,2,2026-04-30 12:08:17+00:00,16.08,BLUE,BNK FEARX,Ezreal,2,58,21,0.3620689655172414,9,0.0,12,0.3333333333333333,0
LOLTMNT02_395149,LCK_20260430_BNK_FEARX_vs_Dplus_Kia_S2,2,2026-04-30 12:08:17+00:00,16.08,BLUE,BNK FEARX,Seraphine,3,28,19,0.6785714285714286,4,0.75,4,0.75,0
LOLTMNT02_395149,LCK_20260430_BNK_FEARX_vs_Dplus_Kia_S2,2,2026-04-30 12:08:17+00:00,16.08,BLUE,BNK FEARX,Ambessa,4,52,21,0.40384615384615385,3,0.3333333333333333,2,0.0,0
LOLTMNT02_395149,LCK_20260430_BNK_FEARX_vs_Dplus_Kia_S2,2,2026-04-30 12:08:17+00:00,16.08,BLUE,BNK FEARX,Akali,5,23,9,0.391304347826087,6,0.3333333333333333,4,0.25,0
LOLTMNT02_395149,LCK_20260430_BNK_FEARX_vs_Dplus_Kia_S2,2,2026-04-30 12:08:17+00:00,16.08,RED,Dplus Kia,Trundle,1,13,11,0.8461538461538461,4,1.0,0,,1
LOLTMNT02_395149,LCK_20260430_BNK_FEARX_vs_Dplus_Kia_S2,2,2026-04-30 12:08:17+00:00,16.08,RED,Dplus Kia,Ashe,2,29,18,0.6206896551724138,4,0.75,4,0.5,1
LOLTMNT02_395149,LCK_20260430_BNK_FEARX_vs_Dplus_Kia_S2,2,2026-04-30 12:08:17+00:00,16.08,RED,Dplus Kia,Lulu,3,44,18,0.4090909090909091,8,0.5,8,0.625,1
LOLTMNT02_395149,LCK_20260430_BNK_FEARX_vs_Dplus_Kia_S2,2,2026-04-30 12:08:17+00:00,16.08,RED,Dplus Kia,Gnar,4,50,30,0.6,6,0.5,5,1.0,1
LOLTMNT02_395149,LCK_20260430_BNK_FEARX_vs_Dplus_Kia_S2,2,2026-04-30 12:08:17+00:00,16.08,RED,Dplus Kia,Ahri,5,24,17,0.7083333333333334,3,1.0,5,0.8,1
LOLTMNT02_395369,LCK_20260501_DN_SOOPers_vs_HANJIN_BRION_S1,1,2026-05-01 08:06:11+00:00,16.08,BLUE,HANJIN BRION,Lucian,1,27,13,0.48148148148148145,4,0.5,2,0.0,1
LOLTMNT02_395369,LCK_20260501_DN_SOOPers_vs_HANJIN_BRION_S1,1,2026-05-01 08:06:11+00:00,16.08,BLUE,HANJIN BRION,Milio,2,10,5,0.5,4,0.5,0,,1
LOLTMNT02_395369,LCK_20260501_DN_SOOPers_vs_HANJIN_BRION_S1,1,2026-05-01 08:06:11+00:00,16.08,BLUE,HANJIN BRION,Xin Zhao,3,70,31,0.44285714285714284,13,0.15384615384615385,5,0.4,1
LOLTMNT02_395369,LCK_20260501_DN_SOOPers_vs_HANJIN_BRION_S1,1,2026-05-01 08:06:11+00:00,16.08,BLUE,HANJIN BRION,Annie,4,29,20,0.6896551724137931,10,0.7,3,0.3333333333333333,1
LOLTMNT02_395369,LCK_20260501_DN_SOOPers_vs_HANJIN_BRION_S1,1,2026-05-01 08:06:11+00:00,16.08,BLUE,HANJIN BRION,Gnar,5,51,31,0.6078431372549019,7,0.5714285714285714,2,0.0,1
LOLTMNT02_395369,LCK_20260501_DN_SOOPers_vs_HANJIN_BRION_S1,1,2026-05-01 08:06:11+00:00,16.08,RED,DN SOOPers,Jarvan IV,1,70,38,0.5428571428571428,10,0.8,7,0.14285714285714285,0
LOLTMNT02_395369,LCK_20260501_DN_SOOPers_vs_HANJIN_BRION_S1,1,2026-05-01 08:06:11+00:00,16.08,RED,DN SOOPers,Yunara,2,68,32,0.47058823529411764,9,0.2222222222222222,7,0.2857142857142857,0
LOLTMNT02_395369,LCK_20260501_DN_SOOPers_vs_HANJIN_BRION_S1,1,2026-05-01 08:06:11+00:00,16.08,RED,DN SOOPers,Lulu,3,45,19,0.4222222222222222,9,0.5555555555555556,4,0.0,0
LOLTMNT02_395369,LCK_20260501_DN_SOOPers_vs_HANJIN_BRION_S1,1,2026-05-01 08:06:11+00:00,16.08,RED,DN SOOPers,Aurora,4,47,18,0.3829787234042553,9,0.3333333333333333,3,0.0,0
LOLTMNT02_395369,LCK_20260501_DN_SOOPers_vs_HANJIN_BRION_S1,1,2026-05-01 08:06:11+00:00,16.08,RED,DN SOOPers,Renekton,5,47,23,0.48936170212765956,6,0.16666666666666666,4,0.5,0
LOLTMNT02_394364,LCK_20260501_DN_SOOPers_vs_HANJIN_BRION_S1,2,2026-05-01 08:58:55+00:00,16.08,BLUE,HANJIN BRION,Nocturne,1,34,17,0.5,6,0.5,4,0.25,1
LOLTMNT02_394364,LCK_20260501_DN_SOOPers_vs_HANJIN_BRION_S1,2,2026-05-01 08:58:55+00:00,16.08,BLUE,HANJIN BRION,Ambessa,2,53,21,0.39622641509433965,4,0.25,5,0.4,1
LOLTMNT02_394364,LCK_20260501_DN_SOOPers_vs_HANJIN_BRION_S1,2,2026-05-01 08:58:55+00:00,16.08,BLUE,HANJIN BRION,Neeko,3,51,26,0.5098039215686274,9,0.1111111111111111,7,0.2857142857142857,1
LOLTMNT02_394364,LCK_20260501_DN_SOOPers_vs_HANJIN_BRION_S1,2,2026-05-01 08:58:55+00:00,16.08,BLUE,HANJIN BRION,Galio,4,14,8,0.5714285714285714,0,,0,,1
LOLTMNT02_394364,LCK_20260501_DN_SOOPers_vs_HANJIN_BRION_S1,2,2026-05-01 08:58:55+00:00,16.08,BLUE,HANJIN BRION,Corki,5,42,20,0.47619047619047616,4,0.25,3,0.6666666666666666,1
LOLTMNT02_394364,LCK_20260501_DN_SOOPers_vs_HANJIN_BRION_S1,2,2026-05-01 08:58:55+00:00,16.08,RED,DN SOOPers,Rumble,1,29,17,0.5862068965517241,6,0.5,5,0.6,0
LOLTMNT02_394364,LCK_20260501_DN_SOOPers_vs_HANJIN_BRION_S1,2,2026-05-01 08:58:55+00:00,16.08,RED,DN SOOPers,Vi,2,46,23,0.5,4,0.5,5,0.0,0
LOLTMNT02_394364,LCK_20260501_DN_SOOPers_vs_HANJIN_BRION_S1,2,2026-05-01 08:58:55+00:00,16.08,RED,DN SOOPers,Ahri,3,25,18,0.72,4,1.0,5,0.8,0
LOLTMNT02_394364,LCK_20260501_DN_SOOPers_vs_HANJIN_BRION_S1,2,2026-05-01 08:58:55+00:00,16.08,RED,DN SOOPers,Jhin,4,41,24,0.5853658536585366,8,0.875,3,0.3333333333333333,0
LOLTMNT02_394364,LCK_20260501_DN_SOOPers_vs_HANJIN_BRION_S1,2,2026-05-01 08:58:55+00:00,16.08,RED,DN SOOPers,Alistar,5,29,14,0.4827586206896552,1,1.0,4,0.25,0
LOLTMNT02_395396,LCK_20260501_Hanwha_Life_Esports_vs_T1_S3,1,2026-05-01 10:22:34+00:00,16.08,BLUE,Hanwha Life Esports,Azir,1,58,26,0.4482758620689655,8,0.5,5,0.4,1
LOLTMNT02_395396,LCK_20260501_Hanwha_Life_Esports_vs_T1_S3,1,2026-05-01 10:22:34+00:00,16.08,BLUE,Hanwha Life Esports,Bard,2,43,26,0.6046511627906976,6,0.6666666666666666,6,0.5,1
LOLTMNT02_395396,LCK_20260501_Hanwha_Life_Esports_vs_T1_S3,1,2026-05-01 10:22:34+00:00,16.08,BLUE,Hanwha Life Esports,Jarvan IV,3,71,38,0.5352112676056338,11,0.7272727272727273,8,0.625,1
LOLTMNT02_395396,LCK_20260501_Hanwha_Life_Esports_vs_T1_S3,1,2026-05-01 10:22:34+00:00,16.08,BLUE,Hanwha Life Esports,Miss Fortune,4,11,4,0.36363636363636365,4,0.5,3,0.6666666666666666,1
LOLTMNT02_395396,LCK_20260501_Hanwha_Life_Esports_vs_T1_S3,1,2026-05-01 10:22:34+00:00,16.08,BLUE,Hanwha Life Esports,Yorick,5,18,9,0.5,3,0.3333333333333333,3,1.0,1
LOLTMNT02_395396,LCK_20260501_Hanwha_Life_Esports_vs_T1_S3,1,2026-05-01 10:22:34+00:00,16.08,RED,T1,Varus,1,30,15,0.5,2,0.5,3,0.6666666666666666,0
LOLTMNT02_395396,LCK_20260501_Hanwha_Life_Esports_vs_T1_S3,1,2026-05-01 10:22:34+00:00,16.08,RED,T1,Karma,2,28,15,0.5357142857142857,6,0.6666666666666666,2,1.0,0
LOLTMNT02_395396,LCK_20260501_Hanwha_Life_Esports_vs_T1_S3,1,2026-05-01 10:22:34+00:00,16.08,RED,T1,Jhin,3,42,24,0.5714285714285714,9,0.7777777777777778,6,0.8333333333333334,0
LOLTMNT02_395396,LCK_20260501_Hanwha_Life_Esports_vs_T1_S3,1,2026-05-01 10:22:34+00:00,16.08,RED,T1,Annie,4,30,21,0.7,11,0.7272727272727273,2,1.0,0
LOLTMNT02_395396,LCK_20260501_Hanwha_Life_Esports_vs_T1_S3,1,2026-05-01 10:22:34+00:00,16.08,RED,T1,Nocturne,5,35,18,0.5142857142857142,7,0.5714285714285714,6,1.0,0
LOLTMNT02_395404,LCK_20260501_Hanwha_Life_Esports_vs_T1_S3,2,2026-05-01 11:19:40+00:00,16.08,BLUE,Hanwha Life Esports,Xin Zhao,1,71,32,0.4507042253521127,14,0.21428571428571427,7,0.5714285714285714,0
LOLTMNT02_395404,LCK_20260501_Hanwha_Life_Esports_vs_T1_S3,2,2026-05-01 11:19:40+00:00,16.08,BLUE,Hanwha Life Esports,Lucian,2,28,14,0.5,5,0.6,1,1.0,0
LOLTMNT02_395404,LCK_20260501_Hanwha_Life_Esports_vs_T1_S3,2,2026-05-01 11:19:40+00:00,16.08,BLUE,Hanwha Life Esports,Anivia,3,30,14,0.4666666666666667,6,0.3333333333333333,3,0.3333333333333333,0
LOLTMNT02_395404,LCK_20260501_Hanwha_Life_Esports_vs_T1_S3,2,2026-05-01 11:19:40+00:00,16.08,BLUE,Hanwha Life Esports,Alistar,4,30,14,0.4666666666666667,2,0.5,3,0.6666666666666666,0
LOLTMNT02_395404,LCK_20260501_Hanwha_Life_Esports_vs_T1_S3,2,2026-05-01 11:19:40+00:00,16.08,BLUE,Hanwha Life Esports,Gwen,5,23,16,0.6956521739130435,0,,1,1.0,0
LOLTMNT02_395404,LCK_20260501_Hanwha_Life_Esports_vs_T1_S3,2,2026-05-01 11:19:40+00:00,16.08,RED,T1,Milio,1,11,6,0.5454545454545454,5,0.6,2,0.5,1
LOLTMNT02_395404,LCK_20260501_Hanwha_Life_Esports_vs_T1_S3,2,2026-05-01 11:19:40+00:00,16.08,RED,T1,Aphelios,2,22,12,0.5454545454545454,1,1.0,5,0.6,1
LOLTMNT02_395404,LCK_20260501_Hanwha_Life_Esports_vs_T1_S3,2,2026-05-01 11:19:40+00:00,16.08,RED,T1,Twisted Fate,3,11,8,0.7272727272727273,3,1.0,3,0.6666666666666666,1
LOLTMNT02_395404,LCK_20260501_Hanwha_Life_Esports_vs_T1_S3,2,2026-05-01 11:19:40+00:00,16.08,RED,T1,Sion,4,39,15,0.38461538461538464,5,0.4,3,1.0,1
LOLTMNT02_395404,LCK_20260501_Hanwha_Life_Esports_vs_T1_S3,2,2026-05-01 11:19:40+00:00,16.08,RED,T1,Lee Sin,5,21,12,0.5714285714285714,4,0.5,2,1.0,1
LOLTMNT02_395414,LCK_20260501_Hanwha_Life_Esports_vs_T1_S3,3,2026-05-01 12:17:37+00:00,16.08,BLUE,T1,Aurora,1,48,18,0.375,10,0.3,6,0.3333333333333333,0
LOLTMNT02_395414,LCK_20260501_Hanwha_Life_Esports_vs_T1_S3,3,2026-05-01 12:17:37+00:00,16.08,BLUE,T1,Pantheon,2,59,31,0.5254237288135594,8,0.375,6,0.5,0
LOLTMNT02_395414,LCK_20260501_Hanwha_Life_Esports_vs_T1_S3,3,2026-05-01 12:17:37+00:00,16.08,BLUE,T1,Gragas,3,2,0,0.0,0,,0,,0
LOLTMNT02_395414,LCK_20260501_Hanwha_Life_Esports_vs_T1_S3,3,2026-05-01 12:17:37+00:00,16.08,BLUE,T1,Poppy,4,12,6,0.5,2,0.5,0,,0
LOLTMNT02_395414,LCK_20260501_Hanwha_Life_Esports_vs_T1_S3,3,2026-05-01 12:17:37+00:00,16.08,BLUE,T1,Kai'Sa,5,13,9,0.6923076923076923,0,,3,0.6666666666666666,0
LOLTMNT02_395414,LCK_20260501_Hanwha_Life_Esports_vs_T1_S3,3,2026-05-01 12:17:37+00:00,16.08,RED,Hanwha Life Esports,Jayce,1,44,20,0.45454545454545453,10,0.6,3,1.0,1
LOLTMNT02_395414,LCK_20260501_Hanwha_Life_Esports_vs_T1_S3,3,2026-05-01 12:17:37+00:00,16.08,RED,Hanwha Life Esports,Vi,2,47,23,0.48936170212765956,5,0.4,6,0.8333333333333334,1
LOLTMNT02_395414,LCK_20260501_Hanwha_Life_Esports_vs_T1_S3,3,2026-05-01 12:17:37+00:00,16.08,RED,Hanwha Life Esports,Ahri,3,26,18,0.6923076923076923,5,0.8,3,1.0,1
LOLTMNT02_395414,LCK_20260501_Hanwha_Life_Esports_vs_T1_S3,3,2026-05-01 12:17:37+00:00,16.08,RED,Hanwha Life Esports,Rakan,4,26,16,0.6153846153846154,0,,5,0.6,1
LOLTMNT02_395414,LCK_20260501_Hanwha_Life_Esports_vs_T1_S3,3,2026-05-01 12:17:37+00:00,16.08,RED,Hanwha Life Esports,Xayah,5,10,7,0.7,1,1.0,2,1.0,1
LOLTMNT02_395585,LCK_20260502_Dplus_Kia_vs_Gen_G_S4,1,2026-05-02 08:06:29+00:00,16.08,BLUE,Dplus Kia,Annie,1,31,21,0.6774193548387096,12,0.6666666666666666,6,0.8333333333333334,0
LOLTMNT02_395585,LCK_20260502_Dplus_Kia_vs_Gen_G_S4,1,2026-05-02 08:06:29+00:00,16.08,BLUE,Dplus Kia,Jayce,2,45,21,0.4666666666666667,11,0.6363636363636364,6,0.3333333333333333,0
LOLTMNT02_395585,LCK_20260502_Dplus_Kia_vs_Gen_G_S4,1,2026-05-02 08:06:29+00:00,16.08,BLUE,Dplus Kia,Lee Sin,3,22,13,0.5909090909090909,5,0.6,7,0.5714285714285714,0
LOLTMNT02_395585,LCK_20260502_Dplus_Kia_vs_Gen_G_S4,1,2026-05-02 08:06:29+00:00,16.08,BLUE,Dplus Kia,Lucian,4,29,14,0.4827586206896552,6,0.5,4,0.75,0
LOLTMNT02_395585,LCK_20260502_Dplus_Kia_vs_Gen_G_S4,1,2026-05-02 08:06:29+00:00,16.08,BLUE,Dplus Kia,Nami,5,21,10,0.47619047619047616,2,0.5,5,0.4,0
LOLTMNT02_395585,LCK_20260502_Dplus_Kia_vs_Gen_G_S4,1,2026-05-02 08:06:29+00:00,16.08,RED,Gen.G,Bard,1,44,27,0.6136363636363636,7,0.7142857142857143,8,0.875,1
LOLTMNT02_395585,LCK_20260502_Dplus_Kia_vs_Gen_G_S4,1,2026-05-02 08:06:29+00:00,16.08,RED,Gen.G,Ryze,2,63,33,0.5238095238095238,5,0.6,5,0.8,1
LOLTMNT02_395585,LCK_20260502_Dplus_Kia_vs_Gen_G_S4,1,2026-05-02 08:06:29+00:00,16.08,RED,Gen.G,Caitlyn,3,23,12,0.5217391304347826,6,0.6666666666666666,3,0.6666666666666666,1
LOLTMNT02_395585,LCK_20260502_Dplus_Kia_vs_Gen_G_S4,1,2026-05-02 08:06:29+00:00,16.08,RED,Gen.G,Xin Zhao,4,72,32,0.4444444444444444,15,0.2,8,0.625,1
LOLTMNT02_395585,LCK_20260502_Dplus_Kia_vs_Gen_G_S4,1,2026-05-02 08:06:29+00:00,16.08,RED,Gen.G,Sion,5,40,16,0.4,6,0.5,5,1.0,1
LOLTMNT02_395589,LCK_20260502_Dplus_Kia_vs_Gen_G_S4,2,2026-05-02 08:55:15+00:00,16.08,BLUE,Gen.G,Seraphine,1,29,19,0.6551724137931034,5,0.6,7,0.5714285714285714,0
LOLTMNT02_395589,LCK_20260502_Dplus_Kia_vs_Gen_G_S4,2,2026-05-02 08:55:15+00:00,16.08,BLUE,Gen.G,Ashe,2,30,19,0.6333333333333333,5,0.8,6,0.6666666666666666,0
LOLTMNT02_395589,LCK_20260502_Dplus_Kia_vs_Gen_G_S4,2,2026-05-02 08:55:15+00:00,16.08,BLUE,Gen.G,Aurora,3,49,18,0.3673469387755102,11,0.2727272727272727,5,0.6,0
LOLTMNT02_395589,LCK_20260502_Dplus_Kia_vs_Gen_G_S4,2,2026-05-02 08:55:15+00:00,16.08,BLUE,Gen.G,Vi,4,48,24,0.5,6,0.5,4,0.75,0
LOLTMNT02_395589,LCK_20260502_Dplus_Kia_vs_Gen_G_S4,2,2026-05-02 08:55:15+00:00,16.08,BLUE,Gen.G,Aatrox,5,15,5,0.3333333333333333,0,,3,0.6666666666666666,0
LOLTMNT02_395589,LCK_20260502_Dplus_Kia_vs_Gen_G_S4,2,2026-05-02 08:55:15+00:00,16.08,RED,Dplus Kia,Jarvan IV,1,72,39,0.5416666666666666,12,0.75,11,0.7272727272727273,1
LOLTMNT02_395589,LCK_20260502_Dplus_Kia_vs_Gen_G_S4,2,2026-05-02 08:55:15+00:00,16.08,RED,Dplus Kia,Mel,2,11,3,0.2727272727272727,2,0.5,0,,1
LOLTMNT02_395589,LCK_20260502_Dplus_Kia_vs_Gen_G_S4,2,2026-05-02 08:55:15+00:00,16.08,RED,Dplus Kia,Pyke,3,5,1,0.2,0,,1,0.0,1
LOLTMNT02_395589,LCK_20260502_Dplus_Kia_vs_Gen_G_S4,2,2026-05-02 08:55:15+00:00,16.08,RED,Dplus Kia,Ahri,4,27,19,0.7037037037037037,6,0.8333333333333334,6,0.8333333333333334,1
LOLTMNT02_395589,LCK_20260502_Dplus_Kia_vs_Gen_G_S4,2,2026-05-02 08:55:15+00:00,16.08,RED,Dplus Kia,Gnar,5,52,32,0.6153846153846154,8,0.625,6,1.0,1
LOLTMNT02_394531,LCK_20260502_Dplus_Kia_vs_Gen_G_S4,3,2026-05-02 09:50:07+00:00,16.08,BLUE,Dplus Kia,Orianna,1,42,23,0.5476190476190477,3,0.6666666666666666,4,0.5,0
LOLTMNT02_394531,LCK_20260502_Dplus_Kia_vs_Gen_G_S4,3,2026-05-02 09:50:07+00:00,16.08,BLUE,Dplus Kia,Pantheon,2,60,31,0.5166666666666667,9,0.3333333333333333,5,0.6,0
LOLTMNT02_394531,LCK_20260502_Dplus_Kia_vs_Gen_G_S4,3,2026-05-02 09:50:07+00:00,16.08,BLUE,Dplus Kia,Rakan,3,27,17,0.6296296296296297,1,1.0,2,1.0,0
LOLTMNT02_394531,LCK_20260502_Dplus_Kia_vs_Gen_G_S4,3,2026-05-02 09:50:07+00:00,16.08,BLUE,Dplus Kia,Renekton,4,48,23,0.4791666666666667,7,0.14285714285714285,3,0.6666666666666666,0
LOLTMNT02_394531,LCK_20260502_Dplus_Kia_vs_Gen_G_S4,3,2026-05-02 09:50:07+00:00,16.08,BLUE,Dplus Kia,Sivir,5,25,15,0.6,4,0.75,5,0.8,0
LOLTMNT02_394531,LCK_20260502_Dplus_Kia_vs_Gen_G_S4,3,2026-05-02 09:50:07+00:00,16.08,RED,Gen.G,Karma,1,29,15,0.5172413793103449,7,0.5714285714285714,1,1.0,1
LOLTMNT02_394531,LCK_20260502_Dplus_Kia_vs_Gen_G_S4,3,2026-05-02 09:50:07+00:00,16.08,RED,Gen.G,Skarner,2,1,1,1.0,0,,1,1.0,1
LOLTMNT02_394531,LCK_20260502_Dplus_Kia_vs_Gen_G_S4,3,2026-05-02 09:50:07+00:00,16.08,RED,Gen.G,Ezreal,3,59,21,0.3559322033898305,10,0.0,3,0.6666666666666666,1
LOLTMNT02_394531,LCK_20260502_Dplus_Kia_vs_Gen_G_S4,3,2026-05-02 09:50:07+00:00,16.08,RED,Gen.G,Nidalee,4,1,1,1.0,0,,1,1.0,1
LOLTMNT02_394531,LCK_20260502_Dplus_Kia_vs_Gen_G_S4,3,2026-05-02 09:50:07+00:00,16.08,RED,Gen.G,Sylas,5,12,7,0.5833333333333334,1,1.0,1,1.0,1
LOLTMNT02_394554,LCK_20260502_Kiwoom_DRX_vs_Nongshim_RedForce_S4,1,2026-05-02 11:03:54+00:00,16.08,BLUE,Kiwoom DRX,Jarvan IV,1,73,40,0.547945205479452,13,0.7692307692307693,6,0.3333333333333333,1
LOLTMNT02_394554,LCK_20260502_Kiwoom_DRX_vs_Nongshim_RedForce_S4,1,2026-05-02 11:03:54+00:00,16.08,BLUE,Kiwoom DRX,Gnar,2,53,33,0.6226415094339622,9,0.6666666666666666,11,0.5454545454545454,1
LOLTMNT02_394554,LCK_20260502_Kiwoom_DRX_vs_Nongshim_RedForce_S4,1,2026-05-02 11:03:54+00:00,16.08,BLUE,Kiwoom DRX,Ryze,3,64,34,0.53125,6,0.6666666666666666,6,0.5,1
LOLTMNT02_394554,LCK_20260502_Kiwoom_DRX_vs_Nongshim_RedForce_S4,1,2026-05-02 11:03:54+00:00,16.08,BLUE,Kiwoom DRX,Ashe,4,31,19,0.6129032258064516,6,0.6666666666666666,0,,1
LOLTMNT02_394554,LCK_20260502_Kiwoom_DRX_vs_Nongshim_RedForce_S4,1,2026-05-02 11:03:54+00:00,16.08,BLUE,Kiwoom DRX,Seraphine,5,30,19,0.6333333333333333,6,0.5,0,,1
LOLTMNT02_394554,LCK_20260502_Kiwoom_DRX_vs_Nongshim_RedForce_S4,1,2026-05-02 11:03:54+00:00,16.08,RED,Nongshim RedForce,Ezreal,1,60,22,0.36666666666666664,11,0.09090909090909091,4,0.0,0
LOLTMNT02_394554,LCK_20260502_Kiwoom_DRX_vs_Nongshim_RedForce_S4,1,2026-05-02 11:03:54+00:00,16.08,RED,Nongshim RedForce,Neeko,2,52,27,0.5192307692307693,10,0.2,5,0.4,0
LOLTMNT02_394554,LCK_20260502_Kiwoom_DRX_vs_Nongshim_RedForce_S4,1,2026-05-02 11:03:54+00:00,16.08,RED,Nongshim RedForce,Vayne,3,7,5,0.7142857142857143,2,1.0,0,,0
LOLTMNT02_394554,LCK_20260502_Kiwoom_DRX_vs_Nongshim_RedForce_S4,1,2026-05-02 11:03:54+00:00,16.08,RED,Nongshim RedForce,Anivia,4,31,14,0.45161290322580644,7,0.2857142857142857,4,0.75,0
LOLTMNT02_394554,LCK_20260502_Kiwoom_DRX_vs_Nongshim_RedForce_S4,1,2026-05-02 11:03:54+00:00,16.08,RED,Nongshim RedForce,Lee Sin,5,23,13,0.5652173913043478,6,0.5,1,1.0,0
LOLTMNT02_395635,LCK_20260502_Kiwoom_DRX_vs_Nongshim_RedForce_S4,2,2026-05-02 11:52:31+00:00,16.08,BLUE,Kiwoom DRX,Annie,1,32,21,0.65625,13,0.6153846153846154,1,1.0,1
LOLTMNT02_395635,LCK_20260502_Kiwoom_DRX_vs_Nongshim_RedForce_S4,2,2026-05-02 11:52:31+00:00,16.08,BLUE,Kiwoom DRX,Xin Zhao,2,73,33,0.4520547945205479,16,0.25,13,0.3076923076923077,1
LOLTMNT02_395635,LCK_20260502_Kiwoom_DRX_vs_Nongshim_RedForce_S4,2,2026-05-02 11:52:31+00:00,16.08,BLUE,Kiwoom DRX,Renekton,3,49,23,0.46938775510204084,8,0.125,5,0.8,1
LOLTMNT02_395635,LCK_20260502_Kiwoom_DRX_vs_Nongshim_RedForce_S4,2,2026-05-02 11:52:31+00:00,16.08,BLUE,Kiwoom DRX,Yunara,4,69,32,0.463768115942029,10,0.2,13,0.3076923076923077,1
LOLTMNT02_395635,LCK_20260502_Kiwoom_DRX_vs_Nongshim_RedForce_S4,2,2026-05-02 11:52:31+00:00,16.08,BLUE,Kiwoom DRX,Nautilus,5,37,15,0.40540540540540543,8,0.25,10,0.4,1
LOLTMNT02_395635,LCK_20260502_Kiwoom_DRX_vs_Nongshim_RedForce_S4,2,2026-05-02 11:52:31+00:00,16.08,RED,Nongshim RedForce,Lucian,1,30,14,0.4666666666666667,7,0.42857142857142855,2,0.0,0
LOLTMNT02_395635,LCK_20260502_Kiwoom_DRX_vs_Nongshim_RedForce_S4,2,2026-05-02 11:52:31+00:00,16.08,RED,Nongshim RedForce,Milio,2,12,7,0.5833333333333334,6,0.6666666666666666,0,,0
LOLTMNT02_395635,LCK_20260502_Kiwoom_DRX_vs_Nongshim_RedForce_S4,2,2026-05-02 11:52:31+00:00,16.08,RED,Nongshim RedForce,Trundle,3,14,12,0.8571428571428571,5,1.0,1,1.0,0
LOLTMNT02_395635,LCK_20260502_Kiwoom_DRX_vs_Nongshim_RedForce_S4,2,2026-05-02 11:52:31+00:00,16.08,RED,Nongshim RedForce,Sion,4,41,17,0.4146341463414634,7,0.5714285714285714,6,0.16666666666666666,0
LOLTMNT02_395635,LCK_20260502_Kiwoom_DRX_vs_Nongshim_RedForce_S4,2,2026-05-02 11:52:31+00:00,16.08,RED,Nongshim RedForce,Hwei,5,3,2,0.6666666666666666,1,0.0,0,,0
LOLTMNT02_395698,LCK_20260503_HANJIN_BRION_vs_KT_Rolster_S3,1,2026-05-03 08:05:43+00:00,16.08,BLUE,KT Rolster,Jarvan IV,1,74,41,0.5540540540540541,14,0.7857142857142857,4,1.0,0
LOLTMNT02_395698,LCK_20260503_HANJIN_BRION_vs_KT_Rolster_S3,1,2026-05-03 08:05:43+00:00,16.08,BLUE,KT Rolster,Caitlyn,2,24,13,0.5416666666666666,7,0.7142857142857143,2,0.5,0
LOLTMNT02_395698,LCK_20260503_HANJIN_BRION_vs_KT_Rolster_S3,1,2026-05-03 08:05:43+00:00,16.08,BLUE,KT Rolster,Bard,3,45,28,0.6222222222222222,8,0.75,4,0.5,0
LOLTMNT02_395698,LCK_20260503_HANJIN_BRION_vs_KT_Rolster_S3,1,2026-05-03 08:05:43+00:00,16.08,BLUE,KT Rolster,Renekton,4,50,24,0.48,9,0.2222222222222222,8,0.25,0
LOLTMNT02_395698,LCK_20260503_HANJIN_BRION_vs_KT_Rolster_S3,1,2026-05-03 08:05:43+00:00,16.08,BLUE,KT Rolster,Mel,5,12,4,0.3333333333333333,3,0.6666666666666666,1,1.0,0
LOLTMNT02_395698,LCK_20260503_HANJIN_BRION_vs_KT_Rolster_S3,1,2026-05-03 08:05:43+00:00,16.08,RED,HANJIN BRION,Annie,1,33,22,0.6666666666666666,14,0.6428571428571429,4,0.5,1
LOLTMNT02_395698,LCK_20260503_HANJIN_BRION_vs_KT_Rolster_S3,1,2026-05-03 08:05:43+00:00,16.08,RED,HANJIN BRION,Lee Sin,2,24,13,0.5416666666666666,7,0.42857142857142855,2,0.0,1
LOLTMNT02_395698,LCK_20260503_HANJIN_BRION_vs_KT_Rolster_S3,1,2026-05-03 08:05:43+00:00,16.08,RED,HANJIN BRION,Ezreal,3,61,22,0.36065573770491804,12,0.08333333333333333,9,0.4444444444444444,1
LOLTMNT02_395698,LCK_20260503_HANJIN_BRION_vs_KT_Rolster_S3,1,2026-05-03 08:05:43+00:00,16.08,RED,HANJIN BRION,Elise,4,6,3,0.5,1,0.0,5,0.6,1
LOLTMNT02_395698,LCK_20260503_HANJIN_BRION_vs_KT_Rolster_S3,1,2026-05-03 08:05:43+00:00,16.08,RED,HANJIN BRION,Gnar,5,54,34,0.6296296296296297,10,0.7,3,0.3333333333333333,1
LOLTMNT02_395710,LCK_20260503_HANJIN_BRION_vs_KT_Rolster_S3,2,2026-05-03 09:08:53+00:00,16.08,BLUE,HANJIN BRION,Ashe,1,32,20,0.625,7,0.7142857142857143,1,0.0,1
LOLTMNT02_395710,LCK_20260503_HANJIN_BRION_vs_KT_Rolster_S3,2,2026-05-03 09:08:53+00:00,16.08,BLUE,HANJIN BRION,Lulu,2,46,19,0.41304347826086957,10,0.5,4,0.0,1
LOLTMNT02_395710,LCK_20260503_HANJIN_BRION_vs_KT_Rolster_S3,2,2026-05-03 09:08:53+00:00,16.08,BLUE,HANJIN BRION,Xin Zhao,3,74,34,0.4594594594594595,17,0.29411764705882354,6,0.5,1
LOLTMNT02_395710,LCK_20260503_HANJIN_BRION_vs_KT_Rolster_S3,2,2026-05-03 09:08:53+00:00,16.08,BLUE,HANJIN BRION,Jayce,4,46,21,0.45652173913043476,12,0.5833333333333334,3,0.3333333333333333,1
LOLTMNT02_395710,LCK_20260503_HANJIN_BRION_vs_KT_Rolster_S3,2,2026-05-03 09:08:53+00:00,16.08,BLUE,HANJIN BRION,Aurora,5,50,18,0.36,12,0.25,5,0.6,1
LOLTMNT02_395710,LCK_20260503_HANJIN_BRION_vs_KT_Rolster_S3,2,2026-05-03 09:08:53+00:00,16.08,RED,KT Rolster,Seraphine,1,31,20,0.6451612903225806,7,0.5714285714285714,4,1.0,0
LOLTMNT02_395710,LCK_20260503_HANJIN_BRION_vs_KT_Rolster_S3,2,2026-05-03 09:08:53+00:00,16.08,RED,KT Rolster,Jhin,2,43,24,0.5581395348837209,10,0.7,2,1.0,0
LOLTMNT02_395710,LCK_20260503_HANJIN_BRION_vs_KT_Rolster_S3,2,2026-05-03 09:08:53+00:00,16.08,RED,KT Rolster,Wukong,3,38,17,0.4473684210526316,3,0.3333333333333333,5,0.2,0
LOLTMNT02_395710,LCK_20260503_HANJIN_BRION_vs_KT_Rolster_S3,2,2026-05-03 09:08:53+00:00,16.08,RED,KT Rolster,Ahri,4,28,20,0.7142857142857143,7,0.8571428571428571,4,1.0,0
LOLTMNT02_395710,LCK_20260503_HANJIN_BRION_vs_KT_Rolster_S3,2,2026-05-03 09:08:53+00:00,16.08,RED,KT Rolster,Yorick,5,19,10,0.5263157894736842,4,0.5,2,1.0,0
LOLTMNT02_395739,LCK_20260503_BNK_FEARX_vs_DN_SOOPers_S4,1,2026-05-03 10:24:27+00:00,16.08,BLUE,BNK FEARX,Lucian,1,31,14,0.45161290322580644,8,0.375,7,0.42857142857142855,1
LOLTMNT02_395739,LCK_20260503_BNK_FEARX_vs_DN_SOOPers_S4,1,2026-05-03 10:24:27+00:00,16.08,BLUE,BNK FEARX,Milio,2,13,7,0.5384615384615384,7,0.5714285714285714,5,0.4,1
LOLTMNT02_395739,LCK_20260503_BNK_FEARX_vs_DN_SOOPers_S4,1,2026-05-03 10:24:27+00:00,16.08,BLUE,BNK FEARX,Pantheon,3,61,31,0.5081967213114754,10,0.3,8,0.625,1
LOLTMNT02_395739,LCK_20260503_BNK_FEARX_vs_DN_SOOPers_S4,1,2026-05-03 10:24:27+00:00,16.08,BLUE,BNK FEARX,Annie,4,34,23,0.6764705882352942,15,0.6666666666666666,1,1.0,1
LOLTMNT02_395739,LCK_20260503_BNK_FEARX_vs_DN_SOOPers_S4,1,2026-05-03 10:24:27+00:00,16.08,BLUE,BNK FEARX,Gnar,5,55,35,0.6363636363636364,11,0.7272727272727273,6,0.3333333333333333,1
LOLTMNT02_395739,LCK_20260503_BNK_FEARX_vs_DN_SOOPers_S4,1,2026-05-03 10:24:27+00:00,16.08,RED,DN SOOPers,Jarvan IV,1,75,41,0.5466666666666666,15,0.7333333333333333,8,0.125,0
LOLTMNT02_395739,LCK_20260503_BNK_FEARX_vs_DN_SOOPers_S4,1,2026-05-03 10:24:27+00:00,16.08,RED,DN SOOPers,Ashe,2,33,21,0.6363636363636364,8,0.75,4,0.0,0
LOLTMNT02_395739,LCK_20260503_BNK_FEARX_vs_DN_SOOPers_S4,1,2026-05-03 10:24:27+00:00,16.08,RED,DN SOOPers,Seraphine,3,32,20,0.625,8,0.5,2,0.0,0
LOLTMNT02_395739,LCK_20260503_BNK_FEARX_vs_DN_SOOPers_S4,1,2026-05-03 10:24:27+00:00,16.08,RED,DN SOOPers,Renekton,4,51,24,0.47058823529411764,10,0.2,5,0.4,0
LOLTMNT02_395739,LCK_20260503_BNK_FEARX_vs_DN_SOOPers_S4,1,2026-05-03 10:24:27+00:00,16.08,RED,DN SOOPers,Aurora,5,51,19,0.37254901960784315,13,0.3076923076923077,4,0.0,0
LOLTMNT02_395741,LCK_20260503_BNK_FEARX_vs_DN_SOOPers_S4,2,2026-05-03 11:12:34+00:00,16.08,BLUE,BNK FEARX,Ezreal,1,62,23,0.3709677419354839,13,0.15384615384615385,13,0.3076923076923077,1
LOLTMNT02_395741,LCK_20260503_BNK_FEARX_vs_DN_SOOPers_S4,2,2026-05-03 11:12:34+00:00,16.08,BLUE,BNK FEARX,Trundle,2,15,12,0.8,6,0.8333333333333334,2,1.0,1
LOLTMNT02_395741,LCK_20260503_BNK_FEARX_vs_DN_SOOPers_S4,2,2026-05-03 11:12:34+00:00,16.08,BLUE,BNK FEARX,Neeko,3,53,27,0.5094339622641509,11,0.18181818181818182,8,0.5,1
LOLTMNT02_395741,LCK_20260503_BNK_FEARX_vs_DN_SOOPers_S4,2,2026-05-03 11:12:34+00:00,16.08,BLUE,BNK FEARX,Azir,4,59,27,0.4576271186440678,9,0.5555555555555556,5,0.4,1
LOLTMNT02_395741,LCK_20260503_BNK_FEARX_vs_DN_SOOPers_S4,2,2026-05-03 11:12:34+00:00,16.08,BLUE,BNK FEARX,Vayne,5,8,5,0.625,3,0.6666666666666666,0,,1
LOLTMNT02_395741,LCK_20260503_BNK_FEARX_vs_DN_SOOPers_S4,2,2026-05-03 11:12:34+00:00,16.08,RED,DN SOOPers,Xin Zhao,1,75,35,0.4666666666666667,18,0.3333333333333333,3,0.0,0
LOLTMNT02_395741,LCK_20260503_BNK_FEARX_vs_DN_SOOPers_S4,2,2026-05-03 11:12:34+00:00,16.08,RED,DN SOOPers,Yunara,2,70,33,0.4714285714285714,11,0.2727272727272727,8,0.25,0
LOLTMNT02_395741,LCK_20260503_BNK_FEARX_vs_DN_SOOPers_S4,2,2026-05-03 11:12:34+00:00,16.08,RED,DN SOOPers,Lulu,3,47,20,0.425531914893617,11,0.5454545454545454,5,0.0,0
LOLTMNT02_395741,LCK_20260503_BNK_FEARX_vs_DN_SOOPers_S4,2,2026-05-03 11:12:34+00:00,16.08,RED,DN SOOPers,Sylas,4,13,8,0.6153846153846154,2,1.0,2,0.5,0
LOLTMNT02_395741,LCK_20260503_BNK_FEARX_vs_DN_SOOPers_S4,2,2026-05-03 11:12:34+00:00,16.08,RED,DN SOOPers,Ambessa,5,54,22,0.4074074074074074,5,0.4,6,0.3333333333333333,0
LOLTMNT01_375534,LCK_20260506_Gen_G_vs_Nongshim_RedForce_S2,1,2026-05-06 08:06:15+00:00,16.09,BLUE,Nongshim RedForce,Nocturne,1,36,18,0.5,0,,3,0.3333333333333333,0
LOLTMNT01_375534,LCK_20260506_Gen_G_vs_Nongshim_RedForce_S2,1,2026-05-06 08:06:15+00:00,16.09,BLUE,Nongshim RedForce,Ezreal,2,63,24,0.38095238095238093,0,,5,0.0,0
LOLTMNT01_375534,LCK_20260506_Gen_G_vs_Nongshim_RedForce_S2,1,2026-05-06 08:06:15+00:00,16.09,BLUE,Nongshim RedForce,Neeko,3,54,28,0.5185185185185185,0,,6,0.3333333333333333,0
LOLTMNT01_375534,LCK_20260506_Gen_G_vs_Nongshim_RedForce_S2,1,2026-05-06 08:06:15+00:00,16.09,BLUE,Nongshim RedForce,Sion,4,42,17,0.40476190476190477,0,,7,0.14285714285714285,0
LOLTMNT01_375534,LCK_20260506_Gen_G_vs_Nongshim_RedForce_S2,1,2026-05-06 08:06:15+00:00,16.09,BLUE,Nongshim RedForce,Ryze,5,65,35,0.5384615384615384,0,,5,0.6,0
LOLTMNT01_375534,LCK_20260506_Gen_G_vs_Nongshim_RedForce_S2,1,2026-05-06 08:06:15+00:00,16.09,RED,Gen.G,Xin Zhao,1,76,35,0.4605263157894737,0,,9,0.6666666666666666,1
LOLTMNT01_375534,LCK_20260506_Gen_G_vs_Nongshim_RedForce_S2,1,2026-05-06 08:06:15+00:00,16.09,RED,Gen.G,Seraphine,2,33,20,0.6060606060606061,0,,8,0.5,1
LOLTMNT01_375534,LCK_20260506_Gen_G_vs_Nongshim_RedForce_S2,1,2026-05-06 08:06:15+00:00,16.09,RED,Gen.G,Ashe,3,34,21,0.6176470588235294,0,,7,0.5714285714285714,1
LOLTMNT01_375534,LCK_20260506_Gen_G_vs_Nongshim_RedForce_S2,1,2026-05-06 08:06:15+00:00,16.09,RED,Gen.G,Renekton,4,52,24,0.46153846153846156,0,,4,1.0,1
LOLTMNT01_375534,LCK_20260506_Gen_G_vs_Nongshim_RedForce_S2,1,2026-05-06 08:06:15+00:00,16.09,RED,Gen.G,Cassiopeia,5,14,6,0.42857142857142855,0,,1,1.0,1
LOLTMNT01_375573,LCK_20260506_Gen_G_vs_Nongshim_RedForce_S2,2,2026-05-06 09:11:56+00:00,16.09,BLUE,Gen.G,Karma,1,30,16,0.5333333333333333,0,,2,1.0,1
LOLTMNT01_375573,LCK_20260506_Gen_G_vs_Nongshim_RedForce_S2,2,2026-05-06 09:11:56+00:00,16.09,BLUE,Gen.G,Skarner,2,2,2,1.0,0,,2,1.0,1
LOLTMNT01_375573,LCK_20260506_Gen_G_vs_Nongshim_RedForce_S2,2,2026-05-06 09:11:56+00:00,16.09,BLUE,Gen.G,Jhin,3,44,24,0.5454545454545454,0,,6,1.0,1
LOLTMNT01_375573,LCK_20260506_Gen_G_vs_Nongshim_RedForce_S2,2,2026-05-06 09:11:56+00:00,16.09,BLUE,Gen.G,Gnar,4,56,36,0.6428571428571429,0,,4,0.75,1
LOLTMNT01_375573,LCK_20260506_Gen_G_vs_Nongshim_RedForce_S2,2,2026-05-06 09:11:56+00:00,16.09,BLUE,Gen.G,Mel,5,13,4,0.3076923076923077,0,,2,0.5,1
LOLTMNT01_375573,LCK_20260506_Gen_G_vs_Nongshim_RedForce_S2,2,2026-05-06 09:11:56+00:00,16.09,RED,Nongshim RedForce,Pantheon,1,62,32,0.5161290322580645,0,,7,0.42857142857142855,0
LOLTMNT01_375573,LCK_20260506_Gen_G_vs_Nongshim_RedForce_S2,2,2026-05-06 09:11:56+00:00,16.09,RED,Nongshim RedForce,Nautilus,2,38,16,0.42105263157894735,0,,4,0.5,0
LOLTMNT01_375573,LCK_20260506_Gen_G_vs_Nongshim_RedForce_S2,2,2026-05-06 09:11:56+00:00,16.09,RED,Nongshim RedForce,Miss Fortune,3,12,5,0.4166666666666667,0,,0,,0
LOLTMNT01_375573,LCK_20260506_Gen_G_vs_Nongshim_RedForce_S2,2,2026-05-06 09:11:56+00:00,16.09,RED,Nongshim RedForce,Azir,4,60,28,0.4666666666666667,0,,9,0.4444444444444444,0
LOLTMNT01_375573,LCK_20260506_Gen_G_vs_Nongshim_RedForce_S2,2,2026-05-06 09:11:56+00:00,16.09,RED,Nongshim RedForce,Twisted Fate,5,12,9,0.75,0,,0,,0
LOLTMNT01_376550,LCK_20260506_DN_SOOPers_vs_Hanwha_Life_Esports_S3,1,2026-05-06 10:34:43+00:00,16.09,BLUE,DN SOOPers,Pantheon,1,63,32,0.5079365079365079,1,0.0,5,0.4,0
LOLTMNT01_376550,LCK_20260506_DN_SOOPers_vs_Hanwha_Life_Esports_S3,1,2026-05-06 10:34:43+00:00,16.09,BLUE,DN SOOPers,Karma,2,31,17,0.5483870967741935,1,1.0,0,,0
LOLTMNT01_376550,LCK_20260506_DN_SOOPers_vs_Hanwha_Life_Esports_S3,1,2026-05-06 10:34:43+00:00,16.09,BLUE,DN SOOPers,Jhin,3,45,25,0.5555555555555556,1,1.0,4,0.25,0
LOLTMNT01_376550,LCK_20260506_DN_SOOPers_vs_Hanwha_Life_Esports_S3,1,2026-05-06 10:34:43+00:00,16.09,BLUE,DN SOOPers,Ahri,4,29,20,0.6896551724137931,0,,6,0.6666666666666666,0
LOLTMNT01_376550,LCK_20260506_DN_SOOPers_vs_Hanwha_Life_Esports_S3,1,2026-05-06 10:34:43+00:00,16.09,BLUE,DN SOOPers,Renekton,5,53,25,0.4716981132075472,1,1.0,6,0.3333333333333333,0
LOLTMNT01_376550,LCK_20260506_DN_SOOPers_vs_Hanwha_Life_Esports_S3,1,2026-05-06 10:34:43+00:00,16.09,RED,Hanwha Life Esports,Bard,1,46,28,0.6086956521739131,0,,7,0.5714285714285714,1
LOLTMNT01_376550,LCK_20260506_DN_SOOPers_vs_Hanwha_Life_Esports_S3,1,2026-05-06 10:34:43+00:00,16.09,RED,Hanwha Life Esports,Caitlyn,2,25,13,0.52,0,,1,1.0,1
LOLTMNT01_376550,LCK_20260506_DN_SOOPers_vs_Hanwha_Life_Esports_S3,1,2026-05-06 10:34:43+00:00,16.09,RED,Hanwha Life Esports,Xin Zhao,3,77,36,0.4675324675324675,1,1.0,8,0.5,1
LOLTMNT01_376550,LCK_20260506_DN_SOOPers_vs_Hanwha_Life_Esports_S3,1,2026-05-06 10:34:43+00:00,16.09,RED,Hanwha Life Esports,Aurora,4,52,19,0.36538461538461536,0,,8,0.5,1
LOLTMNT01_376550,LCK_20260506_DN_SOOPers_vs_Hanwha_Life_Esports_S3,1,2026-05-06 10:34:43+00:00,16.09,RED,Hanwha Life Esports,Gnar,5,57,37,0.6491228070175439,1,1.0,6,0.8333333333333334,1
LOLTMNT01_376585,LCK_20260506_DN_SOOPers_vs_Hanwha_Life_Esports_S3,2,2026-05-06 11:22:02+00:00,16.09,BLUE,Hanwha Life Esports,Nocturne,1,37,18,0.4864864864864865,1,0.0,1,1.0,1
LOLTMNT01_376585,LCK_20260506_DN_SOOPers_vs_Hanwha_Life_Esports_S3,2,2026-05-06 11:22:02+00:00,16.09,BLUE,Hanwha Life Esports,Lucian,2,32,15,0.46875,0,,2,0.5,1
LOLTMNT01_376585,LCK_20260506_DN_SOOPers_vs_Hanwha_Life_Esports_S3,2,2026-05-06 11:22:02+00:00,16.09,BLUE,Hanwha Life Esports,Milio,3,14,8,0.5714285714285714,0,,1,1.0,1
LOLTMNT01_376585,LCK_20260506_DN_SOOPers_vs_Hanwha_Life_Esports_S3,2,2026-05-06 11:22:02+00:00,16.09,BLUE,Hanwha Life Esports,Twisted Fate,4,13,9,0.6923076923076923,1,0.0,0,,1
LOLTMNT01_376585,LCK_20260506_DN_SOOPers_vs_Hanwha_Life_Esports_S3,2,2026-05-06 11:22:02+00:00,16.09,BLUE,Hanwha Life Esports,Jayce,5,47,22,0.46808510638297873,0,,4,1.0,1
LOLTMNT01_376585,LCK_20260506_DN_SOOPers_vs_Hanwha_Life_Esports_S3,2,2026-05-06 11:22:02+00:00,16.09,RED,DN SOOPers,Ryze,1,66,35,0.5303030303030303,1,0.0,3,0.6666666666666666,0
LOLTMNT01_376585,LCK_20260506_DN_SOOPers_vs_Hanwha_Life_Esports_S3,2,2026-05-06 11:22:02+00:00,16.09,RED,DN SOOPers,Naafiri,2,10,5,0.5,0,,3,0.6666666666666666,0
LOLTMNT01_376585,LCK_20260506_DN_SOOPers_vs_Hanwha_Life_Esports_S3,2,2026-05-06 11:22:02+00:00,16.09,RED,DN SOOPers,Nautilus,3,39,16,0.41025641025641024,1,0.0,4,0.0,0
LOLTMNT01_376585,LCK_20260506_DN_SOOPers_vs_Hanwha_Life_Esports_S3,2,2026-05-06 11:22:02+00:00,16.09,RED,DN SOOPers,Senna,4,1,0,0.0,0,,0,,0
LOLTMNT01_376585,LCK_20260506_DN_SOOPers_vs_Hanwha_Life_Esports_S3,2,2026-05-06 11:22:02+00:00,16.09,RED,DN SOOPers,K'Sante,5,44,19,0.4318181818181818,0,,5,0.6,0
LOLTMNT01_378089,LCK_20260507_Dplus_Kia_vs_KT_Rolster_S2,1,2026-05-07 08:07:34+00:00,16.09,BLUE,KT Rolster,Ashe,1,35,22,0.6285714285714286,1,1.0,4,1.0,1
LOLTMNT01_378089,LCK_20260507_Dplus_Kia_vs_KT_Rolster_S2,1,2026-05-07 08:07:34+00:00,16.09,BLUE,KT Rolster,Jarvan IV,2,76,41,0.5394736842105263,0,,5,0.8,1
LOLTMNT01_378089,LCK_20260507_Dplus_Kia_vs_KT_Rolster_S2,1,2026-05-07 08:07:34+00:00,16.09,BLUE,KT Rolster,Seraphine,3,34,21,0.6176470588235294,1,1.0,5,0.8,1
LOLTMNT01_378089,LCK_20260507_Dplus_Kia_vs_KT_Rolster_S2,1,2026-05-07 08:07:34+00:00,16.09,BLUE,KT Rolster,Ryze,4,67,35,0.5223880597014925,2,0.0,8,0.625,1
LOLTMNT01_378089,LCK_20260507_Dplus_Kia_vs_KT_Rolster_S2,1,2026-05-07 08:07:34+00:00,16.09,BLUE,KT Rolster,Zaahen,5,23,13,0.5652173913043478,0,,3,1.0,1
LOLTMNT01_378089,LCK_20260507_Dplus_Kia_vs_KT_Rolster_S2,1,2026-05-07 08:07:34+00:00,16.09,RED,Dplus Kia,Orianna,1,43,23,0.5348837209302325,0,,5,0.4,0
LOLTMNT01_378089,LCK_20260507_Dplus_Kia_vs_KT_Rolster_S2,1,2026-05-07 08:07:34+00:00,16.09,RED,Dplus Kia,Xin Zhao,2,78,37,0.47435897435897434,2,1.0,6,0.5,0
LOLTMNT01_378089,LCK_20260507_Dplus_Kia_vs_KT_Rolster_S2,1,2026-05-07 08:07:34+00:00,16.09,RED,Dplus Kia,Bard,3,47,29,0.6170212765957447,1,1.0,6,0.6666666666666666,0
LOLTMNT01_378089,LCK_20260507_Dplus_Kia_vs_KT_Rolster_S2,1,2026-05-07 08:07:34+00:00,16.09,RED,Dplus Kia,Jhin,4,46,25,0.5434782608695652,2,0.5,5,0.6,0
LOLTMNT01_378089,LCK_20260507_Dplus_Kia_vs_KT_Rolster_S2,1,2026-05-07 08:07:34+00:00,16.09,RED,Dplus Kia,Sion,5,43,17,0.3953488372093023,1,0.0,5,0.2,0
LOLTMNT01_378106,LCK_20260507_Dplus_Kia_vs_KT_Rolster_S2,2,2026-05-07 09:01:55+00:00,16.09,BLUE,KT Rolster,Yunara,1,71,33,0.4647887323943662,0,,8,0.625,1
LOLTMNT01_378106,LCK_20260507_Dplus_Kia_vs_KT_Rolster_S2,2,2026-05-07 09:01:55+00:00,16.09,BLUE,KT Rolster,Lulu,2,48,20,0.4166666666666667,0,,4,0.75,1
LOLTMNT01_378106,LCK_20260507_Dplus_Kia_vs_KT_Rolster_S2,2,2026-05-07 09:01:55+00:00,16.09,BLUE,KT Rolster,Yorick,3,20,10,0.5,0,,3,0.6666666666666666,1
LOLTMNT01_378106,LCK_20260507_Dplus_Kia_vs_KT_Rolster_S2,2,2026-05-07 09:01:55+00:00,16.09,BLUE,KT Rolster,Naafiri,4,11,5,0.45454545454545453,1,0.0,1,1.0,1
LOLTMNT01_378106,LCK_20260507_Dplus_Kia_vs_KT_Rolster_S2,2,2026-05-07 09:01:55+00:00,16.09,BLUE,KT Rolster,Taliyah,5,36,13,0.3611111111111111,0,,6,0.16666666666666666,1
LOLTMNT01_378106,LCK_20260507_Dplus_Kia_vs_KT_Rolster_S2,2,2026-05-07 09:01:55+00:00,16.09,RED,Dplus Kia,Jayce,1,48,23,0.4791666666666667,1,1.0,7,0.2857142857142857,0
LOLTMNT01_378106,LCK_20260507_Dplus_Kia_vs_KT_Rolster_S2,2,2026-05-07 09:01:55+00:00,16.09,RED,Dplus Kia,Caitlyn,2,26,14,0.5384615384615384,1,1.0,1,1.0,0
LOLTMNT01_378106,LCK_20260507_Dplus_Kia_vs_KT_Rolster_S2,2,2026-05-07 09:01:55+00:00,16.09,RED,Dplus Kia,Lux,3,2,2,1.0,0,,0,,0
LOLTMNT01_378106,LCK_20260507_Dplus_Kia_vs_KT_Rolster_S2,2,2026-05-07 09:01:55+00:00,16.09,RED,Dplus Kia,Viktor,4,8,2,0.25,0,,1,0.0,0
LOLTMNT01_378106,LCK_20260507_Dplus_Kia_vs_KT_Rolster_S2,2,2026-05-07 09:01:55+00:00,16.09,RED,Dplus Kia,Skarner,5,3,3,1.0,1,1.0,0,,0
LOLTMNT01_378144,LCK_20260507_BNK_FEARX_vs_HANJIN_BRION_S3,1,2026-05-07 10:30:17+00:00,16.09,BLUE,BNK FEARX,Bard,1,48,29,0.6041666666666666,2,0.5,4,0.25,0
LOLTMNT01_378144,LCK_20260507_BNK_FEARX_vs_HANJIN_BRION_S3,1,2026-05-07 10:30:17+00:00,16.09,BLUE,BNK FEARX,Ezreal,2,64,24,0.375,1,0.0,14,0.35714285714285715,0
LOLTMNT01_378144,LCK_20260507_BNK_FEARX_vs_HANJIN_BRION_S3,1,2026-05-07 10:30:17+00:00,16.09,BLUE,BNK FEARX,Pantheon,3,64,32,0.5,2,0.0,9,0.6666666666666666,0
LOLTMNT01_378144,LCK_20260507_BNK_FEARX_vs_HANJIN_BRION_S3,1,2026-05-07 10:30:17+00:00,16.09,BLUE,BNK FEARX,Renekton,4,54,25,0.46296296296296297,2,0.5,10,0.7,0
LOLTMNT01_378144,LCK_20260507_BNK_FEARX_vs_HANJIN_BRION_S3,1,2026-05-07 10:30:17+00:00,16.09,BLUE,BNK FEARX,Anivia,5,32,14,0.4375,0,,1,0.0,0
LOLTMNT01_378144,LCK_20260507_BNK_FEARX_vs_HANJIN_BRION_S3,1,2026-05-07 10:30:17+00:00,16.09,RED,HANJIN BRION,Nocturne,1,38,19,0.5,2,0.5,5,0.4,1
LOLTMNT01_378144,LCK_20260507_BNK_FEARX_vs_HANJIN_BRION_S3,1,2026-05-07 10:30:17+00:00,16.09,RED,HANJIN BRION,Neeko,2,55,28,0.509090909090909,1,0.0,8,0.375,1
LOLTMNT01_378144,LCK_20260507_BNK_FEARX_vs_HANJIN_BRION_S3,1,2026-05-07 10:30:17+00:00,16.09,RED,HANJIN BRION,Jhin,3,47,25,0.5319148936170213,3,0.3333333333333333,4,0.0,1
LOLTMNT01_378144,LCK_20260507_BNK_FEARX_vs_HANJIN_BRION_S3,1,2026-05-07 10:30:17+00:00,16.09,RED,HANJIN BRION,Gnar,4,58,38,0.6551724137931034,2,1.0,4,0.5,1
LOLTMNT01_378144,LCK_20260507_BNK_FEARX_vs_HANJIN_BRION_S3,1,2026-05-07 10:30:17+00:00,16.09,RED,HANJIN BRION,Ryze,5,68,36,0.5294117647058824,3,0.3333333333333333,7,0.14285714285714285,1
LOLTMNT01_378170,LCK_20260507_BNK_FEARX_vs_HANJIN_BRION_S3,2,2026-05-07 11:22:31+00:00,16.09,BLUE,HANJIN BRION,Lucian,1,33,16,0.48484848484848486,1,1.0,3,0.3333333333333333,1
LOLTMNT01_378170,LCK_20260507_BNK_FEARX_vs_HANJIN_BRION_S3,2,2026-05-07 11:22:31+00:00,16.09,BLUE,HANJIN BRION,Trundle,2,16,13,0.8125,0,,3,0.6666666666666666,1
LOLTMNT01_378170,LCK_20260507_BNK_FEARX_vs_HANJIN_BRION_S3,2,2026-05-07 11:22:31+00:00,16.09,BLUE,HANJIN BRION,Milio,3,15,9,0.6,1,1.0,1,1.0,1
LOLTMNT01_378170,LCK_20260507_BNK_FEARX_vs_HANJIN_BRION_S3,2,2026-05-07 11:22:31+00:00,16.09,BLUE,HANJIN BRION,Aurora,4,53,20,0.37735849056603776,1,1.0,6,0.6666666666666666,1
LOLTMNT01_378170,LCK_20260507_BNK_FEARX_vs_HANJIN_BRION_S3,2,2026-05-07 11:22:31+00:00,16.09,BLUE,HANJIN BRION,Zaahen,5,24,14,0.5833333333333334,1,1.0,2,0.0,1
LOLTMNT01_378170,LCK_20260507_BNK_FEARX_vs_HANJIN_BRION_S3,2,2026-05-07 11:22:31+00:00,16.09,RED,BNK FEARX,Ashe,1,36,23,0.6388888888888888,2,1.0,5,0.6,0
LOLTMNT01_378170,LCK_20260507_BNK_FEARX_vs_HANJIN_BRION_S3,2,2026-05-07 11:22:31+00:00,16.09,RED,BNK FEARX,Seraphine,2,35,22,0.6285714285714286,2,1.0,5,0.6,0
LOLTMNT01_378170,LCK_20260507_BNK_FEARX_vs_HANJIN_BRION_S3,2,2026-05-07 11:22:31+00:00,16.09,RED,BNK FEARX,Vi,3,49,24,0.4897959183673469,0,,1,1.0,0
LOLTMNT01_378170,LCK_20260507_BNK_FEARX_vs_HANJIN_BRION_S3,2,2026-05-07 11:22:31+00:00,16.09,RED,BNK FEARX,Ambessa,4,55,22,0.4,0,,3,0.0,0
LOLTMNT01_378170,LCK_20260507_BNK_FEARX_vs_HANJIN_BRION_S3,2,2026-05-07 11:22:31+00:00,16.09,RED,BNK FEARX,Ahri,5,30,20,0.6666666666666666,1,0.0,5,0.4,0
LOLTMNT01_378734,LCK_20260508_DN_SOOPers_vs_T1_S2,1,2026-05-08 08:05:48+00:00,16.09,BLUE,T1,Ashe,1,37,23,0.6216216216216216,3,0.6666666666666666,1,1.0,1
LOLTMNT01_378734,LCK_20260508_DN_SOOPers_vs_T1_S2,1,2026-05-08 08:05:48+00:00,16.09,BLUE,T1,Xin Zhao,2,79,37,0.46835443037974683,3,0.6666666666666666,9,0.7777777777777778,1
LOLTMNT01_378734,LCK_20260508_DN_SOOPers_vs_T1_S2,1,2026-05-08 08:05:48+00:00,16.09,BLUE,T1,Seraphine,3,36,22,0.6111111111111112,3,0.6666666666666666,1,1.0,1
LOLTMNT01_378734,LCK_20260508_DN_SOOPers_vs_T1_S2,1,2026-05-08 08:05:48+00:00,16.09,BLUE,T1,Jayce,4,49,23,0.46938775510204084,2,0.5,6,0.8333333333333334,1
LOLTMNT01_378734,LCK_20260508_DN_SOOPers_vs_T1_S2,1,2026-05-08 08:05:48+00:00,16.09,BLUE,T1,Ahri,5,31,20,0.6451612903225806,2,0.0,0,,1
LOLTMNT01_378734,LCK_20260508_DN_SOOPers_vs_T1_S2,1,2026-05-08 08:05:48+00:00,16.09,RED,DN SOOPers,Ziggs,1,16,8,0.5,0,,3,0.3333333333333333,0
LOLTMNT01_378734,LCK_20260508_DN_SOOPers_vs_T1_S2,1,2026-05-08 08:05:48+00:00,16.09,RED,DN SOOPers,Vi,2,50,24,0.48,1,0.0,6,0.0,0
LOLTMNT01_378734,LCK_20260508_DN_SOOPers_vs_T1_S2,1,2026-05-08 08:05:48+00:00,16.09,RED,DN SOOPers,Yone,3,14,8,0.5714285714285714,0,,3,0.3333333333333333,0
LOLTMNT01_378734,LCK_20260508_DN_SOOPers_vs_T1_S2,1,2026-05-08 08:05:48+00:00,16.09,RED,DN SOOPers,Camille,4,1,1,1.0,0,,0,,0
LOLTMNT01_378734,LCK_20260508_DN_SOOPers_vs_T1_S2,1,2026-05-08 08:05:48+00:00,16.09,RED,DN SOOPers,K'Sante,5,45,19,0.4222222222222222,1,0.0,6,0.5,0
LOLTMNT01_378764,LCK_20260508_DN_SOOPers_vs_T1_S2,2,2026-05-08 08:52:21+00:00,16.09,BLUE,T1,Orianna,1,44,23,0.5227272727272727,1,0.0,4,0.75,1
LOLTMNT01_378764,LCK_20260508_DN_SOOPers_vs_T1_S2,2,2026-05-08 08:52:21+00:00,16.09,BLUE,T1,Jarvan IV,2,77,42,0.5454545454545454,1,1.0,6,0.5,1
LOLTMNT01_378764,LCK_20260508_DN_SOOPers_vs_T1_S2,2,2026-05-08 08:52:21+00:00,16.09,BLUE,T1,Neeko,3,56,29,0.5178571428571429,2,0.5,6,0.6666666666666666,1
LOLTMNT01_378764,LCK_20260508_DN_SOOPers_vs_T1_S2,2,2026-05-08 08:52:21+00:00,16.09,BLUE,T1,Sivir,4,26,15,0.5769230769230769,0,,1,1.0,1
LOLTMNT01_378764,LCK_20260508_DN_SOOPers_vs_T1_S2,2,2026-05-08 08:52:21+00:00,16.09,BLUE,T1,Renekton,5,55,25,0.45454545454545453,3,0.3333333333333333,1,0.0,1
LOLTMNT01_378764,LCK_20260508_DN_SOOPers_vs_T1_S2,2,2026-05-08 08:52:21+00:00,16.09,RED,DN SOOPers,Akali,1,24,9,0.375,0,,2,0.5,0
LOLTMNT01_378764,LCK_20260508_DN_SOOPers_vs_T1_S2,2,2026-05-08 08:52:21+00:00,16.09,RED,DN SOOPers,Nocturne,2,39,20,0.5128205128205128,3,0.6666666666666666,4,0.25,0
LOLTMNT01_378764,LCK_20260508_DN_SOOPers_vs_T1_S2,2,2026-05-08 08:52:21+00:00,16.09,RED,DN SOOPers,Jhin,3,48,26,0.5416666666666666,4,0.5,5,0.2,0
LOLTMNT01_378764,LCK_20260508_DN_SOOPers_vs_T1_S2,2,2026-05-08 08:52:21+00:00,16.09,RED,DN SOOPers,Rakan,4,28,17,0.6071428571428571,0,,6,0.6666666666666666,0
LOLTMNT01_378764,LCK_20260508_DN_SOOPers_vs_T1_S2,2,2026-05-08 08:52:21+00:00,16.09,RED,DN SOOPers,Gnar,5,59,39,0.6610169491525424,3,1.0,3,0.0,0
LOLTMNT01_378900,LCK_20260508_Gen_G_vs_Kiwoom_DRX_S3,1,2026-05-08 10:40:52+00:00,16.09,BLUE,Gen.G,Karma,1,32,17,0.53125,2,0.5,3,1.0,1
LOLTMNT01_378900,LCK_20260508_Gen_G_vs_Kiwoom_DRX_S3,1,2026-05-08 10:40:52+00:00,16.09,BLUE,Gen.G,Jhin,2,49,26,0.5306122448979592,5,0.4,7,1.0,1
LOLTMNT01_378900,LCK_20260508_Gen_G_vs_Kiwoom_DRX_S3,1,2026-05-08 10:40:52+00:00,16.09,BLUE,Gen.G,Pantheon,3,65,32,0.49230769230769234,3,0.0,7,0.7142857142857143,1
LOLTMNT01_378900,LCK_20260508_Gen_G_vs_Kiwoom_DRX_S3,1,2026-05-08 10:40:52+00:00,16.09,BLUE,Gen.G,Sion,4,44,17,0.38636363636363635,2,0.0,6,1.0,1
LOLTMNT01_378900,LCK_20260508_Gen_G_vs_Kiwoom_DRX_S3,1,2026-05-08 10:40:52+00:00,16.09,BLUE,Gen.G,Anivia,5,33,14,0.42424242424242425,1,0.0,6,0.8333333333333334,1
LOLTMNT01_378900,LCK_20260508_Gen_G_vs_Kiwoom_DRX_S3,1,2026-05-08 10:40:52+00:00,16.09,RED,Kiwoom DRX,Ezreal,1,65,24,0.36923076923076925,2,0.0,7,0.14285714285714285,0
LOLTMNT01_378900,LCK_20260508_Gen_G_vs_Kiwoom_DRX_S3,1,2026-05-08 10:40:52+00:00,16.09,RED,Kiwoom DRX,Jarvan IV,2,78,43,0.5512820512820513,2,1.0,7,0.42857142857142855,0
LOLTMNT01_378900,LCK_20260508_Gen_G_vs_Kiwoom_DRX_S3,1,2026-05-08 10:40:52+00:00,16.09,RED,Kiwoom DRX,Ryze,3,69,37,0.5362318840579711,4,0.5,7,0.5714285714285714,0
LOLTMNT01_378900,LCK_20260508_Gen_G_vs_Kiwoom_DRX_S3,1,2026-05-08 10:40:52+00:00,16.09,RED,Kiwoom DRX,Seraphine,4,37,23,0.6216216216216216,4,0.75,1,1.0,0
LOLTMNT01_378900,LCK_20260508_Gen_G_vs_Kiwoom_DRX_S3,1,2026-05-08 10:40:52+00:00,16.09,RED,Kiwoom DRX,Gnar,5,60,39,0.65,4,0.75,12,0.5833333333333334,0
LOLTMNT01_377874,LCK_20260508_Gen_G_vs_Kiwoom_DRX_S3,2,2026-05-08 11:32:42+00:00,16.09,BLUE,Gen.G,Annie,1,35,24,0.6857142857142857,0,,5,0.8,1
LOLTMNT01_377874,LCK_20260508_Gen_G_vs_Kiwoom_DRX_S3,2,2026-05-08 11:32:42+00:00,16.09,BLUE,Gen.G,Kog'Maw,2,1,1,1.0,0,,0,,1
LOLTMNT01_377874,LCK_20260508_Gen_G_vs_Kiwoom_DRX_S3,2,2026-05-08 11:32:42+00:00,16.09,BLUE,Gen.G,Lulu,3,49,21,0.42857142857142855,1,1.0,3,0.3333333333333333,1
LOLTMNT01_377874,LCK_20260508_Gen_G_vs_Kiwoom_DRX_S3,2,2026-05-08 11:32:42+00:00,16.09,BLUE,Gen.G,Shen,4,2,1,0.5,0,,0,,1
LOLTMNT01_377874,LCK_20260508_Gen_G_vs_Kiwoom_DRX_S3,2,2026-05-08 11:32:42+00:00,16.09,BLUE,Gen.G,Naafiri,5,12,6,0.5,2,0.5,1,1.0,1
LOLTMNT01_377874,LCK_20260508_Gen_G_vs_Kiwoom_DRX_S3,2,2026-05-08 11:32:42+00:00,16.09,RED,Kiwoom DRX,Lucian,1,34,17,0.5,2,1.0,4,0.5,0
LOLTMNT01_377874,LCK_20260508_Gen_G_vs_Kiwoom_DRX_S3,2,2026-05-08 11:32:42+00:00,16.09,RED,Kiwoom DRX,Milio,2,16,10,0.625,2,1.0,1,1.0,0
LOLTMNT01_377874,LCK_20260508_Gen_G_vs_Kiwoom_DRX_S3,2,2026-05-08 11:32:42+00:00,16.09,RED,Kiwoom DRX,Xin Zhao,3,80,38,0.475,4,0.75,14,0.35714285714285715,0
LOLTMNT01_377874,LCK_20260508_Gen_G_vs_Kiwoom_DRX_S3,2,2026-05-08 11:32:42+00:00,16.09,RED,Kiwoom DRX,Renekton,4,56,26,0.4642857142857143,4,0.5,6,0.8333333333333334,0
LOLTMNT01_377874,LCK_20260508_Gen_G_vs_Kiwoom_DRX_S3,2,2026-05-08 11:32:42+00:00,16.09,RED,Kiwoom DRX,Viktor,5,9,2,0.2222222222222222,1,0.0,2,0.5,0
LOLTMNT01_380497,LCK_20260509_BNK_FEARX_vs_KT_Rolster_S2,1,2026-05-09 08:06:41+00:00,16.09,BLUE,KT Rolster,Ashe,1,38,24,0.631578947368421,4,0.75,5,1.0,0
LOLTMNT01_380497,LCK_20260509_BNK_FEARX_vs_KT_Rolster_S2,1,2026-05-09 08:06:41+00:00,16.09,BLUE,KT Rolster,Seraphine,2,38,23,0.6052631578947368,5,0.6,6,0.8333333333333334,0
LOLTMNT01_380497,LCK_20260509_BNK_FEARX_vs_KT_Rolster_S2,1,2026-05-09 08:06:41+00:00,16.09,BLUE,KT Rolster,Xin Zhao,3,81,38,0.4691358024691358,5,0.6,4,0.5,0
LOLTMNT01_380497,LCK_20260509_BNK_FEARX_vs_KT_Rolster_S2,1,2026-05-09 08:06:41+00:00,16.09,BLUE,KT Rolster,Jayce,4,50,24,0.48,3,0.6666666666666666,7,0.7142857142857143,0
LOLTMNT01_380497,LCK_20260509_BNK_FEARX_vs_KT_Rolster_S2,1,2026-05-09 08:06:41+00:00,16.09,BLUE,KT Rolster,Taliyah,5,37,14,0.3783783783783784,1,1.0,7,0.2857142857142857,0
LOLTMNT01_380497,LCK_20260509_BNK_FEARX_vs_KT_Rolster_S2,1,2026-05-09 08:06:41+00:00,16.09,RED,BNK FEARX,Jarvan IV,1,79,43,0.5443037974683544,3,0.6666666666666666,10,0.3,1
LOLTMNT01_380497,LCK_20260509_BNK_FEARX_vs_KT_Rolster_S2,1,2026-05-09 08:06:41+00:00,16.09,RED,BNK FEARX,Mel,2,14,5,0.35714285714285715,1,1.0,2,0.0,1
LOLTMNT01_380497,LCK_20260509_BNK_FEARX_vs_KT_Rolster_S2,1,2026-05-09 08:06:41+00:00,16.09,RED,BNK FEARX,Skarner,3,4,3,0.75,2,0.5,0,,1
LOLTMNT01_380497,LCK_20260509_BNK_FEARX_vs_KT_Rolster_S2,1,2026-05-09 08:06:41+00:00,16.09,RED,BNK FEARX,Olaf,4,3,3,1.0,0,,0,,1
LOLTMNT01_380497,LCK_20260509_BNK_FEARX_vs_KT_Rolster_S2,1,2026-05-09 08:06:41+00:00,16.09,RED,BNK FEARX,Aurora,5,54,21,0.3888888888888889,2,1.0,4,0.25,1
LOLTMNT01_380553,LCK_20260509_BNK_FEARX_vs_KT_Rolster_S2,2,2026-05-09 08:59:58+00:00,16.09,BLUE,KT Rolster,Vi,1,51,24,0.47058823529411764,2,0.0,5,0.4,0
LOLTMNT01_380553,LCK_20260509_BNK_FEARX_vs_KT_Rolster_S2,2,2026-05-09 08:59:58+00:00,16.09,BLUE,KT Rolster,Yunara,2,72,34,0.4722222222222222,1,1.0,9,0.6666666666666666,0
LOLTMNT01_380553,LCK_20260509_BNK_FEARX_vs_KT_Rolster_S2,2,2026-05-09 08:59:58+00:00,16.09,BLUE,KT Rolster,Lulu,3,50,22,0.44,2,1.0,5,0.8,0
LOLTMNT01_380553,LCK_20260509_BNK_FEARX_vs_KT_Rolster_S2,2,2026-05-09 08:59:58+00:00,16.09,BLUE,KT Rolster,K'Sante,4,46,19,0.41304347826086957,2,0.0,4,0.25,0
LOLTMNT01_380553,LCK_20260509_BNK_FEARX_vs_KT_Rolster_S2,2,2026-05-09 08:59:58+00:00,16.09,BLUE,KT Rolster,Ahri,5,32,21,0.65625,3,0.3333333333333333,5,0.8,0
LOLTMNT01_380553,LCK_20260509_BNK_FEARX_vs_KT_Rolster_S2,2,2026-05-09 08:59:58+00:00,16.09,RED,BNK FEARX,Bard,1,49,29,0.5918367346938775,3,0.3333333333333333,5,0.2,1
LOLTMNT01_380553,LCK_20260509_BNK_FEARX_vs_KT_Rolster_S2,2,2026-05-09 08:59:58+00:00,16.09,RED,BNK FEARX,Renekton,2,57,26,0.45614035087719296,5,0.4,11,0.6363636363636364,1
LOLTMNT01_380553,LCK_20260509_BNK_FEARX_vs_KT_Rolster_S2,2,2026-05-09 08:59:58+00:00,16.09,RED,BNK FEARX,Caitlyn,3,27,14,0.5185185185185185,2,0.5,1,0.0,1
LOLTMNT01_380553,LCK_20260509_BNK_FEARX_vs_KT_Rolster_S2,2,2026-05-09 08:59:58+00:00,16.09,RED,BNK FEARX,Wukong,4,39,17,0.4358974358974359,0,,2,0.5,1
LOLTMNT01_380553,LCK_20260509_BNK_FEARX_vs_KT_Rolster_S2,2,2026-05-09 08:59:58+00:00,16.09,RED,BNK FEARX,Lissandra,5,1,1,1.0,0,,0,,1
LOLTMNT01_379647,LCK_20260509_HANJIN_BRION_vs_Nongshim_RedForce_S2,1,2026-05-09 10:15:45+00:00,16.09,BLUE,HANJIN BRION,Rumble,1,30,17,0.5666666666666667,0,,3,0.0,1
LOLTMNT01_379647,LCK_20260509_HANJIN_BRION_vs_Nongshim_RedForce_S2,1,2026-05-09 10:15:45+00:00,16.09,BLUE,HANJIN BRION,Lucian,2,35,17,0.4857142857142857,3,0.6666666666666666,4,0.5,1
LOLTMNT01_379647,LCK_20260509_HANJIN_BRION_vs_Nongshim_RedForce_S2,1,2026-05-09 10:15:45+00:00,16.09,BLUE,HANJIN BRION,Milio,3,17,10,0.5882352941176471,3,0.6666666666666666,2,1.0,1
LOLTMNT01_379647,LCK_20260509_HANJIN_BRION_vs_Nongshim_RedForce_S2,1,2026-05-09 10:15:45+00:00,16.09,BLUE,HANJIN BRION,Ryze,4,70,37,0.5285714285714286,5,0.4,8,0.25,1
LOLTMNT01_379647,LCK_20260509_HANJIN_BRION_vs_Nongshim_RedForce_S2,1,2026-05-09 10:15:45+00:00,16.09,BLUE,HANJIN BRION,Xin Zhao,5,82,38,0.4634146341463415,6,0.5,7,0.5714285714285714,1
LOLTMNT01_379647,LCK_20260509_HANJIN_BRION_vs_Nongshim_RedForce_S2,1,2026-05-09 10:15:45+00:00,16.09,RED,Nongshim RedForce,Jarvan IV,1,80,44,0.55,4,0.75,10,0.6,0
LOLTMNT01_379647,LCK_20260509_HANJIN_BRION_vs_Nongshim_RedForce_S2,1,2026-05-09 10:15:45+00:00,16.09,RED,Nongshim RedForce,Caitlyn,2,28,15,0.5357142857142857,3,0.6666666666666666,4,0.25,0
LOLTMNT01_379647,LCK_20260509_HANJIN_BRION_vs_Nongshim_RedForce_S2,1,2026-05-09 10:15:45+00:00,16.09,RED,Nongshim RedForce,Bard,3,50,30,0.6,4,0.5,3,1.0,0
LOLTMNT01_379647,LCK_20260509_HANJIN_BRION_vs_Nongshim_RedForce_S2,1,2026-05-09 10:15:45+00:00,16.09,RED,Nongshim RedForce,Ambessa,4,56,22,0.39285714285714285,1,0.0,6,0.5,0
LOLTMNT01_379647,LCK_20260509_HANJIN_BRION_vs_Nongshim_RedForce_S2,1,2026-05-09 10:15:45+00:00,16.09,RED,Nongshim RedForce,Annie,5,36,25,0.6944444444444444,1,1.0,1,0.0,0
LOLTMNT01_380657,LCK_20260509_HANJIN_BRION_vs_Nongshim_RedForce_S2,2,2026-05-09 11:12:58+00:00,16.09,BLUE,HANJIN BRION,Pantheon,1,66,33,0.5,4,0.25,8,0.25,1
LOLTMNT01_380657,LCK_20260509_HANJIN_BRION_vs_Nongshim_RedForce_S2,2,2026-05-09 11:12:58+00:00,16.09,BLUE,HANJIN BRION,Miss Fortune,2,13,5,0.38461538461538464,1,0.0,2,0.0,1
LOLTMNT01_380657,LCK_20260509_HANJIN_BRION_vs_Nongshim_RedForce_S2,2,2026-05-09 11:12:58+00:00,16.09,BLUE,HANJIN BRION,Nautilus,3,40,16,0.4,2,0.0,2,0.5,1
LOLTMNT01_380657,LCK_20260509_HANJIN_BRION_vs_Nongshim_RedForce_S2,2,2026-05-09 11:12:58+00:00,16.09,BLUE,HANJIN BRION,Twisted Fate,4,14,10,0.7142857142857143,2,0.5,0,,1
LOLTMNT01_380657,LCK_20260509_HANJIN_BRION_vs_Nongshim_RedForce_S2,2,2026-05-09 11:12:58+00:00,16.09,BLUE,HANJIN BRION,Aurora,5,55,22,0.4,3,1.0,7,0.7142857142857143,1
LOLTMNT01_380657,LCK_20260509_HANJIN_BRION_vs_Nongshim_RedForce_S2,2,2026-05-09 11:12:58+00:00,16.09,RED,Nongshim RedForce,Ashe,1,39,24,0.6153846153846154,5,0.6,0,,0
LOLTMNT01_380657,LCK_20260509_HANJIN_BRION_vs_Nongshim_RedForce_S2,2,2026-05-09 11:12:58+00:00,16.09,RED,Nongshim RedForce,Seraphine,2,39,23,0.5897435897435898,6,0.5,0,,0
LOLTMNT01_380657,LCK_20260509_HANJIN_BRION_vs_Nongshim_RedForce_S2,2,2026-05-09 11:12:58+00:00,16.09,RED,Nongshim RedForce,Skarner,3,5,4,0.8,3,0.6666666666666666,0,,0
LOLTMNT01_380657,LCK_20260509_HANJIN_BRION_vs_Nongshim_RedForce_S2,2,2026-05-09 11:12:58+00:00,16.09,RED,Nongshim RedForce,Gnar,4,61,39,0.639344262295082,5,0.6,6,0.6666666666666666,0
LOLTMNT01_380657,LCK_20260509_HANJIN_BRION_vs_Nongshim_RedForce_S2,2,2026-05-09 11:12:58+00:00,16.09,RED,Nongshim RedForce,Taliyah,5,38,14,0.3684210526315789,2,0.5,5,0.2,0
LOLTMNT01_382057,LCK_20260510_Dplus_Kia_vs_T1_S4,1,2026-05-10 08:09:29+00:00,16.09,BLUE,T1,Ashe,1,40,24,0.6,6,0.5,2,1.0,1
LOLTMNT01_382057,LCK_20260510_Dplus_Kia_vs_T1_S4,1,2026-05-10 08:09:29+00:00,16.09,BLUE,T1,Xin Zhao,2,83,39,0.46987951807228917,7,0.5714285714285714,10,0.8,1
LOLTMNT01_382057,LCK_20260510_Dplus_Kia_vs_T1_S4,1,2026-05-10 08:09:29+00:00,16.09,BLUE,T1,Lulu,3,51,22,0.43137254901960786,3,0.6666666666666666,5,0.6,1
LOLTMNT01_382057,LCK_20260510_Dplus_Kia_vs_T1_S4,1,2026-05-10 08:09:29+00:00,16.09,BLUE,T1,Twisted Fate,4,15,11,0.7333333333333333,3,0.6666666666666666,4,0.75,1
LOLTMNT01_382057,LCK_20260510_Dplus_Kia_vs_T1_S4,1,2026-05-10 08:09:29+00:00,16.09,BLUE,T1,Yorick,5,21,11,0.5238095238095238,1,1.0,0,,1
LOLTMNT01_382057,LCK_20260510_Dplus_Kia_vs_T1_S4,1,2026-05-10 08:09:29+00:00,16.09,RED,Dplus Kia,Rumble,1,31,18,0.5806451612903226,1,1.0,4,0.75,0
LOLTMNT01_382057,LCK_20260510_Dplus_Kia_vs_T1_S4,1,2026-05-10 08:09:29+00:00,16.09,RED,Dplus Kia,Seraphine,2,40,23,0.575,7,0.42857142857142855,4,0.5,0
LOLTMNT01_382057,LCK_20260510_Dplus_Kia_vs_T1_S4,1,2026-05-10 08:09:29+00:00,16.09,RED,Dplus Kia,Trundle,3,17,14,0.8235294117647058,1,1.0,1,1.0,0
LOLTMNT01_382057,LCK_20260510_Dplus_Kia_vs_T1_S4,1,2026-05-10 08:09:29+00:00,16.09,RED,Dplus Kia,Caitlyn,4,29,15,0.5172413793103449,4,0.5,2,0.5,0
LOLTMNT01_382057,LCK_20260510_Dplus_Kia_vs_T1_S4,1,2026-05-10 08:09:29+00:00,16.09,RED,Dplus Kia,Sylas,5,14,8,0.5714285714285714,0,,0,,0
LOLTMNT01_382071,LCK_20260510_Dplus_Kia_vs_T1_S4,2,2026-05-10 08:58:19+00:00,16.09,BLUE,T1,Vi,1,52,24,0.46153846153846156,3,0.0,5,0.8,1
LOLTMNT01_382071,LCK_20260510_Dplus_Kia_vs_T1_S4,2,2026-05-10 08:58:19+00:00,16.09,BLUE,T1,Ezreal,2,66,24,0.36363636363636365,3,0.0,4,0.5,1
LOLTMNT01_382071,LCK_20260510_Dplus_Kia_vs_T1_S4,2,2026-05-10 08:58:19+00:00,16.09,BLUE,T1,Neeko,3,57,30,0.5263157894736842,3,0.6666666666666666,7,0.7142857142857143,1
LOLTMNT01_382071,LCK_20260510_Dplus_Kia_vs_T1_S4,2,2026-05-10 08:58:19+00:00,16.09,BLUE,T1,Anivia,4,34,15,0.4411764705882353,2,0.5,5,0.4,1
LOLTMNT01_382071,LCK_20260510_Dplus_Kia_vs_T1_S4,2,2026-05-10 08:58:19+00:00,16.09,BLUE,T1,Ambessa,5,57,22,0.38596491228070173,2,0.0,6,0.5,1
LOLTMNT01_382071,LCK_20260510_Dplus_Kia_vs_T1_S4,2,2026-05-10 08:58:19+00:00,16.09,RED,Dplus Kia,Lucian,1,36,18,0.5,4,0.75,5,0.6,0
LOLTMNT01_382071,LCK_20260510_Dplus_Kia_vs_T1_S4,2,2026-05-10 08:58:19+00:00,16.09,RED,Dplus Kia,Milio,2,18,11,0.6111111111111112,4,0.75,0,,0
LOLTMNT01_382071,LCK_20260510_Dplus_Kia_vs_T1_S4,2,2026-05-10 08:58:19+00:00,16.09,RED,Dplus Kia,Jarvan IV,3,81,44,0.5432098765432098,5,0.6,12,0.75,0
LOLTMNT01_382071,LCK_20260510_Dplus_Kia_vs_T1_S4,2,2026-05-10 08:58:19+00:00,16.09,RED,Dplus Kia,Sion,4,45,18,0.4,3,0.3333333333333333,6,0.16666666666666666,0
LOLTMNT01_382071,LCK_20260510_Dplus_Kia_vs_T1_S4,2,2026-05-10 08:58:19+00:00,16.09,RED,Dplus Kia,Viktor,5,10,2,0.2,2,0.0,2,0.0,0
LOLTMNT01_382136,LCK_20260510_Hanwha_Life_Esports_vs_Kiwoom_DRX_S2,1,2026-05-10 10:31:52+00:00,16.09,BLUE,Kiwoom DRX,Jarvan IV,1,82,44,0.5365853658536586,6,0.5,8,0.375,1
LOLTMNT01_382136,LCK_20260510_Hanwha_Life_Esports_vs_Kiwoom_DRX_S2,1,2026-05-10 10:31:52+00:00,16.09,BLUE,Kiwoom DRX,Gnar,2,62,39,0.6290322580645161,6,0.5,13,0.5384615384615384,1
LOLTMNT01_382136,LCK_20260510_Hanwha_Life_Esports_vs_Kiwoom_DRX_S2,1,2026-05-10 10:31:52+00:00,16.09,BLUE,Kiwoom DRX,Ryze,3,71,38,0.5352112676056338,6,0.5,8,0.5,1
LOLTMNT01_382136,LCK_20260510_Hanwha_Life_Esports_vs_Kiwoom_DRX_S2,1,2026-05-10 10:31:52+00:00,16.09,BLUE,Kiwoom DRX,Miss Fortune,4,14,6,0.42857142857142855,2,0.5,1,0.0,1
LOLTMNT01_382136,LCK_20260510_Hanwha_Life_Esports_vs_Kiwoom_DRX_S2,1,2026-05-10 10:31:52+00:00,16.09,BLUE,Kiwoom DRX,Nautilus,5,41,17,0.4146341463414634,3,0.3333333333333333,11,0.45454545454545453,1
LOLTMNT01_382136,LCK_20260510_Hanwha_Life_Esports_vs_Kiwoom_DRX_S2,1,2026-05-10 10:31:52+00:00,16.09,RED,Hanwha Life Esports,Bard,1,51,30,0.5882352941176471,5,0.4,8,0.625,0
LOLTMNT01_382136,LCK_20260510_Hanwha_Life_Esports_vs_Kiwoom_DRX_S2,1,2026-05-10 10:31:52+00:00,16.09,RED,Hanwha Life Esports,Xin Zhao,2,84,40,0.47619047619047616,8,0.625,9,0.5555555555555556,0
LOLTMNT01_382136,LCK_20260510_Hanwha_Life_Esports_vs_Kiwoom_DRX_S2,1,2026-05-10 10:31:52+00:00,16.09,RED,Hanwha Life Esports,Cassiopeia,3,15,7,0.4666666666666667,1,1.0,0,,0
LOLTMNT01_382136,LCK_20260510_Hanwha_Life_Esports_vs_Kiwoom_DRX_S2,1,2026-05-10 10:31:52+00:00,16.09,RED,Hanwha Life Esports,Tristana,4,3,1,0.3333333333333333,0,,0,,0
LOLTMNT01_382136,LCK_20260510_Hanwha_Life_Esports_vs_Kiwoom_DRX_S2,1,2026-05-10 10:31:52+00:00,16.09,RED,Hanwha Life Esports,Sivir,5,27,16,0.5925925925925926,1,1.0,3,0.3333333333333333,0
LOLTMNT01_382172,LCK_20260510_Hanwha_Life_Esports_vs_Kiwoom_DRX_S2,2,2026-05-10 11:20:52+00:00,16.09,BLUE,Kiwoom DRX,Anivia,1,35,16,0.45714285714285713,3,0.6666666666666666,3,0.0,0
LOLTMNT01_382172,LCK_20260510_Hanwha_Life_Esports_vs_Kiwoom_DRX_S2,2,2026-05-10 11:20:52+00:00,16.09,BLUE,Kiwoom DRX,Lucian,2,37,18,0.4864864864864865,5,0.6,5,0.4,0
LOLTMNT01_382172,LCK_20260510_Hanwha_Life_Esports_vs_Kiwoom_DRX_S2,2,2026-05-10 11:20:52+00:00,16.09,BLUE,Kiwoom DRX,Annie,3,37,25,0.6756756756756757,2,0.5,2,1.0,0
LOLTMNT01_382172,LCK_20260510_Hanwha_Life_Esports_vs_Kiwoom_DRX_S2,2,2026-05-10 11:20:52+00:00,16.09,BLUE,Kiwoom DRX,Lee Sin,4,25,14,0.56,0,,0,,0
LOLTMNT01_382172,LCK_20260510_Hanwha_Life_Esports_vs_Kiwoom_DRX_S2,2,2026-05-10 11:20:52+00:00,16.09,BLUE,Kiwoom DRX,Nami,5,22,10,0.45454545454545453,0,,1,0.0,0
LOLTMNT01_382172,LCK_20260510_Hanwha_Life_Esports_vs_Kiwoom_DRX_S2,2,2026-05-10 11:20:52+00:00,16.09,RED,Hanwha Life Esports,Rumble,1,32,18,0.5625,2,0.5,3,0.6666666666666666,1
LOLTMNT01_382172,LCK_20260510_Hanwha_Life_Esports_vs_Kiwoom_DRX_S2,2,2026-05-10 11:20:52+00:00,16.09,RED,Hanwha Life Esports,Vi,2,53,25,0.4716981132075472,4,0.25,7,0.8571428571428571,1
LOLTMNT01_382172,LCK_20260510_Hanwha_Life_Esports_vs_Kiwoom_DRX_S2,2,2026-05-10 11:20:52+00:00,16.09,RED,Hanwha Life Esports,Ahri,3,33,21,0.6363636363636364,4,0.25,4,1.0,1
LOLTMNT01_382172,LCK_20260510_Hanwha_Life_Esports_vs_Kiwoom_DRX_S2,2,2026-05-10 11:20:52+00:00,16.09,RED,Hanwha Life Esports,Ashe,4,41,25,0.6097560975609756,7,0.5714285714285714,4,1.0,1
LOLTMNT01_382172,LCK_20260510_Hanwha_Life_Esports_vs_Kiwoom_DRX_S2,2,2026-05-10 11:20:52+00:00,16.09,RED,Hanwha Life Esports,Seraphine,5,41,23,0.5609756097560976,8,0.375,4,1.0,1
LOLTMNT01_382190,LCK_20260510_Hanwha_Life_Esports_vs_Kiwoom_DRX_S2,3,2026-05-10 12:06:37+00:00,16.09,BLUE,Hanwha Life Esports,Lulu,1,52,23,0.4423076923076923,4,0.75,4,0.5,1
LOLTMNT01_382190,LCK_20260510_Hanwha_Life_Esports_vs_Kiwoom_DRX_S2,3,2026-05-10 12:06:37+00:00,16.09,BLUE,Hanwha Life Esports,Yunara,2,73,34,0.4657534246575342,2,0.5,3,0.3333333333333333,1
LOLTMNT01_382190,LCK_20260510_Hanwha_Life_Esports_vs_Kiwoom_DRX_S2,3,2026-05-10 12:06:37+00:00,16.09,BLUE,Hanwha Life Esports,Jax,3,12,6,0.5,0,,1,1.0,1
LOLTMNT01_382190,LCK_20260510_Hanwha_Life_Esports_vs_Kiwoom_DRX_S2,3,2026-05-10 12:06:37+00:00,16.09,BLUE,Hanwha Life Esports,Sylas,4,15,8,0.5333333333333333,1,0.0,0,,1
LOLTMNT01_382190,LCK_20260510_Hanwha_Life_Esports_vs_Kiwoom_DRX_S2,3,2026-05-10 12:06:37+00:00,16.09,BLUE,Hanwha Life Esports,Pantheon,5,67,34,0.5074626865671642,5,0.4,4,0.75,1
LOLTMNT01_382190,LCK_20260510_Hanwha_Life_Esports_vs_Kiwoom_DRX_S2,3,2026-05-10 12:06:37+00:00,16.09,RED,Kiwoom DRX,Varus,1,31,15,0.4838709677419355,0,,1,0.0,0
LOLTMNT01_382190,LCK_20260510_Hanwha_Life_Esports_vs_Kiwoom_DRX_S2,3,2026-05-10 12:06:37+00:00,16.09,RED,Kiwoom DRX,Nocturne,2,40,20,0.5,4,0.5,3,0.3333333333333333,0
LOLTMNT01_382190,LCK_20260510_Hanwha_Life_Esports_vs_Kiwoom_DRX_S2,3,2026-05-10 12:06:37+00:00,16.09,RED,Kiwoom DRX,Aurora,3,56,23,0.4107142857142857,4,1.0,9,0.2222222222222222,0
LOLTMNT01_382190,LCK_20260510_Hanwha_Life_Esports_vs_Kiwoom_DRX_S2,3,2026-05-10 12:06:37+00:00,16.09,RED,Kiwoom DRX,Poppy,4,13,6,0.46153846153846156,0,,4,0.5,0
LOLTMNT01_382190,LCK_20260510_Hanwha_Life_Esports_vs_Kiwoom_DRX_S2,3,2026-05-10 12:06:37+00:00,16.09,RED,Kiwoom DRX,K'Sante,5,47,19,0.40425531914893614,3,0.0,6,0.6666666666666666,0
LOLTMNT01_384714,LCK_20260513_Nongshim_RedForce_vs_T1_S2,1,2026-05-13 08:06:21+00:00,16.09,BLUE,T1,Ashe,1,42,26,0.6190476190476191,8,0.625,3,1.0,1
LOLTMNT01_384714,LCK_20260513_Nongshim_RedForce_vs_T1_S2,1,2026-05-13 08:06:21+00:00,16.09,BLUE,T1,Xin Zhao,2,85,40,0.47058823529411764,9,0.5555555555555556,11,0.8181818181818182,1
LOLTMNT01_384714,LCK_20260513_Nongshim_RedForce_vs_T1_S2,1,2026-05-13 08:06:21+00:00,16.09,BLUE,T1,Seraphine,3,42,24,0.5714285714285714,9,0.4444444444444444,2,1.0,1
LOLTMNT01_384714,LCK_20260513_Nongshim_RedForce_vs_T1_S2,1,2026-05-13 08:06:21+00:00,16.09,BLUE,T1,Ryze,4,72,39,0.5416666666666666,7,0.5714285714285714,7,0.42857142857142855,1
LOLTMNT01_384714,LCK_20260513_Nongshim_RedForce_vs_T1_S2,1,2026-05-13 08:06:21+00:00,16.09,BLUE,T1,Sion,5,46,18,0.391304347826087,4,0.25,4,1.0,1
LOLTMNT01_384714,LCK_20260513_Nongshim_RedForce_vs_T1_S2,1,2026-05-13 08:06:21+00:00,16.09,RED,Nongshim RedForce,Jarvan IV,1,83,45,0.5421686746987951,7,0.5714285714285714,11,0.5454545454545454,0
LOLTMNT01_384714,LCK_20260513_Nongshim_RedForce_vs_T1_S2,1,2026-05-13 08:06:21+00:00,16.09,RED,Nongshim RedForce,Ezreal,2,67,25,0.373134328358209,4,0.25,6,0.0,0
LOLTMNT01_384714,LCK_20260513_Nongshim_RedForce_vs_T1_S2,1,2026-05-13 08:06:21+00:00,16.09,RED,Nongshim RedForce,Neeko,3,58,31,0.5344827586206896,4,0.75,7,0.2857142857142857,0
LOLTMNT01_384714,LCK_20260513_Nongshim_RedForce_vs_T1_S2,1,2026-05-13 08:06:21+00:00,16.09,RED,Nongshim RedForce,Twisted Fate,4,16,12,0.75,4,0.75,1,0.0,0
LOLTMNT01_384714,LCK_20260513_Nongshim_RedForce_vs_T1_S2,1,2026-05-13 08:06:21+00:00,16.09,RED,Nongshim RedForce,Ambessa,5,58,23,0.39655172413793105,3,0.3333333333333333,7,0.42857142857142855,0
LOLTMNT01_383765,LCK_20260513_Nongshim_RedForce_vs_T1_S2,2,2026-05-13 08:53:32+00:00,16.09,BLUE,Nongshim RedForce,Pantheon,1,68,35,0.5147058823529411,6,0.5,8,0.375,0
LOLTMNT01_383765,LCK_20260513_Nongshim_RedForce_vs_T1_S2,2,2026-05-13 08:53:32+00:00,16.09,BLUE,Nongshim RedForce,Rumble,2,33,19,0.5757575757575758,3,0.6666666666666666,2,0.0,0
LOLTMNT01_383765,LCK_20260513_Nongshim_RedForce_vs_T1_S2,2,2026-05-13 08:53:32+00:00,16.09,BLUE,Nongshim RedForce,Viktor,3,11,2,0.18181818181818182,3,0.0,1,0.0,0
LOLTMNT01_383765,LCK_20260513_Nongshim_RedForce_vs_T1_S2,2,2026-05-13 08:53:32+00:00,16.09,BLUE,Nongshim RedForce,Corki,4,43,21,0.4883720930232558,0,,4,0.5,0
LOLTMNT01_383765,LCK_20260513_Nongshim_RedForce_vs_T1_S2,2,2026-05-13 08:53:32+00:00,16.09,BLUE,Nongshim RedForce,Nami,5,23,10,0.43478260869565216,1,0.0,3,0.3333333333333333,0
LOLTMNT01_383765,LCK_20260513_Nongshim_RedForce_vs_T1_S2,2,2026-05-13 08:53:32+00:00,16.09,RED,T1,Lucian,1,38,18,0.47368421052631576,6,0.5,3,0.6666666666666666,1
LOLTMNT01_383765,LCK_20260513_Nongshim_RedForce_vs_T1_S2,2,2026-05-13 08:53:32+00:00,16.09,RED,T1,K'Sante,2,48,19,0.3958333333333333,4,0.0,3,0.6666666666666666,1
LOLTMNT01_383765,LCK_20260513_Nongshim_RedForce_vs_T1_S2,2,2026-05-13 08:53:32+00:00,16.09,RED,T1,Milio,3,19,11,0.5789473684210527,5,0.6,3,0.6666666666666666,1
LOLTMNT01_383765,LCK_20260513_Nongshim_RedForce_vs_T1_S2,2,2026-05-13 08:53:32+00:00,16.09,RED,T1,Akali,4,25,9,0.36,1,0.0,2,1.0,1
LOLTMNT01_383765,LCK_20260513_Nongshim_RedForce_vs_T1_S2,2,2026-05-13 08:53:32+00:00,16.09,RED,T1,Wukong,5,40,18,0.45,1,1.0,1,0.0,1
LOLTMNT01_384771,LCK_20260513_DN_SOOPers_vs_Dplus_Kia_S4,1,2026-05-13 10:12:11+00:00,16.09,BLUE,Dplus Kia,Jarvan IV,1,84,45,0.5357142857142857,8,0.5,13,0.6923076923076923,1
LOLTMNT01_384771,LCK_20260513_DN_SOOPers_vs_Dplus_Kia_S4,1,2026-05-13 10:12:11+00:00,16.09,BLUE,Dplus Kia,Caitlyn,2,30,15,0.5,5,0.4,3,0.3333333333333333,1
LOLTMNT01_384771,LCK_20260513_DN_SOOPers_vs_Dplus_Kia_S4,1,2026-05-13 10:12:11+00:00,16.09,BLUE,Dplus Kia,Lux,3,3,2,0.6666666666666666,1,0.0,1,0.0,1
LOLTMNT01_384771,LCK_20260513_DN_SOOPers_vs_Dplus_Kia_S4,1,2026-05-13 10:12:11+00:00,16.09,BLUE,Dplus Kia,Cassiopeia,4,16,7,0.4375,2,0.5,4,1.0,1
LOLTMNT01_384771,LCK_20260513_DN_SOOPers_vs_Dplus_Kia_S4,1,2026-05-13 10:12:11+00:00,16.09,BLUE,Dplus Kia,Sion,5,47,19,0.40425531914893614,5,0.4,7,0.14285714285714285,1
LOLTMNT01_384771,LCK_20260513_DN_SOOPers_vs_Dplus_Kia_S4,1,2026-05-13 10:12:11+00:00,16.09,RED,DN SOOPers,Lucian,1,39,19,0.48717948717948717,7,0.5714285714285714,1,0.0,0
LOLTMNT01_384771,LCK_20260513_DN_SOOPers_vs_Dplus_Kia_S4,1,2026-05-13 10:12:11+00:00,16.09,RED,DN SOOPers,Milio,2,20,12,0.6,6,0.6666666666666666,1,0.0,0
LOLTMNT01_384771,LCK_20260513_DN_SOOPers_vs_Dplus_Kia_S4,1,2026-05-13 10:12:11+00:00,16.09,RED,DN SOOPers,Xin Zhao,3,86,41,0.47674418604651164,10,0.6,4,0.0,0
LOLTMNT01_384771,LCK_20260513_DN_SOOPers_vs_Dplus_Kia_S4,1,2026-05-13 10:12:11+00:00,16.09,RED,DN SOOPers,Viktor,4,12,2,0.16666666666666666,4,0.0,3,0.3333333333333333,0
LOLTMNT01_384771,LCK_20260513_DN_SOOPers_vs_Dplus_Kia_S4,1,2026-05-13 10:12:11+00:00,16.09,RED,DN SOOPers,Gwen,5,24,16,0.6666666666666666,0,,5,0.4,0
LOLTMNT01_383870,LCK_20260513_DN_SOOPers_vs_Dplus_Kia_S4,2,2026-05-13 11:00:26+00:00,16.09,BLUE,Dplus Kia,Ashe,1,43,27,0.627906976744186,9,0.6666666666666666,5,0.6,1
LOLTMNT01_383870,LCK_20260513_DN_SOOPers_vs_Dplus_Kia_S4,2,2026-05-13 11:00:26+00:00,16.09,BLUE,Dplus Kia,Lulu,2,53,24,0.4528301886792453,5,0.8,9,0.6666666666666666,1
LOLTMNT01_383870,LCK_20260513_DN_SOOPers_vs_Dplus_Kia_S4,2,2026-05-13 11:00:26+00:00,16.09,BLUE,Dplus Kia,Skarner,3,6,4,0.6666666666666666,4,0.5,1,0.0,1
LOLTMNT01_383870,LCK_20260513_DN_SOOPers_vs_Dplus_Kia_S4,2,2026-05-13 11:00:26+00:00,16.09,BLUE,Dplus Kia,Gnar,4,63,40,0.6349206349206349,7,0.5714285714285714,7,1.0,1
LOLTMNT01_383870,LCK_20260513_DN_SOOPers_vs_Dplus_Kia_S4,2,2026-05-13 11:00:26+00:00,16.09,BLUE,Dplus Kia,Taliyah,5,39,14,0.358974358974359,3,0.3333333333333333,1,1.0,1
LOLTMNT01_383870,LCK_20260513_DN_SOOPers_vs_Dplus_Kia_S4,2,2026-05-13 11:00:26+00:00,16.09,RED,DN SOOPers,Pantheon,1,69,35,0.5072463768115942,7,0.42857142857142855,6,0.3333333333333333,0
LOLTMNT01_383870,LCK_20260513_DN_SOOPers_vs_Dplus_Kia_S4,2,2026-05-13 11:00:26+00:00,16.09,RED,DN SOOPers,Seraphine,2,43,25,0.5813953488372093,10,0.5,3,0.0,0
LOLTMNT01_383870,LCK_20260513_DN_SOOPers_vs_Dplus_Kia_S4,2,2026-05-13 11:00:26+00:00,16.09,RED,DN SOOPers,Ezreal,3,68,25,0.36764705882352944,5,0.2,5,0.6,0
LOLTMNT01_383870,LCK_20260513_DN_SOOPers_vs_Dplus_Kia_S4,2,2026-05-13 11:00:26+00:00,16.09,RED,DN SOOPers,Ryze,4,73,40,0.547945205479452,8,0.625,4,0.5,0
LOLTMNT01_383870,LCK_20260513_DN_SOOPers_vs_Dplus_Kia_S4,2,2026-05-13 11:00:26+00:00,16.09,RED,DN SOOPers,Sylas,5,16,9,0.5625,2,0.5,3,0.3333333333333333,0
LOLTMNT01_387134,LCK_20260514_BNK_FEARX_vs_Gen_G_S5,1,2026-05-14 08:07:03+00:00,16.09,BLUE,BNK FEARX,Ashe,1,44,28,0.6363636363636364,10,0.7,6,0.5,0
LOLTMNT01_387134,LCK_20260514_BNK_FEARX_vs_Gen_G_S5,1,2026-05-14 08:07:03+00:00,16.09,BLUE,BNK FEARX,Seraphine,2,44,25,0.5681818181818182,11,0.45454545454545453,6,0.5,0
LOLTMNT01_387134,LCK_20260514_BNK_FEARX_vs_Gen_G_S5,1,2026-05-14 08:07:03+00:00,16.09,BLUE,BNK FEARX,Vi,3,54,26,0.48148148148148145,5,0.4,2,0.5,0
LOLTMNT01_387134,LCK_20260514_BNK_FEARX_vs_Gen_G_S5,1,2026-05-14 08:07:03+00:00,16.09,BLUE,BNK FEARX,Renekton,4,58,27,0.46551724137931033,6,0.5,12,0.6666666666666666,0
LOLTMNT01_387134,LCK_20260514_BNK_FEARX_vs_Gen_G_S5,1,2026-05-14 08:07:03+00:00,16.09,BLUE,BNK FEARX,Akali,5,26,10,0.38461538461538464,2,0.5,5,0.2,0
LOLTMNT01_387134,LCK_20260514_BNK_FEARX_vs_Gen_G_S5,1,2026-05-14 08:07:03+00:00,16.09,RED,Gen.G,Jarvan IV,1,85,46,0.5411764705882353,9,0.5555555555555556,5,1.0,1
LOLTMNT01_387134,LCK_20260514_BNK_FEARX_vs_Gen_G_S5,1,2026-05-14 08:07:03+00:00,16.09,RED,Gen.G,Lucian,2,40,19,0.475,8,0.5,0,,1
LOLTMNT01_387134,LCK_20260514_BNK_FEARX_vs_Gen_G_S5,1,2026-05-14 08:07:03+00:00,16.09,RED,Gen.G,Milio,3,21,12,0.5714285714285714,7,0.5714285714285714,0,,1
LOLTMNT01_387134,LCK_20260514_BNK_FEARX_vs_Gen_G_S5,1,2026-05-14 08:07:03+00:00,16.09,RED,Gen.G,Sion,4,48,20,0.4166666666666667,6,0.5,7,1.0,1
LOLTMNT01_387134,LCK_20260514_BNK_FEARX_vs_Gen_G_S5,1,2026-05-14 08:07:03+00:00,16.09,RED,Gen.G,Cassiopeia,5,17,8,0.47058823529411764,3,0.6666666666666666,2,1.0,1
LOLTMNT01_388121,LCK_20260514_BNK_FEARX_vs_Gen_G_S5,2,2026-05-14 09:00:54+00:00,16.09,BLUE,BNK FEARX,Nocturne,1,41,20,0.4878048780487805,5,0.4,4,0.25,0
LOLTMNT01_388121,LCK_20260514_BNK_FEARX_vs_Gen_G_S5,2,2026-05-14 09:00:54+00:00,16.09,BLUE,BNK FEARX,Yunara,2,74,35,0.47297297297297297,3,0.6666666666666666,5,0.4,0
LOLTMNT01_388121,LCK_20260514_BNK_FEARX_vs_Gen_G_S5,2,2026-05-14 09:00:54+00:00,16.09,BLUE,BNK FEARX,Lulu,3,54,25,0.46296296296296297,6,0.8333333333333334,6,0.5,0
LOLTMNT01_388121,LCK_20260514_BNK_FEARX_vs_Gen_G_S5,2,2026-05-14 09:00:54+00:00,16.09,BLUE,BNK FEARX,Annie,4,38,25,0.6578947368421053,3,0.3333333333333333,2,1.0,0
LOLTMNT01_388121,LCK_20260514_BNK_FEARX_vs_Gen_G_S5,2,2026-05-14 09:00:54+00:00,16.09,BLUE,BNK FEARX,Gnar,5,64,41,0.640625,8,0.625,7,0.42857142857142855,0
LOLTMNT01_388121,LCK_20260514_BNK_FEARX_vs_Gen_G_S5,2,2026-05-14 09:00:54+00:00,16.09,RED,Gen.G,Neeko,1,59,31,0.5254237288135594,5,0.6,4,1.0,1
LOLTMNT01_388121,LCK_20260514_BNK_FEARX_vs_Gen_G_S5,2,2026-05-14 09:00:54+00:00,16.09,RED,Gen.G,Wukong,2,41,19,0.4634146341463415,2,1.0,5,0.8,1
LOLTMNT01_388121,LCK_20260514_BNK_FEARX_vs_Gen_G_S5,2,2026-05-14 09:00:54+00:00,16.09,RED,Gen.G,Ryze,3,74,40,0.5405405405405406,9,0.5555555555555556,6,0.8333333333333334,1
LOLTMNT01_388121,LCK_20260514_BNK_FEARX_vs_Gen_G_S5,2,2026-05-14 09:00:54+00:00,16.09,RED,Gen.G,Jhin,4,50,27,0.54,6,0.5,8,1.0,1
LOLTMNT01_388121,LCK_20260514_BNK_FEARX_vs_Gen_G_S5,2,2026-05-14 09:00:54+00:00,16.09,RED,Gen.G,Vayne,5,9,6,0.6666666666666666,0,,0,,1
LOLTMNT01_387204,LCK_20260514_KT_Rolster_vs_Kiwoom_DRX_S2,1,2026-05-14 10:15:56+00:00,16.09,BLUE,Kiwoom DRX,Ezreal,1,69,25,0.36231884057971014,6,0.16666666666666666,8,0.125,0
LOLTMNT01_387204,LCK_20260514_KT_Rolster_vs_Kiwoom_DRX_S2,1,2026-05-14 10:15:56+00:00,16.09,BLUE,Kiwoom DRX,Xin Zhao,2,87,41,0.47126436781609193,11,0.5454545454545454,15,0.3333333333333333,0
LOLTMNT01_387204,LCK_20260514_KT_Rolster_vs_Kiwoom_DRX_S2,1,2026-05-14 10:15:56+00:00,16.09,BLUE,Kiwoom DRX,Bard,3,52,30,0.5769230769230769,6,0.3333333333333333,7,0.42857142857142855,0
LOLTMNT01_387204,LCK_20260514_KT_Rolster_vs_Kiwoom_DRX_S2,1,2026-05-14 10:15:56+00:00,16.09,BLUE,Kiwoom DRX,Renekton,4,59,27,0.4576271186440678,7,0.42857142857142855,7,0.7142857142857143,0
LOLTMNT01_387204,LCK_20260514_KT_Rolster_vs_Kiwoom_DRX_S2,1,2026-05-14 10:15:56+00:00,16.09,BLUE,Kiwoom DRX,Aurora,5,57,23,0.40350877192982454,5,0.8,10,0.2,0
LOLTMNT01_387204,LCK_20260514_KT_Rolster_vs_Kiwoom_DRX_S2,1,2026-05-14 10:15:56+00:00,16.09,RED,KT Rolster,Karma,1,33,18,0.5454545454545454,3,0.6666666666666666,5,0.6,1
LOLTMNT01_387204,LCK_20260514_KT_Rolster_vs_Kiwoom_DRX_S2,1,2026-05-14 10:15:56+00:00,16.09,RED,KT Rolster,Sivir,2,28,16,0.5714285714285714,2,0.5,3,0.6666666666666666,1
LOLTMNT01_387204,LCK_20260514_KT_Rolster_vs_Kiwoom_DRX_S2,1,2026-05-14 10:15:56+00:00,16.09,RED,KT Rolster,Pantheon,3,70,35,0.5,8,0.375,5,0.8,1
LOLTMNT01_387204,LCK_20260514_KT_Rolster_vs_Kiwoom_DRX_S2,1,2026-05-14 10:15:56+00:00,16.09,RED,KT Rolster,Jayce,4,51,24,0.47058823529411764,4,0.5,8,0.625,1
LOLTMNT01_387204,LCK_20260514_KT_Rolster_vs_Kiwoom_DRX_S2,1,2026-05-14 10:15:56+00:00,16.09,RED,KT Rolster,Annie,5,39,25,0.6410256410256411,4,0.25,4,0.75,1
LOLTMNT01_387218,LCK_20260514_KT_Rolster_vs_Kiwoom_DRX_S2,2,2026-05-14 11:00:58+00:00,16.09,BLUE,KT Rolster,Gnar,1,65,41,0.6307692307692307,9,0.5555555555555556,2,1.0,0
LOLTMNT01_387218,LCK_20260514_KT_Rolster_vs_Kiwoom_DRX_S2,2,2026-05-14 11:00:58+00:00,16.09,BLUE,KT Rolster,Jarvan IV,2,86,47,0.5465116279069767,10,0.6,6,0.8333333333333334,0
LOLTMNT01_387218,LCK_20260514_KT_Rolster_vs_Kiwoom_DRX_S2,2,2026-05-14 11:00:58+00:00,16.09,BLUE,KT Rolster,Ryze,3,75,41,0.5466666666666666,10,0.6,9,0.6666666666666666,0
LOLTMNT01_387218,LCK_20260514_KT_Rolster_vs_Kiwoom_DRX_S2,2,2026-05-14 11:00:58+00:00,16.09,BLUE,KT Rolster,Corki,4,44,21,0.4772727272727273,1,0.0,2,0.0,0
LOLTMNT01_387218,LCK_20260514_KT_Rolster_vs_Kiwoom_DRX_S2,2,2026-05-14 11:00:58+00:00,16.09,BLUE,KT Rolster,Nami,5,24,10,0.4166666666666667,2,0.0,1,0.0,0
LOLTMNT01_387218,LCK_20260514_KT_Rolster_vs_Kiwoom_DRX_S2,2,2026-05-14 11:00:58+00:00,16.09,RED,Kiwoom DRX,Orianna,1,45,24,0.5333333333333333,2,0.5,9,0.5555555555555556,1
LOLTMNT01_387218,LCK_20260514_KT_Rolster_vs_Kiwoom_DRX_S2,2,2026-05-14 11:00:58+00:00,16.09,RED,Kiwoom DRX,Yunara,2,75,35,0.4666666666666667,4,0.5,14,0.35714285714285715,1
LOLTMNT01_387218,LCK_20260514_KT_Rolster_vs_Kiwoom_DRX_S2,2,2026-05-14 11:00:58+00:00,16.09,RED,Kiwoom DRX,Lulu,3,55,25,0.45454545454545453,7,0.7142857142857143,2,0.0,1
LOLTMNT01_387218,LCK_20260514_KT_Rolster_vs_Kiwoom_DRX_S2,2,2026-05-14 11:00:58+00:00,16.09,RED,Kiwoom DRX,Vi,4,55,26,0.4727272727272727,6,0.3333333333333333,7,0.42857142857142855,1
LOLTMNT01_387218,LCK_20260514_KT_Rolster_vs_Kiwoom_DRX_S2,2,2026-05-14 11:00:58+00:00,16.09,RED,Kiwoom DRX,Kennen,5,15,7,0.4666666666666667,0,,4,0.25,1
LOLTMNT01_388206,LCK_20260514_KT_Rolster_vs_Kiwoom_DRX_S2,3,2026-05-14 11:54:30+00:00,16.09,BLUE,Kiwoom DRX,Caitlyn,1,31,16,0.5161290322580645,6,0.5,1,0.0,0
LOLTMNT01_388206,LCK_20260514_KT_Rolster_vs_Kiwoom_DRX_S2,3,2026-05-14 11:54:30+00:00,16.09,BLUE,Kiwoom DRX,Lux,2,4,3,0.75,2,0.5,0,,0
LOLTMNT01_388206,LCK_20260514_KT_Rolster_vs_Kiwoom_DRX_S2,3,2026-05-14 11:54:30+00:00,16.09,BLUE,Kiwoom DRX,K'Sante,3,49,20,0.40816326530612246,5,0.2,7,0.5714285714285714,0
LOLTMNT01_388206,LCK_20260514_KT_Rolster_vs_Kiwoom_DRX_S2,3,2026-05-14 11:54:30+00:00,16.09,BLUE,Kiwoom DRX,Poppy,4,14,6,0.42857142857142855,1,0.0,5,0.4,0
LOLTMNT01_388206,LCK_20260514_KT_Rolster_vs_Kiwoom_DRX_S2,3,2026-05-14 11:54:30+00:00,16.09,BLUE,Kiwoom DRX,Cassiopeia,5,18,9,0.5,4,0.75,2,0.0,0
LOLTMNT01_388206,LCK_20260514_KT_Rolster_vs_Kiwoom_DRX_S2,3,2026-05-14 11:54:30+00:00,16.09,RED,KT Rolster,Neeko,1,60,32,0.5333333333333333,6,0.6666666666666666,2,0.5,1
LOLTMNT01_388206,LCK_20260514_KT_Rolster_vs_Kiwoom_DRX_S2,3,2026-05-14 11:54:30+00:00,16.09,RED,KT Rolster,Naafiri,2,13,7,0.5384615384615384,3,0.6666666666666666,2,1.0,1
LOLTMNT01_388206,LCK_20260514_KT_Rolster_vs_Kiwoom_DRX_S2,3,2026-05-14 11:54:30+00:00,16.09,RED,KT Rolster,Jhin,3,51,28,0.5490196078431373,7,0.5714285714285714,3,0.6666666666666666,1
LOLTMNT01_388206,LCK_20260514_KT_Rolster_vs_Kiwoom_DRX_S2,3,2026-05-14 11:54:30+00:00,16.09,RED,KT Rolster,Zaahen,4,25,15,0.6,2,1.0,4,1.0,1
LOLTMNT01_388206,LCK_20260514_KT_Rolster_vs_Kiwoom_DRX_S2,3,2026-05-14 11:54:30+00:00,16.09,RED,KT Rolster,Hwei,5,4,2,0.5,0,,1,1.0,1
LOLTMNT01_388455,LCK_20260515_Dplus_Kia_vs_Hanwha_Life_Esports_S2,1,2026-05-15 08:07:51+00:00,16.09,BLUE,Hanwha Life Esports,Orianna,1,46,25,0.5434782608695652,3,0.6666666666666666,3,0.6666666666666666,1
LOLTMNT01_388455,LCK_20260515_Dplus_Kia_vs_Hanwha_Life_Esports_S2,1,2026-05-15 08:07:51+00:00,16.09,BLUE,Hanwha Life Esports,Caitlyn,2,32,16,0.5,7,0.42857142857142855,2,1.0,1
LOLTMNT01_388455,LCK_20260515_Dplus_Kia_vs_Hanwha_Life_Esports_S2,1,2026-05-15 08:07:51+00:00,16.09,BLUE,Hanwha Life Esports,Karma,3,34,19,0.5588235294117647,4,0.75,0,,1
LOLTMNT01_388455,LCK_20260515_Dplus_Kia_vs_Hanwha_Life_Esports_S2,1,2026-05-15 08:07:51+00:00,16.09,BLUE,Hanwha Life Esports,Sion,4,49,21,0.42857142857142855,7,0.5714285714285714,2,0.5,1
LOLTMNT01_388455,LCK_20260515_Dplus_Kia_vs_Hanwha_Life_Esports_S2,1,2026-05-15 08:07:51+00:00,16.09,BLUE,Hanwha Life Esports,Lee Sin,5,26,14,0.5384615384615384,1,0.0,0,,1
LOLTMNT01_388455,LCK_20260515_Dplus_Kia_vs_Hanwha_Life_Esports_S2,1,2026-05-15 08:07:51+00:00,16.09,RED,Dplus Kia,Jarvan IV,1,87,47,0.5402298850574713,11,0.5454545454545454,14,0.7142857142857143,0
LOLTMNT01_388455,LCK_20260515_Dplus_Kia_vs_Hanwha_Life_Esports_S2,1,2026-05-15 08:07:51+00:00,16.09,RED,Dplus Kia,Ashe,2,45,28,0.6222222222222222,11,0.6363636363636364,6,0.6666666666666666,0
LOLTMNT01_388455,LCK_20260515_Dplus_Kia_vs_Hanwha_Life_Esports_S2,1,2026-05-15 08:07:51+00:00,16.09,RED,Dplus Kia,Seraphine,3,45,25,0.5555555555555556,12,0.4166666666666667,5,0.4,0
LOLTMNT01_388455,LCK_20260515_Dplus_Kia_vs_Hanwha_Life_Esports_S2,1,2026-05-15 08:07:51+00:00,16.09,RED,Dplus Kia,Zyra,4,0,0,,0,,0,,0
LOLTMNT01_388455,LCK_20260515_Dplus_Kia_vs_Hanwha_Life_Esports_S2,1,2026-05-15 08:07:51+00:00,16.09,RED,Dplus Kia,Irelia,5,0,0,,0,,0,,0
LOLTMNT01_387607,LCK_20260515_Dplus_Kia_vs_Hanwha_Life_Esports_S2,2,2026-05-15 09:08:46+00:00,16.09,BLUE,Hanwha Life Esports,Xin Zhao,1,88,41,0.4659090909090909,12,0.5,10,0.5,1
LOLTMNT01_387607,LCK_20260515_Dplus_Kia_vs_Hanwha_Life_Esports_S2,2,2026-05-15 09:08:46+00:00,16.09,BLUE,Hanwha Life Esports,Corki,2,45,21,0.4666666666666667,2,0.0,4,0.5,1
LOLTMNT01_387607,LCK_20260515_Dplus_Kia_vs_Hanwha_Life_Esports_S2,2,2026-05-15 09:08:46+00:00,16.09,BLUE,Hanwha Life Esports,Nami,3,25,10,0.4,3,0.0,1,1.0,1
LOLTMNT01_387607,LCK_20260515_Dplus_Kia_vs_Hanwha_Life_Esports_S2,2,2026-05-15 09:08:46+00:00,16.09,BLUE,Hanwha Life Esports,Cassiopeia,4,19,9,0.47368421052631576,5,0.6,1,0.0,1
LOLTMNT01_387607,LCK_20260515_Dplus_Kia_vs_Hanwha_Life_Esports_S2,2,2026-05-15 09:08:46+00:00,16.09,BLUE,Hanwha Life Esports,Yorick,5,22,12,0.5454545454545454,2,1.0,4,1.0,1
LOLTMNT01_387607,LCK_20260515_Dplus_Kia_vs_Hanwha_Life_Esports_S2,2,2026-05-15 09:08:46+00:00,16.09,RED,Dplus Kia,Lulu,1,56,26,0.4642857142857143,8,0.75,10,0.7,0
LOLTMNT01_387607,LCK_20260515_Dplus_Kia_vs_Hanwha_Life_Esports_S2,2,2026-05-15 09:08:46+00:00,16.09,RED,Dplus Kia,Yunara,2,76,36,0.47368421052631576,5,0.6,6,0.6666666666666666,0
LOLTMNT01_387607,LCK_20260515_Dplus_Kia_vs_Hanwha_Life_Esports_S2,2,2026-05-15 09:08:46+00:00,16.09,RED,Dplus Kia,Twisted Fate,3,17,12,0.7058823529411765,5,0.6,4,0.75,0
LOLTMNT01_387607,LCK_20260515_Dplus_Kia_vs_Hanwha_Life_Esports_S2,2,2026-05-15 09:08:46+00:00,16.09,RED,Dplus Kia,Nocturne,4,42,20,0.47619047619047616,6,0.3333333333333333,2,0.0,0
LOLTMNT01_387607,LCK_20260515_Dplus_Kia_vs_Hanwha_Life_Esports_S2,2,2026-05-15 09:08:46+00:00,16.09,RED,Dplus Kia,Jayce,5,52,25,0.4807692307692308,5,0.6,8,0.25,0
LOLTMNT01_388537,LCK_20260515_DN_SOOPers_vs_HANJIN_BRION_S2,1,2026-05-15 10:22:39+00:00,16.09,BLUE,HANJIN BRION,Karma,1,35,20,0.5714285714285714,5,0.8,3,0.3333333333333333,1
LOLTMNT01_388537,LCK_20260515_DN_SOOPers_vs_HANJIN_BRION_S2,1,2026-05-15 10:22:39+00:00,16.09,BLUE,HANJIN BRION,Jhin,2,52,29,0.5576923076923077,8,0.625,5,0.2,1
LOLTMNT01_388537,LCK_20260515_DN_SOOPers_vs_HANJIN_BRION_S2,1,2026-05-15 10:22:39+00:00,16.09,BLUE,HANJIN BRION,Ryze,3,76,41,0.5394736842105263,11,0.5454545454545454,9,0.3333333333333333,1
LOLTMNT01_388537,LCK_20260515_DN_SOOPers_vs_HANJIN_BRION_S2,1,2026-05-15 10:22:39+00:00,16.09,BLUE,HANJIN BRION,Lee Sin,4,27,15,0.5555555555555556,2,0.5,3,0.3333333333333333,1
LOLTMNT01_388537,LCK_20260515_DN_SOOPers_vs_HANJIN_BRION_S2,1,2026-05-15 10:22:39+00:00,16.09,BLUE,HANJIN BRION,Sion,5,50,22,0.44,8,0.625,4,0.5,1
LOLTMNT01_388537,LCK_20260515_DN_SOOPers_vs_HANJIN_BRION_S2,1,2026-05-15 10:22:39+00:00,16.09,RED,DN SOOPers,Jarvan IV,1,88,47,0.5340909090909091,12,0.5,9,0.1111111111111111,0
LOLTMNT01_388537,LCK_20260515_DN_SOOPers_vs_HANJIN_BRION_S2,1,2026-05-15 10:22:39+00:00,16.09,RED,DN SOOPers,Ashe,2,46,28,0.6086956521739131,12,0.5833333333333334,5,0.0,0
LOLTMNT01_388537,LCK_20260515_DN_SOOPers_vs_HANJIN_BRION_S2,1,2026-05-15 10:22:39+00:00,16.09,RED,DN SOOPers,Seraphine,3,46,25,0.5434782608695652,13,0.38461538461538464,4,0.0,0
LOLTMNT01_388537,LCK_20260515_DN_SOOPers_vs_HANJIN_BRION_S2,1,2026-05-15 10:22:39+00:00,16.09,RED,DN SOOPers,Taliyah,4,40,15,0.375,4,0.5,3,0.0,0
LOLTMNT01_388537,LCK_20260515_DN_SOOPers_vs_HANJIN_BRION_S2,1,2026-05-15 10:22:39+00:00,16.09,RED,DN SOOPers,Renekton,5,60,27,0.45,8,0.375,7,0.2857142857142857,0
LOLTMNT01_387661,LCK_20260515_DN_SOOPers_vs_HANJIN_BRION_S2,2,2026-05-15 11:12:17+00:00,16.09,BLUE,DN SOOPers,Cassiopeia,1,20,10,0.5,6,0.6666666666666666,5,0.2,0
LOLTMNT01_387661,LCK_20260515_DN_SOOPers_vs_HANJIN_BRION_S2,2,2026-05-15 11:12:17+00:00,16.09,BLUE,DN SOOPers,Vi,2,56,27,0.48214285714285715,7,0.42857142857142855,7,0.0,0
LOLTMNT01_387661,LCK_20260515_DN_SOOPers_vs_HANJIN_BRION_S2,2,2026-05-15 11:12:17+00:00,16.09,BLUE,DN SOOPers,Ambessa,3,59,23,0.3898305084745763,4,0.25,7,0.2857142857142857,0
LOLTMNT01_387661,LCK_20260515_DN_SOOPers_vs_HANJIN_BRION_S2,2,2026-05-15 11:12:17+00:00,16.09,BLUE,DN SOOPers,Corki,4,46,22,0.4782608695652174,3,0.3333333333333333,7,0.2857142857142857,0
LOLTMNT01_387661,LCK_20260515_DN_SOOPers_vs_HANJIN_BRION_S2,2,2026-05-15 11:12:17+00:00,16.09,BLUE,DN SOOPers,Nami,5,26,11,0.4230769230769231,4,0.25,1,0.0,0
LOLTMNT01_387661,LCK_20260515_DN_SOOPers_vs_HANJIN_BRION_S2,2,2026-05-15 11:12:17+00:00,16.09,RED,HANJIN BRION,Ezreal,1,70,25,0.35714285714285715,7,0.14285714285714285,10,0.5,1
LOLTMNT01_387661,LCK_20260515_DN_SOOPers_vs_HANJIN_BRION_S2,2,2026-05-15 11:12:17+00:00,16.09,RED,HANJIN BRION,Neeko,2,61,33,0.5409836065573771,7,0.7142857142857143,9,0.4444444444444444,1
LOLTMNT01_387661,LCK_20260515_DN_SOOPers_vs_HANJIN_BRION_S2,2,2026-05-15 11:12:17+00:00,16.09,RED,HANJIN BRION,Xin Zhao,3,89,42,0.47191011235955055,13,0.5384615384615384,8,0.625,1
LOLTMNT01_387661,LCK_20260515_DN_SOOPers_vs_HANJIN_BRION_S2,2,2026-05-15 11:12:17+00:00,16.09,RED,HANJIN BRION,Zaahen,4,26,16,0.6153846153846154,3,1.0,3,0.3333333333333333,1
LOLTMNT01_387661,LCK_20260515_DN_SOOPers_vs_HANJIN_BRION_S2,2,2026-05-15 11:12:17+00:00,16.09,RED,HANJIN BRION,Akali,5,27,10,0.37037037037037035,3,0.3333333333333333,3,0.0,1
LOLTMNT01_387874,LCK_20260516_Gen_G_vs_T1_S2,1,2026-05-16 08:05:55+00:00,16.09,BLUE,Gen.G,Ezreal,1,71,26,0.36619718309859156,8,0.25,4,0.75,1
LOLTMNT01_387874,LCK_20260516_Gen_G_vs_T1_S2,1,2026-05-16 08:05:55+00:00,16.09,BLUE,Gen.G,Seraphine,2,47,25,0.5319148936170213,14,0.35714285714285715,9,0.5555555555555556,1
LOLTMNT01_387874,LCK_20260516_Gen_G_vs_T1_S2,1,2026-05-16 08:05:55+00:00,16.09,BLUE,Gen.G,Rumble,3,34,19,0.5588235294117647,4,0.5,4,1.0,1
LOLTMNT01_387874,LCK_20260516_Gen_G_vs_T1_S2,1,2026-05-16 08:05:55+00:00,16.09,BLUE,Gen.G,Skarner,4,7,5,0.7142857142857143,5,0.6,3,1.0,1
LOLTMNT01_387874,LCK_20260516_Gen_G_vs_T1_S2,1,2026-05-16 08:05:55+00:00,16.09,BLUE,Gen.G,Renekton,5,61,27,0.4426229508196721,9,0.3333333333333333,5,1.0,1
LOLTMNT01_387874,LCK_20260516_Gen_G_vs_T1_S2,1,2026-05-16 08:05:55+00:00,16.09,RED,T1,Ashe,1,47,28,0.5957446808510638,13,0.5384615384615384,4,1.0,0
LOLTMNT01_387874,LCK_20260516_Gen_G_vs_T1_S2,1,2026-05-16 08:05:55+00:00,16.09,RED,T1,Xin Zhao,2,90,43,0.4777777777777778,14,0.5714285714285714,12,0.8333333333333334,0
LOLTMNT01_387874,LCK_20260516_Gen_G_vs_T1_S2,1,2026-05-16 08:05:55+00:00,16.09,RED,T1,Lulu,3,57,26,0.45614035087719296,9,0.6666666666666666,6,0.6666666666666666,0
LOLTMNT01_387874,LCK_20260516_Gen_G_vs_T1_S2,1,2026-05-16 08:05:55+00:00,16.09,RED,T1,Yorick,4,23,13,0.5652173913043478,3,1.0,1,1.0,0
LOLTMNT01_387874,LCK_20260516_Gen_G_vs_T1_S2,1,2026-05-16 08:05:55+00:00,16.09,RED,T1,Twisted Fate,5,18,12,0.6666666666666666,6,0.5,5,0.8,0
LOLTMNT01_387878,LCK_20260516_Gen_G_vs_T1_S2,2,2026-05-16 08:57:28+00:00,16.09,BLUE,T1,Caitlyn,1,33,17,0.5151515151515151,8,0.5,4,1.0,1
LOLTMNT01_387878,LCK_20260516_Gen_G_vs_T1_S2,2,2026-05-16 08:57:28+00:00,16.09,BLUE,T1,Lee Sin,2,28,16,0.5714285714285714,3,0.6666666666666666,3,1.0,1
LOLTMNT01_387878,LCK_20260516_Gen_G_vs_T1_S2,2,2026-05-16 08:57:28+00:00,16.09,BLUE,T1,Lux,3,5,3,0.6,3,0.3333333333333333,2,1.0,1
LOLTMNT01_387878,LCK_20260516_Gen_G_vs_T1_S2,2,2026-05-16 08:57:28+00:00,16.09,BLUE,T1,Ornn,4,6,2,0.3333333333333333,0,,1,0.0,1
LOLTMNT01_387878,LCK_20260516_Gen_G_vs_T1_S2,2,2026-05-16 08:57:28+00:00,16.09,BLUE,T1,Anivia,5,36,16,0.4444444444444444,4,0.5,6,0.5,1
LOLTMNT01_387878,LCK_20260516_Gen_G_vs_T1_S2,2,2026-05-16 08:57:28+00:00,16.09,RED,Gen.G,Karma,1,36,21,0.5833333333333334,6,0.8333333333333334,4,1.0,0
LOLTMNT01_387878,LCK_20260516_Gen_G_vs_T1_S2,2,2026-05-16 08:57:28+00:00,16.09,RED,Gen.G,Jhin,2,53,30,0.5660377358490566,9,0.6666666666666666,9,1.0,0
LOLTMNT01_387878,LCK_20260516_Gen_G_vs_T1_S2,2,2026-05-16 08:57:28+00:00,16.09,RED,Gen.G,Sion,3,51,23,0.45098039215686275,9,0.6666666666666666,8,1.0,0
LOLTMNT01_387878,LCK_20260516_Gen_G_vs_T1_S2,2,2026-05-16 08:57:28+00:00,16.09,RED,Gen.G,Annie,4,40,26,0.65,5,0.4,6,0.8333333333333334,0
LOLTMNT01_387878,LCK_20260516_Gen_G_vs_T1_S2,2,2026-05-16 08:57:28+00:00,16.09,RED,Gen.G,Wukong,5,42,20,0.47619047619047616,3,1.0,6,0.8333333333333334,0
LOLTMNT01_387885,LCK_20260516_Gen_G_vs_T1_S2,3,2026-05-16 10:10:31+00:00,16.09,BLUE,T1,Cassiopeia,1,21,10,0.47619047619047616,7,0.5714285714285714,0,,1
LOLTMNT01_387885,LCK_20260516_Gen_G_vs_T1_S2,3,2026-05-16 10:10:31+00:00,16.09,BLUE,T1,Jayce,2,53,25,0.4716981132075472,6,0.5,7,0.8571428571428571,1
LOLTMNT01_387885,LCK_20260516_Gen_G_vs_T1_S2,3,2026-05-16 10:10:31+00:00,16.09,BLUE,T1,Vi,3,57,27,0.47368421052631576,8,0.375,6,0.8333333333333334,1
LOLTMNT01_387885,LCK_20260516_Gen_G_vs_T1_S2,3,2026-05-16 10:10:31+00:00,16.09,BLUE,T1,Mel,4,15,6,0.4,2,1.0,1,0.0,1
LOLTMNT01_387885,LCK_20260516_Gen_G_vs_T1_S2,3,2026-05-16 10:10:31+00:00,16.09,BLUE,T1,Camille,5,2,1,0.5,1,0.0,1,1.0,1
LOLTMNT01_387885,LCK_20260516_Gen_G_vs_T1_S2,3,2026-05-16 10:10:31+00:00,16.09,RED,Gen.G,Corki,1,47,22,0.46808510638297873,4,0.25,5,0.6,0
LOLTMNT01_387885,LCK_20260516_Gen_G_vs_T1_S2,3,2026-05-16 10:10:31+00:00,16.09,RED,Gen.G,Pantheon,2,71,36,0.5070422535211268,9,0.4444444444444444,8,0.75,0
LOLTMNT01_387885,LCK_20260516_Gen_G_vs_T1_S2,3,2026-05-16 10:10:31+00:00,16.09,RED,Gen.G,K'Sante,3,50,20,0.4,6,0.16666666666666666,3,0.3333333333333333,0
LOLTMNT01_387885,LCK_20260516_Gen_G_vs_T1_S2,3,2026-05-16 10:10:31+00:00,16.09,RED,Gen.G,Neeko,4,62,34,0.5483870967741935,8,0.75,5,1.0,0
LOLTMNT01_387885,LCK_20260516_Gen_G_vs_T1_S2,3,2026-05-16 10:10:31+00:00,16.09,RED,Gen.G,Taliyah,5,41,15,0.36585365853658536,5,0.4,2,1.0,0
LOLTMNT01_387927,LCK_20260516_BNK_FEARX_vs_Nongshim_RedForce_S3,1,2026-05-16 11:30:05+00:00,16.09,BLUE,BNK FEARX,Ezreal,1,72,27,0.375,9,0.3333333333333333,15,0.3333333333333333,1
LOLTMNT01_387927,LCK_20260516_BNK_FEARX_vs_Nongshim_RedForce_S3,1,2026-05-16 11:30:05+00:00,16.09,BLUE,BNK FEARX,Jarvan IV,2,89,47,0.5280898876404494,13,0.46153846153846156,11,0.36363636363636365,1
LOLTMNT01_387927,LCK_20260516_BNK_FEARX_vs_Nongshim_RedForce_S3,1,2026-05-16 11:30:05+00:00,16.09,BLUE,BNK FEARX,Nami,3,27,11,0.4074074074074074,5,0.2,2,0.5,1
LOLTMNT01_387927,LCK_20260516_BNK_FEARX_vs_Nongshim_RedForce_S3,1,2026-05-16 11:30:05+00:00,16.09,BLUE,BNK FEARX,Azir,4,61,28,0.45901639344262296,1,0.0,6,0.5,1
LOLTMNT01_387927,LCK_20260516_BNK_FEARX_vs_Nongshim_RedForce_S3,1,2026-05-16 11:30:05+00:00,16.09,BLUE,BNK FEARX,Sion,5,52,23,0.4423076923076923,10,0.6,5,0.4,1
LOLTMNT01_387927,LCK_20260516_BNK_FEARX_vs_Nongshim_RedForce_S3,1,2026-05-16 11:30:05+00:00,16.09,RED,Nongshim RedForce,Karma,1,37,21,0.5675675675675675,7,0.7142857142857143,3,0.0,0
LOLTMNT01_387927,LCK_20260516_BNK_FEARX_vs_Nongshim_RedForce_S3,1,2026-05-16 11:30:05+00:00,16.09,RED,Nongshim RedForce,Caitlyn,2,34,18,0.5294117647058824,9,0.5555555555555556,5,0.2,0
LOLTMNT01_387927,LCK_20260516_BNK_FEARX_vs_Nongshim_RedForce_S3,1,2026-05-16 11:30:05+00:00,16.09,RED,Nongshim RedForce,Ryze,3,77,42,0.5454545454545454,12,0.5833333333333334,6,0.5,0
LOLTMNT01_387927,LCK_20260516_BNK_FEARX_vs_Nongshim_RedForce_S3,1,2026-05-16 11:30:05+00:00,16.09,RED,Nongshim RedForce,Pantheon,4,72,36,0.5,10,0.4,9,0.3333333333333333,0
LOLTMNT01_387927,LCK_20260516_BNK_FEARX_vs_Nongshim_RedForce_S3,1,2026-05-16 11:30:05+00:00,16.09,RED,Nongshim RedForce,Jayce,5,54,26,0.48148148148148145,7,0.5714285714285714,7,0.2857142857142857,0
LOLTMNT01_387933,LCK_20260516_BNK_FEARX_vs_Nongshim_RedForce_S3,2,2026-05-16 12:25:03+00:00,16.09,BLUE,BNK FEARX,Cassiopeia,1,22,11,0.5,8,0.625,0,,1
LOLTMNT01_387933,LCK_20260516_BNK_FEARX_vs_Nongshim_RedForce_S3,2,2026-05-16 12:25:03+00:00,16.09,BLUE,BNK FEARX,Yunara,2,77,36,0.4675324675324675,6,0.5,6,0.3333333333333333,1
LOLTMNT01_387933,LCK_20260516_BNK_FEARX_vs_Nongshim_RedForce_S3,2,2026-05-16 12:25:03+00:00,16.09,BLUE,BNK FEARX,Milio,3,22,13,0.5909090909090909,8,0.625,6,0.5,1
LOLTMNT01_387933,LCK_20260516_BNK_FEARX_vs_Nongshim_RedForce_S3,2,2026-05-16 12:25:03+00:00,16.09,BLUE,BNK FEARX,Naafiri,4,14,8,0.5714285714285714,4,0.75,2,0.0,1
LOLTMNT01_387933,LCK_20260516_BNK_FEARX_vs_Nongshim_RedForce_S3,2,2026-05-16 12:25:03+00:00,16.09,BLUE,BNK FEARX,Olaf,5,4,4,1.0,1,1.0,1,1.0,1
LOLTMNT01_387933,LCK_20260516_BNK_FEARX_vs_Nongshim_RedForce_S3,2,2026-05-16 12:25:03+00:00,16.09,RED,Nongshim RedForce,Lulu,1,58,26,0.4482758620689655,10,0.6,4,0.25,0
LOLTMNT01_387933,LCK_20260516_BNK_FEARX_vs_Nongshim_RedForce_S3,2,2026-05-16 12:25:03+00:00,16.09,RED,Nongshim RedForce,Nocturne,2,43,20,0.46511627906976744,7,0.2857142857142857,4,0.25,0
LOLTMNT01_387933,LCK_20260516_BNK_FEARX_vs_Nongshim_RedForce_S3,2,2026-05-16 12:25:03+00:00,16.09,RED,Nongshim RedForce,Gnar,3,66,41,0.6212121212121212,10,0.5,7,0.5714285714285714,0
LOLTMNT01_387933,LCK_20260516_BNK_FEARX_vs_Nongshim_RedForce_S3,2,2026-05-16 12:25:03+00:00,16.09,RED,Nongshim RedForce,Kog'Maw,4,2,2,1.0,1,1.0,0,,0
LOLTMNT01_387933,LCK_20260516_BNK_FEARX_vs_Nongshim_RedForce_S3,2,2026-05-16 12:25:03+00:00,16.09,RED,Nongshim RedForce,Galio,5,15,9,0.6,0,,1,0.0,0
LOLTMNT01_390036,LCK_20260517_Hanwha_Life_Esports_vs_KT_Rolster_S2,1,2026-05-17 08:05:58+00:00,16.09,BLUE,KT Rolster,Karma,1,38,21,0.5526315789473685,8,0.625,6,0.6666666666666666,1
LOLTMNT01_390036,LCK_20260517_Hanwha_Life_Esports_vs_KT_Rolster_S2,1,2026-05-17 08:05:58+00:00,16.09,BLUE,KT Rolster,Cassiopeia,2,23,12,0.5217391304347826,9,0.6666666666666666,0,,1
LOLTMNT01_390036,LCK_20260517_Hanwha_Life_Esports_vs_KT_Rolster_S2,1,2026-05-17 08:05:58+00:00,16.09,BLUE,KT Rolster,Sivir,3,29,17,0.5862068965517241,3,0.6666666666666666,4,0.75,1
LOLTMNT01_390036,LCK_20260517_Hanwha_Life_Esports_vs_KT_Rolster_S2,1,2026-05-17 08:05:58+00:00,16.09,BLUE,KT Rolster,Pantheon,4,73,36,0.4931506849315068,11,0.36363636363636365,6,0.8333333333333334,1
LOLTMNT01_390036,LCK_20260517_Hanwha_Life_Esports_vs_KT_Rolster_S2,1,2026-05-17 08:05:58+00:00,16.09,BLUE,KT Rolster,Zaahen,5,27,17,0.6296296296296297,4,1.0,5,1.0,1
LOLTMNT01_390036,LCK_20260517_Hanwha_Life_Esports_vs_KT_Rolster_S2,1,2026-05-17 08:05:58+00:00,16.09,RED,Hanwha Life Esports,Jarvan IV,1,90,48,0.5333333333333333,14,0.5,9,0.6666666666666666,0
LOLTMNT01_390036,LCK_20260517_Hanwha_Life_Esports_vs_KT_Rolster_S2,1,2026-05-17 08:05:58+00:00,16.09,RED,Hanwha Life Esports,Miss Fortune,2,15,7,0.4666666666666667,3,0.6666666666666666,4,0.75,0
LOLTMNT01_390036,LCK_20260517_Hanwha_Life_Esports_vs_KT_Rolster_S2,1,2026-05-17 08:05:58+00:00,16.09,RED,Hanwha Life Esports,Nautilus,3,42,18,0.42857142857142855,4,0.5,4,0.5,0
LOLTMNT01_390036,LCK_20260517_Hanwha_Life_Esports_vs_KT_Rolster_S2,1,2026-05-17 08:05:58+00:00,16.09,RED,Hanwha Life Esports,Azir,4,62,29,0.46774193548387094,2,0.5,6,0.5,0
LOLTMNT01_390036,LCK_20260517_Hanwha_Life_Esports_vs_KT_Rolster_S2,1,2026-05-17 08:05:58+00:00,16.09,RED,Hanwha Life Esports,Sion,5,53,24,0.4528301886792453,11,0.6363636363636364,3,0.6666666666666666,0
LOLTMNT01_390048,LCK_20260517_Hanwha_Life_Esports_vs_KT_Rolster_S2,2,2026-05-17 08:58:43+00:00,16.09,BLUE,KT Rolster,Ashe,1,48,28,0.5833333333333334,14,0.5,6,0.8333333333333334,0
LOLTMNT01_390048,LCK_20260517_Hanwha_Life_Esports_vs_KT_Rolster_S2,2,2026-05-17 08:58:43+00:00,16.09,BLUE,KT Rolster,Seraphine,2,48,26,0.5416666666666666,15,0.4,7,0.7142857142857143,0
LOLTMNT01_390048,LCK_20260517_Hanwha_Life_Esports_vs_KT_Rolster_S2,2,2026-05-17 08:58:43+00:00,16.09,BLUE,KT Rolster,Ryze,3,78,42,0.5384615384615384,13,0.5384615384615384,10,0.6,0
LOLTMNT01_390048,LCK_20260517_Hanwha_Life_Esports_vs_KT_Rolster_S2,2,2026-05-17 08:58:43+00:00,16.09,BLUE,KT Rolster,Lee Sin,4,29,17,0.5862068965517241,4,0.75,0,,0
LOLTMNT01_390048,LCK_20260517_Hanwha_Life_Esports_vs_KT_Rolster_S2,2,2026-05-17 08:58:43+00:00,16.09,BLUE,KT Rolster,K'Sante,5,51,20,0.39215686274509803,7,0.14285714285714285,5,0.2,0
LOLTMNT01_390048,LCK_20260517_Hanwha_Life_Esports_vs_KT_Rolster_S2,2,2026-05-17 08:58:43+00:00,16.09,RED,Hanwha Life Esports,Vi,1,58,28,0.4827586206896552,9,0.4444444444444444,8,0.875,1
LOLTMNT01_390048,LCK_20260517_Hanwha_Life_Esports_vs_KT_Rolster_S2,2,2026-05-17 08:58:43+00:00,16.09,RED,Hanwha Life Esports,Ziggs,2,17,8,0.47058823529411764,1,0.0,5,0.6,1
LOLTMNT01_390048,LCK_20260517_Hanwha_Life_Esports_vs_KT_Rolster_S2,2,2026-05-17 08:58:43+00:00,16.09,RED,Hanwha Life Esports,Pyke,3,6,2,0.3333333333333333,0,,1,1.0,1
LOLTMNT01_390048,LCK_20260517_Hanwha_Life_Esports_vs_KT_Rolster_S2,2,2026-05-17 08:58:43+00:00,16.09,RED,Hanwha Life Esports,Jayce,4,55,26,0.4727272727272727,8,0.5,5,1.0,1
LOLTMNT01_390048,LCK_20260517_Hanwha_Life_Esports_vs_KT_Rolster_S2,2,2026-05-17 08:58:43+00:00,16.09,RED,Hanwha Life Esports,Taliyah,5,42,15,0.35714285714285715,6,0.3333333333333333,3,0.3333333333333333,1
LOLTMNT01_390055,LCK_20260517_Hanwha_Life_Esports_vs_KT_Rolster_S2,3,2026-05-17 09:48:07+00:00,16.09,BLUE,KT Rolster,Lucian,1,41,20,0.4878048780487805,9,0.5555555555555556,3,0.6666666666666666,1
LOLTMNT01_390055,LCK_20260517_Hanwha_Life_Esports_vs_KT_Rolster_S2,3,2026-05-17 09:48:07+00:00,16.09,BLUE,KT Rolster,Renekton,2,62,28,0.45161290322580644,10,0.4,9,0.2222222222222222,1
LOLTMNT01_390055,LCK_20260517_Hanwha_Life_Esports_vs_KT_Rolster_S2,3,2026-05-17 09:48:07+00:00,16.09,BLUE,KT Rolster,Nami,3,28,12,0.42857142857142855,6,0.3333333333333333,2,0.0,1
LOLTMNT01_390055,LCK_20260517_Hanwha_Life_Esports_vs_KT_Rolster_S2,3,2026-05-17 09:48:07+00:00,16.09,BLUE,KT Rolster,Skarner,4,8,6,0.75,6,0.6666666666666666,0,,1
LOLTMNT01_390055,LCK_20260517_Hanwha_Life_Esports_vs_KT_Rolster_S2,3,2026-05-17 09:48:07+00:00,16.09,BLUE,KT Rolster,Viktor,5,13,2,0.15384615384615385,5,0.0,0,,1
LOLTMNT01_390055,LCK_20260517_Hanwha_Life_Esports_vs_KT_Rolster_S2,3,2026-05-17 09:48:07+00:00,16.09,RED,Hanwha Life Esports,Milio,1,23,14,0.6086956521739131,9,0.6666666666666666,2,1.0,0
LOLTMNT01_390055,LCK_20260517_Hanwha_Life_Esports_vs_KT_Rolster_S2,3,2026-05-17 09:48:07+00:00,16.09,RED,Hanwha Life Esports,Aurora,2,58,23,0.39655172413793105,6,0.6666666666666666,9,0.5555555555555556,0
LOLTMNT01_390055,LCK_20260517_Hanwha_Life_Esports_vs_KT_Rolster_S2,3,2026-05-17 09:48:07+00:00,16.09,RED,Hanwha Life Esports,Draven,3,0,0,,0,,0,,0
LOLTMNT01_390055,LCK_20260517_Hanwha_Life_Esports_vs_KT_Rolster_S2,3,2026-05-17 09:48:07+00:00,16.09,RED,Hanwha Life Esports,Nocturne,4,44,20,0.45454545454545453,8,0.25,2,1.0,0
LOLTMNT01_390055,LCK_20260517_Hanwha_Life_Esports_vs_KT_Rolster_S2,3,2026-05-17 09:48:07+00:00,16.09,RED,Hanwha Life Esports,Olaf,5,5,5,1.0,2,1.0,0,,0
LOLTMNT01_389120,LCK_20260517_HANJIN_BRION_vs_Kiwoom_DRX_S4,1,2026-05-17 11:06:33+00:00,16.09,BLUE,HANJIN BRION,Ezreal,1,73,28,0.3835616438356164,10,0.4,11,0.5454545454545454,1
LOLTMNT01_389120,LCK_20260517_HANJIN_BRION_vs_Kiwoom_DRX_S4,1,2026-05-17 11:06:33+00:00,16.09,BLUE,HANJIN BRION,Cassiopeia,2,24,13,0.5416666666666666,10,0.7,2,0.0,1
LOLTMNT01_389120,LCK_20260517_HANJIN_BRION_vs_Kiwoom_DRX_S4,1,2026-05-17 11:06:33+00:00,16.09,BLUE,HANJIN BRION,Xin Zhao,3,91,43,0.4725274725274725,15,0.5333333333333333,9,0.6666666666666666,1
LOLTMNT01_389120,LCK_20260517_HANJIN_BRION_vs_Kiwoom_DRX_S4,1,2026-05-17 11:06:33+00:00,16.09,BLUE,HANJIN BRION,Renekton,4,63,29,0.4603174603174603,11,0.45454545454545453,6,0.0,1
LOLTMNT01_389120,LCK_20260517_HANJIN_BRION_vs_Kiwoom_DRX_S4,1,2026-05-17 11:06:33+00:00,16.09,BLUE,HANJIN BRION,Bard,5,53,30,0.5660377358490566,7,0.2857142857142857,1,0.0,1
LOLTMNT01_389120,LCK_20260517_HANJIN_BRION_vs_Kiwoom_DRX_S4,1,2026-05-17 11:06:33+00:00,16.09,RED,Kiwoom DRX,Karma,1,39,22,0.5641025641025641,9,0.6666666666666666,5,0.2,0
LOLTMNT01_389120,LCK_20260517_HANJIN_BRION_vs_Kiwoom_DRX_S4,1,2026-05-17 11:06:33+00:00,16.09,RED,Kiwoom DRX,Lee Sin,2,30,17,0.5666666666666667,5,0.6,1,0.0,0
LOLTMNT01_389120,LCK_20260517_HANJIN_BRION_vs_Kiwoom_DRX_S4,1,2026-05-17 11:06:33+00:00,16.09,RED,Kiwoom DRX,Annie,3,41,26,0.6341463414634146,6,0.3333333333333333,3,0.6666666666666666,0
LOLTMNT01_389120,LCK_20260517_HANJIN_BRION_vs_Kiwoom_DRX_S4,1,2026-05-17 11:06:33+00:00,16.09,RED,Kiwoom DRX,Miss Fortune,4,16,7,0.4375,4,0.5,2,0.5,0
LOLTMNT01_389120,LCK_20260517_HANJIN_BRION_vs_Kiwoom_DRX_S4,1,2026-05-17 11:06:33+00:00,16.09,RED,Kiwoom DRX,K'Sante,5,52,20,0.38461538461538464,8,0.125,8,0.5,0
LOLTMNT01_390098,LCK_20260517_HANJIN_BRION_vs_Kiwoom_DRX_S4,2,2026-05-17 12:10:36+00:00,16.09,BLUE,HANJIN BRION,Lucian,1,42,21,0.5,10,0.6,5,0.6,0
LOLTMNT01_390098,LCK_20260517_HANJIN_BRION_vs_Kiwoom_DRX_S4,2,2026-05-17 12:10:36+00:00,16.09,BLUE,HANJIN BRION,Milio,2,24,14,0.5833333333333334,10,0.6,3,1.0,0
LOLTMNT01_390098,LCK_20260517_HANJIN_BRION_vs_Kiwoom_DRX_S4,2,2026-05-17 12:10:36+00:00,16.09,BLUE,HANJIN BRION,Nocturne,3,45,20,0.4444444444444444,9,0.2222222222222222,6,0.5,0
LOLTMNT01_390098,LCK_20260517_HANJIN_BRION_vs_Kiwoom_DRX_S4,2,2026-05-17 12:10:36+00:00,16.09,BLUE,HANJIN BRION,Anivia,4,37,17,0.4594594594594595,5,0.6,2,0.5,0
LOLTMNT01_390098,LCK_20260517_HANJIN_BRION_vs_Kiwoom_DRX_S4,2,2026-05-17 12:10:36+00:00,16.09,BLUE,HANJIN BRION,Sion,5,54,24,0.4444444444444444,12,0.5833333333333334,5,0.6,0
LOLTMNT01_390098,LCK_20260517_HANJIN_BRION_vs_Kiwoom_DRX_S4,2,2026-05-17 12:10:36+00:00,16.09,RED,Kiwoom DRX,Ryze,1,79,42,0.5316455696202531,14,0.5,9,0.5555555555555556,1
LOLTMNT01_390098,LCK_20260517_HANJIN_BRION_vs_Kiwoom_DRX_S4,2,2026-05-17 12:10:36+00:00,16.09,RED,Kiwoom DRX,Vi,2,59,29,0.4915254237288136,10,0.5,8,0.5,1
LOLTMNT01_390098,LCK_20260517_HANJIN_BRION_vs_Kiwoom_DRX_S4,2,2026-05-17 12:10:36+00:00,16.09,RED,Kiwoom DRX,Gnar,3,67,41,0.6119402985074627,11,0.45454545454545453,14,0.5714285714285714,1
LOLTMNT01_390098,LCK_20260517_HANJIN_BRION_vs_Kiwoom_DRX_S4,2,2026-05-17 12:10:36+00:00,16.09,RED,Kiwoom DRX,Yunara,4,78,37,0.47435897435897434,7,0.5714285714285714,15,0.4,1
LOLTMNT01_390098,LCK_20260517_HANJIN_BRION_vs_Kiwoom_DRX_S4,2,2026-05-17 12:10:36+00:00,16.09,RED,Kiwoom DRX,Nautilus,5,43,18,0.4186046511627907,5,0.4,12,0.5,1
LOLTMNT01_389127,LCK_20260517_HANJIN_BRION_vs_Kiwoom_DRX_S4,3,2026-05-17 13:04:35+00:00,16.09,BLUE,Kiwoom DRX,Jarvan IV,1,91,48,0.5274725274725275,15,0.4666666666666667,9,0.4444444444444444,1
LOLTMNT01_389127,LCK_20260517_HANJIN_BRION_vs_Kiwoom_DRX_S4,3,2026-05-17 13:04:35+00:00,16.09,BLUE,Kiwoom DRX,Jhin,2,54,30,0.5555555555555556,10,0.6,4,0.5,1
LOLTMNT01_389127,LCK_20260517_HANJIN_BRION_vs_Kiwoom_DRX_S4,3,2026-05-17 13:04:35+00:00,16.09,BLUE,Kiwoom DRX,Yorick,3,24,13,0.5416666666666666,4,0.75,1,1.0,1
LOLTMNT01_389127,LCK_20260517_HANJIN_BRION_vs_Kiwoom_DRX_S4,3,2026-05-17 13:04:35+00:00,16.09,BLUE,Kiwoom DRX,Alistar,4,31,14,0.45161290322580644,0,,5,0.6,1
LOLTMNT01_389127,LCK_20260517_HANJIN_BRION_vs_Kiwoom_DRX_S4,3,2026-05-17 13:04:35+00:00,16.09,BLUE,Kiwoom DRX,Taliyah,5,43,16,0.37209302325581395,7,0.42857142857142855,5,0.6,1
LOLTMNT01_389127,LCK_20260517_HANJIN_BRION_vs_Kiwoom_DRX_S4,3,2026-05-17 13:04:35+00:00,16.09,RED,HANJIN BRION,Caitlyn,1,35,18,0.5142857142857142,10,0.5,3,0.3333333333333333,0
LOLTMNT01_389127,LCK_20260517_HANJIN_BRION_vs_Kiwoom_DRX_S4,3,2026-05-17 13:04:35+00:00,16.09,RED,HANJIN BRION,Jayce,2,56,27,0.48214285714285715,9,0.5555555555555556,4,0.5,0
LOLTMNT01_389127,LCK_20260517_HANJIN_BRION_vs_Kiwoom_DRX_S4,3,2026-05-17 13:04:35+00:00,16.09,RED,HANJIN BRION,Elise,3,7,4,0.5714285714285714,0,,6,0.6666666666666666,0
LOLTMNT01_389127,LCK_20260517_HANJIN_BRION_vs_Kiwoom_DRX_S4,3,2026-05-17 13:04:35+00:00,16.09,RED,HANJIN BRION,Poppy,4,15,6,0.4,2,0.0,1,0.0,0
LOLTMNT01_389127,LCK_20260517_HANJIN_BRION_vs_Kiwoom_DRX_S4,3,2026-05-17 13:04:35+00:00,16.09,RED,HANJIN BRION,Viktor,5,14,3,0.21428571428571427,6,0.16666666666666666,1,0.0,0
LOLTMNT02_406385,LCK_20260520_Kiwoom_DRX_vs_T1_S3,1,2026-05-20 08:05:29+00:00,16.1,BLUE,T1,Lucian,1,43,21,0.4883720930232558,0,,4,0.75,1
LOLTMNT02_406385,LCK_20260520_Kiwoom_DRX_vs_T1_S3,1,2026-05-20 08:05:29+00:00,16.1,BLUE,T1,Milio,2,25,14,0.56,0,,4,0.75,1
LOLTMNT02_406385,LCK_20260520_Kiwoom_DRX_vs_T1_S3,1,2026-05-20 08:05:29+00:00,16.1,BLUE,T1,Anivia,3,38,17,0.4473684210526316,0,,7,0.5714285714285714,1
LOLTMNT02_406385,LCK_20260520_Kiwoom_DRX_vs_T1_S3,1,2026-05-20 08:05:29+00:00,16.1,BLUE,T1,K'Sante,4,53,20,0.37735849056603776,0,,4,0.75,1
LOLTMNT02_406385,LCK_20260520_Kiwoom_DRX_vs_T1_S3,1,2026-05-20 08:05:29+00:00,16.1,BLUE,T1,Wukong,5,43,20,0.46511627906976744,0,,2,0.5,1
LOLTMNT02_406385,LCK_20260520_Kiwoom_DRX_vs_T1_S3,1,2026-05-20 08:05:29+00:00,16.1,RED,Kiwoom DRX,Ryze,1,80,43,0.5375,0,,10,0.6,0
LOLTMNT02_406385,LCK_20260520_Kiwoom_DRX_vs_T1_S3,1,2026-05-20 08:05:29+00:00,16.1,RED,Kiwoom DRX,Vi,2,60,30,0.5,0,,9,0.5555555555555556,0
LOLTMNT02_406385,LCK_20260520_Kiwoom_DRX_vs_T1_S3,1,2026-05-20 08:05:29+00:00,16.1,RED,Kiwoom DRX,Rumble,3,35,20,0.5714285714285714,0,,3,0.3333333333333333,0
LOLTMNT02_406385,LCK_20260520_Kiwoom_DRX_vs_T1_S3,1,2026-05-20 08:05:29+00:00,16.1,RED,Kiwoom DRX,Yunara,4,79,38,0.4810126582278481,0,,16,0.4375,0
LOLTMNT02_406385,LCK_20260520_Kiwoom_DRX_vs_T1_S3,1,2026-05-20 08:05:29+00:00,16.1,RED,Kiwoom DRX,Nautilus,5,44,19,0.4318181818181818,0,,13,0.5384615384615384,0
LOLTMNT02_406405,LCK_20260520_Kiwoom_DRX_vs_T1_S3,2,2026-05-20 08:54:42+00:00,16.1,BLUE,T1,Varus,1,32,15,0.46875,0,,4,0.5,0
LOLTMNT02_406405,LCK_20260520_Kiwoom_DRX_vs_T1_S3,2,2026-05-20 08:54:42+00:00,16.1,BLUE,T1,Ezreal,2,74,29,0.3918918918918919,0,,5,0.6,0
LOLTMNT02_406405,LCK_20260520_Kiwoom_DRX_vs_T1_S3,2,2026-05-20 08:54:42+00:00,16.1,BLUE,T1,Skarner,3,9,7,0.7777777777777778,0,,0,,0
LOLTMNT02_406405,LCK_20260520_Kiwoom_DRX_vs_T1_S3,2,2026-05-20 08:54:42+00:00,16.1,BLUE,T1,Viktor,4,15,3,0.2,0,,0,,0
LOLTMNT02_406405,LCK_20260520_Kiwoom_DRX_vs_T1_S3,2,2026-05-20 08:54:42+00:00,16.1,BLUE,T1,Tahm Kench,5,1,0,0.0,0,,0,,0
LOLTMNT02_406405,LCK_20260520_Kiwoom_DRX_vs_T1_S3,2,2026-05-20 08:54:42+00:00,16.1,RED,Kiwoom DRX,Karma,1,40,22,0.55,0,,6,0.16666666666666666,1
LOLTMNT02_406405,LCK_20260520_Kiwoom_DRX_vs_T1_S3,2,2026-05-20 08:54:42+00:00,16.1,RED,Kiwoom DRX,Lee Sin,2,31,17,0.5483870967741935,0,,2,0.0,1
LOLTMNT02_406405,LCK_20260520_Kiwoom_DRX_vs_T1_S3,2,2026-05-20 08:54:42+00:00,16.1,RED,Kiwoom DRX,Annie,3,42,26,0.6190476190476191,0,,4,0.5,1
LOLTMNT02_406405,LCK_20260520_Kiwoom_DRX_vs_T1_S3,2,2026-05-20 08:54:42+00:00,16.1,RED,Kiwoom DRX,Miss Fortune,4,17,7,0.4117647058823529,0,,3,0.3333333333333333,1
LOLTMNT02_406405,LCK_20260520_Kiwoom_DRX_vs_T1_S3,2,2026-05-20 08:54:42+00:00,16.1,RED,Kiwoom DRX,Jax,5,13,7,0.5384615384615384,0,,3,0.6666666666666666,1
LOLTMNT02_405485,LCK_20260520_Kiwoom_DRX_vs_T1_S3,3,2026-05-20 09:47:16+00:00,16.1,BLUE,Kiwoom DRX,Cassiopeia,1,25,14,0.56,0,,3,0.0,0
LOLTMNT02_405485,LCK_20260520_Kiwoom_DRX_vs_T1_S3,3,2026-05-20 09:47:16+00:00,16.1,BLUE,Kiwoom DRX,Xin Zhao,2,92,44,0.4782608695652174,0,,16,0.3125,0
LOLTMNT02_405485,LCK_20260520_Kiwoom_DRX_vs_T1_S3,3,2026-05-20 09:47:16+00:00,16.1,BLUE,Kiwoom DRX,Yorick,3,25,14,0.56,0,,2,1.0,0
LOLTMNT02_405485,LCK_20260520_Kiwoom_DRX_vs_T1_S3,3,2026-05-20 09:47:16+00:00,16.1,BLUE,Kiwoom DRX,Kalista,4,18,8,0.4444444444444444,0,,2,0.5,0
LOLTMNT02_405485,LCK_20260520_Kiwoom_DRX_vs_T1_S3,3,2026-05-20 09:47:16+00:00,16.1,BLUE,Kiwoom DRX,Leona,5,16,7,0.4375,0,,2,0.0,0
LOLTMNT02_405485,LCK_20260520_Kiwoom_DRX_vs_T1_S3,3,2026-05-20 09:47:16+00:00,16.1,RED,T1,Orianna,1,47,26,0.5531914893617021,0,,5,0.8,1
LOLTMNT02_405485,LCK_20260520_Kiwoom_DRX_vs_T1_S3,3,2026-05-20 09:47:16+00:00,16.1,RED,T1,Trundle,2,18,14,0.7777777777777778,0,,0,,1
LOLTMNT02_405485,LCK_20260520_Kiwoom_DRX_vs_T1_S3,3,2026-05-20 09:47:16+00:00,16.1,RED,T1,Jayce,3,57,27,0.47368421052631576,0,,8,0.875,1
LOLTMNT02_405485,LCK_20260520_Kiwoom_DRX_vs_T1_S3,3,2026-05-20 09:47:16+00:00,16.1,RED,T1,Ziggs,4,18,9,0.5,0,,0,,1
LOLTMNT02_405485,LCK_20260520_Kiwoom_DRX_vs_T1_S3,3,2026-05-20 09:47:16+00:00,16.1,RED,T1,Pyke,5,7,3,0.42857142857142855,0,,1,0.0,1
LOLTMNT02_406455,LCK_20260520_KT_Rolster_vs_Nongshim_RedForce_S3,1,2026-05-20 11:01:11+00:00,16.1,BLUE,Nongshim RedForce,Ryze,1,81,43,0.5308641975308642,1,0.0,7,0.42857142857142855,1
LOLTMNT02_406455,LCK_20260520_KT_Rolster_vs_Nongshim_RedForce_S3,1,2026-05-20 11:01:11+00:00,16.1,BLUE,Nongshim RedForce,Ezreal,2,75,29,0.38666666666666666,1,0.0,7,0.0,1
LOLTMNT02_406455,LCK_20260520_KT_Rolster_vs_Nongshim_RedForce_S3,1,2026-05-20 11:01:11+00:00,16.1,BLUE,Nongshim RedForce,Nami,3,29,13,0.4482758620689655,0,,4,0.25,1
LOLTMNT02_406455,LCK_20260520_KT_Rolster_vs_Nongshim_RedForce_S3,1,2026-05-20 11:01:11+00:00,16.1,BLUE,Nongshim RedForce,Lee Sin,4,32,18,0.5625,1,1.0,2,0.5,1
LOLTMNT02_406455,LCK_20260520_KT_Rolster_vs_Nongshim_RedForce_S3,1,2026-05-20 11:01:11+00:00,16.1,BLUE,Nongshim RedForce,K'Sante,5,54,21,0.3888888888888889,1,1.0,4,0.25,1
LOLTMNT02_406455,LCK_20260520_KT_Rolster_vs_Nongshim_RedForce_S3,1,2026-05-20 11:01:11+00:00,16.1,RED,KT Rolster,Lucian,1,44,22,0.5,1,1.0,4,0.75,0
LOLTMNT02_406455,LCK_20260520_KT_Rolster_vs_Nongshim_RedForce_S3,1,2026-05-20 11:01:11+00:00,16.1,RED,KT Rolster,Milio,2,26,15,0.5769230769230769,1,1.0,0,,0
LOLTMNT02_406455,LCK_20260520_KT_Rolster_vs_Nongshim_RedForce_S3,1,2026-05-20 11:01:11+00:00,16.1,RED,KT Rolster,Annie,3,43,27,0.627906976744186,1,1.0,5,0.8,0
LOLTMNT02_406455,LCK_20260520_KT_Rolster_vs_Nongshim_RedForce_S3,1,2026-05-20 11:01:11+00:00,16.1,RED,KT Rolster,Sion,4,55,24,0.43636363636363634,0,,2,0.0,0
LOLTMNT02_406455,LCK_20260520_KT_Rolster_vs_Nongshim_RedForce_S3,1,2026-05-20 11:01:11+00:00,16.1,RED,KT Rolster,Naafiri,5,15,9,0.6,0,,3,1.0,0
LOLTMNT02_406485,LCK_20260520_KT_Rolster_vs_Nongshim_RedForce_S3,2,2026-05-20 11:45:01+00:00,16.1,BLUE,KT Rolster,Jarvan IV,1,92,49,0.532608695652174,0,,7,0.7142857142857143,1
LOLTMNT02_406485,LCK_20260520_KT_Rolster_vs_Nongshim_RedForce_S3,2,2026-05-20 11:45:01+00:00,16.1,BLUE,KT Rolster,Nautilus,2,45,19,0.4222222222222222,1,0.0,4,0.25,1
LOLTMNT02_406485,LCK_20260520_KT_Rolster_vs_Nongshim_RedForce_S3,2,2026-05-20 11:45:01+00:00,16.1,BLUE,KT Rolster,Miss Fortune,3,18,8,0.4444444444444444,1,1.0,1,0.0,1
LOLTMNT02_406485,LCK_20260520_KT_Rolster_vs_Nongshim_RedForce_S3,2,2026-05-20 11:45:01+00:00,16.1,BLUE,KT Rolster,Aurora,4,59,23,0.3898305084745763,0,,0,,1
LOLTMNT02_406485,LCK_20260520_KT_Rolster_vs_Nongshim_RedForce_S3,2,2026-05-20 11:45:01+00:00,16.1,BLUE,KT Rolster,Gnar,5,68,42,0.6176470588235294,0,,3,0.6666666666666666,1
LOLTMNT02_406485,LCK_20260520_KT_Rolster_vs_Nongshim_RedForce_S3,2,2026-05-20 11:45:01+00:00,16.1,RED,Nongshim RedForce,Yunara,1,80,38,0.475,1,0.0,11,0.5454545454545454,0
LOLTMNT02_406485,LCK_20260520_KT_Rolster_vs_Nongshim_RedForce_S3,2,2026-05-20 11:45:01+00:00,16.1,RED,Nongshim RedForce,Lulu,2,59,26,0.4406779661016949,0,,5,0.2,0
LOLTMNT02_406485,LCK_20260520_KT_Rolster_vs_Nongshim_RedForce_S3,2,2026-05-20 11:45:01+00:00,16.1,RED,Nongshim RedForce,Xin Zhao,3,93,44,0.4731182795698925,1,0.0,5,0.2,0
LOLTMNT02_406485,LCK_20260520_KT_Rolster_vs_Nongshim_RedForce_S3,2,2026-05-20 11:45:01+00:00,16.1,RED,Nongshim RedForce,Renekton,4,64,30,0.46875,0,,4,0.25,0
LOLTMNT02_406485,LCK_20260520_KT_Rolster_vs_Nongshim_RedForce_S3,2,2026-05-20 11:45:01+00:00,16.1,RED,Nongshim RedForce,Viktor,5,16,3,0.1875,1,0.0,2,0.0,0
LOLTMNT02_406517,LCK_20260520_KT_Rolster_vs_Nongshim_RedForce_S3,3,2026-05-20 12:36:35+00:00,16.1,BLUE,KT Rolster,Pantheon,1,74,37,0.5,0,,7,0.8571428571428571,1
LOLTMNT02_406517,LCK_20260520_KT_Rolster_vs_Nongshim_RedForce_S3,3,2026-05-20 12:36:35+00:00,16.1,BLUE,KT Rolster,Karma,2,41,23,0.5609756097560976,1,1.0,7,0.7142857142857143,1
LOLTMNT02_406517,LCK_20260520_KT_Rolster_vs_Nongshim_RedForce_S3,3,2026-05-20 12:36:35+00:00,16.1,BLUE,KT Rolster,Sivir,3,30,18,0.6,0,,5,0.8,1
LOLTMNT02_406517,LCK_20260520_KT_Rolster_vs_Nongshim_RedForce_S3,3,2026-05-20 12:36:35+00:00,16.1,BLUE,KT Rolster,Taliyah,4,44,17,0.38636363636363635,0,,8,0.25,1
LOLTMNT02_406517,LCK_20260520_KT_Rolster_vs_Nongshim_RedForce_S3,3,2026-05-20 12:36:35+00:00,16.1,BLUE,KT Rolster,Zaahen,5,28,18,0.6428571428571429,0,,6,1.0,1
LOLTMNT02_406517,LCK_20260520_KT_Rolster_vs_Nongshim_RedForce_S3,3,2026-05-20 12:36:35+00:00,16.1,RED,Nongshim RedForce,Caitlyn,1,36,18,0.5,0,,6,0.16666666666666666,0
LOLTMNT02_406517,LCK_20260520_KT_Rolster_vs_Nongshim_RedForce_S3,3,2026-05-20 12:36:35+00:00,16.1,RED,Nongshim RedForce,Bard,2,54,31,0.5740740740740741,0,,4,0.75,0
LOLTMNT02_406517,LCK_20260520_KT_Rolster_vs_Nongshim_RedForce_S3,3,2026-05-20 12:36:35+00:00,16.1,RED,Nongshim RedForce,Twisted Fate,3,19,12,0.631578947368421,0,,2,0.0,0
LOLTMNT02_406517,LCK_20260520_KT_Rolster_vs_Nongshim_RedForce_S3,3,2026-05-20 12:36:35+00:00,16.1,RED,Nongshim RedForce,Yorick,4,26,14,0.5384615384615384,1,0.0,1,0.0,0
LOLTMNT02_406517,LCK_20260520_KT_Rolster_vs_Nongshim_RedForce_S3,3,2026-05-20 12:36:35+00:00,16.1,RED,Nongshim RedForce,Skarner,5,10,7,0.7,1,0.0,1,0.0,0
LOLTMNT02_406958,LCK_20260521_BNK_FEARX_vs_Hanwha_Life_Esports_S2,1,2026-05-21 08:06:57+00:00,16.1,BLUE,BNK FEARX,Karma,1,42,24,0.5714285714285714,2,1.0,4,0.75,0
LOLTMNT02_406958,LCK_20260521_BNK_FEARX_vs_Hanwha_Life_Esports_S2,1,2026-05-21 08:06:57+00:00,16.1,BLUE,BNK FEARX,Xin Zhao,2,94,44,0.46808510638297873,2,0.0,10,0.3,0
LOLTMNT02_406958,LCK_20260521_BNK_FEARX_vs_Hanwha_Life_Esports_S2,1,2026-05-21 08:06:57+00:00,16.1,BLUE,BNK FEARX,Sivir,3,31,19,0.6129032258064516,1,1.0,2,0.5,0
LOLTMNT02_406958,LCK_20260521_BNK_FEARX_vs_Hanwha_Life_Esports_S2,1,2026-05-21 08:06:57+00:00,16.1,BLUE,BNK FEARX,Ryze,4,82,44,0.5365853658536586,2,0.5,10,0.5,0
LOLTMNT02_406958,LCK_20260521_BNK_FEARX_vs_Hanwha_Life_Esports_S2,1,2026-05-21 08:06:57+00:00,16.1,BLUE,BNK FEARX,Galio,5,16,9,0.5625,0,,3,0.3333333333333333,0
LOLTMNT02_406958,LCK_20260521_BNK_FEARX_vs_Hanwha_Life_Esports_S2,1,2026-05-21 08:06:57+00:00,16.1,RED,Hanwha Life Esports,Rumble,1,36,20,0.5555555555555556,1,0.0,4,0.75,1
LOLTMNT02_406958,LCK_20260521_BNK_FEARX_vs_Hanwha_Life_Esports_S2,1,2026-05-21 08:06:57+00:00,16.1,RED,Hanwha Life Esports,Nautilus,2,46,20,0.43478260869565216,2,0.5,5,0.4,1
LOLTMNT02_406958,LCK_20260521_BNK_FEARX_vs_Hanwha_Life_Esports_S2,1,2026-05-21 08:06:57+00:00,16.1,RED,Hanwha Life Esports,Miss Fortune,3,19,9,0.47368421052631576,2,1.0,5,0.6,1
LOLTMNT02_406958,LCK_20260521_BNK_FEARX_vs_Hanwha_Life_Esports_S2,1,2026-05-21 08:06:57+00:00,16.1,RED,Hanwha Life Esports,Vi,4,61,30,0.4918032786885246,1,0.0,9,0.8888888888888888,1
LOLTMNT02_406958,LCK_20260521_BNK_FEARX_vs_Hanwha_Life_Esports_S2,1,2026-05-21 08:06:57+00:00,16.1,RED,Hanwha Life Esports,Yone,5,15,8,0.5333333333333333,0,,2,1.0,1
LOLTMNT02_407057,LCK_20260521_BNK_FEARX_vs_Hanwha_Life_Esports_S2,2,2026-05-21 09:05:50+00:00,16.1,BLUE,Hanwha Life Esports,Ashe,1,49,28,0.5714285714285714,0,,5,1.0,1
LOLTMNT02_407057,LCK_20260521_BNK_FEARX_vs_Hanwha_Life_Esports_S2,2,2026-05-21 09:05:50+00:00,16.1,BLUE,Hanwha Life Esports,Seraphine,2,49,26,0.5306122448979592,0,,5,1.0,1
LOLTMNT02_407057,LCK_20260521_BNK_FEARX_vs_Hanwha_Life_Esports_S2,2,2026-05-21 09:05:50+00:00,16.1,BLUE,Hanwha Life Esports,Mel,3,16,7,0.4375,0,,0,,1
LOLTMNT02_407057,LCK_20260521_BNK_FEARX_vs_Hanwha_Life_Esports_S2,2,2026-05-21 09:05:50+00:00,16.1,BLUE,Hanwha Life Esports,Pantheon,4,75,38,0.5066666666666667,1,1.0,5,0.8,1
LOLTMNT02_407057,LCK_20260521_BNK_FEARX_vs_Hanwha_Life_Esports_S2,2,2026-05-21 09:05:50+00:00,16.1,BLUE,Hanwha Life Esports,Ambessa,5,60,23,0.38333333333333336,0,,2,0.0,1
LOLTMNT02_407057,LCK_20260521_BNK_FEARX_vs_Hanwha_Life_Esports_S2,2,2026-05-21 09:05:50+00:00,16.1,RED,BNK FEARX,Lucian,1,45,22,0.4888888888888889,2,0.5,8,0.5,0
LOLTMNT02_407057,LCK_20260521_BNK_FEARX_vs_Hanwha_Life_Esports_S2,2,2026-05-21 09:05:50+00:00,16.1,RED,BNK FEARX,Milio,2,27,15,0.5555555555555556,2,0.5,7,0.5714285714285714,0
LOLTMNT02_407057,LCK_20260521_BNK_FEARX_vs_Hanwha_Life_Esports_S2,2,2026-05-21 09:05:50+00:00,16.1,RED,BNK FEARX,Twisted Fate,3,20,12,0.6,1,0.0,2,1.0,0
LOLTMNT02_407057,LCK_20260521_BNK_FEARX_vs_Hanwha_Life_Esports_S2,2,2026-05-21 09:05:50+00:00,16.1,RED,BNK FEARX,Sion,4,56,24,0.42857142857142855,1,0.0,6,0.5,0
LOLTMNT02_407057,LCK_20260521_BNK_FEARX_vs_Hanwha_Life_Esports_S2,2,2026-05-21 09:05:50+00:00,16.1,RED,BNK FEARX,Trundle,5,19,15,0.7894736842105263,1,1.0,3,1.0,0
LOLTMNT02_408013,LCK_20260521_Dplus_Kia_vs_HANJIN_BRION_S3,1,2026-05-21 10:22:05+00:00,16.1,BLUE,Dplus Kia,Jarvan IV,1,93,50,0.5376344086021505,1,1.0,15,0.6666666666666666,1
LOLTMNT02_408013,LCK_20260521_Dplus_Kia_vs_HANJIN_BRION_S3,1,2026-05-21 10:22:05+00:00,16.1,BLUE,Dplus Kia,Bard,2,55,31,0.5636363636363636,1,0.0,7,0.5714285714285714,1
LOLTMNT02_408013,LCK_20260521_Dplus_Kia_vs_HANJIN_BRION_S3,1,2026-05-21 10:22:05+00:00,16.1,BLUE,Dplus Kia,Sivir,3,32,19,0.59375,2,0.5,6,0.6666666666666666,1
LOLTMNT02_408013,LCK_20260521_Dplus_Kia_vs_HANJIN_BRION_S3,1,2026-05-21 10:22:05+00:00,16.1,BLUE,Dplus Kia,Viktor,4,17,3,0.17647058823529413,2,0.0,3,0.0,1
LOLTMNT02_408013,LCK_20260521_Dplus_Kia_vs_HANJIN_BRION_S3,1,2026-05-21 10:22:05+00:00,16.1,BLUE,Dplus Kia,K'Sante,5,55,22,0.4,2,1.0,6,0.5,1
LOLTMNT02_408013,LCK_20260521_Dplus_Kia_vs_HANJIN_BRION_S3,1,2026-05-21 10:22:05+00:00,16.1,RED,HANJIN BRION,Orianna,1,48,27,0.5625,1,1.0,5,0.4,0
LOLTMNT02_408013,LCK_20260521_Dplus_Kia_vs_HANJIN_BRION_S3,1,2026-05-21 10:22:05+00:00,16.1,RED,HANJIN BRION,Nautilus,2,47,21,0.44680851063829785,3,0.6666666666666666,3,0.6666666666666666,0
LOLTMNT02_408013,LCK_20260521_Dplus_Kia_vs_HANJIN_BRION_S3,1,2026-05-21 10:22:05+00:00,16.1,RED,HANJIN BRION,Ezreal,3,76,30,0.39473684210526316,2,0.5,12,0.5833333333333334,0
LOLTMNT02_408013,LCK_20260521_Dplus_Kia_vs_HANJIN_BRION_S3,1,2026-05-21 10:22:05+00:00,16.1,RED,HANJIN BRION,Rumble,4,37,21,0.5675675675675675,2,0.5,4,0.25,0
LOLTMNT02_408013,LCK_20260521_Dplus_Kia_vs_HANJIN_BRION_S3,1,2026-05-21 10:22:05+00:00,16.1,RED,HANJIN BRION,Pantheon,5,76,39,0.5131578947368421,2,1.0,9,0.3333333333333333,0
LOLTMNT02_407136,LCK_20260521_Dplus_Kia_vs_HANJIN_BRION_S3,2,2026-05-21 11:23:10+00:00,16.1,BLUE,HANJIN BRION,Cassiopeia,1,26,14,0.5384615384615384,1,0.0,3,0.3333333333333333,1
LOLTMNT02_407136,LCK_20260521_Dplus_Kia_vs_HANJIN_BRION_S3,2,2026-05-21 11:23:10+00:00,16.1,BLUE,HANJIN BRION,Vi,2,62,31,0.5,2,0.5,4,0.25,1
LOLTMNT02_407136,LCK_20260521_Dplus_Kia_vs_HANJIN_BRION_S3,2,2026-05-21 11:23:10+00:00,16.1,BLUE,HANJIN BRION,Jayce,3,58,28,0.4827586206896552,1,1.0,5,0.4,1
LOLTMNT02_407136,LCK_20260521_Dplus_Kia_vs_HANJIN_BRION_S3,2,2026-05-21 11:23:10+00:00,16.1,BLUE,HANJIN BRION,Caitlyn,4,37,18,0.4864864864864865,1,0.0,4,0.25,1
LOLTMNT02_407136,LCK_20260521_Dplus_Kia_vs_HANJIN_BRION_S3,2,2026-05-21 11:23:10+00:00,16.1,BLUE,HANJIN BRION,Lux,5,6,4,0.6666666666666666,0,,0,,1
LOLTMNT02_407136,LCK_20260521_Dplus_Kia_vs_HANJIN_BRION_S3,2,2026-05-21 11:23:10+00:00,16.1,RED,Dplus Kia,Ashe,1,50,29,0.58,1,1.0,7,0.5714285714285714,0
LOLTMNT02_407136,LCK_20260521_Dplus_Kia_vs_HANJIN_BRION_S3,2,2026-05-21 11:23:10+00:00,16.1,RED,Dplus Kia,Xin Zhao,2,95,44,0.4631578947368421,3,0.0,7,0.42857142857142855,0
LOLTMNT02_407136,LCK_20260521_Dplus_Kia_vs_HANJIN_BRION_S3,2,2026-05-21 11:23:10+00:00,16.1,RED,Dplus Kia,Seraphine,3,50,27,0.54,1,1.0,6,0.3333333333333333,0
LOLTMNT02_407136,LCK_20260521_Dplus_Kia_vs_HANJIN_BRION_S3,2,2026-05-21 11:23:10+00:00,16.1,RED,Dplus Kia,Anivia,4,39,18,0.46153846153846156,1,1.0,4,0.5,0
LOLTMNT02_407136,LCK_20260521_Dplus_Kia_vs_HANJIN_BRION_S3,2,2026-05-21 11:23:10+00:00,16.1,RED,Dplus Kia,Kog'Maw,5,3,2,0.6666666666666666,0,,0,,0
LOLTMNT02_407167,LCK_20260521_Dplus_Kia_vs_HANJIN_BRION_S3,3,2026-05-21 12:22:49+00:00,16.1,BLUE,HANJIN BRION,Jhin,1,55,31,0.5636363636363636,0,,6,0.3333333333333333,0
LOLTMNT02_407167,LCK_20260521_Dplus_Kia_vs_HANJIN_BRION_S3,3,2026-05-21 12:22:49+00:00,16.1,BLUE,HANJIN BRION,Annie,2,44,27,0.6136363636363636,2,0.5,5,0.6,0
LOLTMNT02_407167,LCK_20260521_Dplus_Kia_vs_HANJIN_BRION_S3,3,2026-05-21 12:22:49+00:00,16.1,BLUE,HANJIN BRION,Naafiri,3,16,9,0.5625,1,0.0,1,0.0,0
LOLTMNT02_407167,LCK_20260521_Dplus_Kia_vs_HANJIN_BRION_S3,3,2026-05-21 12:22:49+00:00,16.1,BLUE,HANJIN BRION,Renekton,4,65,30,0.46153846153846156,1,0.0,7,0.14285714285714285,0
LOLTMNT02_407167,LCK_20260521_Dplus_Kia_vs_HANJIN_BRION_S3,3,2026-05-21 12:22:49+00:00,16.1,BLUE,HANJIN BRION,Neeko,5,63,34,0.5396825396825397,0,,10,0.5,0
LOLTMNT02_407167,LCK_20260521_Dplus_Kia_vs_HANJIN_BRION_S3,3,2026-05-21 12:22:49+00:00,16.1,RED,Dplus Kia,Karma,1,43,24,0.5581395348837209,3,0.6666666666666666,5,0.8,1
LOLTMNT02_407167,LCK_20260521_Dplus_Kia_vs_HANJIN_BRION_S3,3,2026-05-21 12:22:49+00:00,16.1,RED,Dplus Kia,Wukong,2,44,21,0.4772727272727273,1,1.0,6,0.6666666666666666,1
LOLTMNT02_407167,LCK_20260521_Dplus_Kia_vs_HANJIN_BRION_S3,3,2026-05-21 12:22:49+00:00,16.1,RED,Dplus Kia,Yunara,3,81,38,0.4691358024691358,2,0.0,7,0.5714285714285714,1
LOLTMNT02_407167,LCK_20260521_Dplus_Kia_vs_HANJIN_BRION_S3,3,2026-05-21 12:22:49+00:00,16.1,RED,Dplus Kia,Taliyah,4,45,18,0.4,1,1.0,2,1.0,1
LOLTMNT02_407167,LCK_20260521_Dplus_Kia_vs_HANJIN_BRION_S3,3,2026-05-21 12:22:49+00:00,16.1,RED,Dplus Kia,Illaoi,5,1,1,1.0,0,,1,1.0,1
LOLTMNT02_408582,LCK_20260522_DN_SOOPers_vs_Kiwoom_DRX_S4,1,2026-05-22 08:06:39+00:00,16.1,BLUE,DN SOOPers,Rumble,1,38,21,0.5526315789473685,3,0.3333333333333333,6,0.5,0
LOLTMNT02_408582,LCK_20260522_DN_SOOPers_vs_Kiwoom_DRX_S4,1,2026-05-22 08:06:39+00:00,16.1,BLUE,DN SOOPers,Yone,2,16,9,0.5625,1,1.0,4,0.25,0
LOLTMNT02_408582,LCK_20260522_DN_SOOPers_vs_Kiwoom_DRX_S4,1,2026-05-22 08:06:39+00:00,16.1,BLUE,DN SOOPers,Skarner,3,11,7,0.6363636363636364,2,0.0,0,,0
LOLTMNT02_408582,LCK_20260522_DN_SOOPers_vs_Kiwoom_DRX_S4,1,2026-05-22 08:06:39+00:00,16.1,BLUE,DN SOOPers,Lucian,4,46,22,0.4782608695652174,3,0.3333333333333333,2,0.0,0
LOLTMNT02_408582,LCK_20260522_DN_SOOPers_vs_Kiwoom_DRX_S4,1,2026-05-22 08:06:39+00:00,16.1,BLUE,DN SOOPers,Milio,5,28,15,0.5357142857142857,3,0.3333333333333333,2,0.0,0
LOLTMNT02_408582,LCK_20260522_DN_SOOPers_vs_Kiwoom_DRX_S4,1,2026-05-22 08:06:39+00:00,16.1,RED,Kiwoom DRX,Cassiopeia,1,27,15,0.5555555555555556,2,0.5,4,0.0,1
LOLTMNT02_408582,LCK_20260522_DN_SOOPers_vs_Kiwoom_DRX_S4,1,2026-05-22 08:06:39+00:00,16.1,RED,Kiwoom DRX,Xin Zhao,2,96,44,0.4583333333333333,4,0.0,17,0.29411764705882354,1
LOLTMNT02_408582,LCK_20260522_DN_SOOPers_vs_Kiwoom_DRX_S4,1,2026-05-22 08:06:39+00:00,16.1,RED,Kiwoom DRX,K'Sante,3,56,23,0.4107142857142857,3,1.0,9,0.4444444444444444,1
LOLTMNT02_408582,LCK_20260522_DN_SOOPers_vs_Kiwoom_DRX_S4,1,2026-05-22 08:06:39+00:00,16.1,RED,Kiwoom DRX,Miss Fortune,4,20,10,0.5,3,1.0,4,0.5,1
LOLTMNT02_408582,LCK_20260522_DN_SOOPers_vs_Kiwoom_DRX_S4,1,2026-05-22 08:06:39+00:00,16.1,RED,Kiwoom DRX,Bard,5,56,32,0.5714285714285714,2,0.5,8,0.375,1
LOLTMNT02_407674,LCK_20260522_DN_SOOPers_vs_Kiwoom_DRX_S4,2,2026-05-22 09:04:35+00:00,16.1,BLUE,Kiwoom DRX,Ezreal,1,77,30,0.38961038961038963,3,0.3333333333333333,9,0.1111111111111111,1
LOLTMNT02_407674,LCK_20260522_DN_SOOPers_vs_Kiwoom_DRX_S4,2,2026-05-22 09:04:35+00:00,16.1,BLUE,Kiwoom DRX,Karma,2,44,25,0.5681818181818182,4,0.75,7,0.2857142857142857,1
LOLTMNT02_407674,LCK_20260522_DN_SOOPers_vs_Kiwoom_DRX_S4,2,2026-05-22 09:04:35+00:00,16.1,BLUE,Kiwoom DRX,Gnar,3,69,43,0.6231884057971014,1,1.0,15,0.6,1
LOLTMNT02_407674,LCK_20260522_DN_SOOPers_vs_Kiwoom_DRX_S4,2,2026-05-22 09:04:35+00:00,16.1,BLUE,Kiwoom DRX,Pantheon,4,77,39,0.5064935064935064,3,0.6666666666666666,4,0.25,1
LOLTMNT02_407674,LCK_20260522_DN_SOOPers_vs_Kiwoom_DRX_S4,2,2026-05-22 09:04:35+00:00,16.1,BLUE,Kiwoom DRX,Viktor,5,18,4,0.2222222222222222,3,0.3333333333333333,3,0.3333333333333333,1
LOLTMNT02_407674,LCK_20260522_DN_SOOPers_vs_Kiwoom_DRX_S4,2,2026-05-22 09:04:35+00:00,16.1,RED,DN SOOPers,Lee Sin,1,33,19,0.5757575757575758,2,1.0,6,0.6666666666666666,0
LOLTMNT02_407674,LCK_20260522_DN_SOOPers_vs_Kiwoom_DRX_S4,2,2026-05-22 09:04:35+00:00,16.1,RED,DN SOOPers,Nautilus,2,48,21,0.4375,4,0.5,5,0.0,0
LOLTMNT02_407674,LCK_20260522_DN_SOOPers_vs_Kiwoom_DRX_S4,2,2026-05-22 09:04:35+00:00,16.1,RED,DN SOOPers,Sivir,3,33,20,0.6060606060606061,3,0.6666666666666666,3,0.3333333333333333,0
LOLTMNT02_407674,LCK_20260522_DN_SOOPers_vs_Kiwoom_DRX_S4,2,2026-05-22 09:04:35+00:00,16.1,RED,DN SOOPers,Ahri,4,34,22,0.6470588235294118,0,,7,0.5714285714285714,0
LOLTMNT02_407674,LCK_20260522_DN_SOOPers_vs_Kiwoom_DRX_S4,2,2026-05-22 09:04:35+00:00,16.1,RED,DN SOOPers,Ambessa,5,61,24,0.39344262295081966,1,1.0,8,0.25,0
LOLTMNT02_407714,LCK_20260522_Gen_G_vs_KT_Rolster_S3,1,2026-05-22 10:20:35+00:00,16.1,BLUE,KT Rolster,Ezreal,1,78,31,0.3974358974358974,4,0.5,6,0.3333333333333333,0
LOLTMNT02_407714,LCK_20260522_Gen_G_vs_KT_Rolster_S3,1,2026-05-22 10:20:35+00:00,16.1,BLUE,KT Rolster,Nami,2,30,14,0.4666666666666667,1,1.0,3,0.3333333333333333,0
LOLTMNT02_407714,LCK_20260522_Gen_G_vs_KT_Rolster_S3,1,2026-05-22 10:20:35+00:00,16.1,BLUE,KT Rolster,Pantheon,3,78,40,0.5128205128205128,4,0.75,8,0.875,0
LOLTMNT02_407714,LCK_20260522_Gen_G_vs_KT_Rolster_S3,1,2026-05-22 10:20:35+00:00,16.1,BLUE,KT Rolster,Anivia,4,40,18,0.45,2,0.5,1,0.0,0
LOLTMNT02_407714,LCK_20260522_Gen_G_vs_KT_Rolster_S3,1,2026-05-22 10:20:35+00:00,16.1,BLUE,KT Rolster,Ambessa,5,62,24,0.3870967741935484,2,0.5,2,0.5,0
LOLTMNT02_407714,LCK_20260522_Gen_G_vs_KT_Rolster_S3,1,2026-05-22 10:20:35+00:00,16.1,RED,Gen.G,Karma,1,45,26,0.5777777777777777,5,0.8,5,0.8,1
LOLTMNT02_407714,LCK_20260522_Gen_G_vs_KT_Rolster_S3,1,2026-05-22 10:20:35+00:00,16.1,RED,Gen.G,Jhin,2,56,31,0.5535714285714286,1,0.0,10,0.9,1
LOLTMNT02_407714,LCK_20260522_Gen_G_vs_KT_Rolster_S3,1,2026-05-22 10:20:35+00:00,16.1,RED,Gen.G,Ryze,3,83,44,0.5301204819277109,3,0.3333333333333333,7,0.8571428571428571,1
LOLTMNT02_407714,LCK_20260522_Gen_G_vs_KT_Rolster_S3,1,2026-05-22 10:20:35+00:00,16.1,RED,Gen.G,Naafiri,4,17,9,0.5294117647058824,2,0.0,2,1.0,1
LOLTMNT02_407714,LCK_20260522_Gen_G_vs_KT_Rolster_S3,1,2026-05-22 10:20:35+00:00,16.1,RED,Gen.G,Sion,5,57,24,0.42105263157894735,2,0.0,9,0.8888888888888888,1
LOLTMNT02_407744,LCK_20260522_Gen_G_vs_KT_Rolster_S3,2,2026-05-22 11:11:42+00:00,16.1,BLUE,KT Rolster,Cassiopeia,1,28,16,0.5714285714285714,3,0.6666666666666666,1,1.0,0
LOLTMNT02_407744,LCK_20260522_Gen_G_vs_KT_Rolster_S3,2,2026-05-22 11:11:42+00:00,16.1,BLUE,KT Rolster,Nautilus,2,49,21,0.42857142857142855,5,0.4,5,0.4,0
LOLTMNT02_407744,LCK_20260522_Gen_G_vs_KT_Rolster_S3,2,2026-05-22 11:11:42+00:00,16.1,BLUE,KT Rolster,Jayce,3,59,29,0.4915254237288136,2,1.0,9,0.6666666666666666,0
LOLTMNT02_407744,LCK_20260522_Gen_G_vs_KT_Rolster_S3,2,2026-05-22 11:11:42+00:00,16.1,BLUE,KT Rolster,Corki,4,48,22,0.4583333333333333,0,,3,0.0,0
LOLTMNT02_407744,LCK_20260522_Gen_G_vs_KT_Rolster_S3,2,2026-05-22 11:11:42+00:00,16.1,BLUE,KT Rolster,Trundle,5,20,15,0.75,2,0.5,3,1.0,0
LOLTMNT02_407744,LCK_20260522_Gen_G_vs_KT_Rolster_S3,2,2026-05-22 11:11:42+00:00,16.1,RED,Gen.G,Ashe,1,51,29,0.5686274509803921,2,0.5,8,0.625,1
LOLTMNT02_407744,LCK_20260522_Gen_G_vs_KT_Rolster_S3,2,2026-05-22 11:11:42+00:00,16.1,RED,Gen.G,Galio,2,17,9,0.5294117647058824,1,0.0,3,1.0,1
LOLTMNT02_407744,LCK_20260522_Gen_G_vs_KT_Rolster_S3,2,2026-05-22 11:11:42+00:00,16.1,RED,Gen.G,Seraphine,3,51,27,0.5294117647058824,2,0.5,10,0.6,1
LOLTMNT02_407744,LCK_20260522_Gen_G_vs_KT_Rolster_S3,2,2026-05-22 11:11:42+00:00,16.1,RED,Gen.G,Nocturne,4,46,20,0.43478260869565216,0,,4,0.75,1
LOLTMNT02_407744,LCK_20260522_Gen_G_vs_KT_Rolster_S3,2,2026-05-22 11:11:42+00:00,16.1,RED,Gen.G,Vayne,5,10,7,0.7,0,,1,1.0,1
LOLTMNT02_409322,LCK_20260523_BNK_FEARX_vs_Dplus_Kia_S3,1,2026-05-23 08:06:07+00:00,16.1,BLUE,Dplus Kia,Jarvan IV,1,94,51,0.5425531914893617,2,1.0,16,0.6875,1
LOLTMNT02_409322,LCK_20260523_BNK_FEARX_vs_Dplus_Kia_S3,1,2026-05-23 08:06:07+00:00,16.1,BLUE,Dplus Kia,Karma,2,46,27,0.5869565217391305,6,0.8333333333333334,6,0.8333333333333334,1
LOLTMNT02_409322,LCK_20260523_BNK_FEARX_vs_Dplus_Kia_S3,1,2026-05-23 08:06:07+00:00,16.1,BLUE,Dplus Kia,Caitlyn,3,38,19,0.5,2,0.5,4,0.5,1
LOLTMNT02_409322,LCK_20260523_BNK_FEARX_vs_Dplus_Kia_S3,1,2026-05-23 08:06:07+00:00,16.1,BLUE,Dplus Kia,Ryze,4,84,45,0.5357142857142857,4,0.5,7,0.5714285714285714,1
LOLTMNT02_409322,LCK_20260523_BNK_FEARX_vs_Dplus_Kia_S3,1,2026-05-23 08:06:07+00:00,16.1,BLUE,Dplus Kia,Gnar,5,70,44,0.6285714285714286,2,1.0,8,1.0,1
LOLTMNT02_409322,LCK_20260523_BNK_FEARX_vs_Dplus_Kia_S3,1,2026-05-23 08:06:07+00:00,16.1,RED,BNK FEARX,Orianna,1,49,27,0.5510204081632653,2,0.5,4,0.5,0
LOLTMNT02_409322,LCK_20260523_BNK_FEARX_vs_Dplus_Kia_S3,1,2026-05-23 08:06:07+00:00,16.1,RED,BNK FEARX,Lucian,2,47,22,0.46808510638297873,4,0.25,9,0.4444444444444444,0
LOLTMNT02_409322,LCK_20260523_BNK_FEARX_vs_Dplus_Kia_S3,1,2026-05-23 08:06:07+00:00,16.1,RED,BNK FEARX,Milio,3,29,15,0.5172413793103449,4,0.25,8,0.5,0
LOLTMNT02_409322,LCK_20260523_BNK_FEARX_vs_Dplus_Kia_S3,1,2026-05-23 08:06:07+00:00,16.1,RED,BNK FEARX,Naafiri,4,18,10,0.5555555555555556,3,0.3333333333333333,3,0.3333333333333333,0
LOLTMNT02_409322,LCK_20260523_BNK_FEARX_vs_Dplus_Kia_S3,1,2026-05-23 08:06:07+00:00,16.1,RED,BNK FEARX,Sion,5,58,25,0.43103448275862066,3,0.3333333333333333,7,0.42857142857142855,0
LOLTMNT02_409387,LCK_20260523_BNK_FEARX_vs_Dplus_Kia_S3,2,2026-05-23 09:01:51+00:00,16.1,BLUE,BNK FEARX,Ashe,1,52,30,0.5769230769230769,3,0.6666666666666666,7,0.42857142857142855,1
LOLTMNT02_409387,LCK_20260523_BNK_FEARX_vs_Dplus_Kia_S3,2,2026-05-23 09:01:51+00:00,16.1,BLUE,BNK FEARX,Lulu,2,60,26,0.43333333333333335,1,0.0,7,0.42857142857142855,1
LOLTMNT02_409387,LCK_20260523_BNK_FEARX_vs_Dplus_Kia_S3,2,2026-05-23 09:01:51+00:00,16.1,BLUE,BNK FEARX,Lee Sin,3,34,19,0.5588235294117647,3,0.6666666666666666,3,0.3333333333333333,1
LOLTMNT02_409387,LCK_20260523_BNK_FEARX_vs_Dplus_Kia_S3,2,2026-05-23 09:01:51+00:00,16.1,BLUE,BNK FEARX,Ambessa,4,63,24,0.38095238095238093,3,0.3333333333333333,4,0.0,1
LOLTMNT02_409387,LCK_20260523_BNK_FEARX_vs_Dplus_Kia_S3,2,2026-05-23 09:01:51+00:00,16.1,BLUE,BNK FEARX,Ahri,5,35,22,0.6285714285714286,1,0.0,6,0.3333333333333333,1
LOLTMNT02_409387,LCK_20260523_BNK_FEARX_vs_Dplus_Kia_S3,2,2026-05-23 09:01:51+00:00,16.1,RED,Dplus Kia,Seraphine,1,52,28,0.5384615384615384,3,0.6666666666666666,7,0.2857142857142857,0
LOLTMNT02_409387,LCK_20260523_BNK_FEARX_vs_Dplus_Kia_S3,2,2026-05-23 09:01:51+00:00,16.1,RED,Dplus Kia,Xin Zhao,2,97,45,0.4639175257731959,5,0.2,8,0.375,0
LOLTMNT02_409387,LCK_20260523_BNK_FEARX_vs_Dplus_Kia_S3,2,2026-05-23 09:01:51+00:00,16.1,RED,Dplus Kia,Ezreal,3,79,31,0.3924050632911392,5,0.4,7,0.2857142857142857,0
LOLTMNT02_409387,LCK_20260523_BNK_FEARX_vs_Dplus_Kia_S3,2,2026-05-23 09:01:51+00:00,16.1,RED,Dplus Kia,Rumble,4,39,21,0.5384615384615384,4,0.25,5,0.6,0
LOLTMNT02_409387,LCK_20260523_BNK_FEARX_vs_Dplus_Kia_S3,2,2026-05-23 09:01:51+00:00,16.1,RED,Dplus Kia,LeBlanc,5,6,2,0.3333333333333333,0,,3,0.3333333333333333,0
LOLTMNT02_409417,LCK_20260523_BNK_FEARX_vs_Dplus_Kia_S3,3,2026-05-23 09:58:25+00:00,16.1,BLUE,Dplus Kia,Viktor,1,19,5,0.2631578947368421,4,0.5,4,0.25,1
LOLTMNT02_409417,LCK_20260523_BNK_FEARX_vs_Dplus_Kia_S3,3,2026-05-23 09:58:25+00:00,16.1,BLUE,Dplus Kia,Skarner,2,12,7,0.5833333333333334,3,0.0,2,0.5,1
LOLTMNT02_409417,LCK_20260523_BNK_FEARX_vs_Dplus_Kia_S3,3,2026-05-23 09:58:25+00:00,16.1,BLUE,Dplus Kia,Jayce,3,60,29,0.48333333333333334,3,0.6666666666666666,9,0.2222222222222222,1
LOLTMNT02_409417,LCK_20260523_BNK_FEARX_vs_Dplus_Kia_S3,3,2026-05-23 09:58:25+00:00,16.1,BLUE,Dplus Kia,Poppy,4,16,6,0.375,0,,1,1.0,1
LOLTMNT02_409417,LCK_20260523_BNK_FEARX_vs_Dplus_Kia_S3,3,2026-05-23 09:58:25+00:00,16.1,BLUE,Dplus Kia,Jhin,5,57,32,0.5614035087719298,2,0.5,6,0.5,1
LOLTMNT02_409417,LCK_20260523_BNK_FEARX_vs_Dplus_Kia_S3,3,2026-05-23 09:58:25+00:00,16.1,RED,BNK FEARX,Pantheon,1,79,40,0.5063291139240507,5,0.6,10,0.6,0
LOLTMNT02_409417,LCK_20260523_BNK_FEARX_vs_Dplus_Kia_S3,3,2026-05-23 09:58:25+00:00,16.1,RED,BNK FEARX,Taliyah,2,46,19,0.41304347826086957,2,1.0,4,0.25,0
LOLTMNT02_409417,LCK_20260523_BNK_FEARX_vs_Dplus_Kia_S3,3,2026-05-23 09:58:25+00:00,16.1,RED,BNK FEARX,Yorick,3,27,14,0.5185185185185185,2,0.0,4,0.25,0
LOLTMNT02_409417,LCK_20260523_BNK_FEARX_vs_Dplus_Kia_S3,3,2026-05-23 09:58:25+00:00,16.1,RED,BNK FEARX,Alistar,4,32,15,0.46875,0,,1,1.0,0
LOLTMNT02_409417,LCK_20260523_BNK_FEARX_vs_Dplus_Kia_S3,3,2026-05-23 09:58:25+00:00,16.1,RED,BNK FEARX,Miss Fortune,5,21,11,0.5238095238095238,4,1.0,0,,0
LOLTMNT02_409510,LCK_20260523_Hanwha_Life_Esports_vs_Nongshim_RedForce_S3,1,2026-05-23 11:15:14+00:00,16.1,BLUE,Hanwha Life Esports,Bard,1,57,33,0.5789473684210527,3,0.6666666666666666,9,0.5555555555555556,0
LOLTMNT02_409510,LCK_20260523_Hanwha_Life_Esports_vs_Nongshim_RedForce_S3,1,2026-05-23 11:15:14+00:00,16.1,BLUE,Hanwha Life Esports,Xin Zhao,2,98,45,0.45918367346938777,6,0.16666666666666666,11,0.5454545454545454,0
LOLTMNT02_409510,LCK_20260523_Hanwha_Life_Esports_vs_Nongshim_RedForce_S3,1,2026-05-23 11:15:14+00:00,16.1,BLUE,Hanwha Life Esports,Jhin,3,58,33,0.5689655172413793,3,0.6666666666666666,5,0.4,0
LOLTMNT02_409510,LCK_20260523_Hanwha_Life_Esports_vs_Nongshim_RedForce_S3,1,2026-05-23 11:15:14+00:00,16.1,BLUE,Hanwha Life Esports,Yorick,4,28,14,0.5,3,0.0,5,1.0,0
LOLTMNT02_409510,LCK_20260523_Hanwha_Life_Esports_vs_Nongshim_RedForce_S3,1,2026-05-23 11:15:14+00:00,16.1,BLUE,Hanwha Life Esports,Akali,5,28,11,0.39285714285714285,0,,1,1.0,0
LOLTMNT02_409510,LCK_20260523_Hanwha_Life_Esports_vs_Nongshim_RedForce_S3,1,2026-05-23 11:15:14+00:00,16.1,RED,Nongshim RedForce,Rumble,1,40,21,0.525,5,0.2,3,0.0,1
LOLTMNT02_409510,LCK_20260523_Hanwha_Life_Esports_vs_Nongshim_RedForce_S3,1,2026-05-23 11:15:14+00:00,16.1,RED,Nongshim RedForce,Lucian,2,48,22,0.4583333333333333,5,0.2,3,0.0,1
LOLTMNT02_409510,LCK_20260523_Hanwha_Life_Esports_vs_Nongshim_RedForce_S3,1,2026-05-23 11:15:14+00:00,16.1,RED,Nongshim RedForce,Milio,3,30,15,0.5,5,0.2,1,0.0,1
LOLTMNT02_409510,LCK_20260523_Hanwha_Life_Esports_vs_Nongshim_RedForce_S3,1,2026-05-23 11:15:14+00:00,16.1,RED,Nongshim RedForce,Annie,4,45,27,0.6,3,0.3333333333333333,2,0.0,1
LOLTMNT02_409510,LCK_20260523_Hanwha_Life_Esports_vs_Nongshim_RedForce_S3,1,2026-05-23 11:15:14+00:00,16.1,RED,Nongshim RedForce,Wukong,5,45,22,0.4888888888888889,2,1.0,3,0.0,1
LOLTMNT02_410580,LCK_20260523_Hanwha_Life_Esports_vs_Nongshim_RedForce_S3,2,2026-05-23 12:08:47+00:00,16.1,BLUE,Nongshim RedForce,Ashe,1,53,31,0.5849056603773585,4,0.75,1,0.0,0
LOLTMNT02_410580,LCK_20260523_Hanwha_Life_Esports_vs_Nongshim_RedForce_S3,2,2026-05-23 12:08:47+00:00,16.1,BLUE,Nongshim RedForce,Pantheon,2,80,40,0.5,6,0.5,10,0.3,0
LOLTMNT02_410580,LCK_20260523_Hanwha_Life_Esports_vs_Nongshim_RedForce_S3,2,2026-05-23 12:08:47+00:00,16.1,BLUE,Nongshim RedForce,Nautilus,3,50,21,0.42,6,0.3333333333333333,5,0.4,0
LOLTMNT02_410580,LCK_20260523_Hanwha_Life_Esports_vs_Nongshim_RedForce_S3,2,2026-05-23 12:08:47+00:00,16.1,BLUE,Nongshim RedForce,Ahri,4,36,23,0.6388888888888888,2,0.5,0,,0
LOLTMNT02_410580,LCK_20260523_Hanwha_Life_Esports_vs_Nongshim_RedForce_S3,2,2026-05-23 12:08:47+00:00,16.1,BLUE,Nongshim RedForce,Ambessa,5,64,25,0.390625,4,0.5,8,0.375,0
LOLTMNT02_410580,LCK_20260523_Hanwha_Life_Esports_vs_Nongshim_RedForce_S3,2,2026-05-23 12:08:47+00:00,16.1,RED,Hanwha Life Esports,Vi,1,63,32,0.5079365079365079,3,0.6666666666666666,10,0.9,1
LOLTMNT02_410580,LCK_20260523_Hanwha_Life_Esports_vs_Nongshim_RedForce_S3,2,2026-05-23 12:08:47+00:00,16.1,RED,Hanwha Life Esports,Ziggs,2,19,10,0.5263157894736842,1,1.0,6,0.6666666666666666,1
LOLTMNT02_410580,LCK_20260523_Hanwha_Life_Esports_vs_Nongshim_RedForce_S3,2,2026-05-23 12:08:47+00:00,16.1,RED,Hanwha Life Esports,Pyke,3,8,4,0.5,1,1.0,2,1.0,1
LOLTMNT02_410580,LCK_20260523_Hanwha_Life_Esports_vs_Nongshim_RedForce_S3,2,2026-05-23 12:08:47+00:00,16.1,RED,Hanwha Life Esports,Aurora,4,60,24,0.4,1,1.0,10,0.5,1
LOLTMNT02_410580,LCK_20260523_Hanwha_Life_Esports_vs_Nongshim_RedForce_S3,2,2026-05-23 12:08:47+00:00,16.1,RED,Hanwha Life Esports,Sion,5,59,25,0.423728813559322,4,0.25,4,0.5,1
LOLTMNT02_410667,LCK_20260523_Hanwha_Life_Esports_vs_Nongshim_RedForce_S3,3,2026-05-23 12:59:35+00:00,16.1,BLUE,Hanwha Life Esports,Ryze,1,85,46,0.5411764705882353,5,0.6,5,0.6,1
LOLTMNT02_410667,LCK_20260523_Hanwha_Life_Esports_vs_Nongshim_RedForce_S3,3,2026-05-23 12:59:35+00:00,16.1,BLUE,Hanwha Life Esports,Lee Sin,2,35,20,0.5714285714285714,4,0.75,1,1.0,1
LOLTMNT02_410667,LCK_20260523_Hanwha_Life_Esports_vs_Nongshim_RedForce_S3,3,2026-05-23 12:59:35+00:00,16.1,BLUE,Hanwha Life Esports,Gnar,3,71,45,0.6338028169014085,3,1.0,7,0.8571428571428571,1
LOLTMNT02_410667,LCK_20260523_Hanwha_Life_Esports_vs_Nongshim_RedForce_S3,3,2026-05-23 12:59:35+00:00,16.1,BLUE,Hanwha Life Esports,Corki,4,49,22,0.4489795918367347,1,0.0,5,0.6,1
LOLTMNT02_410667,LCK_20260523_Hanwha_Life_Esports_vs_Nongshim_RedForce_S3,3,2026-05-23 12:59:35+00:00,16.1,BLUE,Hanwha Life Esports,Nami,5,31,14,0.45161290322580644,2,0.5,2,1.0,1
LOLTMNT02_410667,LCK_20260523_Hanwha_Life_Esports_vs_Nongshim_RedForce_S3,3,2026-05-23 12:59:35+00:00,16.1,RED,Nongshim RedForce,Jarvan IV,1,95,52,0.5473684210526316,3,1.0,12,0.5,0
LOLTMNT02_410667,LCK_20260523_Hanwha_Life_Esports_vs_Nongshim_RedForce_S3,3,2026-05-23 12:59:35+00:00,16.1,RED,Nongshim RedForce,Yunara,2,82,39,0.47560975609756095,3,0.3333333333333333,12,0.5,0
LOLTMNT02_410667,LCK_20260523_Hanwha_Life_Esports_vs_Nongshim_RedForce_S3,3,2026-05-23 12:59:35+00:00,16.1,RED,Nongshim RedForce,Lulu,3,61,27,0.4426229508196721,2,0.5,6,0.16666666666666666,0
LOLTMNT02_410667,LCK_20260523_Hanwha_Life_Esports_vs_Nongshim_RedForce_S3,3,2026-05-23 12:59:35+00:00,16.1,RED,Nongshim RedForce,Twisted Fate,4,21,12,0.5714285714285714,2,0.0,3,0.0,0
LOLTMNT02_410667,LCK_20260523_Hanwha_Life_Esports_vs_Nongshim_RedForce_S3,3,2026-05-23 12:59:35+00:00,16.1,RED,Nongshim RedForce,Renekton,5,66,30,0.45454545454545453,2,0.0,5,0.2,0
LOLTMNT02_412046,LCK_20260524_DN_SOOPers_vs_Gen_G_S2,1,2026-05-24 08:06:42+00:00,16.1,BLUE,Gen.G,Bard,1,58,33,0.5689655172413793,4,0.5,9,0.8888888888888888,1
LOLTMNT02_412046,LCK_20260524_DN_SOOPers_vs_Gen_G_S2,1,2026-05-24 08:06:42+00:00,16.1,BLUE,Gen.G,Anivia,2,41,18,0.43902439024390244,3,0.3333333333333333,7,0.8571428571428571,1
LOLTMNT02_412046,LCK_20260524_DN_SOOPers_vs_Gen_G_S2,1,2026-05-24 08:06:42+00:00,16.1,BLUE,Gen.G,Caitlyn,3,39,20,0.5128205128205128,3,0.6666666666666666,4,0.75,1
LOLTMNT02_412046,LCK_20260524_DN_SOOPers_vs_Gen_G_S2,1,2026-05-24 08:06:42+00:00,16.1,BLUE,Gen.G,Skarner,4,13,8,0.6153846153846154,4,0.25,4,1.0,1
LOLTMNT02_412046,LCK_20260524_DN_SOOPers_vs_Gen_G_S2,1,2026-05-24 08:06:42+00:00,16.1,BLUE,Gen.G,Ambessa,5,65,25,0.38461538461538464,5,0.4,6,0.6666666666666666,1
LOLTMNT02_412046,LCK_20260524_DN_SOOPers_vs_Gen_G_S2,1,2026-05-24 08:06:42+00:00,16.1,RED,DN SOOPers,Ryze,1,86,47,0.5465116279069767,6,0.6666666666666666,5,0.4,0
LOLTMNT02_412046,LCK_20260524_DN_SOOPers_vs_Gen_G_S2,1,2026-05-24 08:06:42+00:00,16.1,RED,DN SOOPers,Lee Sin,2,36,21,0.5833333333333334,5,0.8,7,0.5714285714285714,0
LOLTMNT02_412046,LCK_20260524_DN_SOOPers_vs_Gen_G_S2,1,2026-05-24 08:06:42+00:00,16.1,RED,DN SOOPers,Rumble,3,41,22,0.5365853658536586,6,0.3333333333333333,7,0.42857142857142855,0
LOLTMNT02_412046,LCK_20260524_DN_SOOPers_vs_Gen_G_S2,1,2026-05-24 08:06:42+00:00,16.1,RED,DN SOOPers,Ashe,4,54,31,0.5740740740740741,5,0.6,6,0.0,0
LOLTMNT02_412046,LCK_20260524_DN_SOOPers_vs_Gen_G_S2,1,2026-05-24 08:06:42+00:00,16.1,RED,DN SOOPers,Seraphine,5,53,28,0.5283018867924528,4,0.5,5,0.0,0
LOLTMNT02_412073,LCK_20260524_DN_SOOPers_vs_Gen_G_S2,2,2026-05-24 08:56:11+00:00,16.1,BLUE,Gen.G,Annie,1,46,28,0.6086956521739131,4,0.5,7,0.7142857142857143,1
LOLTMNT02_412073,LCK_20260524_DN_SOOPers_vs_Gen_G_S2,2,2026-05-24 08:56:11+00:00,16.1,BLUE,Gen.G,Lucian,2,49,23,0.46938775510204084,6,0.3333333333333333,1,1.0,1
LOLTMNT02_412073,LCK_20260524_DN_SOOPers_vs_Gen_G_S2,2,2026-05-24 08:56:11+00:00,16.1,BLUE,Gen.G,Milio,3,31,16,0.5161290322580645,6,0.3333333333333333,1,1.0,1
LOLTMNT02_412073,LCK_20260524_DN_SOOPers_vs_Gen_G_S2,2,2026-05-24 08:56:11+00:00,16.1,BLUE,Gen.G,Vayne,4,11,8,0.7272727272727273,1,1.0,2,1.0,1
LOLTMNT02_412073,LCK_20260524_DN_SOOPers_vs_Gen_G_S2,2,2026-05-24 08:56:11+00:00,16.1,BLUE,Gen.G,Maokai,5,4,4,1.0,0,,1,1.0,1
LOLTMNT02_412073,LCK_20260524_DN_SOOPers_vs_Gen_G_S2,2,2026-05-24 08:56:11+00:00,16.1,RED,DN SOOPers,Wukong,1,46,23,0.5,3,1.0,9,0.5555555555555556,0
LOLTMNT02_412073,LCK_20260524_DN_SOOPers_vs_Gen_G_S2,2,2026-05-24 08:56:11+00:00,16.1,RED,DN SOOPers,Sion,2,60,26,0.43333333333333335,5,0.4,3,0.0,0
LOLTMNT02_412073,LCK_20260524_DN_SOOPers_vs_Gen_G_S2,2,2026-05-24 08:56:11+00:00,16.1,RED,DN SOOPers,Akali,3,29,11,0.3793103448275862,1,0.0,3,0.3333333333333333,0
LOLTMNT02_412073,LCK_20260524_DN_SOOPers_vs_Gen_G_S2,2,2026-05-24 08:56:11+00:00,16.1,RED,DN SOOPers,Corki,4,50,23,0.46,2,0.5,8,0.25,0
LOLTMNT02_412073,LCK_20260524_DN_SOOPers_vs_Gen_G_S2,2,2026-05-24 08:56:11+00:00,16.1,RED,DN SOOPers,Nami,5,32,15,0.46875,3,0.6666666666666666,2,0.0,0
LOLTMNT02_411297,LCK_20260524_HANJIN_BRION_vs_T1_S2,1,2026-05-24 10:10:10+00:00,16.1,BLUE,T1,Twisted Fate,1,22,12,0.5454545454545454,3,0.0,6,0.6666666666666666,1
LOLTMNT02_411297,LCK_20260524_HANJIN_BRION_vs_T1_S2,1,2026-05-24 10:10:10+00:00,16.1,BLUE,T1,Caitlyn,2,40,21,0.525,4,0.75,5,1.0,1
LOLTMNT02_411297,LCK_20260524_HANJIN_BRION_vs_T1_S2,1,2026-05-24 10:10:10+00:00,16.1,BLUE,T1,Lux,3,7,5,0.7142857142857143,1,1.0,3,1.0,1
LOLTMNT02_411297,LCK_20260524_HANJIN_BRION_vs_T1_S2,1,2026-05-24 10:10:10+00:00,16.1,BLUE,T1,Sion,4,61,26,0.4262295081967213,6,0.3333333333333333,5,1.0,1
LOLTMNT02_411297,LCK_20260524_HANJIN_BRION_vs_T1_S2,1,2026-05-24 10:10:10+00:00,16.1,BLUE,T1,Naafiri,5,19,10,0.5263157894736842,4,0.25,0,,1
LOLTMNT02_411297,LCK_20260524_HANJIN_BRION_vs_T1_S2,1,2026-05-24 10:10:10+00:00,16.1,RED,HANJIN BRION,Ryze,1,87,47,0.5402298850574713,7,0.5714285714285714,10,0.4,0
LOLTMNT02_411297,LCK_20260524_HANJIN_BRION_vs_T1_S2,1,2026-05-24 10:10:10+00:00,16.1,RED,HANJIN BRION,Lee Sin,2,37,21,0.5675675675675675,6,0.6666666666666666,4,0.5,0
LOLTMNT02_411297,LCK_20260524_HANJIN_BRION_vs_T1_S2,1,2026-05-24 10:10:10+00:00,16.1,RED,HANJIN BRION,Rumble,3,42,22,0.5238095238095238,7,0.2857142857142857,5,0.2,0
LOLTMNT02_411297,LCK_20260524_HANJIN_BRION_vs_T1_S2,1,2026-05-24 10:10:10+00:00,16.1,RED,HANJIN BRION,Jhin,4,59,33,0.559322033898305,4,0.5,7,0.2857142857142857,0
LOLTMNT02_411297,LCK_20260524_HANJIN_BRION_vs_T1_S2,1,2026-05-24 10:10:10+00:00,16.1,RED,HANJIN BRION,Pyke,5,9,5,0.5555555555555556,2,1.0,1,0.0,0
LOLTMNT02_411342,LCK_20260524_HANJIN_BRION_vs_T1_S2,2,2026-05-24 11:10:29+00:00,16.1,BLUE,T1,Ashe,1,55,31,0.5636363636363636,6,0.5,5,0.8,1
LOLTMNT02_411342,LCK_20260524_HANJIN_BRION_vs_T1_S2,2,2026-05-24 11:10:29+00:00,16.1,BLUE,T1,Seraphine,2,54,28,0.5185185185185185,5,0.4,3,1.0,1
LOLTMNT02_411342,LCK_20260524_HANJIN_BRION_vs_T1_S2,2,2026-05-24 11:10:29+00:00,16.1,BLUE,T1,Xin Zhao,3,99,45,0.45454545454545453,7,0.14285714285714285,13,0.7692307692307693,1
LOLTMNT02_411342,LCK_20260524_HANJIN_BRION_vs_T1_S2,2,2026-05-24 11:10:29+00:00,16.1,BLUE,T1,Anivia,4,42,19,0.4523809523809524,4,0.5,8,0.625,1
LOLTMNT02_411342,LCK_20260524_HANJIN_BRION_vs_T1_S2,2,2026-05-24 11:10:29+00:00,16.1,BLUE,T1,Yorick,5,29,14,0.4827586206896552,4,0.0,2,0.5,1
LOLTMNT02_411342,LCK_20260524_HANJIN_BRION_vs_T1_S2,2,2026-05-24 11:10:29+00:00,16.1,RED,HANJIN BRION,Lucian,1,50,24,0.48,7,0.42857142857142855,6,0.5,0
LOLTMNT02_411342,LCK_20260524_HANJIN_BRION_vs_T1_S2,2,2026-05-24 11:10:29+00:00,16.1,RED,HANJIN BRION,Milio,2,32,17,0.53125,7,0.42857142857142855,4,0.75,0
LOLTMNT02_411342,LCK_20260524_HANJIN_BRION_vs_T1_S2,2,2026-05-24 11:10:29+00:00,16.1,RED,HANJIN BRION,Jarvan IV,3,96,52,0.5416666666666666,4,0.75,3,0.3333333333333333,0
LOLTMNT02_411342,LCK_20260524_HANJIN_BRION_vs_T1_S2,2,2026-05-24 11:10:29+00:00,16.1,RED,HANJIN BRION,Jayce,4,61,30,0.4918032786885246,4,0.75,6,0.5,0
LOLTMNT02_411342,LCK_20260524_HANJIN_BRION_vs_T1_S2,2,2026-05-24 11:10:29+00:00,16.1,RED,HANJIN BRION,Aurora,5,61,25,0.4098360655737705,2,1.0,8,0.75,0
LOLTMNT02_413377,LCK_20260527_Gen_G_vs_Hanwha_Life_Esports_S3,1,2026-05-27 08:06:37+00:00,16.1,BLUE,Gen.G,Karma,1,47,28,0.5957446808510638,7,0.8571428571428571,6,0.8333333333333334,0
LOLTMNT02_413377,LCK_20260527_Gen_G_vs_Hanwha_Life_Esports_S3,1,2026-05-27 08:06:37+00:00,16.1,BLUE,Gen.G,Annie,2,47,29,0.6170212765957447,5,0.6,8,0.75,0
LOLTMNT02_413377,LCK_20260527_Gen_G_vs_Hanwha_Life_Esports_S3,1,2026-05-27 08:06:37+00:00,16.1,BLUE,Gen.G,Jhin,3,60,33,0.55,5,0.4,11,0.9090909090909091,0
LOLTMNT02_413377,LCK_20260527_Gen_G_vs_Hanwha_Life_Esports_S3,1,2026-05-27 08:06:37+00:00,16.1,BLUE,Gen.G,Gnar,4,72,46,0.6388888888888888,4,1.0,5,0.8,0
LOLTMNT02_413377,LCK_20260527_Gen_G_vs_Hanwha_Life_Esports_S3,1,2026-05-27 08:06:37+00:00,16.1,BLUE,Gen.G,Naafiri,5,20,11,0.55,5,0.4,3,1.0,0
LOLTMNT02_413377,LCK_20260527_Gen_G_vs_Hanwha_Life_Esports_S3,1,2026-05-27 08:06:37+00:00,16.1,RED,Hanwha Life Esports,Jarvan IV,1,97,52,0.5360824742268041,5,0.6,10,0.6,1
LOLTMNT02_413377,LCK_20260527_Gen_G_vs_Hanwha_Life_Esports_S3,1,2026-05-27 08:06:37+00:00,16.1,RED,Hanwha Life Esports,Caitlyn,2,41,22,0.5365853658536586,5,0.8,3,1.0,1
LOLTMNT02_413377,LCK_20260527_Gen_G_vs_Hanwha_Life_Esports_S3,1,2026-05-27 08:06:37+00:00,16.1,RED,Hanwha Life Esports,Bard,3,59,34,0.576271186440678,5,0.6,10,0.5,1
LOLTMNT02_413377,LCK_20260527_Gen_G_vs_Hanwha_Life_Esports_S3,1,2026-05-27 08:06:37+00:00,16.1,RED,Hanwha Life Esports,Aurora,4,62,25,0.4032258064516129,3,0.6666666666666666,11,0.5454545454545454,1
LOLTMNT02_413377,LCK_20260527_Gen_G_vs_Hanwha_Life_Esports_S3,1,2026-05-27 08:06:37+00:00,16.1,RED,Hanwha Life Esports,Sion,5,62,27,0.43548387096774194,7,0.42857142857142855,5,0.6,1
LOLTMNT02_414180,LCK_20260527_Gen_G_vs_Hanwha_Life_Esports_S3,2,2026-05-27 09:12:52+00:00,16.1,BLUE,Gen.G,Vi,1,64,33,0.515625,4,0.75,5,0.6,1
LOLTMNT02_414180,LCK_20260527_Gen_G_vs_Hanwha_Life_Esports_S3,2,2026-05-27 09:12:52+00:00,16.1,BLUE,Gen.G,Lucian,2,51,24,0.47058823529411764,8,0.375,2,1.0,1
LOLTMNT02_414180,LCK_20260527_Gen_G_vs_Hanwha_Life_Esports_S3,2,2026-05-27 09:12:52+00:00,16.1,BLUE,Gen.G,Milio,3,33,17,0.5151515151515151,8,0.375,2,1.0,1
LOLTMNT02_414180,LCK_20260527_Gen_G_vs_Hanwha_Life_Esports_S3,2,2026-05-27 09:12:52+00:00,16.1,BLUE,Gen.G,Yorick,4,30,15,0.5,5,0.2,0,,1
LOLTMNT02_414180,LCK_20260527_Gen_G_vs_Hanwha_Life_Esports_S3,2,2026-05-27 09:12:52+00:00,16.1,BLUE,Gen.G,Ahri,5,37,23,0.6216216216216216,3,0.3333333333333333,1,0.0,1
LOLTMNT02_414180,LCK_20260527_Gen_G_vs_Hanwha_Life_Esports_S3,2,2026-05-27 09:12:52+00:00,16.1,RED,Hanwha Life Esports,Ryze,1,88,47,0.5340909090909091,8,0.5,6,0.6666666666666666,0
LOLTMNT02_414180,LCK_20260527_Gen_G_vs_Hanwha_Life_Esports_S3,2,2026-05-27 09:12:52+00:00,16.1,RED,Hanwha Life Esports,Trundle,2,21,15,0.7142857142857143,3,0.3333333333333333,2,0.5,0
LOLTMNT02_414180,LCK_20260527_Gen_G_vs_Hanwha_Life_Esports_S3,2,2026-05-27 09:12:52+00:00,16.1,RED,Hanwha Life Esports,Rumble,3,43,22,0.5116279069767442,8,0.25,5,0.8,0
LOLTMNT02_414180,LCK_20260527_Gen_G_vs_Hanwha_Life_Esports_S3,2,2026-05-27 09:12:52+00:00,16.1,RED,Hanwha Life Esports,Senna,4,2,0,0.0,0,,0,,0
LOLTMNT02_414180,LCK_20260527_Gen_G_vs_Hanwha_Life_Esports_S3,2,2026-05-27 09:12:52+00:00,16.1,RED,Hanwha Life Esports,Alistar,5,33,15,0.45454545454545453,1,0.0,4,0.5,0
LOLTMNT02_413403,LCK_20260527_Gen_G_vs_Hanwha_Life_Esports_S3,3,2026-05-27 10:06:53+00:00,16.1,BLUE,Gen.G,Lee Sin,1,38,21,0.5526315789473685,7,0.5714285714285714,0,,1
LOLTMNT02_413403,LCK_20260527_Gen_G_vs_Hanwha_Life_Esports_S3,3,2026-05-27 10:06:53+00:00,16.1,BLUE,Gen.G,Galio,2,18,10,0.5555555555555556,2,0.5,4,1.0,1
LOLTMNT02_413403,LCK_20260527_Gen_G_vs_Hanwha_Life_Esports_S3,3,2026-05-27 10:06:53+00:00,16.1,BLUE,Gen.G,Vayne,3,12,9,0.75,2,1.0,3,1.0,1
LOLTMNT02_413403,LCK_20260527_Gen_G_vs_Hanwha_Life_Esports_S3,3,2026-05-27 10:06:53+00:00,16.1,BLUE,Gen.G,Rakan,4,29,17,0.5862068965517241,0,,4,1.0,1
LOLTMNT02_413403,LCK_20260527_Gen_G_vs_Hanwha_Life_Esports_S3,3,2026-05-27 10:06:53+00:00,16.1,BLUE,Gen.G,Sivir,5,34,20,0.5882352941176471,4,0.5,1,1.0,1
LOLTMNT02_413403,LCK_20260527_Gen_G_vs_Hanwha_Life_Esports_S3,3,2026-05-27 10:06:53+00:00,16.1,RED,Hanwha Life Esports,Orianna,1,50,27,0.54,3,0.3333333333333333,4,0.75,0
LOLTMNT02_413403,LCK_20260527_Gen_G_vs_Hanwha_Life_Esports_S3,3,2026-05-27 10:06:53+00:00,16.1,RED,Hanwha Life Esports,Pantheon,2,81,40,0.49382716049382713,7,0.42857142857142855,6,0.8333333333333334,0
LOLTMNT02_413403,LCK_20260527_Gen_G_vs_Hanwha_Life_Esports_S3,3,2026-05-27 10:06:53+00:00,16.1,RED,Hanwha Life Esports,Renekton,3,67,30,0.44776119402985076,3,0.0,2,0.5,0
LOLTMNT02_413403,LCK_20260527_Gen_G_vs_Hanwha_Life_Esports_S3,3,2026-05-27 10:06:53+00:00,16.1,RED,Hanwha Life Esports,Nautilus,4,51,21,0.4117647058823529,7,0.2857142857142857,6,0.5,0
LOLTMNT02_413403,LCK_20260527_Gen_G_vs_Hanwha_Life_Esports_S3,3,2026-05-27 10:06:53+00:00,16.1,RED,Hanwha Life Esports,Xayah,5,11,8,0.7272727272727273,0,,3,1.0,0
LOLTMNT02_413460,LCK_20260527_BNK_FEARX_vs_Kiwoom_DRX_S2,1,2026-05-27 11:17:26+00:00,16.1,BLUE,BNK FEARX,Rumble,1,44,22,0.5,9,0.2222222222222222,2,0.5,1
LOLTMNT02_413460,LCK_20260527_BNK_FEARX_vs_Kiwoom_DRX_S2,1,2026-05-27 11:17:26+00:00,16.1,BLUE,BNK FEARX,Ryze,2,89,47,0.5280898876404494,9,0.4444444444444444,11,0.45454545454545453,1
LOLTMNT02_413460,LCK_20260527_BNK_FEARX_vs_Kiwoom_DRX_S2,1,2026-05-27 11:17:26+00:00,16.1,BLUE,BNK FEARX,Lee Sin,3,39,22,0.5641025641025641,8,0.625,4,0.5,1
LOLTMNT02_413460,LCK_20260527_BNK_FEARX_vs_Kiwoom_DRX_S2,1,2026-05-27 11:17:26+00:00,16.1,BLUE,BNK FEARX,Caitlyn,4,42,23,0.5476190476190477,6,0.8333333333333334,2,0.5,1
LOLTMNT02_413460,LCK_20260527_BNK_FEARX_vs_Kiwoom_DRX_S2,1,2026-05-27 11:17:26+00:00,16.1,BLUE,BNK FEARX,Lux,5,8,6,0.75,2,1.0,0,,1
LOLTMNT02_413460,LCK_20260527_BNK_FEARX_vs_Kiwoom_DRX_S2,1,2026-05-27 11:17:26+00:00,16.1,RED,Kiwoom DRX,Jarvan IV,1,98,53,0.5408163265306123,6,0.6666666666666666,10,0.5,0
LOLTMNT02_413460,LCK_20260527_BNK_FEARX_vs_Kiwoom_DRX_S2,1,2026-05-27 11:17:26+00:00,16.1,RED,Kiwoom DRX,K'Sante,2,57,24,0.42105263157894735,4,1.0,10,0.5,0
LOLTMNT02_413460,LCK_20260527_BNK_FEARX_vs_Kiwoom_DRX_S2,1,2026-05-27 11:17:26+00:00,16.1,RED,Kiwoom DRX,Annie,3,48,29,0.6041666666666666,6,0.5,5,0.6,0
LOLTMNT02_413460,LCK_20260527_BNK_FEARX_vs_Kiwoom_DRX_S2,1,2026-05-27 11:17:26+00:00,16.1,RED,Kiwoom DRX,Miss Fortune,4,22,11,0.5,5,0.8,5,0.6,0
LOLTMNT02_413460,LCK_20260527_BNK_FEARX_vs_Kiwoom_DRX_S2,1,2026-05-27 11:17:26+00:00,16.1,RED,Kiwoom DRX,Rell,5,18,8,0.4444444444444444,0,,0,,0
LOLTMNT02_414278,LCK_20260527_BNK_FEARX_vs_Kiwoom_DRX_S2,2,2026-05-27 12:13:29+00:00,16.1,BLUE,BNK FEARX,Karma,1,48,28,0.5833333333333334,8,0.75,5,0.6,0
LOLTMNT02_414278,LCK_20260527_BNK_FEARX_vs_Kiwoom_DRX_S2,2,2026-05-27 12:13:29+00:00,16.1,BLUE,BNK FEARX,Naafiri,2,21,11,0.5238095238095238,6,0.3333333333333333,4,0.25,0
LOLTMNT02_414278,LCK_20260527_BNK_FEARX_vs_Kiwoom_DRX_S2,2,2026-05-27 12:13:29+00:00,16.1,BLUE,BNK FEARX,Jhin,3,61,33,0.5409836065573771,6,0.3333333333333333,3,0.3333333333333333,0
LOLTMNT02_414278,LCK_20260527_BNK_FEARX_vs_Kiwoom_DRX_S2,2,2026-05-27 12:13:29+00:00,16.1,BLUE,BNK FEARX,Aurora,4,63,26,0.4126984126984127,4,0.75,5,0.4,0
LOLTMNT02_414278,LCK_20260527_BNK_FEARX_vs_Kiwoom_DRX_S2,2,2026-05-27 12:13:29+00:00,16.1,BLUE,BNK FEARX,Sylas,5,17,9,0.5294117647058824,0,,1,1.0,0
LOLTMNT02_414278,LCK_20260527_BNK_FEARX_vs_Kiwoom_DRX_S2,2,2026-05-27 12:13:29+00:00,16.1,RED,Kiwoom DRX,Ezreal,1,80,31,0.3875,6,0.3333333333333333,10,0.2,1
LOLTMNT02_414278,LCK_20260527_BNK_FEARX_vs_Kiwoom_DRX_S2,2,2026-05-27 12:13:29+00:00,16.1,RED,Kiwoom DRX,Bard,2,60,35,0.5833333333333334,6,0.6666666666666666,9,0.4444444444444444,1
LOLTMNT02_414278,LCK_20260527_BNK_FEARX_vs_Kiwoom_DRX_S2,2,2026-05-27 12:13:29+00:00,16.1,RED,Kiwoom DRX,Gnar,3,73,46,0.6301369863013698,5,0.8,16,0.625,1
LOLTMNT02_414278,LCK_20260527_BNK_FEARX_vs_Kiwoom_DRX_S2,2,2026-05-27 12:13:29+00:00,16.1,RED,Kiwoom DRX,Viktor,4,20,6,0.3,5,0.6,4,0.5,1
LOLTMNT02_414278,LCK_20260527_BNK_FEARX_vs_Kiwoom_DRX_S2,2,2026-05-27 12:13:29+00:00,16.1,RED,Kiwoom DRX,Pantheon,5,82,40,0.4878048780487805,8,0.375,5,0.4,1
LOLTMNT02_413504,LCK_20260527_BNK_FEARX_vs_Kiwoom_DRX_S2,3,2026-05-27 13:07:31+00:00,16.1,BLUE,Kiwoom DRX,Yunara,1,83,39,0.46987951807228917,4,0.25,17,0.4117647058823529,0
LOLTMNT02_413504,LCK_20260527_BNK_FEARX_vs_Kiwoom_DRX_S2,3,2026-05-27 13:07:31+00:00,16.1,BLUE,Kiwoom DRX,Renekton,2,68,30,0.4411764705882353,4,0.0,8,0.625,0
LOLTMNT02_413504,LCK_20260527_BNK_FEARX_vs_Kiwoom_DRX_S2,3,2026-05-27 13:07:31+00:00,16.1,BLUE,Kiwoom DRX,Lulu,3,62,27,0.43548387096774194,3,0.3333333333333333,3,0.3333333333333333,0
LOLTMNT02_413504,LCK_20260527_BNK_FEARX_vs_Kiwoom_DRX_S2,3,2026-05-27 13:07:31+00:00,16.1,BLUE,Kiwoom DRX,Jax,4,14,8,0.5714285714285714,1,1.0,4,0.75,0
LOLTMNT02_413504,LCK_20260527_BNK_FEARX_vs_Kiwoom_DRX_S2,3,2026-05-27 13:07:31+00:00,16.1,BLUE,Kiwoom DRX,Mel,5,17,8,0.47058823529411764,1,1.0,3,0.3333333333333333,0
LOLTMNT02_413504,LCK_20260527_BNK_FEARX_vs_Kiwoom_DRX_S2,3,2026-05-27 13:07:31+00:00,16.1,RED,BNK FEARX,Lucian,1,52,25,0.4807692307692308,9,0.4444444444444444,10,0.4,1
LOLTMNT02_413504,LCK_20260527_BNK_FEARX_vs_Kiwoom_DRX_S2,3,2026-05-27 13:07:31+00:00,16.1,RED,BNK FEARX,Milio,2,34,18,0.5294117647058824,9,0.4444444444444444,9,0.4444444444444444,1
LOLTMNT02_413504,LCK_20260527_BNK_FEARX_vs_Kiwoom_DRX_S2,3,2026-05-27 13:07:31+00:00,16.1,RED,BNK FEARX,Xin Zhao,3,100,46,0.46,8,0.25,11,0.2727272727272727,1
LOLTMNT02_413504,LCK_20260527_BNK_FEARX_vs_Kiwoom_DRX_S2,3,2026-05-27 13:07:31+00:00,16.1,RED,BNK FEARX,Ahri,4,38,24,0.631578947368421,4,0.5,7,0.42857142857142855,1
LOLTMNT02_413504,LCK_20260527_BNK_FEARX_vs_Kiwoom_DRX_S2,3,2026-05-27 13:07:31+00:00,16.1,RED,BNK FEARX,Shen,5,3,2,0.6666666666666666,0,,0,,1
LOLTMNT02_414553,LCK_20260528_DN_SOOPers_vs_Nongshim_RedForce_S3,1,2026-05-28 08:03:36+00:00,16.1,BLUE,DN SOOPers,Bard,1,61,36,0.5901639344262295,7,0.7142857142857143,2,0.5,1
LOLTMNT02_414553,LCK_20260528_DN_SOOPers_vs_Nongshim_RedForce_S3,1,2026-05-28 08:03:36+00:00,16.1,BLUE,DN SOOPers,Lee Sin,2,40,23,0.575,9,0.6666666666666666,8,0.5,1
LOLTMNT02_414553,LCK_20260528_DN_SOOPers_vs_Nongshim_RedForce_S3,1,2026-05-28 08:03:36+00:00,16.1,BLUE,DN SOOPers,Caitlyn,3,43,24,0.5581395348837209,7,0.8571428571428571,3,0.3333333333333333,1
LOLTMNT02_414553,LCK_20260528_DN_SOOPers_vs_Nongshim_RedForce_S3,1,2026-05-28 08:03:36+00:00,16.1,BLUE,DN SOOPers,LeBlanc,4,7,2,0.2857142857142857,1,0.0,1,0.0,1
LOLTMNT02_414553,LCK_20260528_DN_SOOPers_vs_Nongshim_RedForce_S3,1,2026-05-28 08:03:36+00:00,16.1,BLUE,DN SOOPers,Zaahen,5,29,19,0.6551724137931034,1,1.0,2,0.5,1
LOLTMNT02_414553,LCK_20260528_DN_SOOPers_vs_Nongshim_RedForce_S3,1,2026-05-28 08:03:36+00:00,16.1,RED,Nongshim RedForce,Cassiopeia,1,29,16,0.5517241379310345,4,0.5,0,,0
LOLTMNT02_414553,LCK_20260528_DN_SOOPers_vs_Nongshim_RedForce_S3,1,2026-05-28 08:03:36+00:00,16.1,RED,Nongshim RedForce,Ezreal,2,81,32,0.3950617283950617,7,0.42857142857142855,8,0.125,0
LOLTMNT02_414553,LCK_20260528_DN_SOOPers_vs_Nongshim_RedForce_S3,1,2026-05-28 08:03:36+00:00,16.1,RED,Nongshim RedForce,Neeko,3,64,34,0.53125,1,0.0,8,0.25,0
LOLTMNT02_414553,LCK_20260528_DN_SOOPers_vs_Nongshim_RedForce_S3,1,2026-05-28 08:03:36+00:00,16.1,RED,Nongshim RedForce,Pantheon,4,83,41,0.4939759036144578,9,0.4444444444444444,11,0.2727272727272727,0
LOLTMNT02_414553,LCK_20260528_DN_SOOPers_vs_Nongshim_RedForce_S3,1,2026-05-28 08:03:36+00:00,16.1,RED,Nongshim RedForce,Sion,5,63,28,0.4444444444444444,8,0.5,8,0.125,0
LOLTMNT02_414569,LCK_20260528_DN_SOOPers_vs_Nongshim_RedForce_S3,2,2026-05-28 08:59:44+00:00,16.1,BLUE,DN SOOPers,Annie,1,49,29,0.5918367346938775,7,0.42857142857142855,2,0.0,0
LOLTMNT02_414569,LCK_20260528_DN_SOOPers_vs_Nongshim_RedForce_S3,2,2026-05-28 08:59:44+00:00,16.1,BLUE,DN SOOPers,Wukong,2,47,23,0.48936170212765956,4,0.75,10,0.5,0
LOLTMNT02_414569,LCK_20260528_DN_SOOPers_vs_Nongshim_RedForce_S3,2,2026-05-28 08:59:44+00:00,16.1,BLUE,DN SOOPers,Rumble,3,45,23,0.5111111111111111,10,0.3,8,0.375,0
LOLTMNT02_414569,LCK_20260528_DN_SOOPers_vs_Nongshim_RedForce_S3,2,2026-05-28 08:59:44+00:00,16.1,BLUE,DN SOOPers,Zeri,4,4,2,0.5,0,,0,,0
LOLTMNT02_414569,LCK_20260528_DN_SOOPers_vs_Nongshim_RedForce_S3,2,2026-05-28 08:59:44+00:00,16.1,BLUE,DN SOOPers,Yuumi,5,6,4,0.6666666666666666,0,,0,,0
LOLTMNT02_414569,LCK_20260528_DN_SOOPers_vs_Nongshim_RedForce_S3,2,2026-05-28 08:59:44+00:00,16.1,RED,Nongshim RedForce,Ryze,1,90,48,0.5333333333333333,10,0.5,8,0.5,1
LOLTMNT02_414569,LCK_20260528_DN_SOOPers_vs_Nongshim_RedForce_S3,2,2026-05-28 08:59:44+00:00,16.1,RED,Nongshim RedForce,Yunara,2,84,39,0.4642857142857143,5,0.2,13,0.46153846153846156,1
LOLTMNT02_414569,LCK_20260528_DN_SOOPers_vs_Nongshim_RedForce_S3,2,2026-05-28 08:59:44+00:00,16.1,RED,Nongshim RedForce,Lulu,3,63,27,0.42857142857142855,4,0.25,7,0.14285714285714285,1
LOLTMNT02_414569,LCK_20260528_DN_SOOPers_vs_Nongshim_RedForce_S3,2,2026-05-28 08:59:44+00:00,16.1,RED,Nongshim RedForce,Xin Zhao,4,101,47,0.46534653465346537,9,0.3333333333333333,6,0.16666666666666666,1
LOLTMNT02_414569,LCK_20260528_DN_SOOPers_vs_Nongshim_RedForce_S3,2,2026-05-28 08:59:44+00:00,16.1,RED,Nongshim RedForce,Galio,5,19,11,0.5789473684210527,3,0.6666666666666666,2,0.0,1
LOLTMNT02_414581,LCK_20260528_DN_SOOPers_vs_Nongshim_RedForce_S3,3,2026-05-28 09:44:44+00:00,16.1,BLUE,DN SOOPers,Naafiri,1,22,11,0.5,7,0.2857142857142857,4,0.5,0
LOLTMNT02_414581,LCK_20260528_DN_SOOPers_vs_Nongshim_RedForce_S3,3,2026-05-28 09:44:44+00:00,16.1,BLUE,DN SOOPers,Karma,2,49,28,0.5714285714285714,9,0.6666666666666666,1,0.0,0
LOLTMNT02_414581,LCK_20260528_DN_SOOPers_vs_Nongshim_RedForce_S3,3,2026-05-28 09:44:44+00:00,16.1,BLUE,DN SOOPers,Sivir,3,35,21,0.6,5,0.6,4,0.25,0
LOLTMNT02_414581,LCK_20260528_DN_SOOPers_vs_Nongshim_RedForce_S3,3,2026-05-28 09:44:44+00:00,16.1,BLUE,DN SOOPers,Aurora,4,64,26,0.40625,5,0.6,5,0.0,0
LOLTMNT02_414581,LCK_20260528_DN_SOOPers_vs_Nongshim_RedForce_S3,3,2026-05-28 09:44:44+00:00,16.1,BLUE,DN SOOPers,Gnar,5,74,47,0.6351351351351351,6,0.8333333333333334,4,0.0,0
LOLTMNT02_414581,LCK_20260528_DN_SOOPers_vs_Nongshim_RedForce_S3,3,2026-05-28 09:44:44+00:00,16.1,RED,Nongshim RedForce,Nocturne,1,47,21,0.44680851063829785,1,1.0,5,0.2,1
LOLTMNT02_414581,LCK_20260528_DN_SOOPers_vs_Nongshim_RedForce_S3,3,2026-05-28 09:44:44+00:00,16.1,RED,Nongshim RedForce,Miss Fortune,2,23,11,0.4782608695652174,6,0.6666666666666666,1,0.0,1
LOLTMNT02_414581,LCK_20260528_DN_SOOPers_vs_Nongshim_RedForce_S3,3,2026-05-28 09:44:44+00:00,16.1,RED,Nongshim RedForce,Nautilus,3,52,21,0.40384615384615385,8,0.25,6,0.3333333333333333,1
LOLTMNT02_414581,LCK_20260528_DN_SOOPers_vs_Nongshim_RedForce_S3,3,2026-05-28 09:44:44+00:00,16.1,RED,Nongshim RedForce,Renekton,4,69,30,0.43478260869565216,5,0.0,6,0.16666666666666666,1
LOLTMNT02_414581,LCK_20260528_DN_SOOPers_vs_Nongshim_RedForce_S3,3,2026-05-28 09:44:44+00:00,16.1,RED,Nongshim RedForce,Taliyah,5,47,19,0.40425531914893614,3,0.6666666666666666,6,0.16666666666666666,1
LOLTMNT02_414612,LCK_20260528_KT_Rolster_vs_T1_S3,1,2026-05-28 11:03:41+00:00,16.1,BLUE,T1,Rumble,1,46,23,0.5,11,0.2727272727272727,3,1.0,1
LOLTMNT02_414612,LCK_20260528_KT_Rolster_vs_T1_S3,1,2026-05-28 11:03:41+00:00,16.1,BLUE,T1,Vi,2,65,34,0.5230769230769231,5,0.8,7,0.8571428571428571,1
LOLTMNT02_414612,LCK_20260528_KT_Rolster_vs_T1_S3,1,2026-05-28 11:03:41+00:00,16.1,BLUE,T1,Anivia,3,43,20,0.46511627906976744,5,0.6,9,0.6666666666666666,1
LOLTMNT02_414612,LCK_20260528_KT_Rolster_vs_T1_S3,1,2026-05-28 11:03:41+00:00,16.1,BLUE,T1,Xayah,4,12,8,0.6666666666666666,1,0.0,0,,1
LOLTMNT02_414612,LCK_20260528_KT_Rolster_vs_T1_S3,1,2026-05-28 11:03:41+00:00,16.1,BLUE,T1,Rakan,5,30,18,0.6,1,1.0,2,0.0,1
LOLTMNT02_414612,LCK_20260528_KT_Rolster_vs_T1_S3,1,2026-05-28 11:03:41+00:00,16.1,RED,KT Rolster,Lucian,1,53,26,0.49056603773584906,10,0.5,5,0.6,0
LOLTMNT02_414612,LCK_20260528_KT_Rolster_vs_T1_S3,1,2026-05-28 11:03:41+00:00,16.1,RED,KT Rolster,Milio,2,35,19,0.5428571428571428,10,0.5,1,0.0,0
LOLTMNT02_414612,LCK_20260528_KT_Rolster_vs_T1_S3,1,2026-05-28 11:03:41+00:00,16.1,RED,KT Rolster,Ryze,3,91,49,0.5384615384615384,11,0.5454545454545454,11,0.5454545454545454,0
LOLTMNT02_414612,LCK_20260528_KT_Rolster_vs_T1_S3,1,2026-05-28 11:03:41+00:00,16.1,RED,KT Rolster,Yorick,4,31,16,0.5161290322580645,6,0.3333333333333333,4,0.75,0
LOLTMNT02_414612,LCK_20260528_KT_Rolster_vs_T1_S3,1,2026-05-28 11:03:41+00:00,16.1,RED,KT Rolster,Wukong,5,48,23,0.4791666666666667,5,0.6,6,0.16666666666666666,0
LOLTMNT02_413783,LCK_20260528_KT_Rolster_vs_T1_S3,2,2026-05-28 11:55:14+00:00,16.1,BLUE,T1,Ashe,1,56,32,0.5714285714285714,7,0.5714285714285714,6,0.8333333333333334,1
LOLTMNT02_413783,LCK_20260528_KT_Rolster_vs_T1_S3,2,2026-05-28 11:55:14+00:00,16.1,BLUE,T1,Seraphine,2,55,29,0.5272727272727272,6,0.5,4,1.0,1
LOLTMNT02_413783,LCK_20260528_KT_Rolster_vs_T1_S3,2,2026-05-28 11:55:14+00:00,16.1,BLUE,T1,Xin Zhao,3,102,48,0.47058823529411764,10,0.4,14,0.7857142857142857,1
LOLTMNT02_413783,LCK_20260528_KT_Rolster_vs_T1_S3,2,2026-05-28 11:55:14+00:00,16.1,BLUE,T1,Akali,4,30,11,0.36666666666666664,2,0.0,3,1.0,1
LOLTMNT02_413783,LCK_20260528_KT_Rolster_vs_T1_S3,2,2026-05-28 11:55:14+00:00,16.1,BLUE,T1,Olaf,5,6,5,0.8333333333333334,0,,0,,1
LOLTMNT02_413783,LCK_20260528_KT_Rolster_vs_T1_S3,2,2026-05-28 11:55:14+00:00,16.1,RED,KT Rolster,Annie,1,50,29,0.58,8,0.375,6,0.6666666666666666,0
LOLTMNT02_413783,LCK_20260528_KT_Rolster_vs_T1_S3,2,2026-05-28 11:55:14+00:00,16.1,RED,KT Rolster,Nautilus,2,53,22,0.41509433962264153,9,0.3333333333333333,6,0.3333333333333333,0
LOLTMNT02_413783,LCK_20260528_KT_Rolster_vs_T1_S3,2,2026-05-28 11:55:14+00:00,16.1,RED,KT Rolster,Lee Sin,3,41,24,0.5853658536585366,10,0.7,1,0.0,0
LOLTMNT02_413783,LCK_20260528_KT_Rolster_vs_T1_S3,2,2026-05-28 11:55:14+00:00,16.1,RED,KT Rolster,Mel,4,18,8,0.4444444444444444,2,0.5,2,0.5,0
LOLTMNT02_413783,LCK_20260528_KT_Rolster_vs_T1_S3,2,2026-05-28 11:55:14+00:00,16.1,RED,KT Rolster,Jayce,5,62,30,0.4838709677419355,5,0.6,10,0.6,0
LOLTMNT02_415033,LCK_20260529_Dplus_Kia_vs_Kiwoom_DRX_S4,1,2026-05-29 08:09:08+00:00,16.1,BLUE,Dplus Kia,Viktor,1,21,7,0.3333333333333333,6,0.6666666666666666,5,0.4,1
LOLTMNT02_415033,LCK_20260529_Dplus_Kia_vs_Kiwoom_DRX_S4,1,2026-05-29 08:09:08+00:00,16.1,BLUE,Dplus Kia,Lucian,2,54,26,0.48148148148148145,11,0.45454545454545453,6,0.5,1
LOLTMNT02_415033,LCK_20260529_Dplus_Kia_vs_Kiwoom_DRX_S4,1,2026-05-29 08:09:08+00:00,16.1,BLUE,Dplus Kia,Braum,3,13,4,0.3076923076923077,0,,1,1.0,1
LOLTMNT02_415033,LCK_20260529_Dplus_Kia_vs_Kiwoom_DRX_S4,1,2026-05-29 08:09:08+00:00,16.1,BLUE,Dplus Kia,Wukong,4,49,23,0.46938775510204084,6,0.5,7,0.7142857142857143,1
LOLTMNT02_415033,LCK_20260529_Dplus_Kia_vs_Kiwoom_DRX_S4,1,2026-05-29 08:09:08+00:00,16.1,BLUE,Dplus Kia,Vayne,5,13,10,0.7692307692307693,3,1.0,1,1.0,1
LOLTMNT02_415033,LCK_20260529_Dplus_Kia_vs_Kiwoom_DRX_S4,1,2026-05-29 08:09:08+00:00,16.1,RED,Kiwoom DRX,Orianna,1,51,27,0.5294117647058824,4,0.25,10,0.6,0
LOLTMNT02_415033,LCK_20260529_Dplus_Kia_vs_Kiwoom_DRX_S4,1,2026-05-29 08:09:08+00:00,16.1,RED,Kiwoom DRX,Vi,2,66,35,0.5303030303030303,6,0.8333333333333334,10,0.5,0
LOLTMNT02_415033,LCK_20260529_Dplus_Kia_vs_Kiwoom_DRX_S4,1,2026-05-29 08:09:08+00:00,16.1,RED,Kiwoom DRX,Nautilus,3,54,22,0.4074074074074074,10,0.3,14,0.5,0
LOLTMNT02_415033,LCK_20260529_Dplus_Kia_vs_Kiwoom_DRX_S4,1,2026-05-29 08:09:08+00:00,16.1,RED,Kiwoom DRX,Ezreal,4,82,32,0.3902439024390244,8,0.375,11,0.2727272727272727,0
LOLTMNT02_415033,LCK_20260529_Dplus_Kia_vs_Kiwoom_DRX_S4,1,2026-05-29 08:09:08+00:00,16.1,RED,Kiwoom DRX,Gnar,5,75,47,0.6266666666666667,7,0.7142857142857143,17,0.6470588235294118,0
LOLTMNT02_415073,LCK_20260529_Dplus_Kia_vs_Kiwoom_DRX_S4,2,2026-05-29 09:00:16+00:00,16.1,BLUE,Dplus Kia,Ashe,1,57,33,0.5789473684210527,8,0.625,8,0.5,0
LOLTMNT02_415073,LCK_20260529_Dplus_Kia_vs_Kiwoom_DRX_S4,2,2026-05-29 09:00:16+00:00,16.1,BLUE,Dplus Kia,Xin Zhao,2,103,49,0.47572815533980584,11,0.45454545454545453,9,0.3333333333333333,0
LOLTMNT02_415073,LCK_20260529_Dplus_Kia_vs_Kiwoom_DRX_S4,2,2026-05-29 09:00:16+00:00,16.1,BLUE,Dplus Kia,Seraphine,3,56,30,0.5357142857142857,7,0.5714285714285714,8,0.25,0
LOLTMNT02_415073,LCK_20260529_Dplus_Kia_vs_Kiwoom_DRX_S4,2,2026-05-29 09:00:16+00:00,16.1,BLUE,Dplus Kia,Zaahen,4,30,20,0.6666666666666666,2,1.0,2,0.5,0
LOLTMNT02_415073,LCK_20260529_Dplus_Kia_vs_Kiwoom_DRX_S4,2,2026-05-29 09:00:16+00:00,16.1,BLUE,Dplus Kia,Taliyah,5,48,20,0.4166666666666667,4,0.75,3,1.0,0
LOLTMNT02_415073,LCK_20260529_Dplus_Kia_vs_Kiwoom_DRX_S4,2,2026-05-29 09:00:16+00:00,16.1,RED,Kiwoom DRX,Lee Sin,1,42,24,0.5714285714285714,11,0.6363636363636364,3,0.3333333333333333,1
LOLTMNT02_415073,LCK_20260529_Dplus_Kia_vs_Kiwoom_DRX_S4,2,2026-05-29 09:00:16+00:00,16.1,RED,Kiwoom DRX,Ryze,2,92,49,0.532608695652174,12,0.5,11,0.5454545454545454,1
LOLTMNT02_415073,LCK_20260529_Dplus_Kia_vs_Kiwoom_DRX_S4,2,2026-05-29 09:00:16+00:00,16.1,RED,Kiwoom DRX,K'Sante,3,58,24,0.41379310344827586,5,0.8,11,0.45454545454545453,1
LOLTMNT02_415073,LCK_20260529_Dplus_Kia_vs_Kiwoom_DRX_S4,2,2026-05-29 09:00:16+00:00,16.1,RED,Kiwoom DRX,Yunara,4,85,40,0.47058823529411764,6,0.3333333333333333,18,0.3888888888888889,1
LOLTMNT02_415073,LCK_20260529_Dplus_Kia_vs_Kiwoom_DRX_S4,2,2026-05-29 09:00:16+00:00,16.1,RED,Kiwoom DRX,Lulu,5,64,28,0.4375,5,0.4,4,0.25,1
LOLTMNT02_415083,LCK_20260529_Dplus_Kia_vs_Kiwoom_DRX_S4,3,2026-05-29 09:49:54+00:00,16.1,BLUE,Kiwoom DRX,Jhin,1,62,33,0.532258064516129,7,0.2857142857142857,5,0.6,0
LOLTMNT02_415083,LCK_20260529_Dplus_Kia_vs_Kiwoom_DRX_S4,3,2026-05-29 09:49:54+00:00,16.1,BLUE,Kiwoom DRX,Karma,2,50,28,0.56,10,0.6,8,0.375,0
LOLTMNT02_415083,LCK_20260529_Dplus_Kia_vs_Kiwoom_DRX_S4,3,2026-05-29 09:49:54+00:00,16.1,BLUE,Kiwoom DRX,Rumble,3,47,24,0.5106382978723404,12,0.3333333333333333,4,0.25,0
LOLTMNT02_415083,LCK_20260529_Dplus_Kia_vs_Kiwoom_DRX_S4,3,2026-05-29 09:49:54+00:00,16.1,BLUE,Kiwoom DRX,Ahri,4,39,25,0.6410256410256411,5,0.6,1,0.0,0
LOLTMNT02_415083,LCK_20260529_Dplus_Kia_vs_Kiwoom_DRX_S4,3,2026-05-29 09:49:54+00:00,16.1,BLUE,Kiwoom DRX,Pantheon,5,84,41,0.4880952380952381,10,0.4,6,0.5,0
LOLTMNT02_415083,LCK_20260529_Dplus_Kia_vs_Kiwoom_DRX_S4,3,2026-05-29 09:49:54+00:00,16.1,RED,Dplus Kia,Jarvan IV,1,99,53,0.5353535353535354,7,0.5714285714285714,17,0.7058823529411765,1
LOLTMNT02_415083,LCK_20260529_Dplus_Kia_vs_Kiwoom_DRX_S4,3,2026-05-29 09:49:54+00:00,16.1,RED,Dplus Kia,Miss Fortune,2,24,12,0.5,7,0.7142857142857143,2,0.5,1
LOLTMNT02_415083,LCK_20260529_Dplus_Kia_vs_Kiwoom_DRX_S4,3,2026-05-29 09:49:54+00:00,16.1,RED,Dplus Kia,Bard,3,62,37,0.5967741935483871,8,0.75,8,0.625,1
LOLTMNT02_415083,LCK_20260529_Dplus_Kia_vs_Kiwoom_DRX_S4,3,2026-05-29 09:49:54+00:00,16.1,RED,Dplus Kia,Galio,4,20,12,0.6,4,0.75,0,,1
LOLTMNT02_415083,LCK_20260529_Dplus_Kia_vs_Kiwoom_DRX_S4,3,2026-05-29 09:49:54+00:00,16.1,RED,Dplus Kia,Aurora,5,65,26,0.4,6,0.5,2,0.0,1
LOLTMNT02_415144,LCK_20260529_Gen_G_vs_HANJIN_BRION_S2,1,2026-05-29 11:07:01+00:00,16.1,BLUE,Gen.G,Ryze,1,93,50,0.5376344086021505,13,0.5384615384615384,8,0.875,1
LOLTMNT02_415144,LCK_20260529_Gen_G_vs_HANJIN_BRION_S2,1,2026-05-29 11:07:01+00:00,16.1,BLUE,Gen.G,Vi,2,67,35,0.5223880597014925,7,0.7142857142857143,6,0.6666666666666666,1
LOLTMNT02_415144,LCK_20260529_Gen_G_vs_HANJIN_BRION_S2,1,2026-05-29 11:07:01+00:00,16.1,BLUE,Gen.G,Rumble,3,48,24,0.5,13,0.3076923076923077,5,1.0,1
LOLTMNT02_415144,LCK_20260529_Gen_G_vs_HANJIN_BRION_S2,1,2026-05-29 11:07:01+00:00,16.1,BLUE,Gen.G,Rakan,4,31,19,0.6129032258064516,2,1.0,5,1.0,1
LOLTMNT02_415144,LCK_20260529_Gen_G_vs_HANJIN_BRION_S2,1,2026-05-29 11:07:01+00:00,16.1,BLUE,Gen.G,Xayah,5,13,9,0.6923076923076923,2,0.5,0,,1
LOLTMNT02_415144,LCK_20260529_Gen_G_vs_HANJIN_BRION_S2,1,2026-05-29 11:07:01+00:00,16.1,RED,HANJIN BRION,Lucian,1,55,27,0.4909090909090909,12,0.5,7,0.42857142857142855,0
LOLTMNT02_415144,LCK_20260529_Gen_G_vs_HANJIN_BRION_S2,1,2026-05-29 11:07:01+00:00,16.1,RED,HANJIN BRION,Xin Zhao,2,104,49,0.47115384615384615,12,0.4166666666666667,10,0.7,0
LOLTMNT02_415144,LCK_20260529_Gen_G_vs_HANJIN_BRION_S2,1,2026-05-29 11:07:01+00:00,16.1,RED,HANJIN BRION,Milio,3,36,19,0.5277777777777778,11,0.45454545454545453,5,0.6,0
LOLTMNT02_415144,LCK_20260529_Gen_G_vs_HANJIN_BRION_S2,1,2026-05-29 11:07:01+00:00,16.1,RED,HANJIN BRION,Yorick,4,32,16,0.5,7,0.2857142857142857,2,0.0,0
LOLTMNT02_415144,LCK_20260529_Gen_G_vs_HANJIN_BRION_S2,1,2026-05-29 11:07:01+00:00,16.1,RED,HANJIN BRION,Taliyah,5,49,20,0.40816326530612246,5,0.6,5,0.4,0
LOLTMNT02_414922,LCK_20260529_Gen_G_vs_HANJIN_BRION_S2,2,2026-05-29 12:01:10+00:00,16.1,BLUE,Gen.G,Jarvan IV,1,100,54,0.54,8,0.625,6,1.0,1
LOLTMNT02_414922,LCK_20260529_Gen_G_vs_HANJIN_BRION_S2,2,2026-05-29 12:01:10+00:00,16.1,BLUE,Gen.G,Ziggs,2,20,11,0.55,2,1.0,1,1.0,1
LOLTMNT02_414922,LCK_20260529_Gen_G_vs_HANJIN_BRION_S2,2,2026-05-29 12:01:10+00:00,16.1,BLUE,Gen.G,Nautilus,3,55,22,0.4,11,0.2727272727272727,2,1.0,1
LOLTMNT02_414922,LCK_20260529_Gen_G_vs_HANJIN_BRION_S2,2,2026-05-29 12:01:10+00:00,16.1,BLUE,Gen.G,Ambessa,4,66,26,0.3939393939393939,6,0.5,7,0.7142857142857143,1
LOLTMNT02_414922,LCK_20260529_Gen_G_vs_HANJIN_BRION_S2,2,2026-05-29 12:01:10+00:00,16.1,BLUE,Gen.G,Mel,5,19,8,0.42105263157894735,3,0.3333333333333333,3,0.6666666666666666,1
LOLTMNT02_414922,LCK_20260529_Gen_G_vs_HANJIN_BRION_S2,2,2026-05-29 12:01:10+00:00,16.1,RED,HANJIN BRION,Pantheon,1,85,41,0.4823529411764706,11,0.36363636363636365,10,0.3,0
LOLTMNT02_414922,LCK_20260529_Gen_G_vs_HANJIN_BRION_S2,2,2026-05-29 12:01:10+00:00,16.1,RED,HANJIN BRION,Caitlyn,2,44,25,0.5681818181818182,8,0.875,5,0.4,0
LOLTMNT02_414922,LCK_20260529_Gen_G_vs_HANJIN_BRION_S2,2,2026-05-29 12:01:10+00:00,16.1,RED,HANJIN BRION,Aurora,3,66,27,0.4090909090909091,7,0.5714285714285714,9,0.6666666666666666,0
LOLTMNT02_414922,LCK_20260529_Gen_G_vs_HANJIN_BRION_S2,2,2026-05-29 12:01:10+00:00,16.1,RED,HANJIN BRION,Sion,4,64,28,0.4375,9,0.4444444444444444,6,0.5,0
LOLTMNT02_414922,LCK_20260529_Gen_G_vs_HANJIN_BRION_S2,2,2026-05-29 12:01:10+00:00,16.1,RED,HANJIN BRION,Tahm Kench,5,2,0,0.0,1,0.0,0,,0
LOLTMNT02_415309,LCK_20260530_DN_SOOPers_vs_KT_Rolster_S4,1,2026-05-30 08:05:58+00:00,16.1,BLUE,KT Rolster,Lucian,1,56,27,0.48214285714285715,13,0.46153846153846156,6,0.5,1
LOLTMNT02_415309,LCK_20260530_DN_SOOPers_vs_KT_Rolster_S4,1,2026-05-30 08:05:58+00:00,16.1,BLUE,KT Rolster,Taliyah,2,50,20,0.4,6,0.5,9,0.3333333333333333,1
LOLTMNT02_415309,LCK_20260530_DN_SOOPers_vs_KT_Rolster_S4,1,2026-05-30 08:05:58+00:00,16.1,BLUE,KT Rolster,Braum,3,14,5,0.35714285714285715,1,1.0,3,0.6666666666666666,1
LOLTMNT02_415309,LCK_20260530_DN_SOOPers_vs_KT_Rolster_S4,1,2026-05-30 08:05:58+00:00,16.1,BLUE,KT Rolster,Xin Zhao,4,105,49,0.4666666666666667,13,0.38461538461538464,5,0.4,1
LOLTMNT02_415309,LCK_20260530_DN_SOOPers_vs_KT_Rolster_S4,1,2026-05-30 08:05:58+00:00,16.1,BLUE,KT Rolster,Gnar,5,76,47,0.618421052631579,8,0.625,4,0.75,1
LOLTMNT02_415309,LCK_20260530_DN_SOOPers_vs_KT_Rolster_S4,1,2026-05-30 08:05:58+00:00,16.1,RED,DN SOOPers,Ryze,1,94,51,0.5425531914893617,14,0.5714285714285714,6,0.3333333333333333,0
LOLTMNT02_415309,LCK_20260530_DN_SOOPers_vs_KT_Rolster_S4,1,2026-05-30 08:05:58+00:00,16.1,RED,DN SOOPers,Miss Fortune,2,25,13,0.52,8,0.75,1,0.0,0
LOLTMNT02_415309,LCK_20260530_DN_SOOPers_vs_KT_Rolster_S4,1,2026-05-30 08:05:58+00:00,16.1,RED,DN SOOPers,Nautilus,3,56,23,0.4107142857142857,12,0.3333333333333333,6,0.0,0
LOLTMNT02_415309,LCK_20260530_DN_SOOPers_vs_KT_Rolster_S4,1,2026-05-30 08:05:58+00:00,16.1,RED,DN SOOPers,Wukong,4,50,24,0.48,7,0.5714285714285714,11,0.45454545454545453,0
LOLTMNT02_415309,LCK_20260530_DN_SOOPers_vs_KT_Rolster_S4,1,2026-05-30 08:05:58+00:00,16.1,RED,DN SOOPers,Sion,5,65,28,0.4307692307692308,10,0.4,4,0.0,0
LOLTMNT02_415338,LCK_20260530_DN_SOOPers_vs_KT_Rolster_S4,2,2026-05-30 08:58:01+00:00,16.1,BLUE,KT Rolster,Jhin,1,63,33,0.5238095238095238,8,0.25,4,0.75,1
LOLTMNT02_415338,LCK_20260530_DN_SOOPers_vs_KT_Rolster_S4,2,2026-05-30 08:58:01+00:00,16.1,BLUE,KT Rolster,Karma,2,51,28,0.5490196078431373,11,0.5454545454545454,8,0.75,1
LOLTMNT02_415338,LCK_20260530_DN_SOOPers_vs_KT_Rolster_S4,2,2026-05-30 08:58:01+00:00,16.1,BLUE,KT Rolster,Annie,3,51,29,0.5686274509803921,9,0.3333333333333333,7,0.5714285714285714,1
LOLTMNT02_415338,LCK_20260530_DN_SOOPers_vs_KT_Rolster_S4,2,2026-05-30 08:58:01+00:00,16.1,BLUE,KT Rolster,Rumble,4,49,25,0.5102040816326531,14,0.35714285714285715,0,,1
LOLTMNT02_415338,LCK_20260530_DN_SOOPers_vs_KT_Rolster_S4,2,2026-05-30 08:58:01+00:00,16.1,BLUE,KT Rolster,Trundle,5,22,15,0.6818181818181818,4,0.25,4,0.75,1
LOLTMNT02_415338,LCK_20260530_DN_SOOPers_vs_KT_Rolster_S4,2,2026-05-30 08:58:01+00:00,16.1,RED,DN SOOPers,Caitlyn,1,45,25,0.5555555555555556,9,0.7777777777777778,4,0.5,0
LOLTMNT02_415338,LCK_20260530_DN_SOOPers_vs_KT_Rolster_S4,2,2026-05-30 08:58:01+00:00,16.1,RED,DN SOOPers,Lee Sin,2,43,25,0.5813953488372093,12,0.6666666666666666,9,0.5555555555555556,0
LOLTMNT02_415338,LCK_20260530_DN_SOOPers_vs_KT_Rolster_S4,2,2026-05-30 08:58:01+00:00,16.1,RED,DN SOOPers,Bard,3,63,38,0.6031746031746031,9,0.7777777777777778,3,0.6666666666666666,0
LOLTMNT02_415338,LCK_20260530_DN_SOOPers_vs_KT_Rolster_S4,2,2026-05-30 08:58:01+00:00,16.1,RED,DN SOOPers,Ambessa,4,67,27,0.40298507462686567,7,0.5714285714285714,9,0.2222222222222222,0
LOLTMNT02_415338,LCK_20260530_DN_SOOPers_vs_KT_Rolster_S4,2,2026-05-30 08:58:01+00:00,16.1,RED,DN SOOPers,Galio,5,21,13,0.6190476190476191,5,0.8,1,1.0,0
LOLTMNT02_416145,LCK_20260530_BNK_FEARX_vs_T1_S4,1,2026-05-30 10:20:58+00:00,16.1,BLUE,BNK FEARX,Ezreal,1,83,32,0.3855421686746988,9,0.3333333333333333,16,0.375,0
LOLTMNT02_416145,LCK_20260530_BNK_FEARX_vs_T1_S4,1,2026-05-30 10:20:58+00:00,16.1,BLUE,BNK FEARX,Ryze,2,95,51,0.5368421052631579,15,0.5333333333333333,12,0.5,0
LOLTMNT02_416145,LCK_20260530_BNK_FEARX_vs_T1_S4,1,2026-05-30 10:20:58+00:00,16.1,BLUE,BNK FEARX,Neeko,3,65,34,0.5230769230769231,2,0.0,9,0.5555555555555556,0
LOLTMNT02_416145,LCK_20260530_BNK_FEARX_vs_T1_S4,1,2026-05-30 10:20:58+00:00,16.1,BLUE,BNK FEARX,Wukong,4,51,24,0.47058823529411764,8,0.5,3,0.6666666666666666,0
LOLTMNT02_416145,LCK_20260530_BNK_FEARX_vs_T1_S4,1,2026-05-30 10:20:58+00:00,16.1,BLUE,BNK FEARX,K'Sante,5,59,25,0.423728813559322,6,0.8333333333333334,8,0.375,0
LOLTMNT02_416145,LCK_20260530_BNK_FEARX_vs_T1_S4,1,2026-05-30 10:20:58+00:00,16.1,RED,T1,Bard,1,64,38,0.59375,10,0.7,2,1.0,1
LOLTMNT02_416145,LCK_20260530_BNK_FEARX_vs_T1_S4,1,2026-05-30 10:20:58+00:00,16.1,RED,T1,Anivia,2,44,21,0.4772727272727273,6,0.6666666666666666,10,0.7,1
LOLTMNT02_416145,LCK_20260530_BNK_FEARX_vs_T1_S4,1,2026-05-30 10:20:58+00:00,16.1,RED,T1,Jhin,3,64,34,0.53125,9,0.3333333333333333,7,0.7142857142857143,1
LOLTMNT02_416145,LCK_20260530_BNK_FEARX_vs_T1_S4,1,2026-05-30 10:20:58+00:00,16.1,RED,T1,Rumble,4,50,26,0.52,15,0.4,4,1.0,1
LOLTMNT02_416145,LCK_20260530_BNK_FEARX_vs_T1_S4,1,2026-05-30 10:20:58+00:00,16.1,RED,T1,Nocturne,5,48,22,0.4583333333333333,2,1.0,7,0.8571428571428571,1
LOLTMNT02_415381,LCK_20260530_BNK_FEARX_vs_T1_S4,2,2026-05-30 11:23:27+00:00,16.1,BLUE,BNK FEARX,Caitlyn,1,46,25,0.5434782608695652,10,0.7,3,0.6666666666666666,0
LOLTMNT02_415381,LCK_20260530_BNK_FEARX_vs_T1_S4,2,2026-05-30 11:23:27+00:00,16.1,BLUE,BNK FEARX,Karma,2,52,29,0.5576923076923077,12,0.5833333333333334,6,0.5,0
LOLTMNT02_415381,LCK_20260530_BNK_FEARX_vs_T1_S4,2,2026-05-30 11:23:27+00:00,16.1,BLUE,BNK FEARX,Pantheon,3,86,41,0.47674418604651164,12,0.3333333333333333,11,0.5454545454545454,0
LOLTMNT02_415381,LCK_20260530_BNK_FEARX_vs_T1_S4,2,2026-05-30 11:23:27+00:00,16.1,BLUE,BNK FEARX,Viktor,4,22,8,0.36363636363636365,7,0.7142857142857143,0,,0
LOLTMNT02_415381,LCK_20260530_BNK_FEARX_vs_T1_S4,2,2026-05-30 11:23:27+00:00,16.1,BLUE,BNK FEARX,Gwen,5,25,16,0.64,0,,1,1.0,0
LOLTMNT02_415381,LCK_20260530_BNK_FEARX_vs_T1_S4,2,2026-05-30 11:23:27+00:00,16.1,RED,T1,Vi,1,68,36,0.5294117647058824,8,0.75,8,0.875,1
LOLTMNT02_415381,LCK_20260530_BNK_FEARX_vs_T1_S4,2,2026-05-30 11:23:27+00:00,16.1,RED,T1,Nautilus,2,57,23,0.40350877192982454,13,0.3076923076923077,2,0.5,1
LOLTMNT02_415381,LCK_20260530_BNK_FEARX_vs_T1_S4,2,2026-05-30 11:23:27+00:00,16.1,RED,T1,Mel,3,20,9,0.45,4,0.5,2,0.5,1
LOLTMNT02_415381,LCK_20260530_BNK_FEARX_vs_T1_S4,2,2026-05-30 11:23:27+00:00,16.1,RED,T1,Sion,4,66,28,0.42424242424242425,11,0.36363636363636365,6,1.0,1
LOLTMNT02_415381,LCK_20260530_BNK_FEARX_vs_T1_S4,2,2026-05-30 11:23:27+00:00,16.1,RED,T1,Azir,5,63,29,0.4603174603174603,0,,10,0.9,1
LOLTMNT02_416394,LCK_20260531_HANJIN_BRION_vs_Hanwha_Life_Esports_S3,1,2026-05-31 08:06:48+00:00,16.1,BLUE,Hanwha Life Esports,Bard,1,65,39,0.6,11,0.7272727272727273,11,0.5454545454545454,1
LOLTMNT02_416394,LCK_20260531_HANJIN_BRION_vs_Hanwha_Life_Esports_S3,1,2026-05-31 08:06:48+00:00,16.1,BLUE,Hanwha Life Esports,Caitlyn,2,47,25,0.5319148936170213,11,0.6363636363636364,4,1.0,1
LOLTMNT02_416394,LCK_20260531_HANJIN_BRION_vs_Hanwha_Life_Esports_S3,1,2026-05-31 08:06:48+00:00,16.1,BLUE,Hanwha Life Esports,Vi,3,69,37,0.5362318840579711,9,0.7777777777777778,11,0.9090909090909091,1
LOLTMNT02_416394,LCK_20260531_HANJIN_BRION_vs_Hanwha_Life_Esports_S3,1,2026-05-31 08:06:48+00:00,16.1,BLUE,Hanwha Life Esports,Viktor,4,23,8,0.34782608695652173,8,0.625,0,,1
LOLTMNT02_416394,LCK_20260531_HANJIN_BRION_vs_Hanwha_Life_Esports_S3,1,2026-05-31 08:06:48+00:00,16.1,BLUE,Hanwha Life Esports,K'Sante,5,60,25,0.4166666666666667,7,0.7142857142857143,1,0.0,1
LOLTMNT02_416394,LCK_20260531_HANJIN_BRION_vs_Hanwha_Life_Esports_S3,1,2026-05-31 08:06:48+00:00,16.1,RED,HANJIN BRION,Orianna,1,52,27,0.5192307692307693,5,0.2,6,0.3333333333333333,0
LOLTMNT02_416394,LCK_20260531_HANJIN_BRION_vs_Hanwha_Life_Esports_S3,1,2026-05-31 08:06:48+00:00,16.1,RED,HANJIN BRION,Lee Sin,2,44,25,0.5681818181818182,13,0.6153846153846154,5,0.4,0
LOLTMNT02_416394,LCK_20260531_HANJIN_BRION_vs_Hanwha_Life_Esports_S3,1,2026-05-31 08:06:48+00:00,16.1,RED,HANJIN BRION,Nautilus,3,58,24,0.41379310344827586,14,0.35714285714285715,4,0.5,0
LOLTMNT02_416394,LCK_20260531_HANJIN_BRION_vs_Hanwha_Life_Esports_S3,1,2026-05-31 08:06:48+00:00,16.1,RED,HANJIN BRION,Ziggs,4,21,12,0.5714285714285714,3,1.0,1,0.0,0
LOLTMNT02_416394,LCK_20260531_HANJIN_BRION_vs_Hanwha_Life_Esports_S3,1,2026-05-31 08:06:48+00:00,16.1,RED,HANJIN BRION,Jayce,5,63,30,0.47619047619047616,6,0.5,7,0.42857142857142855,0
LOLTMNT02_416414,LCK_20260531_HANJIN_BRION_vs_Hanwha_Life_Esports_S3,2,2026-05-31 09:03:34+00:00,16.1,BLUE,Hanwha Life Esports,Ryze,1,96,51,0.53125,16,0.5,7,0.5714285714285714,1
LOLTMNT02_416414,LCK_20260531_HANJIN_BRION_vs_Hanwha_Life_Esports_S3,2,2026-05-31 09:03:34+00:00,16.1,BLUE,Hanwha Life Esports,Ashe,2,58,33,0.5689655172413793,9,0.5555555555555556,6,1.0,1
LOLTMNT02_416414,LCK_20260531_HANJIN_BRION_vs_Hanwha_Life_Esports_S3,2,2026-05-31 09:03:34+00:00,16.1,BLUE,Hanwha Life Esports,Seraphine,3,57,30,0.5263157894736842,8,0.5,6,1.0,1
LOLTMNT02_416414,LCK_20260531_HANJIN_BRION_vs_Hanwha_Life_Esports_S3,2,2026-05-31 09:03:34+00:00,16.1,BLUE,Hanwha Life Esports,Gnar,4,77,48,0.6233766233766234,9,0.6666666666666666,8,0.875,1
LOLTMNT02_416414,LCK_20260531_HANJIN_BRION_vs_Hanwha_Life_Esports_S3,2,2026-05-31 09:03:34+00:00,16.1,BLUE,Hanwha Life Esports,Pantheon,5,87,41,0.47126436781609193,13,0.3076923076923077,7,0.7142857142857143,1
LOLTMNT02_416414,LCK_20260531_HANJIN_BRION_vs_Hanwha_Life_Esports_S3,2,2026-05-31 09:03:34+00:00,16.1,RED,HANJIN BRION,Jarvan IV,1,101,55,0.5445544554455446,9,0.6666666666666666,4,0.25,0
LOLTMNT02_416414,LCK_20260531_HANJIN_BRION_vs_Hanwha_Life_Esports_S3,2,2026-05-31 09:03:34+00:00,16.1,RED,HANJIN BRION,Ezreal,2,84,32,0.38095238095238093,10,0.3,13,0.5384615384615384,0
LOLTMNT02_416414,LCK_20260531_HANJIN_BRION_vs_Hanwha_Life_Esports_S3,2,2026-05-31 09:03:34+00:00,16.1,RED,HANJIN BRION,Neeko,3,66,34,0.5151515151515151,3,0.0,11,0.45454545454545453,0
LOLTMNT02_416414,LCK_20260531_HANJIN_BRION_vs_Hanwha_Life_Esports_S3,2,2026-05-31 09:03:34+00:00,16.1,RED,HANJIN BRION,Twisted Fate,4,23,13,0.5652173913043478,4,0.25,1,1.0,0
LOLTMNT02_416414,LCK_20260531_HANJIN_BRION_vs_Hanwha_Life_Esports_S3,2,2026-05-31 09:03:34+00:00,16.1,RED,HANJIN BRION,Taliyah,5,51,21,0.4117647058823529,7,0.5714285714285714,6,0.3333333333333333,0
LOLTMNT02_416470,LCK_20260531_Dplus_Kia_vs_Nongshim_RedForce_S3,1,2026-05-31 10:17:32+00:00,16.1,BLUE,Nongshim RedForce,Ezreal,1,85,32,0.3764705882352941,11,0.2727272727272727,9,0.1111111111111111,0
LOLTMNT02_416470,LCK_20260531_Dplus_Kia_vs_Nongshim_RedForce_S3,1,2026-05-31 10:17:32+00:00,16.1,BLUE,Nongshim RedForce,Ryze,2,97,52,0.5360824742268041,17,0.5294117647058824,9,0.5555555555555556,0
LOLTMNT02_416470,LCK_20260531_Dplus_Kia_vs_Nongshim_RedForce_S3,1,2026-05-31 10:17:32+00:00,16.1,BLUE,Nongshim RedForce,Bard,3,66,40,0.6060606060606061,12,0.75,5,0.6,0
LOLTMNT02_416470,LCK_20260531_Dplus_Kia_vs_Nongshim_RedForce_S3,1,2026-05-31 10:17:32+00:00,16.1,BLUE,Nongshim RedForce,Rumble,4,51,27,0.5294117647058824,16,0.4375,4,0.25,0
LOLTMNT02_416470,LCK_20260531_Dplus_Kia_vs_Nongshim_RedForce_S3,1,2026-05-31 10:17:32+00:00,16.1,BLUE,Nongshim RedForce,Naafiri,5,23,11,0.4782608695652174,8,0.25,0,,0
LOLTMNT02_416470,LCK_20260531_Dplus_Kia_vs_Nongshim_RedForce_S3,1,2026-05-31 10:17:32+00:00,16.1,RED,Dplus Kia,Karma,1,53,29,0.5471698113207547,13,0.5384615384615384,7,0.8571428571428571,1
LOLTMNT02_416470,LCK_20260531_Dplus_Kia_vs_Nongshim_RedForce_S3,1,2026-05-31 10:17:32+00:00,16.1,RED,Dplus Kia,Jarvan IV,2,102,55,0.5392156862745098,10,0.6,18,0.7222222222222222,1
LOLTMNT02_416470,LCK_20260531_Dplus_Kia_vs_Nongshim_RedForce_S3,1,2026-05-31 10:17:32+00:00,16.1,RED,Dplus Kia,Jhin,3,65,35,0.5384615384615384,10,0.4,7,0.5714285714285714,1
LOLTMNT02_416470,LCK_20260531_Dplus_Kia_vs_Nongshim_RedForce_S3,1,2026-05-31 10:17:32+00:00,16.1,RED,Dplus Kia,K'Sante,4,61,26,0.4262295081967213,8,0.75,7,0.5714285714285714,1
LOLTMNT02_416470,LCK_20260531_Dplus_Kia_vs_Nongshim_RedForce_S3,1,2026-05-31 10:17:32+00:00,16.1,RED,Dplus Kia,Viktor,5,24,9,0.375,9,0.6666666666666666,6,0.5,1
LOLTMNT02_416511,LCK_20260531_Dplus_Kia_vs_Nongshim_RedForce_S3,2,2026-05-31 11:10:18+00:00,16.1,BLUE,Dplus Kia,Lucian,1,57,28,0.49122807017543857,14,0.5,7,0.5714285714285714,1
LOLTMNT02_416511,LCK_20260531_Dplus_Kia_vs_Nongshim_RedForce_S3,2,2026-05-31 11:10:18+00:00,16.1,BLUE,Dplus Kia,Anivia,2,45,22,0.4888888888888889,7,0.7142857142857143,5,0.4,1
LOLTMNT02_416511,LCK_20260531_Dplus_Kia_vs_Nongshim_RedForce_S3,2,2026-05-31 11:10:18+00:00,16.1,BLUE,Dplus Kia,Milio,3,37,19,0.5135135135135135,12,0.4166666666666667,1,0.0,1
LOLTMNT02_416511,LCK_20260531_Dplus_Kia_vs_Nongshim_RedForce_S3,2,2026-05-31 11:10:18+00:00,16.1,BLUE,Dplus Kia,Skarner,4,14,9,0.6428571428571429,5,0.4,3,0.6666666666666666,1
LOLTMNT02_416511,LCK_20260531_Dplus_Kia_vs_Nongshim_RedForce_S3,2,2026-05-31 11:10:18+00:00,16.1,BLUE,Dplus Kia,Sion,5,67,29,0.43283582089552236,12,0.4166666666666667,8,0.25,1
LOLTMNT02_416511,LCK_20260531_Dplus_Kia_vs_Nongshim_RedForce_S3,2,2026-05-31 11:10:18+00:00,16.1,RED,Nongshim RedForce,Cassiopeia,1,30,16,0.5333333333333333,5,0.4,1,0.0,0
LOLTMNT02_416511,LCK_20260531_Dplus_Kia_vs_Nongshim_RedForce_S3,2,2026-05-31 11:10:18+00:00,16.1,RED,Nongshim RedForce,Pantheon,2,88,42,0.4772727272727273,14,0.35714285714285715,12,0.25,0
LOLTMNT02_416511,LCK_20260531_Dplus_Kia_vs_Nongshim_RedForce_S3,2,2026-05-31 11:10:18+00:00,16.1,RED,Nongshim RedForce,Jayce,3,64,30,0.46875,7,0.42857142857142855,8,0.25,0
LOLTMNT02_416511,LCK_20260531_Dplus_Kia_vs_Nongshim_RedForce_S3,2,2026-05-31 11:10:18+00:00,16.1,RED,Nongshim RedForce,Corki,4,51,23,0.45098039215686275,3,0.3333333333333333,5,0.4,0
LOLTMNT02_416511,LCK_20260531_Dplus_Kia_vs_Nongshim_RedForce_S3,2,2026-05-31 11:10:18+00:00,16.1,RED,Nongshim RedForce,Nami,5,33,15,0.45454545454545453,4,0.5,5,0.4,0
LOLTMNT01_397879,LCK_20260606_Dplus_Kia_vs_HANJIN_BRION_S4,1,2026-06-06 08:12:31+00:00,16.11,BLUE,Dplus Kia,Jarvan IV,1,103,56,0.5436893203883495,0,,19,0.7368421052631579,1
LOLTMNT01_397879,LCK_20260606_Dplus_Kia_vs_HANJIN_BRION_S4,1,2026-06-06 08:12:31+00:00,16.11,BLUE,Dplus Kia,Viktor,2,25,10,0.4,0,,7,0.5714285714285714,1
LOLTMNT01_397879,LCK_20260606_Dplus_Kia_vs_HANJIN_BRION_S4,1,2026-06-06 08:12:31+00:00,16.11,BLUE,Dplus Kia,K'Sante,3,62,27,0.43548387096774194,0,,8,0.625,1
LOLTMNT01_397879,LCK_20260606_Dplus_Kia_vs_HANJIN_BRION_S4,1,2026-06-06 08:12:31+00:00,16.11,BLUE,Dplus Kia,Milio,4,38,20,0.5263157894736842,0,,2,0.5,1
LOLTMNT01_397879,LCK_20260606_Dplus_Kia_vs_HANJIN_BRION_S4,1,2026-06-06 08:12:31+00:00,16.11,BLUE,Dplus Kia,Yunara,5,86,41,0.47674418604651164,0,,8,0.625,1
LOLTMNT01_397879,LCK_20260606_Dplus_Kia_vs_HANJIN_BRION_S4,1,2026-06-06 08:12:31+00:00,16.11,RED,HANJIN BRION,Orianna,1,53,27,0.5094339622641509,0,,7,0.2857142857142857,0
LOLTMNT01_397879,LCK_20260606_Dplus_Kia_vs_HANJIN_BRION_S4,1,2026-06-06 08:12:31+00:00,16.11,RED,HANJIN BRION,Naafiri,2,24,11,0.4583333333333333,0,,2,0.0,0
LOLTMNT01_397879,LCK_20260606_Dplus_Kia_vs_HANJIN_BRION_S4,1,2026-06-06 08:12:31+00:00,16.11,RED,HANJIN BRION,Rumble,3,52,27,0.5192307692307693,0,,6,0.16666666666666666,0
LOLTMNT01_397879,LCK_20260606_Dplus_Kia_vs_HANJIN_BRION_S4,1,2026-06-06 08:12:31+00:00,16.11,RED,HANJIN BRION,Xayah,4,14,10,0.7142857142857143,0,,1,0.0,0
LOLTMNT01_397879,LCK_20260606_Dplus_Kia_vs_HANJIN_BRION_S4,1,2026-06-06 08:12:31+00:00,16.11,RED,HANJIN BRION,Rakan,5,32,20,0.625,0,,1,1.0,0
LOLTMNT01_397898,LCK_20260606_Dplus_Kia_vs_HANJIN_BRION_S4,2,2026-06-06 09:11:59+00:00,16.11,BLUE,Dplus Kia,Ryze,1,98,52,0.5306122448979592,0,,8,0.625,1
LOLTMNT01_397898,LCK_20260606_Dplus_Kia_vs_HANJIN_BRION_S4,2,2026-06-06 09:11:59+00:00,16.11,BLUE,Dplus Kia,Lee Sin,2,45,25,0.5555555555555556,0,,8,0.5,1
LOLTMNT01_397898,LCK_20260606_Dplus_Kia_vs_HANJIN_BRION_S4,2,2026-06-06 09:11:59+00:00,16.11,BLUE,Dplus Kia,Ziggs,3,22,12,0.5454545454545454,0,,3,0.3333333333333333,1
LOLTMNT01_397898,LCK_20260606_Dplus_Kia_vs_HANJIN_BRION_S4,2,2026-06-06 09:11:59+00:00,16.11,BLUE,Dplus Kia,Tristana,4,4,1,0.25,0,,1,1.0,1
LOLTMNT01_397898,LCK_20260606_Dplus_Kia_vs_HANJIN_BRION_S4,2,2026-06-06 09:11:59+00:00,16.11,BLUE,Dplus Kia,Camille,5,3,2,0.6666666666666666,0,,0,,1
LOLTMNT01_397898,LCK_20260606_Dplus_Kia_vs_HANJIN_BRION_S4,2,2026-06-06 09:11:59+00:00,16.11,RED,HANJIN BRION,Anivia,1,46,23,0.5,0,,3,0.3333333333333333,0
LOLTMNT01_397898,LCK_20260606_Dplus_Kia_vs_HANJIN_BRION_S4,2,2026-06-06 09:11:59+00:00,16.11,RED,HANJIN BRION,Caitlyn,2,48,26,0.5416666666666666,0,,6,0.3333333333333333,0
LOLTMNT01_397898,LCK_20260606_Dplus_Kia_vs_HANJIN_BRION_S4,2,2026-06-06 09:11:59+00:00,16.11,RED,HANJIN BRION,Bard,3,67,40,0.5970149253731343,0,,2,0.5,0
LOLTMNT01_397898,LCK_20260606_Dplus_Kia_vs_HANJIN_BRION_S4,2,2026-06-06 09:11:59+00:00,16.11,RED,HANJIN BRION,Gnar,4,78,49,0.6282051282051282,0,,5,0.6,0
LOLTMNT01_397898,LCK_20260606_Dplus_Kia_vs_HANJIN_BRION_S4,2,2026-06-06 09:11:59+00:00,16.11,RED,HANJIN BRION,Pantheon,5,89,42,0.47191011235955055,0,,11,0.2727272727272727,0
LOLTMNT01_397929,LCK_20260606_Dplus_Kia_vs_HANJIN_BRION_S4,3,2026-06-06 09:57:23+00:00,16.11,BLUE,Dplus Kia,Annie,1,52,30,0.5769230769230769,0,,7,0.7142857142857143,1
LOLTMNT01_397929,LCK_20260606_Dplus_Kia_vs_HANJIN_BRION_S4,3,2026-06-06 09:57:23+00:00,16.11,BLUE,Dplus Kia,Wukong,2,52,24,0.46153846153846156,0,,8,0.75,1
LOLTMNT01_397929,LCK_20260606_Dplus_Kia_vs_HANJIN_BRION_S4,3,2026-06-06 09:57:23+00:00,16.11,BLUE,Dplus Kia,Sion,3,68,30,0.4411764705882353,0,,9,0.3333333333333333,1
LOLTMNT01_397929,LCK_20260606_Dplus_Kia_vs_HANJIN_BRION_S4,3,2026-06-06 09:57:23+00:00,16.11,BLUE,Dplus Kia,Mel,4,21,10,0.47619047619047616,0,,1,1.0,1
LOLTMNT01_397929,LCK_20260606_Dplus_Kia_vs_HANJIN_BRION_S4,3,2026-06-06 09:57:23+00:00,16.11,BLUE,Dplus Kia,Shen,5,4,3,0.75,0,,0,,1
LOLTMNT01_397929,LCK_20260606_Dplus_Kia_vs_HANJIN_BRION_S4,3,2026-06-06 09:57:23+00:00,16.11,RED,HANJIN BRION,Ezreal,1,86,32,0.37209302325581395,0,,14,0.5,0
LOLTMNT01_397929,LCK_20260606_Dplus_Kia_vs_HANJIN_BRION_S4,3,2026-06-06 09:57:23+00:00,16.11,RED,HANJIN BRION,Neeko,2,67,34,0.5074626865671642,0,,12,0.4166666666666667,0
LOLTMNT01_397929,LCK_20260606_Dplus_Kia_vs_HANJIN_BRION_S4,3,2026-06-06 09:57:23+00:00,16.11,RED,HANJIN BRION,Jayce,3,65,30,0.46153846153846156,0,,8,0.375,0
LOLTMNT01_397929,LCK_20260606_Dplus_Kia_vs_HANJIN_BRION_S4,3,2026-06-06 09:57:23+00:00,16.11,RED,HANJIN BRION,Xin Zhao,4,106,50,0.4716981132075472,0,,11,0.6363636363636364,0
LOLTMNT01_397929,LCK_20260606_Dplus_Kia_vs_HANJIN_BRION_S4,3,2026-06-06 09:57:23+00:00,16.11,RED,HANJIN BRION,Taliyah,5,52,21,0.40384615384615385,0,,7,0.2857142857142857,0
LOLTMNT01_399193,LCK_20260607_Dplus_Kia_vs_KT_Rolster_S3,1,2026-06-07 08:09:33+00:00,16.11,BLUE,KT Rolster,Rumble,1,53,27,0.5094339622641509,1,0.0,1,1.0,0
LOLTMNT01_399193,LCK_20260607_Dplus_Kia_vs_KT_Rolster_S3,1,2026-06-07 08:09:33+00:00,16.11,BLUE,KT Rolster,Viktor,2,26,11,0.4230769230769231,1,1.0,1,1.0,0
LOLTMNT01_399193,LCK_20260607_Dplus_Kia_vs_KT_Rolster_S3,1,2026-06-07 08:09:33+00:00,16.11,BLUE,KT Rolster,Nautilus,3,59,24,0.4067796610169492,0,,7,0.2857142857142857,0
LOLTMNT01_399193,LCK_20260607_Dplus_Kia_vs_KT_Rolster_S3,1,2026-06-07 08:09:33+00:00,16.11,BLUE,KT Rolster,Xin Zhao,4,107,50,0.4672897196261682,1,0.0,6,0.5,0
LOLTMNT01_399193,LCK_20260607_Dplus_Kia_vs_KT_Rolster_S3,1,2026-06-07 08:09:33+00:00,16.11,BLUE,KT Rolster,Jhin,5,66,36,0.5454545454545454,0,,5,0.8,0
LOLTMNT01_399193,LCK_20260607_Dplus_Kia_vs_KT_Rolster_S3,1,2026-06-07 08:09:33+00:00,16.11,RED,Dplus Kia,Orianna,1,54,27,0.5,1,0.0,6,0.3333333333333333,1
LOLTMNT01_399193,LCK_20260607_Dplus_Kia_vs_KT_Rolster_S3,1,2026-06-07 08:09:33+00:00,16.11,RED,Dplus Kia,Ashe,2,59,34,0.576271186440678,0,,9,0.4444444444444444,1
LOLTMNT01_399193,LCK_20260607_Dplus_Kia_vs_KT_Rolster_S3,1,2026-06-07 08:09:33+00:00,16.11,RED,Dplus Kia,Seraphine,3,58,31,0.5344827586206896,0,,9,0.2222222222222222,1
LOLTMNT01_399193,LCK_20260607_Dplus_Kia_vs_KT_Rolster_S3,1,2026-06-07 08:09:33+00:00,16.11,RED,Dplus Kia,Wukong,4,53,25,0.4716981132075472,1,1.0,9,0.7777777777777778,1
LOLTMNT01_399193,LCK_20260607_Dplus_Kia_vs_KT_Rolster_S3,1,2026-06-07 08:09:33+00:00,16.11,RED,Dplus Kia,Ornn,5,7,3,0.42857142857142855,0,,2,0.5,1
LOLTMNT01_399200,LCK_20260607_Dplus_Kia_vs_KT_Rolster_S3,2,2026-06-07 08:58:06+00:00,16.11,BLUE,KT Rolster,Taliyah,1,53,21,0.39622641509433965,1,0.0,10,0.4,0
LOLTMNT01_399200,LCK_20260607_Dplus_Kia_vs_KT_Rolster_S3,2,2026-06-07 08:58:06+00:00,16.11,BLUE,KT Rolster,Vi,2,70,38,0.5428571428571428,0,,6,0.3333333333333333,0
LOLTMNT01_399200,LCK_20260607_Dplus_Kia_vs_KT_Rolster_S3,2,2026-06-07 08:58:06+00:00,16.11,BLUE,KT Rolster,K'Sante,3,63,28,0.4444444444444444,1,1.0,6,0.16666666666666666,0
LOLTMNT01_399200,LCK_20260607_Dplus_Kia_vs_KT_Rolster_S3,2,2026-06-07 08:58:06+00:00,16.11,BLUE,KT Rolster,Caitlyn,4,49,26,0.5306122448979592,1,0.0,3,0.3333333333333333,0
LOLTMNT01_399200,LCK_20260607_Dplus_Kia_vs_KT_Rolster_S3,2,2026-06-07 08:58:06+00:00,16.11,BLUE,KT Rolster,Alistar,5,34,15,0.4411764705882353,0,,4,0.5,0
LOLTMNT01_399200,LCK_20260607_Dplus_Kia_vs_KT_Rolster_S3,2,2026-06-07 08:58:06+00:00,16.11,RED,Dplus Kia,Ryze,1,99,53,0.5353535353535354,1,1.0,9,0.6666666666666666,1
LOLTMNT01_399200,LCK_20260607_Dplus_Kia_vs_KT_Rolster_S3,2,2026-06-07 08:58:06+00:00,16.11,RED,Dplus Kia,Jayce,2,66,30,0.45454545454545453,1,0.0,10,0.3,1
LOLTMNT01_399200,LCK_20260607_Dplus_Kia_vs_KT_Rolster_S3,2,2026-06-07 08:58:06+00:00,16.11,RED,Dplus Kia,Jarvan IV,3,104,57,0.5480769230769231,1,1.0,20,0.75,1
LOLTMNT01_399200,LCK_20260607_Dplus_Kia_vs_KT_Rolster_S3,2,2026-06-07 08:58:06+00:00,16.11,RED,Dplus Kia,Mel,4,22,11,0.5,1,1.0,2,1.0,1
LOLTMNT01_399200,LCK_20260607_Dplus_Kia_vs_KT_Rolster_S3,2,2026-06-07 08:58:06+00:00,16.11,RED,Dplus Kia,Shen,5,5,4,0.8,1,1.0,1,1.0,1
LOLTMNT01_398297,LCK_20260607_Dplus_Kia_vs_KT_Rolster_S3,3,2026-06-07 09:56:03+00:00,16.11,BLUE,Dplus Kia,Lucian,1,58,29,0.5,0,,8,0.625,0
LOLTMNT01_398297,LCK_20260607_Dplus_Kia_vs_KT_Rolster_S3,3,2026-06-07 09:56:03+00:00,16.11,BLUE,Dplus Kia,Milio,2,39,21,0.5384615384615384,1,1.0,3,0.6666666666666666,0
LOLTMNT01_398297,LCK_20260607_Dplus_Kia_vs_KT_Rolster_S3,3,2026-06-07 09:56:03+00:00,16.11,BLUE,Dplus Kia,Skarner,3,15,10,0.6666666666666666,0,,4,0.75,0
LOLTMNT01_398297,LCK_20260607_Dplus_Kia_vs_KT_Rolster_S3,3,2026-06-07 09:56:03+00:00,16.11,BLUE,Dplus Kia,Gnar,4,79,49,0.620253164556962,1,0.0,9,1.0,0
LOLTMNT01_398297,LCK_20260607_Dplus_Kia_vs_KT_Rolster_S3,3,2026-06-07 09:56:03+00:00,16.11,BLUE,Dplus Kia,LeBlanc,5,8,3,0.375,0,,4,0.25,0
LOLTMNT01_398297,LCK_20260607_Dplus_Kia_vs_KT_Rolster_S3,3,2026-06-07 09:56:03+00:00,16.11,RED,KT Rolster,Nocturne,1,49,23,0.46938775510204084,0,,3,0.6666666666666666,1
LOLTMNT01_398297,LCK_20260607_Dplus_Kia_vs_KT_Rolster_S3,3,2026-06-07 09:56:03+00:00,16.11,RED,KT Rolster,Yunara,2,87,42,0.4827586206896552,1,1.0,10,0.6,1
LOLTMNT01_398297,LCK_20260607_Dplus_Kia_vs_KT_Rolster_S3,3,2026-06-07 09:56:03+00:00,16.11,RED,KT Rolster,Lulu,3,65,29,0.4461538461538462,0,,6,0.6666666666666666,1
LOLTMNT01_398297,LCK_20260607_Dplus_Kia_vs_KT_Rolster_S3,3,2026-06-07 09:56:03+00:00,16.11,RED,KT Rolster,Zoe,4,10,7,0.7,0,,3,1.0,1
LOLTMNT01_398297,LCK_20260607_Dplus_Kia_vs_KT_Rolster_S3,3,2026-06-07 09:56:03+00:00,16.11,RED,KT Rolster,Renekton,5,70,31,0.44285714285714284,0,,10,0.3,1
LOLTMNT01_398312,LCK_20260607_Dplus_Kia_vs_KT_Rolster_S3,4,2026-06-07 10:58:16+00:00,16.11,BLUE,KT Rolster,Sivir,1,36,21,0.5833333333333334,0,,6,0.8333333333333334,1
LOLTMNT01_398312,LCK_20260607_Dplus_Kia_vs_KT_Rolster_S3,4,2026-06-07 10:58:16+00:00,16.11,BLUE,KT Rolster,Naafiri,2,25,11,0.44,1,0.0,4,0.75,1
LOLTMNT01_398312,LCK_20260607_Dplus_Kia_vs_KT_Rolster_S3,4,2026-06-07 10:58:16+00:00,16.11,BLUE,KT Rolster,Ahri,3,40,25,0.625,0,,6,0.6666666666666666,1
LOLTMNT01_398312,LCK_20260607_Dplus_Kia_vs_KT_Rolster_S3,4,2026-06-07 10:58:16+00:00,16.11,BLUE,KT Rolster,Karma,4,54,30,0.5555555555555556,0,,9,0.7777777777777778,1
LOLTMNT01_398312,LCK_20260607_Dplus_Kia_vs_KT_Rolster_S3,4,2026-06-07 10:58:16+00:00,16.11,BLUE,KT Rolster,Sion,5,69,31,0.4492753623188406,1,1.0,3,0.0,1
LOLTMNT01_398312,LCK_20260607_Dplus_Kia_vs_KT_Rolster_S3,4,2026-06-07 10:58:16+00:00,16.11,RED,Dplus Kia,Bard,1,68,40,0.5882352941176471,1,0.0,9,0.6666666666666666,0
LOLTMNT01_398312,LCK_20260607_Dplus_Kia_vs_KT_Rolster_S3,4,2026-06-07 10:58:16+00:00,16.11,RED,Dplus Kia,Miss Fortune,2,26,13,0.5,0,,3,0.6666666666666666,0
LOLTMNT01_398312,LCK_20260607_Dplus_Kia_vs_KT_Rolster_S3,4,2026-06-07 10:58:16+00:00,16.11,RED,Dplus Kia,Pantheon,3,90,42,0.4666666666666667,1,0.0,6,0.5,0
LOLTMNT01_398312,LCK_20260607_Dplus_Kia_vs_KT_Rolster_S3,4,2026-06-07 10:58:16+00:00,16.11,RED,Dplus Kia,Aurora,4,67,27,0.40298507462686567,0,,3,0.3333333333333333,0
LOLTMNT01_398312,LCK_20260607_Dplus_Kia_vs_KT_Rolster_S3,4,2026-06-07 10:58:16+00:00,16.11,RED,Dplus Kia,Jax,5,15,8,0.5333333333333333,0,,3,0.3333333333333333,0
LOLTMNT01_399251,LCK_20260607_Dplus_Kia_vs_KT_Rolster_S3,5,2026-06-07 12:08:41+00:00,16.11,BLUE,KT Rolster,Poppy,1,17,7,0.4117647058823529,0,,0,,1
LOLTMNT01_399251,LCK_20260607_Dplus_Kia_vs_KT_Rolster_S3,5,2026-06-07 12:08:41+00:00,16.11,BLUE,KT Rolster,Azir,2,64,30,0.46875,0,,3,0.0,1
LOLTMNT01_399251,LCK_20260607_Dplus_Kia_vs_KT_Rolster_S3,5,2026-06-07 12:08:41+00:00,16.11,BLUE,KT Rolster,Zaahen,3,31,20,0.6451612903225806,0,,7,1.0,1
LOLTMNT01_399251,LCK_20260607_Dplus_Kia_vs_KT_Rolster_S3,5,2026-06-07 12:08:41+00:00,16.11,BLUE,KT Rolster,Blitzcrank,4,2,1,0.5,0,,1,1.0,1
LOLTMNT01_399251,LCK_20260607_Dplus_Kia_vs_KT_Rolster_S3,5,2026-06-07 12:08:41+00:00,16.11,BLUE,KT Rolster,Corki,5,52,23,0.4423076923076923,0,,4,0.0,1
LOLTMNT01_399251,LCK_20260607_Dplus_Kia_vs_KT_Rolster_S3,5,2026-06-07 12:08:41+00:00,16.11,RED,Dplus Kia,Ambessa,1,68,27,0.39705882352941174,0,,9,0.4444444444444444,0
LOLTMNT01_399251,LCK_20260607_Dplus_Kia_vs_KT_Rolster_S3,5,2026-06-07 12:08:41+00:00,16.11,RED,Dplus Kia,Maokai,2,5,5,1.0,0,,1,1.0,0
LOLTMNT01_399251,LCK_20260607_Dplus_Kia_vs_KT_Rolster_S3,5,2026-06-07 12:08:41+00:00,16.11,RED,Dplus Kia,Yone,3,17,9,0.5294117647058824,0,,2,0.5,0
LOLTMNT01_399251,LCK_20260607_Dplus_Kia_vs_KT_Rolster_S3,5,2026-06-07 12:08:41+00:00,16.11,RED,Dplus Kia,Xayah,4,15,10,0.6666666666666666,1,0.0,0,,0
LOLTMNT01_399251,LCK_20260607_Dplus_Kia_vs_KT_Rolster_S3,5,2026-06-07 12:08:41+00:00,16.11,RED,Dplus Kia,Rakan,5,33,20,0.6060606060606061,1,0.0,3,0.6666666666666666,0
LOLTMNT01_405344,LCK_20260612_Hanwha_Life_Esports_vs_T1_S4,1,2026-06-12 08:25:00+00:00,16.11,BLUE,Hanwha Life Esports,Jayce,1,67,31,0.4626865671641791,2,0.5,6,1.0,1
LOLTMNT01_405344,LCK_20260612_Hanwha_Life_Esports_vs_T1_S4,1,2026-06-12 08:25:00+00:00,16.11,BLUE,Hanwha Life Esports,Ryze,2,100,54,0.54,2,1.0,8,0.625,1
LOLTMNT01_405344,LCK_20260612_Hanwha_Life_Esports_vs_T1_S4,1,2026-06-12 08:25:00+00:00,16.11,BLUE,Hanwha Life Esports,Ziggs,3,23,13,0.5652173913043478,1,1.0,7,0.7142857142857143,1
LOLTMNT01_405344,LCK_20260612_Hanwha_Life_Esports_vs_T1_S4,1,2026-06-12 08:25:00+00:00,16.11,BLUE,Hanwha Life Esports,Camille,4,4,3,0.75,1,1.0,0,,1
LOLTMNT01_405344,LCK_20260612_Hanwha_Life_Esports_vs_T1_S4,1,2026-06-12 08:25:00+00:00,16.11,BLUE,Hanwha Life Esports,Trundle,5,23,16,0.6956521739130435,0,,3,0.3333333333333333,1
LOLTMNT01_405344,LCK_20260612_Hanwha_Life_Esports_vs_T1_S4,1,2026-06-12 08:25:00+00:00,16.11,RED,T1,Karma,1,55,31,0.5636363636363636,1,1.0,3,0.6666666666666666,0
LOLTMNT01_405344,LCK_20260612_Hanwha_Life_Esports_vs_T1_S4,1,2026-06-12 08:25:00+00:00,16.11,RED,T1,Ezreal,2,87,32,0.367816091954023,1,0.0,6,0.5,0
LOLTMNT01_405344,LCK_20260612_Hanwha_Life_Esports_vs_T1_S4,1,2026-06-12 08:25:00+00:00,16.11,RED,T1,Sion,3,70,32,0.45714285714285713,2,1.0,7,1.0,0
LOLTMNT01_405344,LCK_20260612_Hanwha_Life_Esports_vs_T1_S4,1,2026-06-12 08:25:00+00:00,16.11,RED,T1,Anivia,4,47,23,0.48936170212765956,1,0.0,11,0.7272727272727273,0
LOLTMNT01_405344,LCK_20260612_Hanwha_Life_Esports_vs_T1_S4,1,2026-06-12 08:25:00+00:00,16.11,RED,T1,Jarvan IV,5,105,58,0.5523809523809524,2,1.0,7,0.5714285714285714,0
LOLTMNT01_404412,LCK_20260612_Hanwha_Life_Esports_vs_T1_S4,2,2026-06-12 09:28:28+00:00,16.11,BLUE,T1,Ambessa,1,69,27,0.391304347826087,1,0.0,7,0.5714285714285714,1
LOLTMNT01_404412,LCK_20260612_Hanwha_Life_Esports_vs_T1_S4,2,2026-06-12 09:28:28+00:00,16.11,BLUE,T1,Nocturne,2,50,24,0.48,1,1.0,8,0.875,1
LOLTMNT01_404412,LCK_20260612_Hanwha_Life_Esports_vs_T1_S4,2,2026-06-12 09:28:28+00:00,16.11,BLUE,T1,Lissandra,3,2,2,1.0,0,,1,1.0,1
LOLTMNT01_404412,LCK_20260612_Hanwha_Life_Esports_vs_T1_S4,2,2026-06-12 09:28:28+00:00,16.11,BLUE,T1,Rakan,4,34,20,0.5882352941176471,2,0.0,3,0.3333333333333333,1
LOLTMNT01_404412,LCK_20260612_Hanwha_Life_Esports_vs_T1_S4,2,2026-06-12 09:28:28+00:00,16.11,BLUE,T1,Sivir,5,37,22,0.5945945945945946,1,1.0,2,1.0,1
LOLTMNT01_404412,LCK_20260612_Hanwha_Life_Esports_vs_T1_S4,2,2026-06-12 09:28:28+00:00,16.11,RED,Hanwha Life Esports,Vi,1,71,38,0.5352112676056338,1,0.0,12,0.9166666666666666,0
LOLTMNT01_404412,LCK_20260612_Hanwha_Life_Esports_vs_T1_S4,2,2026-06-12 09:28:28+00:00,16.11,RED,Hanwha Life Esports,Rek'Sai,2,17,9,0.5294117647058824,0,,2,0.5,0
LOLTMNT01_404412,LCK_20260612_Hanwha_Life_Esports_vs_T1_S4,2,2026-06-12 09:28:28+00:00,16.11,RED,Hanwha Life Esports,Ahri,3,41,26,0.6341463414634146,1,1.0,5,1.0,0
LOLTMNT01_404412,LCK_20260612_Hanwha_Life_Esports_vs_T1_S4,2,2026-06-12 09:28:28+00:00,16.11,RED,Hanwha Life Esports,Xayah,4,16,10,0.625,2,0.0,4,0.75,0
LOLTMNT01_404412,LCK_20260612_Hanwha_Life_Esports_vs_T1_S4,2,2026-06-12 09:28:28+00:00,16.11,RED,Hanwha Life Esports,Renata Glasc,5,18,7,0.3888888888888889,0,,0,,0
LOLTMNT01_405363,LCK_20260612_Hanwha_Life_Esports_vs_T1_S4,3,2026-06-12 10:26:31+00:00,16.11,BLUE,T1,Naafiri,1,26,12,0.46153846153846156,2,0.5,1,1.0,0
LOLTMNT01_405363,LCK_20260612_Hanwha_Life_Esports_vs_T1_S4,3,2026-06-12 10:26:31+00:00,16.11,BLUE,T1,Renekton,2,71,32,0.4507042253521127,1,1.0,2,0.5,0
LOLTMNT01_405363,LCK_20260612_Hanwha_Life_Esports_vs_T1_S4,3,2026-06-12 10:26:31+00:00,16.11,BLUE,T1,Galio,3,22,13,0.5909090909090909,0,,4,0.5,0
LOLTMNT01_405363,LCK_20260612_Hanwha_Life_Esports_vs_T1_S4,3,2026-06-12 10:26:31+00:00,16.11,BLUE,T1,Milio,4,40,21,0.525,2,0.5,5,0.8,0
LOLTMNT01_405363,LCK_20260612_Hanwha_Life_Esports_vs_T1_S4,3,2026-06-12 10:26:31+00:00,16.11,BLUE,T1,Lucian,5,59,29,0.4915254237288136,1,0.0,5,0.8,0
LOLTMNT01_405363,LCK_20260612_Hanwha_Life_Esports_vs_T1_S4,3,2026-06-12 10:26:31+00:00,16.11,RED,Hanwha Life Esports,Lee Sin,1,46,26,0.5652173913043478,1,1.0,2,1.0,1
LOLTMNT01_405363,LCK_20260612_Hanwha_Life_Esports_vs_T1_S4,3,2026-06-12 10:26:31+00:00,16.11,RED,Hanwha Life Esports,Cassiopeia,2,31,16,0.5161290322580645,0,,2,0.5,1
LOLTMNT01_405363,LCK_20260612_Hanwha_Life_Esports_vs_T1_S4,3,2026-06-12 10:26:31+00:00,16.11,RED,Hanwha Life Esports,Shen,3,6,5,0.8333333333333334,2,1.0,0,,1
LOLTMNT01_405363,LCK_20260612_Hanwha_Life_Esports_vs_T1_S4,3,2026-06-12 10:26:31+00:00,16.11,RED,Hanwha Life Esports,Kog'Maw,4,4,2,0.5,0,,0,,1
LOLTMNT01_405363,LCK_20260612_Hanwha_Life_Esports_vs_T1_S4,3,2026-06-12 10:26:31+00:00,16.11,RED,Hanwha Life Esports,Lulu,5,66,30,0.45454545454545453,1,1.0,5,0.6,1
LOLTMNT01_405366,LCK_20260612_Hanwha_Life_Esports_vs_T1_S4,4,2026-06-12 11:22:17+00:00,16.11,BLUE,Hanwha Life Esports,Yone,1,18,9,0.5,1,0.0,3,1.0,1
LOLTMNT01_405366,LCK_20260612_Hanwha_Life_Esports_vs_T1_S4,4,2026-06-12 11:22:17+00:00,16.11,BLUE,Hanwha Life Esports,K'Sante,2,64,28,0.4375,2,0.5,2,0.5,1
LOLTMNT01_405366,LCK_20260612_Hanwha_Life_Esports_vs_T1_S4,4,2026-06-12 11:22:17+00:00,16.11,BLUE,Hanwha Life Esports,Maokai,3,6,5,0.8333333333333334,1,0.0,0,,1
LOLTMNT01_405366,LCK_20260612_Hanwha_Life_Esports_vs_T1_S4,4,2026-06-12 11:22:17+00:00,16.11,BLUE,Hanwha Life Esports,Senna,4,3,0,0.0,0,,1,0.0,1
LOLTMNT01_405366,LCK_20260612_Hanwha_Life_Esports_vs_T1_S4,4,2026-06-12 11:22:17+00:00,16.11,BLUE,Hanwha Life Esports,Blitzcrank,5,3,2,0.6666666666666666,1,1.0,0,,1
LOLTMNT01_405366,LCK_20260612_Hanwha_Life_Esports_vs_T1_S4,4,2026-06-12 11:22:17+00:00,16.11,RED,T1,Rumble,1,54,27,0.5,2,0.0,5,1.0,0
LOLTMNT01_405366,LCK_20260612_Hanwha_Life_Esports_vs_T1_S4,4,2026-06-12 11:22:17+00:00,16.11,RED,T1,Azir,2,65,31,0.47692307692307695,1,1.0,11,0.9090909090909091,0
LOLTMNT01_405366,LCK_20260612_Hanwha_Life_Esports_vs_T1_S4,4,2026-06-12 11:22:17+00:00,16.11,RED,T1,Poppy,3,18,8,0.4444444444444444,1,1.0,1,0.0,0
LOLTMNT01_405366,LCK_20260612_Hanwha_Life_Esports_vs_T1_S4,4,2026-06-12 11:22:17+00:00,16.11,RED,T1,Aphelios,4,23,13,0.5652173913043478,0,,6,0.6666666666666666,0
LOLTMNT01_405366,LCK_20260612_Hanwha_Life_Esports_vs_T1_S4,4,2026-06-12 11:22:17+00:00,16.11,RED,T1,Thresh,5,12,7,0.5833333333333334,0,,3,0.3333333333333333,0
LOLTMNT01_404540,LCK_20260613_Gen_G_vs_KT_Rolster_S4,1,2026-06-13 06:22:36+00:00,16.11,BLUE,Gen.G,Ezreal,1,88,32,0.36363636363636365,2,0.0,5,0.8,1
LOLTMNT01_404540,LCK_20260613_Gen_G_vs_KT_Rolster_S4,1,2026-06-13 06:22:36+00:00,16.11,BLUE,Gen.G,Karma,2,56,31,0.5535714285714286,2,0.5,7,0.7142857142857143,1
LOLTMNT01_404540,LCK_20260613_Gen_G_vs_KT_Rolster_S4,1,2026-06-13 06:22:36+00:00,16.11,BLUE,Gen.G,Sion,3,71,32,0.4507042253521127,3,0.6666666666666666,10,0.9,1
LOLTMNT01_404540,LCK_20260613_Gen_G_vs_KT_Rolster_S4,1,2026-06-13 06:22:36+00:00,16.11,BLUE,Gen.G,Mel,4,23,12,0.5217391304347826,2,1.0,4,0.75,1
LOLTMNT01_404540,LCK_20260613_Gen_G_vs_KT_Rolster_S4,1,2026-06-13 06:22:36+00:00,16.11,BLUE,Gen.G,Xin Zhao,5,108,50,0.46296296296296297,2,0.0,10,0.7,1
LOLTMNT01_404540,LCK_20260613_Gen_G_vs_KT_Rolster_S4,1,2026-06-13 06:22:36+00:00,16.11,RED,KT Rolster,Ryze,1,101,55,0.5445544554455446,3,1.0,12,0.5,0
LOLTMNT01_404540,LCK_20260613_Gen_G_vs_KT_Rolster_S4,1,2026-06-13 06:22:36+00:00,16.11,RED,KT Rolster,Jayce,2,68,32,0.47058823529411764,3,0.6666666666666666,11,0.5454545454545454,0
LOLTMNT01_404540,LCK_20260613_Gen_G_vs_KT_Rolster_S4,1,2026-06-13 06:22:36+00:00,16.11,RED,KT Rolster,Ziggs,3,24,14,0.5833333333333334,2,1.0,2,0.5,0
LOLTMNT01_404540,LCK_20260613_Gen_G_vs_KT_Rolster_S4,1,2026-06-13 06:22:36+00:00,16.11,RED,KT Rolster,Camille,4,5,4,0.8,2,1.0,0,,0
LOLTMNT01_404540,LCK_20260613_Gen_G_vs_KT_Rolster_S4,1,2026-06-13 06:22:36+00:00,16.11,RED,KT Rolster,Lee Sin,5,47,27,0.574468085106383,2,1.0,2,0.0,0
LOLTMNT01_405501,LCK_20260613_Gen_G_vs_KT_Rolster_S4,2,2026-06-13 07:26:26+00:00,16.11,BLUE,KT Rolster,Rumble,1,55,27,0.4909090909090909,3,0.0,2,0.5,0
LOLTMNT01_405501,LCK_20260613_Gen_G_vs_KT_Rolster_S4,2,2026-06-13 07:26:26+00:00,16.11,BLUE,KT Rolster,Vi,2,72,38,0.5277777777777778,2,0.0,7,0.2857142857142857,0
LOLTMNT01_405501,LCK_20260613_Gen_G_vs_KT_Rolster_S4,2,2026-06-13 07:26:26+00:00,16.11,BLUE,KT Rolster,Taliyah,3,54,21,0.3888888888888889,2,0.0,11,0.36363636363636365,0
LOLTMNT01_405501,LCK_20260613_Gen_G_vs_KT_Rolster_S4,2,2026-06-13 07:26:26+00:00,16.11,BLUE,KT Rolster,Jhin,4,67,36,0.5373134328358209,1,0.0,6,0.6666666666666666,0
LOLTMNT01_405501,LCK_20260613_Gen_G_vs_KT_Rolster_S4,2,2026-06-13 07:26:26+00:00,16.11,BLUE,KT Rolster,Rell,5,19,8,0.42105263157894735,0,,0,,0
LOLTMNT01_405501,LCK_20260613_Gen_G_vs_KT_Rolster_S4,2,2026-06-13 07:26:26+00:00,16.11,RED,Gen.G,Annie,1,53,31,0.5849056603773585,1,1.0,9,0.6666666666666666,1
LOLTMNT01_405501,LCK_20260613_Gen_G_vs_KT_Rolster_S4,2,2026-06-13 07:26:26+00:00,16.11,RED,Gen.G,Wukong,2,54,26,0.48148148148148145,2,1.0,7,0.7142857142857143,1
LOLTMNT01_405501,LCK_20260613_Gen_G_vs_KT_Rolster_S4,2,2026-06-13 07:26:26+00:00,16.11,RED,Gen.G,Ambessa,3,70,28,0.4,2,0.5,8,0.75,1
LOLTMNT01_405501,LCK_20260613_Gen_G_vs_KT_Rolster_S4,2,2026-06-13 07:26:26+00:00,16.11,RED,Gen.G,Senna,4,4,1,0.25,1,1.0,0,,1
LOLTMNT01_405501,LCK_20260613_Gen_G_vs_KT_Rolster_S4,2,2026-06-13 07:26:26+00:00,16.11,RED,Gen.G,Nautilus,5,60,24,0.4,1,0.0,3,1.0,1
LOLTMNT01_404562,LCK_20260613_Gen_G_vs_KT_Rolster_S4,3,2026-06-13 08:24:58+00:00,16.11,BLUE,Gen.G,Gnar,1,80,49,0.6125,2,0.0,6,0.6666666666666666,1
LOLTMNT01_404562,LCK_20260613_Gen_G_vs_KT_Rolster_S4,3,2026-06-13 08:24:58+00:00,16.11,BLUE,Gen.G,Naafiri,2,27,12,0.4444444444444444,3,0.3333333333333333,4,0.75,1
LOLTMNT01_404562,LCK_20260613_Gen_G_vs_KT_Rolster_S4,3,2026-06-13 08:24:58+00:00,16.11,BLUE,Gen.G,Lissandra,3,3,3,1.0,1,1.0,0,,1
LOLTMNT01_404562,LCK_20260613_Gen_G_vs_KT_Rolster_S4,3,2026-06-13 08:24:58+00:00,16.11,BLUE,Gen.G,Xayah,4,17,10,0.5882352941176471,3,0.0,1,1.0,1
LOLTMNT01_404562,LCK_20260613_Gen_G_vs_KT_Rolster_S4,3,2026-06-13 08:24:58+00:00,16.11,BLUE,Gen.G,Rakan,5,35,21,0.6,3,0.3333333333333333,6,1.0,1
LOLTMNT01_404562,LCK_20260613_Gen_G_vs_KT_Rolster_S4,3,2026-06-13 08:24:58+00:00,16.11,RED,KT Rolster,Jarvan IV,1,106,58,0.5471698113207547,3,0.6666666666666666,8,0.75,0
LOLTMNT01_404562,LCK_20260613_Gen_G_vs_KT_Rolster_S4,3,2026-06-13 08:24:58+00:00,16.11,RED,KT Rolster,Yunara,2,88,43,0.48863636363636365,2,1.0,11,0.6363636363636364,0
LOLTMNT01_404562,LCK_20260613_Gen_G_vs_KT_Rolster_S4,3,2026-06-13 08:24:58+00:00,16.11,RED,KT Rolster,Lulu,3,67,31,0.4626865671641791,2,1.0,7,0.7142857142857143,0
LOLTMNT01_404562,LCK_20260613_Gen_G_vs_KT_Rolster_S4,3,2026-06-13 08:24:58+00:00,16.11,RED,KT Rolster,Renekton,4,72,32,0.4444444444444444,2,0.5,11,0.36363636363636365,0
LOLTMNT01_404562,LCK_20260613_Gen_G_vs_KT_Rolster_S4,3,2026-06-13 08:24:58+00:00,16.11,RED,KT Rolster,Viktor,5,27,11,0.4074074074074074,2,0.5,2,0.5,0
LOLTMNT01_404715,LCK_20260614_Gen_G_vs_T1_S3,1,2026-06-14 06:27:21+00:00,16.11,BLUE,T1,Cassiopeia,1,32,17,0.53125,1,1.0,1,1.0,0
LOLTMNT01_404715,LCK_20260614_Gen_G_vs_T1_S3,1,2026-06-14 06:27:21+00:00,16.11,BLUE,T1,Trundle,2,24,17,0.7083333333333334,1,1.0,1,1.0,0
LOLTMNT01_404715,LCK_20260614_Gen_G_vs_T1_S3,1,2026-06-14 06:27:21+00:00,16.11,BLUE,T1,Vayne,3,14,11,0.7857142857142857,0,,1,1.0,0
LOLTMNT01_404715,LCK_20260614_Gen_G_vs_T1_S3,1,2026-06-14 06:27:21+00:00,16.11,BLUE,T1,Ziggs,4,25,14,0.56,3,0.6666666666666666,1,1.0,0
LOLTMNT01_404715,LCK_20260614_Gen_G_vs_T1_S3,1,2026-06-14 06:27:21+00:00,16.11,BLUE,T1,Shen,5,7,6,0.8571428571428571,3,1.0,0,,0
LOLTMNT01_404715,LCK_20260614_Gen_G_vs_T1_S3,1,2026-06-14 06:27:21+00:00,16.11,RED,Gen.G,Lee Sin,1,48,27,0.5625,3,0.6666666666666666,1,1.0,1
LOLTMNT01_404715,LCK_20260614_Gen_G_vs_T1_S3,1,2026-06-14 06:27:21+00:00,16.11,RED,Gen.G,Ambessa,2,71,29,0.4084507042253521,3,0.6666666666666666,9,0.7777777777777778,1
LOLTMNT01_404715,LCK_20260614_Gen_G_vs_T1_S3,1,2026-06-14 06:27:21+00:00,16.11,RED,Gen.G,Galio,3,23,13,0.5652173913043478,1,0.0,5,1.0,1
LOLTMNT01_404715,LCK_20260614_Gen_G_vs_T1_S3,1,2026-06-14 06:27:21+00:00,16.11,RED,Gen.G,Jhin,4,68,36,0.5294117647058824,2,0.0,12,0.8333333333333334,1
LOLTMNT01_404715,LCK_20260614_Gen_G_vs_T1_S3,1,2026-06-14 06:27:21+00:00,16.11,RED,Gen.G,Camille,5,6,4,0.6666666666666666,3,0.6666666666666666,0,,1
LOLTMNT01_405668,LCK_20260614_Gen_G_vs_T1_S3,2,2026-06-14 07:24:01+00:00,16.11,BLUE,T1,Vi,1,73,38,0.5205479452054794,3,0.0,9,0.8888888888888888,1
LOLTMNT01_405668,LCK_20260614_Gen_G_vs_T1_S3,2,2026-06-14 07:24:01+00:00,16.11,BLUE,T1,Rumble,2,56,27,0.48214285714285715,4,0.0,6,0.8333333333333334,1
LOLTMNT01_405668,LCK_20260614_Gen_G_vs_T1_S3,2,2026-06-14 07:24:01+00:00,16.11,BLUE,T1,Akali,3,31,12,0.3870967741935484,0,,4,1.0,1
LOLTMNT01_405668,LCK_20260614_Gen_G_vs_T1_S3,2,2026-06-14 07:24:01+00:00,16.11,BLUE,T1,Kalista,4,19,8,0.42105263157894735,0,,3,0.3333333333333333,1
LOLTMNT01_405668,LCK_20260614_Gen_G_vs_T1_S3,2,2026-06-14 07:24:01+00:00,16.11,BLUE,T1,Renata Glasc,5,19,7,0.3684210526315789,1,0.0,3,0.3333333333333333,1
LOLTMNT01_405668,LCK_20260614_Gen_G_vs_T1_S3,2,2026-06-14 07:24:01+00:00,16.11,RED,Gen.G,Anivia,1,48,23,0.4791666666666667,2,0.0,8,0.875,0
LOLTMNT01_405668,LCK_20260614_Gen_G_vs_T1_S3,2,2026-06-14 07:24:01+00:00,16.11,RED,Gen.G,Xayah,2,18,11,0.6111111111111112,4,0.25,2,1.0,0
LOLTMNT01_405668,LCK_20260614_Gen_G_vs_T1_S3,2,2026-06-14 07:24:01+00:00,16.11,RED,Gen.G,Rakan,3,36,22,0.6111111111111112,4,0.5,7,1.0,0
LOLTMNT01_405668,LCK_20260614_Gen_G_vs_T1_S3,2,2026-06-14 07:24:01+00:00,16.11,RED,Gen.G,Maokai,4,7,6,0.8571428571428571,2,0.5,2,1.0,0
LOLTMNT01_405668,LCK_20260614_Gen_G_vs_T1_S3,2,2026-06-14 07:24:01+00:00,16.11,RED,Gen.G,Yorick,5,33,16,0.48484848484848486,0,,1,1.0,0
LOLTMNT01_405675,LCK_20260614_Gen_G_vs_T1_S3,3,2026-06-14 08:27:04+00:00,16.11,BLUE,T1,Wukong,1,55,27,0.4909090909090909,3,1.0,3,0.6666666666666666,1
LOLTMNT01_405675,LCK_20260614_Gen_G_vs_T1_S3,3,2026-06-14 08:27:04+00:00,16.11,BLUE,T1,Senna,2,5,2,0.4,2,1.0,0,,1
LOLTMNT01_405675,LCK_20260614_Gen_G_vs_T1_S3,3,2026-06-14 08:27:04+00:00,16.11,BLUE,T1,Sion,3,72,33,0.4583333333333333,4,0.75,8,0.875,1
LOLTMNT01_405675,LCK_20260614_Gen_G_vs_T1_S3,3,2026-06-14 08:27:04+00:00,16.11,BLUE,T1,Alistar,4,35,15,0.42857142857142855,1,0.0,2,1.0,1
LOLTMNT01_405675,LCK_20260614_Gen_G_vs_T1_S3,3,2026-06-14 08:27:04+00:00,16.11,BLUE,T1,Olaf,5,7,6,0.8571428571428571,0,,1,1.0,1
LOLTMNT01_405675,LCK_20260614_Gen_G_vs_T1_S3,3,2026-06-14 08:27:04+00:00,16.11,RED,Gen.G,Annie,1,54,32,0.5925925925925926,2,1.0,10,0.7,0
LOLTMNT01_405675,LCK_20260614_Gen_G_vs_T1_S3,3,2026-06-14 08:27:04+00:00,16.11,RED,Gen.G,Jayce,2,69,32,0.463768115942029,4,0.5,3,0.0,0
LOLTMNT01_405675,LCK_20260614_Gen_G_vs_T1_S3,3,2026-06-14 08:27:04+00:00,16.11,RED,Gen.G,Mel,3,24,13,0.5416666666666666,3,1.0,5,0.8,0
LOLTMNT01_405675,LCK_20260614_Gen_G_vs_T1_S3,3,2026-06-14 08:27:04+00:00,16.11,RED,Gen.G,Zaahen,4,32,21,0.65625,1,1.0,4,0.75,0
LOLTMNT01_405675,LCK_20260614_Gen_G_vs_T1_S3,3,2026-06-14 08:27:04+00:00,16.11,RED,Gen.G,Poppy,5,19,8,0.42105263157894735,2,0.5,0,,0
LOLTMNT01_405694,LCK_20260614_Gen_G_vs_T1_S3,4,2026-06-14 09:36:12+00:00,16.11,BLUE,T1,Gnar,1,81,50,0.6172839506172839,3,0.3333333333333333,5,0.6,0
LOLTMNT01_405694,LCK_20260614_Gen_G_vs_T1_S3,4,2026-06-14 09:36:12+00:00,16.11,BLUE,T1,Nocturne,2,51,25,0.49019607843137253,2,1.0,9,0.8888888888888888,0
LOLTMNT01_405694,LCK_20260614_Gen_G_vs_T1_S3,4,2026-06-14 09:36:12+00:00,16.11,BLUE,T1,Lissandra,3,4,4,1.0,2,1.0,2,1.0,0
LOLTMNT01_405694,LCK_20260614_Gen_G_vs_T1_S3,4,2026-06-14 09:36:12+00:00,16.11,BLUE,T1,Yunara,4,89,43,0.48314606741573035,3,0.6666666666666666,2,0.5,0
LOLTMNT01_405694,LCK_20260614_Gen_G_vs_T1_S3,4,2026-06-14 09:36:12+00:00,16.11,BLUE,T1,Lulu,5,68,31,0.45588235294117646,3,0.6666666666666666,7,0.5714285714285714,0
LOLTMNT01_405694,LCK_20260614_Gen_G_vs_T1_S3,4,2026-06-14 09:36:12+00:00,16.11,RED,Gen.G,Karma,1,57,32,0.5614035087719298,3,0.6666666666666666,8,0.75,1
LOLTMNT01_405694,LCK_20260614_Gen_G_vs_T1_S3,4,2026-06-14 09:36:12+00:00,16.11,RED,Gen.G,Xin Zhao,2,109,51,0.46788990825688076,3,0.3333333333333333,11,0.7272727272727273,1
LOLTMNT01_405694,LCK_20260614_Gen_G_vs_T1_S3,4,2026-06-14 09:36:12+00:00,16.11,RED,Gen.G,Ezreal,3,89,33,0.3707865168539326,3,0.3333333333333333,6,0.8333333333333334,1
LOLTMNT01_405694,LCK_20260614_Gen_G_vs_T1_S3,4,2026-06-14 09:36:12+00:00,16.11,RED,Gen.G,Gangplank,4,0,0,,0,,0,,1
LOLTMNT01_405694,LCK_20260614_Gen_G_vs_T1_S3,4,2026-06-14 09:36:12+00:00,16.11,RED,Gen.G,Ahri,5,42,26,0.6190476190476191,2,0.5,2,0.5,1
LOLTMNT01_404739,LCK_20260614_Gen_G_vs_T1_S3,5,2026-06-14 10:35:36+00:00,16.11,BLUE,Gen.G,Nidalee,1,2,2,1.0,0,,2,1.0,0
LOLTMNT01_404739,LCK_20260614_Gen_G_vs_T1_S3,5,2026-06-14 10:35:36+00:00,16.11,BLUE,Gen.G,Renekton,2,73,32,0.4383561643835616,3,0.3333333333333333,6,1.0,0
LOLTMNT01_404739,LCK_20260614_Gen_G_vs_T1_S3,5,2026-06-14 10:35:36+00:00,16.11,BLUE,Gen.G,Twisted Fate,3,24,13,0.5416666666666666,0,,1,1.0,0
LOLTMNT01_404739,LCK_20260614_Gen_G_vs_T1_S3,5,2026-06-14 10:35:36+00:00,16.11,BLUE,Gen.G,Miss Fortune,4,27,13,0.48148148148148145,1,0.0,1,1.0,0
LOLTMNT01_404739,LCK_20260614_Gen_G_vs_T1_S3,5,2026-06-14 10:35:36+00:00,16.11,BLUE,Gen.G,Rell,5,20,8,0.4,1,0.0,2,1.0,0
LOLTMNT01_404739,LCK_20260614_Gen_G_vs_T1_S3,5,2026-06-14 10:35:36+00:00,16.11,RED,T1,Ryze,1,102,55,0.5392156862745098,4,0.75,8,0.5,1
LOLTMNT01_404739,LCK_20260614_Gen_G_vs_T1_S3,5,2026-06-14 10:35:36+00:00,16.11,RED,T1,Naafiri,2,28,13,0.4642857142857143,4,0.5,2,0.5,1
LOLTMNT01_404739,LCK_20260614_Gen_G_vs_T1_S3,5,2026-06-14 10:35:36+00:00,16.11,RED,T1,Gragas,3,3,0,0.0,0,,1,0.0,1
LOLTMNT01_404739,LCK_20260614_Gen_G_vs_T1_S3,5,2026-06-14 10:35:36+00:00,16.11,RED,T1,Sivir,4,38,23,0.6052631578947368,2,1.0,3,1.0,1
LOLTMNT01_404739,LCK_20260614_Gen_G_vs_T1_S3,5,2026-06-14 10:35:36+00:00,16.11,RED,T1,Neeko,5,68,34,0.5,1,0.0,8,0.75,1
LOLTMNT02_442746,LCK_20260729_Kiwoom_DRX_vs_Nongshim_RedForce_S5,1,2026-07-29 08:05:41+00:00,16.14,BLUE,Kiwoom DRX,Orianna,1,55,28,0.509090909090909,0,,11,0.5454545454545454,0
LOLTMNT02_442746,LCK_20260729_Kiwoom_DRX_vs_Nongshim_RedForce_S5,1,2026-07-29 08:05:41+00:00,16.14,BLUE,Kiwoom DRX,Xin Zhao,2,110,52,0.4727272727272727,0,,18,0.3333333333333333,0
LOLTMNT02_442746,LCK_20260729_Kiwoom_DRX_vs_Nongshim_RedForce_S5,1,2026-07-29 08:05:41+00:00,16.14,BLUE,Kiwoom DRX,Bard,3,69,40,0.5797101449275363,0,,10,0.5,0
LOLTMNT02_442746,LCK_20260729_Kiwoom_DRX_vs_Nongshim_RedForce_S5,1,2026-07-29 08:05:41+00:00,16.14,BLUE,Kiwoom DRX,Gnar,4,82,50,0.6097560975609756,0,,18,0.6111111111111112,0
LOLTMNT02_442746,LCK_20260729_Kiwoom_DRX_vs_Nongshim_RedForce_S5,1,2026-07-29 08:05:41+00:00,16.14,BLUE,Kiwoom DRX,Yunara,5,90,43,0.4777777777777778,0,,19,0.42105263157894735,0
LOLTMNT02_442746,LCK_20260729_Kiwoom_DRX_vs_Nongshim_RedForce_S5,1,2026-07-29 08:05:41+00:00,16.14,RED,Nongshim RedForce,Jarvan IV,1,107,58,0.5420560747663551,0,,13,0.46153846153846156,1
LOLTMNT02_442746,LCK_20260729_Kiwoom_DRX_vs_Nongshim_RedForce_S5,1,2026-07-29 08:05:41+00:00,16.14,RED,Nongshim RedForce,Locke,2,0,0,,0,,0,,1
LOLTMNT02_442746,LCK_20260729_Kiwoom_DRX_vs_Nongshim_RedForce_S5,1,2026-07-29 08:05:41+00:00,16.14,RED,Nongshim RedForce,Ezreal,3,90,34,0.37777777777777777,0,,10,0.1,1
LOLTMNT02_442746,LCK_20260729_Kiwoom_DRX_vs_Nongshim_RedForce_S5,1,2026-07-29 08:05:41+00:00,16.14,RED,Nongshim RedForce,Shen,4,8,6,0.75,0,,1,1.0,1
LOLTMNT02_442746,LCK_20260729_Kiwoom_DRX_vs_Nongshim_RedForce_S5,1,2026-07-29 08:05:41+00:00,16.14,RED,Nongshim RedForce,Varus,5,33,15,0.45454545454545453,0,,3,0.3333333333333333,1
LOLTMNT02_441911,LCK_20260729_Kiwoom_DRX_vs_Nongshim_RedForce_S5,2,2026-07-29 08:53:53+00:00,16.14,BLUE,Kiwoom DRX,Cassiopeia,1,33,17,0.5151515151515151,0,,5,0.2,0
LOLTMNT02_441911,LCK_20260729_Kiwoom_DRX_vs_Nongshim_RedForce_S5,2,2026-07-29 08:53:53+00:00,16.14,BLUE,Kiwoom DRX,Nautilus,2,61,25,0.4098360655737705,0,,15,0.4666666666666667,0
LOLTMNT02_441911,LCK_20260729_Kiwoom_DRX_vs_Nongshim_RedForce_S5,2,2026-07-29 08:53:53+00:00,16.14,BLUE,Kiwoom DRX,Skarner,3,16,10,0.625,0,,0,,0
LOLTMNT02_441911,LCK_20260729_Kiwoom_DRX_vs_Nongshim_RedForce_S5,2,2026-07-29 08:53:53+00:00,16.14,BLUE,Kiwoom DRX,Ambessa,4,72,30,0.4166666666666667,0,,8,0.25,0
LOLTMNT02_441911,LCK_20260729_Kiwoom_DRX_vs_Nongshim_RedForce_S5,2,2026-07-29 08:53:53+00:00,16.14,BLUE,Kiwoom DRX,Sivir,5,39,24,0.6153846153846154,0,,5,0.4,0
LOLTMNT02_441911,LCK_20260729_Kiwoom_DRX_vs_Nongshim_RedForce_S5,2,2026-07-29 08:53:53+00:00,16.14,RED,Nongshim RedForce,Syndra,1,12,5,0.4166666666666667,0,,0,,1
LOLTMNT02_441911,LCK_20260729_Kiwoom_DRX_vs_Nongshim_RedForce_S5,2,2026-07-29 08:53:53+00:00,16.14,RED,Nongshim RedForce,Lee Sin,2,49,28,0.5714285714285714,0,,3,0.6666666666666666,1
LOLTMNT02_441911,LCK_20260729_Kiwoom_DRX_vs_Nongshim_RedForce_S5,2,2026-07-29 08:53:53+00:00,16.14,RED,Nongshim RedForce,Leona,3,17,7,0.4117647058823529,0,,4,0.75,1
LOLTMNT02_441911,LCK_20260729_Kiwoom_DRX_vs_Nongshim_RedForce_S5,2,2026-07-29 08:53:53+00:00,16.14,RED,Nongshim RedForce,Jhin,4,69,37,0.5362318840579711,0,,3,0.6666666666666666,1
LOLTMNT02_441911,LCK_20260729_Kiwoom_DRX_vs_Nongshim_RedForce_S5,2,2026-07-29 08:53:53+00:00,16.14,RED,Nongshim RedForce,Zaahen,5,33,21,0.6363636363636364,0,,3,0.6666666666666666,1
LOLTMNT02_441926,LCK_20260729_KT_Rolster_vs_T1_S4,1,2026-07-29 10:14:12+00:00,16.14,BLUE,T1,Vi,1,74,39,0.527027027027027,0,,10,0.9,0
LOLTMNT02_441926,LCK_20260729_KT_Rolster_vs_T1_S4,1,2026-07-29 10:14:12+00:00,16.14,BLUE,T1,Akali,2,32,13,0.40625,0,,5,1.0,0
LOLTMNT02_441926,LCK_20260729_KT_Rolster_vs_T1_S4,1,2026-07-29 10:14:12+00:00,16.14,BLUE,T1,Ambessa,3,73,30,0.410958904109589,1,0.0,8,0.625,0
LOLTMNT02_441926,LCK_20260729_KT_Rolster_vs_T1_S4,1,2026-07-29 10:14:12+00:00,16.14,BLUE,T1,Leona,4,18,8,0.4444444444444444,1,1.0,0,,0
LOLTMNT02_441926,LCK_20260729_KT_Rolster_vs_T1_S4,1,2026-07-29 10:14:12+00:00,16.14,BLUE,T1,Viktor,5,28,11,0.39285714285714285,0,,1,0.0,0
LOLTMNT02_441926,LCK_20260729_KT_Rolster_vs_T1_S4,1,2026-07-29 10:14:12+00:00,16.14,RED,KT Rolster,Cassiopeia,1,34,17,0.5,1,0.0,2,0.5,1
LOLTMNT02_441926,LCK_20260729_KT_Rolster_vs_T1_S4,1,2026-07-29 10:14:12+00:00,16.14,RED,KT Rolster,Ezreal,2,91,35,0.38461538461538464,1,1.0,7,0.2857142857142857,1
LOLTMNT02_441926,LCK_20260729_KT_Rolster_vs_T1_S4,1,2026-07-29 10:14:12+00:00,16.14,RED,KT Rolster,Nautilus,3,62,25,0.4032258064516129,1,0.0,8,0.25,1
LOLTMNT02_441926,LCK_20260729_KT_Rolster_vs_T1_S4,1,2026-07-29 10:14:12+00:00,16.14,RED,KT Rolster,Zaahen,4,34,22,0.6470588235294118,1,1.0,8,1.0,1
LOLTMNT02_441926,LCK_20260729_KT_Rolster_vs_T1_S4,1,2026-07-29 10:14:12+00:00,16.14,RED,KT Rolster,Pantheon,5,91,42,0.46153846153846156,0,,9,0.7777777777777778,1
LOLTMNT02_441944,LCK_20260729_KT_Rolster_vs_T1_S4,2,2026-07-29 11:12:05+00:00,16.14,BLUE,KT Rolster,Rumble,1,57,28,0.49122807017543857,0,,3,0.3333333333333333,1
LOLTMNT02_441944,LCK_20260729_KT_Rolster_vs_T1_S4,2,2026-07-29 11:12:05+00:00,16.14,BLUE,KT Rolster,Jarvan IV,2,108,59,0.5462962962962963,1,1.0,9,0.6666666666666666,1
LOLTMNT02_441944,LCK_20260729_KT_Rolster_vs_T1_S4,2,2026-07-29 11:12:05+00:00,16.14,BLUE,KT Rolster,Yone,3,19,10,0.5263157894736842,0,,0,,1
LOLTMNT02_441944,LCK_20260729_KT_Rolster_vs_T1_S4,2,2026-07-29 11:12:05+00:00,16.14,BLUE,KT Rolster,Rell,4,21,8,0.38095238095238093,0,,1,0.0,1
LOLTMNT02_441944,LCK_20260729_KT_Rolster_vs_T1_S4,2,2026-07-29 11:12:05+00:00,16.14,BLUE,KT Rolster,Miss Fortune,5,28,13,0.4642857142857143,0,,2,0.5,1
LOLTMNT02_441944,LCK_20260729_KT_Rolster_vs_T1_S4,2,2026-07-29 11:12:05+00:00,16.14,RED,T1,Jayce,1,70,32,0.45714285714285713,0,,9,0.8888888888888888,0
LOLTMNT02_441944,LCK_20260729_KT_Rolster_vs_T1_S4,2,2026-07-29 11:12:05+00:00,16.14,RED,T1,Ryze,2,103,56,0.5436893203883495,0,,9,0.5555555555555556,0
LOLTMNT02_441944,LCK_20260729_KT_Rolster_vs_T1_S4,2,2026-07-29 11:12:05+00:00,16.14,RED,T1,Lee Sin,3,50,29,0.58,1,1.0,4,1.0,0
LOLTMNT02_441944,LCK_20260729_KT_Rolster_vs_T1_S4,2,2026-07-29 11:12:05+00:00,16.14,RED,T1,Jhin,4,70,38,0.5428571428571428,1,1.0,8,0.75,0
LOLTMNT02_441944,LCK_20260729_KT_Rolster_vs_T1_S4,2,2026-07-29 11:12:05+00:00,16.14,RED,T1,Shen,5,9,7,0.7777777777777778,1,1.0,1,0.0,0
LOLTMNT02_444167,LCK_20260730_BNK_FEARX_vs_DN_SOOPers_S5,1,2026-07-30 08:07:12+00:00,16.14,BLUE,BNK FEARX,Cassiopeia,1,35,18,0.5142857142857142,2,0.5,1,1.0,1
LOLTMNT02_444167,LCK_20260730_BNK_FEARX_vs_DN_SOOPers_S5,1,2026-07-30 08:07:12+00:00,16.14,BLUE,BNK FEARX,Lee Sin,2,51,29,0.5686274509803921,2,0.5,5,0.6,1
LOLTMNT02_444167,LCK_20260730_BNK_FEARX_vs_DN_SOOPers_S5,1,2026-07-30 08:07:12+00:00,16.14,BLUE,BNK FEARX,Shen,3,10,7,0.7,2,0.5,1,1.0,1
LOLTMNT02_444167,LCK_20260730_BNK_FEARX_vs_DN_SOOPers_S5,1,2026-07-30 08:07:12+00:00,16.14,BLUE,BNK FEARX,Rumble,4,58,29,0.5,1,1.0,3,0.6666666666666666,1
LOLTMNT02_444167,LCK_20260730_BNK_FEARX_vs_DN_SOOPers_S5,1,2026-07-30 08:07:12+00:00,16.14,BLUE,BNK FEARX,Corki,5,53,24,0.4528301886792453,0,,1,1.0,1
LOLTMNT02_444167,LCK_20260730_BNK_FEARX_vs_DN_SOOPers_S5,1,2026-07-30 08:07:12+00:00,16.14,RED,DN SOOPers,Syndra,1,13,6,0.46153846153846156,1,1.0,2,0.5,0
LOLTMNT02_444167,LCK_20260730_BNK_FEARX_vs_DN_SOOPers_S5,1,2026-07-30 08:07:12+00:00,16.14,RED,DN SOOPers,Jarvan IV,2,109,60,0.5504587155963303,2,1.0,10,0.1,0
LOLTMNT02_444167,LCK_20260730_BNK_FEARX_vs_DN_SOOPers_S5,1,2026-07-30 08:07:12+00:00,16.14,RED,DN SOOPers,Jayce,3,71,32,0.4507042253521127,1,0.0,2,0.5,0
LOLTMNT02_444167,LCK_20260730_BNK_FEARX_vs_DN_SOOPers_S5,1,2026-07-30 08:07:12+00:00,16.14,RED,DN SOOPers,Rell,4,22,9,0.4090909090909091,1,1.0,8,0.375,0
LOLTMNT02_444167,LCK_20260730_BNK_FEARX_vs_DN_SOOPers_S5,1,2026-07-30 08:07:12+00:00,16.14,RED,DN SOOPers,Viktor,5,29,11,0.3793103448275862,1,0.0,4,0.25,0
LOLTMNT02_444200,LCK_20260730_BNK_FEARX_vs_DN_SOOPers_S5,2,2026-07-30 09:02:26+00:00,16.14,BLUE,BNK FEARX,Taliyah,1,55,21,0.38181818181818183,0,,5,0.2,1
LOLTMNT02_444200,LCK_20260730_BNK_FEARX_vs_DN_SOOPers_S5,2,2026-07-30 09:02:26+00:00,16.14,BLUE,BNK FEARX,Pantheon,2,92,43,0.4673913043478261,1,1.0,12,0.5,1
LOLTMNT02_444200,LCK_20260730_BNK_FEARX_vs_DN_SOOPers_S5,2,2026-07-30 09:02:26+00:00,16.14,BLUE,BNK FEARX,Alistar,3,36,16,0.4444444444444444,0,,2,0.5,1
LOLTMNT02_444200,LCK_20260730_BNK_FEARX_vs_DN_SOOPers_S5,2,2026-07-30 09:02:26+00:00,16.14,BLUE,BNK FEARX,Sivir,4,40,24,0.6,1,0.0,3,0.3333333333333333,1
LOLTMNT02_444200,LCK_20260730_BNK_FEARX_vs_DN_SOOPers_S5,2,2026-07-30 09:02:26+00:00,16.14,BLUE,BNK FEARX,Tristana,5,5,2,0.4,0,,0,,1
LOLTMNT02_444200,LCK_20260730_BNK_FEARX_vs_DN_SOOPers_S5,2,2026-07-30 09:02:26+00:00,16.14,RED,DN SOOPers,Ryze,1,104,56,0.5384615384615384,1,0.0,7,0.2857142857142857,0
LOLTMNT02_444200,LCK_20260730_BNK_FEARX_vs_DN_SOOPers_S5,2,2026-07-30 09:02:26+00:00,16.14,RED,DN SOOPers,Naafiri,2,29,14,0.4827586206896552,0,,5,0.4,0
LOLTMNT02_444200,LCK_20260730_BNK_FEARX_vs_DN_SOOPers_S5,2,2026-07-30 09:02:26+00:00,16.14,RED,DN SOOPers,Nautilus,3,63,26,0.4126984126984127,2,0.5,7,0.0,0
LOLTMNT02_444200,LCK_20260730_BNK_FEARX_vs_DN_SOOPers_S5,2,2026-07-30 09:02:26+00:00,16.14,RED,DN SOOPers,Gnar,4,83,50,0.6024096385542169,1,0.0,5,0.0,0
LOLTMNT02_444200,LCK_20260730_BNK_FEARX_vs_DN_SOOPers_S5,2,2026-07-30 09:02:26+00:00,16.14,RED,DN SOOPers,Kai'Sa,5,14,9,0.6428571428571429,0,,2,0.5,0
LOLTMNT02_443344,LCK_20260730_Dplus_Kia_vs_Hanwha_Life_Esports_S3,1,2026-07-30 10:17:39+00:00,16.14,BLUE,Hanwha Life Esports,Camille,1,7,5,0.7142857142857143,0,,1,1.0,0
LOLTMNT02_443344,LCK_20260730_Dplus_Kia_vs_Hanwha_Life_Esports_S3,1,2026-07-30 10:17:39+00:00,16.14,BLUE,Hanwha Life Esports,Vi,2,75,39,0.52,1,0.0,13,0.8461538461538461,0
LOLTMNT02_443344,LCK_20260730_Dplus_Kia_vs_Hanwha_Life_Esports_S3,1,2026-07-30 10:17:39+00:00,16.14,BLUE,Hanwha Life Esports,Ambessa,3,74,30,0.40540540540540543,2,0.0,3,0.3333333333333333,0
LOLTMNT02_443344,LCK_20260730_Dplus_Kia_vs_Hanwha_Life_Esports_S3,1,2026-07-30 10:17:39+00:00,16.14,BLUE,Hanwha Life Esports,Cassiopeia,4,36,19,0.5277777777777778,3,0.6666666666666666,3,0.6666666666666666,0
LOLTMNT02_443344,LCK_20260730_Dplus_Kia_vs_Hanwha_Life_Esports_S3,1,2026-07-30 10:17:39+00:00,16.14,BLUE,Hanwha Life Esports,Aurora,5,68,27,0.39705882352941174,0,,12,0.5833333333333334,0
LOLTMNT02_443344,LCK_20260730_Dplus_Kia_vs_Hanwha_Life_Esports_S3,1,2026-07-30 10:17:39+00:00,16.14,RED,Dplus Kia,Orianna,1,56,28,0.5,1,0.0,7,0.42857142857142855,1
LOLTMNT02_443344,LCK_20260730_Dplus_Kia_vs_Hanwha_Life_Esports_S3,1,2026-07-30 10:17:39+00:00,16.14,RED,Dplus Kia,Shen,2,11,8,0.7272727272727273,3,0.6666666666666666,2,1.0,1
LOLTMNT02_443344,LCK_20260730_Dplus_Kia_vs_Hanwha_Life_Esports_S3,1,2026-07-30 10:17:39+00:00,16.14,RED,Dplus Kia,Xin Zhao,3,111,52,0.46846846846846846,1,0.0,10,0.3,1
LOLTMNT02_443344,LCK_20260730_Dplus_Kia_vs_Hanwha_Life_Esports_S3,1,2026-07-30 10:17:39+00:00,16.14,RED,Dplus Kia,Ezreal,4,92,36,0.391304347826087,2,1.0,8,0.25,1
LOLTMNT02_443344,LCK_20260730_Dplus_Kia_vs_Hanwha_Life_Esports_S3,1,2026-07-30 10:17:39+00:00,16.14,RED,Dplus Kia,Olaf,5,8,7,0.875,0,,1,1.0,1
LOLTMNT02_444234,LCK_20260730_Dplus_Kia_vs_Hanwha_Life_Esports_S3,2,2026-07-30 11:12:36+00:00,16.14,BLUE,Dplus Kia,Viktor,1,30,11,0.36666666666666664,2,0.0,8,0.625,0
LOLTMNT02_444234,LCK_20260730_Dplus_Kia_vs_Hanwha_Life_Esports_S3,2,2026-07-30 11:12:36+00:00,16.14,BLUE,Dplus Kia,Skarner,2,17,10,0.5882352941176471,1,0.0,5,0.6,0
LOLTMNT02_444234,LCK_20260730_Dplus_Kia_vs_Hanwha_Life_Esports_S3,2,2026-07-30 11:12:36+00:00,16.14,BLUE,Dplus Kia,Pyke,3,10,5,0.5,0,,2,0.5,0
LOLTMNT02_444234,LCK_20260730_Dplus_Kia_vs_Hanwha_Life_Esports_S3,2,2026-07-30 11:12:36+00:00,16.14,BLUE,Dplus Kia,Ryze,4,105,56,0.5333333333333333,2,0.0,10,0.7,0
LOLTMNT02_444234,LCK_20260730_Dplus_Kia_vs_Hanwha_Life_Esports_S3,2,2026-07-30 11:12:36+00:00,16.14,BLUE,Dplus Kia,Renekton,5,74,32,0.43243243243243246,0,,4,0.5,0
LOLTMNT02_444234,LCK_20260730_Dplus_Kia_vs_Hanwha_Life_Esports_S3,2,2026-07-30 11:12:36+00:00,16.14,RED,Hanwha Life Esports,Lee Sin,1,52,30,0.5769230769230769,3,0.6666666666666666,3,1.0,1
LOLTMNT02_444234,LCK_20260730_Dplus_Kia_vs_Hanwha_Life_Esports_S3,2,2026-07-30 11:12:36+00:00,16.14,RED,Hanwha Life Esports,Bard,2,70,40,0.5714285714285714,1,0.0,12,0.5833333333333334,1
LOLTMNT02_444234,LCK_20260730_Dplus_Kia_vs_Hanwha_Life_Esports_S3,2,2026-07-30 11:12:36+00:00,16.14,RED,Hanwha Life Esports,Jhin,3,71,38,0.5352112676056338,2,0.5,6,0.3333333333333333,1
LOLTMNT02_444234,LCK_20260730_Dplus_Kia_vs_Hanwha_Life_Esports_S3,2,2026-07-30 11:12:36+00:00,16.14,RED,Hanwha Life Esports,Annie,4,55,32,0.5818181818181818,0,,4,0.75,1
LOLTMNT02_444234,LCK_20260730_Dplus_Kia_vs_Hanwha_Life_Esports_S3,2,2026-07-30 11:12:36+00:00,16.14,RED,Hanwha Life Esports,Aatrox,5,16,5,0.3125,0,,2,0.0,1
LOLTMNT02_443370,LCK_20260730_Dplus_Kia_vs_Hanwha_Life_Esports_S3,3,2026-07-30 12:07:20+00:00,16.14,BLUE,Hanwha Life Esports,Lucian,1,60,29,0.48333333333333334,0,,3,0.6666666666666666,0
LOLTMNT02_443370,LCK_20260730_Dplus_Kia_vs_Hanwha_Life_Esports_S3,3,2026-07-30 12:07:20+00:00,16.14,BLUE,Hanwha Life Esports,Milio,2,41,21,0.5121951219512195,0,,3,0.6666666666666666,0
LOLTMNT02_443370,LCK_20260730_Dplus_Kia_vs_Hanwha_Life_Esports_S3,3,2026-07-30 12:07:20+00:00,16.14,BLUE,Hanwha Life Esports,Gnar,3,84,50,0.5952380952380952,2,0.0,9,0.8888888888888888,0
LOLTMNT02_443370,LCK_20260730_Dplus_Kia_vs_Hanwha_Life_Esports_S3,3,2026-07-30 12:07:20+00:00,16.14,BLUE,Hanwha Life Esports,Qiyana,4,3,0,0.0,0,,0,,0
LOLTMNT02_443370,LCK_20260730_Dplus_Kia_vs_Hanwha_Life_Esports_S3,3,2026-07-30 12:07:20+00:00,16.14,BLUE,Hanwha Life Esports,Galio,5,24,14,0.5833333333333334,0,,0,,0
LOLTMNT02_443370,LCK_20260730_Dplus_Kia_vs_Hanwha_Life_Esports_S3,3,2026-07-30 12:07:20+00:00,16.14,RED,Dplus Kia,Jarvan IV,1,110,60,0.5454545454545454,3,0.6666666666666666,21,0.7619047619047619,1
LOLTMNT02_443370,LCK_20260730_Dplus_Kia_vs_Hanwha_Life_Esports_S3,3,2026-07-30 12:07:20+00:00,16.14,RED,Dplus Kia,Yunara,2,91,43,0.4725274725274725,1,0.0,9,0.6666666666666666,1
LOLTMNT02_443370,LCK_20260730_Dplus_Kia_vs_Hanwha_Life_Esports_S3,3,2026-07-30 12:07:20+00:00,16.14,RED,Dplus Kia,Lulu,3,69,31,0.4492753623188406,0,,11,0.6363636363636364,1
LOLTMNT02_443370,LCK_20260730_Dplus_Kia_vs_Hanwha_Life_Esports_S3,3,2026-07-30 12:07:20+00:00,16.14,RED,Dplus Kia,Syndra,4,14,6,0.42857142857142855,2,0.5,2,0.0,1
LOLTMNT02_443370,LCK_20260730_Dplus_Kia_vs_Hanwha_Life_Esports_S3,3,2026-07-30 12:07:20+00:00,16.14,RED,Dplus Kia,Jax,5,16,8,0.5,0,,4,0.25,1
LOLTMNT02_444480,LCK_20260731_Gen_G_vs_T1_S4,1,2026-07-31 08:15:35+00:00,16.14,BLUE,Gen.G,Galio,1,25,14,0.56,1,0.0,6,1.0,0
LOLTMNT02_444480,LCK_20260731_Gen_G_vs_T1_S4,1,2026-07-31 08:15:35+00:00,16.14,BLUE,Gen.G,Lee Sin,2,53,31,0.5849056603773585,4,0.75,2,1.0,0
LOLTMNT02_444480,LCK_20260731_Gen_G_vs_T1_S4,1,2026-07-31 08:15:35+00:00,16.14,BLUE,Gen.G,Ambessa,3,75,30,0.4,3,0.0,10,0.8,0
LOLTMNT02_444480,LCK_20260731_Gen_G_vs_T1_S4,1,2026-07-31 08:15:35+00:00,16.14,BLUE,Gen.G,Rakan,4,37,22,0.5945945945945946,0,,8,0.875,0
LOLTMNT02_444480,LCK_20260731_Gen_G_vs_T1_S4,1,2026-07-31 08:15:35+00:00,16.14,BLUE,Gen.G,Xayah,5,19,11,0.5789473684210527,0,,3,0.6666666666666666,0
LOLTMNT02_444480,LCK_20260731_Gen_G_vs_T1_S4,1,2026-07-31 08:15:35+00:00,16.14,RED,T1,Orianna,1,57,29,0.5087719298245614,2,0.5,6,0.8333333333333334,1
LOLTMNT02_444480,LCK_20260731_Gen_G_vs_T1_S4,1,2026-07-31 08:15:35+00:00,16.14,RED,T1,Lucian,2,61,29,0.47540983606557374,1,0.0,6,0.6666666666666666,1
LOLTMNT02_444480,LCK_20260731_Gen_G_vs_T1_S4,1,2026-07-31 08:15:35+00:00,16.14,RED,T1,Milio,3,42,21,0.5,1,0.0,6,0.6666666666666666,1
LOLTMNT02_444480,LCK_20260731_Gen_G_vs_T1_S4,1,2026-07-31 08:15:35+00:00,16.14,RED,T1,Gnar,4,85,50,0.5882352941176471,3,0.0,6,0.5,1
LOLTMNT02_444480,LCK_20260731_Gen_G_vs_T1_S4,1,2026-07-31 08:15:35+00:00,16.14,RED,T1,Jarvan IV,5,111,61,0.5495495495495496,4,0.75,8,0.5,1
LOLTMNT02_444494,LCK_20260731_Gen_G_vs_T1_S4,2,2026-07-31 09:08:44+00:00,16.14,BLUE,T1,Ezreal,1,93,37,0.3978494623655914,3,1.0,7,0.42857142857142855,1
LOLTMNT02_444494,LCK_20260731_Gen_G_vs_T1_S4,2,2026-07-31 09:08:44+00:00,16.14,BLUE,T1,Xin Zhao,2,112,53,0.4732142857142857,2,0.5,15,0.8,1
LOLTMNT02_444494,LCK_20260731_Gen_G_vs_T1_S4,2,2026-07-31 09:08:44+00:00,16.14,BLUE,T1,Ryze,3,106,56,0.5283018867924528,3,0.0,10,0.5,1
LOLTMNT02_444494,LCK_20260731_Gen_G_vs_T1_S4,2,2026-07-31 09:08:44+00:00,16.14,BLUE,T1,Seraphine,4,59,32,0.5423728813559322,0,,5,1.0,1
LOLTMNT02_444494,LCK_20260731_Gen_G_vs_T1_S4,2,2026-07-31 09:08:44+00:00,16.14,BLUE,T1,Jax,5,17,9,0.5294117647058824,1,1.0,1,0.0,1
LOLTMNT02_444494,LCK_20260731_Gen_G_vs_T1_S4,2,2026-07-31 09:08:44+00:00,16.14,RED,Gen.G,Vi,1,76,39,0.5131578947368421,2,0.0,7,0.7142857142857143,0
LOLTMNT02_444494,LCK_20260731_Gen_G_vs_T1_S4,2,2026-07-31 09:08:44+00:00,16.14,RED,Gen.G,Shen,2,12,9,0.75,4,0.75,1,1.0,0
LOLTMNT02_444494,LCK_20260731_Gen_G_vs_T1_S4,2,2026-07-31 09:08:44+00:00,16.14,RED,Gen.G,Ziggs,3,26,14,0.5384615384615384,0,,2,1.0,0
LOLTMNT02_444494,LCK_20260731_Gen_G_vs_T1_S4,2,2026-07-31 09:08:44+00:00,16.14,RED,Gen.G,Varus,4,34,16,0.47058823529411764,1,1.0,4,1.0,0
LOLTMNT02_444494,LCK_20260731_Gen_G_vs_T1_S4,2,2026-07-31 09:08:44+00:00,16.14,RED,Gen.G,Anivia,5,49,23,0.46938775510204084,0,,9,0.7777777777777778,0
LOLTMNT02_444519,LCK_20260731_HANJIN_BRION_vs_Kiwoom_DRX_S5,1,2026-07-31 10:28:31+00:00,16.14,BLUE,Kiwoom DRX,Cassiopeia,1,37,19,0.5135135135135135,4,0.5,6,0.16666666666666666,0
LOLTMNT02_444519,LCK_20260731_HANJIN_BRION_vs_Kiwoom_DRX_S5,1,2026-07-31 10:28:31+00:00,16.14,BLUE,Kiwoom DRX,Naafiri,2,30,14,0.4666666666666667,1,0.0,1,0.0,0
LOLTMNT02_444519,LCK_20260731_HANJIN_BRION_vs_Kiwoom_DRX_S5,1,2026-07-31 10:28:31+00:00,16.14,BLUE,Kiwoom DRX,Nautilus,3,64,26,0.40625,3,0.3333333333333333,16,0.4375,0
LOLTMNT02_444519,LCK_20260731_HANJIN_BRION_vs_Kiwoom_DRX_S5,1,2026-07-31 10:28:31+00:00,16.14,BLUE,Kiwoom DRX,Jhin,4,72,39,0.5416666666666666,3,0.6666666666666666,6,0.5,0
LOLTMNT02_444519,LCK_20260731_HANJIN_BRION_vs_Kiwoom_DRX_S5,1,2026-07-31 10:28:31+00:00,16.14,BLUE,Kiwoom DRX,Ambessa,5,76,30,0.39473684210526316,4,0.0,9,0.2222222222222222,0
LOLTMNT02_444519,LCK_20260731_HANJIN_BRION_vs_Kiwoom_DRX_S5,1,2026-07-31 10:28:31+00:00,16.14,RED,HANJIN BRION,Camille,1,8,5,0.625,1,0.0,0,,1
LOLTMNT02_444519,LCK_20260731_HANJIN_BRION_vs_Kiwoom_DRX_S5,1,2026-07-31 10:28:31+00:00,16.14,RED,HANJIN BRION,Jarvan IV,2,112,62,0.5535714285714286,5,0.8,5,0.2,1
LOLTMNT02_444519,LCK_20260731_HANJIN_BRION_vs_Kiwoom_DRX_S5,1,2026-07-31 10:28:31+00:00,16.14,RED,HANJIN BRION,Syndra,3,15,7,0.4666666666666667,3,0.6666666666666666,1,0.0,1
LOLTMNT02_444519,LCK_20260731_HANJIN_BRION_vs_Kiwoom_DRX_S5,1,2026-07-31 10:28:31+00:00,16.14,RED,HANJIN BRION,Rumble,4,59,30,0.5084745762711864,2,1.0,7,0.14285714285714285,1
LOLTMNT02_444519,LCK_20260731_HANJIN_BRION_vs_Kiwoom_DRX_S5,1,2026-07-31 10:28:31+00:00,16.14,RED,HANJIN BRION,Corki,5,54,25,0.46296296296296297,1,1.0,4,0.75,1
LOLTMNT02_443601,LCK_20260731_HANJIN_BRION_vs_Kiwoom_DRX_S5,2,2026-07-31 11:31:11+00:00,16.14,BLUE,Kiwoom DRX,Annie,1,56,33,0.5892857142857143,1,1.0,6,0.5,1
LOLTMNT02_443601,LCK_20260731_HANJIN_BRION_vs_Kiwoom_DRX_S5,2,2026-07-31 11:31:11+00:00,16.14,BLUE,Kiwoom DRX,Ezreal,2,94,38,0.40425531914893614,4,1.0,12,0.25,1
LOLTMNT02_443601,LCK_20260731_HANJIN_BRION_vs_Kiwoom_DRX_S5,2,2026-07-31 11:31:11+00:00,16.14,BLUE,Kiwoom DRX,Karma,3,58,33,0.5689655172413793,0,,9,0.3333333333333333,1
LOLTMNT02_443601,LCK_20260731_HANJIN_BRION_vs_Kiwoom_DRX_S5,2,2026-07-31 11:31:11+00:00,16.14,BLUE,Kiwoom DRX,Pantheon,4,93,44,0.4731182795698925,2,1.0,7,0.42857142857142855,1
LOLTMNT02_443601,LCK_20260731_HANJIN_BRION_vs_Kiwoom_DRX_S5,2,2026-07-31 11:31:11+00:00,16.14,BLUE,Kiwoom DRX,Yorick,5,34,16,0.47058823529411764,0,,3,0.6666666666666666,1
LOLTMNT02_443601,LCK_20260731_HANJIN_BRION_vs_Kiwoom_DRX_S5,2,2026-07-31 11:31:11+00:00,16.14,RED,HANJIN BRION,Lee Sin,1,54,31,0.5740740740740741,5,0.6,6,0.3333333333333333,0
LOLTMNT02_443601,LCK_20260731_HANJIN_BRION_vs_Kiwoom_DRX_S5,2,2026-07-31 11:31:11+00:00,16.14,RED,HANJIN BRION,Lucian,2,62,30,0.4838709677419355,2,0.5,8,0.375,0
LOLTMNT02_443601,LCK_20260731_HANJIN_BRION_vs_Kiwoom_DRX_S5,2,2026-07-31 11:31:11+00:00,16.14,RED,HANJIN BRION,Milio,3,43,22,0.5116279069767442,2,0.5,6,0.5,0
LOLTMNT02_443601,LCK_20260731_HANJIN_BRION_vs_Kiwoom_DRX_S5,2,2026-07-31 11:31:11+00:00,16.14,RED,HANJIN BRION,Aurora,4,69,27,0.391304347826087,1,0.0,10,0.6,0
LOLTMNT02_443601,LCK_20260731_HANJIN_BRION_vs_Kiwoom_DRX_S5,2,2026-07-31 11:31:11+00:00,16.14,RED,HANJIN BRION,Anivia,5,50,23,0.46,1,0.0,4,0.25,0
LOLTMNT02_443609,LCK_20260731_HANJIN_BRION_vs_Kiwoom_DRX_S5,3,2026-07-31 12:30:32+00:00,16.14,BLUE,Kiwoom DRX,Ryze,1,107,57,0.5327102803738317,4,0.25,12,0.5833333333333334,1
LOLTMNT02_443609,LCK_20260731_HANJIN_BRION_vs_Kiwoom_DRX_S5,3,2026-07-31 12:30:32+00:00,16.14,BLUE,Kiwoom DRX,Nocturne,2,52,25,0.4807692307692308,0,,4,0.25,1
LOLTMNT02_443609,LCK_20260731_HANJIN_BRION_vs_Kiwoom_DRX_S5,3,2026-07-31 12:30:32+00:00,16.14,BLUE,Kiwoom DRX,Gnar,3,86,51,0.5930232558139535,4,0.25,19,0.5789473684210527,1
LOLTMNT02_443609,LCK_20260731_HANJIN_BRION_vs_Kiwoom_DRX_S5,3,2026-07-31 12:30:32+00:00,16.14,BLUE,Kiwoom DRX,Shen,4,13,9,0.6923076923076923,5,0.6,1,0.0,1
LOLTMNT02_443609,LCK_20260731_HANJIN_BRION_vs_Kiwoom_DRX_S5,3,2026-07-31 12:30:32+00:00,16.14,BLUE,Kiwoom DRX,Sivir,5,41,25,0.6097560975609756,2,0.5,6,0.3333333333333333,1
LOLTMNT02_443609,LCK_20260731_HANJIN_BRION_vs_Kiwoom_DRX_S5,3,2026-07-31 12:30:32+00:00,16.14,RED,HANJIN BRION,Vi,1,77,39,0.5064935064935064,3,0.0,5,0.4,0
LOLTMNT02_443609,LCK_20260731_HANJIN_BRION_vs_Kiwoom_DRX_S5,3,2026-07-31 12:30:32+00:00,16.14,RED,HANJIN BRION,Viktor,2,31,11,0.3548387096774194,3,0.0,2,0.0,0
LOLTMNT02_443609,LCK_20260731_HANJIN_BRION_vs_Kiwoom_DRX_S5,3,2026-07-31 12:30:32+00:00,16.14,RED,HANJIN BRION,Alistar,3,37,17,0.4594594594594595,1,1.0,1,0.0,0
LOLTMNT02_443609,LCK_20260731_HANJIN_BRION_vs_Kiwoom_DRX_S5,3,2026-07-31 12:30:32+00:00,16.14,RED,HANJIN BRION,Taliyah,4,56,22,0.39285714285714285,1,1.0,8,0.25,0
LOLTMNT02_443609,LCK_20260731_HANJIN_BRION_vs_Kiwoom_DRX_S5,3,2026-07-31 12:30:32+00:00,16.14,RED,HANJIN BRION,Renekton,5,75,32,0.4266666666666667,1,0.0,8,0.125,0
LOLTMNT02_444700,LCK_20260801_BNK_FEARX_vs_Nongshim_RedForce_S4,1,2026-08-01 08:05:28+00:00,16.14,BLUE,Nongshim RedForce,Vi,1,78,39,0.5,4,0.0,4,0.5,1
LOLTMNT02_444700,LCK_20260801_BNK_FEARX_vs_Nongshim_RedForce_S4,1,2026-08-01 08:05:28+00:00,16.14,BLUE,Nongshim RedForce,Rumble,2,60,31,0.5166666666666667,3,1.0,5,0.2,1
LOLTMNT02_444700,LCK_20260801_BNK_FEARX_vs_Nongshim_RedForce_S4,1,2026-08-01 08:05:28+00:00,16.14,BLUE,Nongshim RedForce,Jhin,3,73,39,0.5342465753424658,4,0.5,4,0.75,1
LOLTMNT02_444700,LCK_20260801_BNK_FEARX_vs_Nongshim_RedForce_S4,1,2026-08-01 08:05:28+00:00,16.14,BLUE,Nongshim RedForce,Shen,4,14,10,0.7142857142857143,6,0.6666666666666666,2,1.0,1
LOLTMNT02_444700,LCK_20260801_BNK_FEARX_vs_Nongshim_RedForce_S4,1,2026-08-01 08:05:28+00:00,16.14,BLUE,Nongshim RedForce,Ryze,5,108,58,0.5370370370370371,5,0.4,10,0.5,1
LOLTMNT02_444700,LCK_20260801_BNK_FEARX_vs_Nongshim_RedForce_S4,1,2026-08-01 08:05:28+00:00,16.14,RED,BNK FEARX,Ezreal,1,95,39,0.4105263157894737,5,1.0,17,0.35294117647058826,0
LOLTMNT02_444700,LCK_20260801_BNK_FEARX_vs_Nongshim_RedForce_S4,1,2026-08-01 08:05:28+00:00,16.14,RED,BNK FEARX,Jarvan IV,2,113,63,0.5575221238938053,6,0.8333333333333334,12,0.4166666666666667,0
LOLTMNT02_444700,LCK_20260801_BNK_FEARX_vs_Nongshim_RedForce_S4,1,2026-08-01 08:05:28+00:00,16.14,RED,BNK FEARX,Bard,3,71,41,0.5774647887323944,2,0.5,6,0.3333333333333333,0
LOLTMNT02_444700,LCK_20260801_BNK_FEARX_vs_Nongshim_RedForce_S4,1,2026-08-01 08:05:28+00:00,16.14,RED,BNK FEARX,K'Sante,4,65,29,0.4461538461538462,0,,9,0.3333333333333333,0
LOLTMNT02_444700,LCK_20260801_BNK_FEARX_vs_Nongshim_RedForce_S4,1,2026-08-01 08:05:28+00:00,16.14,RED,BNK FEARX,Viktor,5,32,11,0.34375,4,0.0,1,0.0,0
LOLTMNT02_443744,LCK_20260801_BNK_FEARX_vs_Nongshim_RedForce_S4,2,2026-08-01 08:59:42+00:00,16.14,BLUE,Nongshim RedForce,Jayce,1,72,32,0.4444444444444444,2,0.0,9,0.2222222222222222,0
LOLTMNT02_443744,LCK_20260801_BNK_FEARX_vs_Nongshim_RedForce_S4,2,2026-08-01 08:59:42+00:00,16.14,BLUE,Nongshim RedForce,Syndra,2,16,8,0.5,4,0.75,1,1.0,0
LOLTMNT02_443744,LCK_20260801_BNK_FEARX_vs_Nongshim_RedForce_S4,2,2026-08-01 08:59:42+00:00,16.14,BLUE,Nongshim RedForce,Xin Zhao,3,113,54,0.4778761061946903,3,0.6666666666666666,7,0.2857142857142857,0
LOLTMNT02_443744,LCK_20260801_BNK_FEARX_vs_Nongshim_RedForce_S4,2,2026-08-01 08:59:42+00:00,16.14,BLUE,Nongshim RedForce,Nautilus,4,65,26,0.4,4,0.25,7,0.42857142857142855,0
LOLTMNT02_443744,LCK_20260801_BNK_FEARX_vs_Nongshim_RedForce_S4,2,2026-08-01 08:59:42+00:00,16.14,BLUE,Nongshim RedForce,Kai'Sa,5,15,9,0.6,1,0.0,2,0.5,0
LOLTMNT02_443744,LCK_20260801_BNK_FEARX_vs_Nongshim_RedForce_S4,2,2026-08-01 08:59:42+00:00,16.14,RED,BNK FEARX,Cassiopeia,1,38,19,0.5,5,0.4,2,1.0,1
LOLTMNT02_443744,LCK_20260801_BNK_FEARX_vs_Nongshim_RedForce_S4,2,2026-08-01 08:59:42+00:00,16.14,RED,BNK FEARX,Lee Sin,2,55,31,0.5636363636363636,6,0.5,6,0.6666666666666666,1
LOLTMNT02_443744,LCK_20260801_BNK_FEARX_vs_Nongshim_RedForce_S4,2,2026-08-01 08:59:42+00:00,16.14,RED,BNK FEARX,Olaf,3,9,8,0.8888888888888888,1,1.0,2,1.0,1
LOLTMNT02_443744,LCK_20260801_BNK_FEARX_vs_Nongshim_RedForce_S4,2,2026-08-01 08:59:42+00:00,16.14,RED,BNK FEARX,Rell,4,23,9,0.391304347826087,2,0.5,3,0.0,1
LOLTMNT02_443744,LCK_20260801_BNK_FEARX_vs_Nongshim_RedForce_S4,2,2026-08-01 08:59:42+00:00,16.14,RED,BNK FEARX,Varus,5,35,16,0.45714285714285713,2,0.5,3,0.3333333333333333,1
LOLTMNT02_444714,LCK_20260801_BNK_FEARX_vs_Nongshim_RedForce_S4,3,2026-08-01 09:52:11+00:00,16.14,BLUE,BNK FEARX,Camille,1,9,6,0.6666666666666666,2,0.5,0,,0
LOLTMNT02_444714,LCK_20260801_BNK_FEARX_vs_Nongshim_RedForce_S4,3,2026-08-01 09:52:11+00:00,16.14,BLUE,BNK FEARX,Ziggs,2,27,14,0.5185185185185185,1,0.0,0,,0
LOLTMNT02_444714,LCK_20260801_BNK_FEARX_vs_Nongshim_RedForce_S4,3,2026-08-01 09:52:11+00:00,16.14,BLUE,BNK FEARX,Galio,3,26,14,0.5384615384615384,2,0.0,4,0.25,0
LOLTMNT02_444714,LCK_20260801_BNK_FEARX_vs_Nongshim_RedForce_S4,3,2026-08-01 09:52:11+00:00,16.14,BLUE,BNK FEARX,Naafiri,4,31,14,0.45161290322580644,2,0.0,5,0.2,0
LOLTMNT02_444714,LCK_20260801_BNK_FEARX_vs_Nongshim_RedForce_S4,3,2026-08-01 09:52:11+00:00,16.14,BLUE,BNK FEARX,Mordekaiser,5,0,0,,0,,0,,0
LOLTMNT02_444714,LCK_20260801_BNK_FEARX_vs_Nongshim_RedForce_S4,3,2026-08-01 09:52:11+00:00,16.14,RED,Nongshim RedForce,Locke,1,1,1,1.0,1,1.0,1,1.0,1
LOLTMNT02_444714,LCK_20260801_BNK_FEARX_vs_Nongshim_RedForce_S4,3,2026-08-01 09:52:11+00:00,16.14,RED,Nongshim RedForce,Leona,2,19,8,0.42105263157894735,2,0.5,5,0.8,1
LOLTMNT02_444714,LCK_20260801_BNK_FEARX_vs_Nongshim_RedForce_S4,3,2026-08-01 09:52:11+00:00,16.14,RED,Nongshim RedForce,Pantheon,3,94,45,0.4787234042553192,3,1.0,13,0.23076923076923078,1
LOLTMNT02_444714,LCK_20260801_BNK_FEARX_vs_Nongshim_RedForce_S4,3,2026-08-01 09:52:11+00:00,16.14,RED,Nongshim RedForce,Aatrox,4,17,6,0.35294117647058826,1,1.0,1,1.0,1
LOLTMNT02_444714,LCK_20260801_BNK_FEARX_vs_Nongshim_RedForce_S4,3,2026-08-01 09:52:11+00:00,16.14,RED,Nongshim RedForce,Renekton,5,76,32,0.42105263157894735,2,0.0,7,0.2857142857142857,1
LOLTMNT02_444730,LCK_20260801_Dplus_Kia_vs_Gen_G_S5,2,2026-08-01 12:05:06+00:00,16.14,BLUE,Dplus Kia,Bard,1,72,41,0.5694444444444444,3,0.3333333333333333,10,0.6,1
LOLTMNT02_444730,LCK_20260801_Dplus_Kia_vs_Gen_G_S5,2,2026-08-01 12:05:06+00:00,16.14,BLUE,Dplus Kia,Xin Zhao,2,114,54,0.47368421052631576,4,0.5,11,0.36363636363636365,1
LOLTMNT02_444730,LCK_20260801_Dplus_Kia_vs_Gen_G_S5,2,2026-08-01 12:05:06+00:00,16.14,BLUE,Dplus Kia,Caitlyn,3,50,26,0.52,0,,5,0.6,1
LOLTMNT02_444730,LCK_20260801_Dplus_Kia_vs_Gen_G_S5,2,2026-08-01 12:05:06+00:00,16.14,BLUE,Dplus Kia,Viktor,4,33,11,0.3333333333333333,5,0.0,9,0.5555555555555556,1
LOLTMNT02_444730,LCK_20260801_Dplus_Kia_vs_Gen_G_S5,2,2026-08-01 12:05:06+00:00,16.14,BLUE,Dplus Kia,K'Sante,5,66,29,0.4393939393939394,1,0.0,9,0.6666666666666666,1
LOLTMNT02_444730,LCK_20260801_Dplus_Kia_vs_Gen_G_S5,2,2026-08-01 12:05:06+00:00,16.14,RED,Gen.G,Jarvan IV,1,114,63,0.5526315789473685,7,0.7142857142857143,7,1.0,0
LOLTMNT02_444730,LCK_20260801_Dplus_Kia_vs_Gen_G_S5,2,2026-08-01 12:05:06+00:00,16.14,RED,Gen.G,Lucian,2,63,30,0.47619047619047616,3,0.3333333333333333,3,1.0,0
LOLTMNT02_444730,LCK_20260801_Dplus_Kia_vs_Gen_G_S5,2,2026-08-01 12:05:06+00:00,16.14,RED,Gen.G,Milio,3,44,22,0.5,3,0.3333333333333333,3,1.0,0
LOLTMNT02_444730,LCK_20260801_Dplus_Kia_vs_Gen_G_S5,2,2026-08-01 12:05:06+00:00,16.14,RED,Gen.G,Rumble,4,61,32,0.5245901639344263,4,1.0,6,1.0,0
LOLTMNT02_444730,LCK_20260801_Dplus_Kia_vs_Gen_G_S5,2,2026-08-01 12:05:06+00:00,16.14,RED,Gen.G,Yone,5,20,11,0.55,1,1.0,2,1.0,0
LOLTMNT02_444825,LCK_20260802_DN_SOOPers_vs_HANJIN_BRION_S3,1,2026-08-02 08:07:10+00:00,16.14,BLUE,HANJIN BRION,Camille,1,10,6,0.6,3,0.3333333333333333,1,1.0,0
LOLTMNT02_444825,LCK_20260802_DN_SOOPers_vs_HANJIN_BRION_S3,1,2026-08-02 08:07:10+00:00,16.14,BLUE,HANJIN BRION,Ezreal,2,96,39,0.40625,6,0.8333333333333334,15,0.4666666666666667,0
LOLTMNT02_444825,LCK_20260802_DN_SOOPers_vs_HANJIN_BRION_S3,1,2026-08-02 08:07:10+00:00,16.14,BLUE,HANJIN BRION,Xin Zhao,3,115,55,0.4782608695652174,5,0.6,12,0.5833333333333334,0
LOLTMNT02_444825,LCK_20260802_DN_SOOPers_vs_HANJIN_BRION_S3,1,2026-08-02 08:07:10+00:00,16.14,BLUE,HANJIN BRION,Rumble,4,62,32,0.5161290322580645,5,0.8,8,0.25,0
LOLTMNT02_444825,LCK_20260802_DN_SOOPers_vs_HANJIN_BRION_S3,1,2026-08-02 08:07:10+00:00,16.14,BLUE,HANJIN BRION,Anivia,5,51,23,0.45098039215686275,2,0.0,5,0.2,0
LOLTMNT02_444825,LCK_20260802_DN_SOOPers_vs_HANJIN_BRION_S3,1,2026-08-02 08:07:10+00:00,16.14,RED,DN SOOPers,Cassiopeia,1,39,20,0.5128205128205128,6,0.5,6,0.16666666666666666,1
LOLTMNT02_444825,LCK_20260802_DN_SOOPers_vs_HANJIN_BRION_S3,1,2026-08-02 08:07:10+00:00,16.14,RED,DN SOOPers,Lee Sin,2,56,32,0.5714285714285714,7,0.5714285714285714,10,0.5,1
LOLTMNT02_444825,LCK_20260802_DN_SOOPers_vs_HANJIN_BRION_S3,1,2026-08-02 08:07:10+00:00,16.14,RED,DN SOOPers,Shen,3,15,11,0.7333333333333333,7,0.7142857142857143,0,,1
LOLTMNT02_444825,LCK_20260802_DN_SOOPers_vs_HANJIN_BRION_S3,1,2026-08-02 08:07:10+00:00,16.14,RED,DN SOOPers,Yorick,4,35,17,0.4857142857142857,1,1.0,4,0.5,1
LOLTMNT02_444825,LCK_20260802_DN_SOOPers_vs_HANJIN_BRION_S3,1,2026-08-02 08:07:10+00:00,16.14,RED,DN SOOPers,Taliyah,5,57,22,0.38596491228070173,2,0.5,4,0.0,1
LOLTMNT02_443839,LCK_20260802_DN_SOOPers_vs_HANJIN_BRION_S3,2,2026-08-02 09:02:39+00:00,16.14,BLUE,DN SOOPers,Jarvan IV,1,115,63,0.5478260869565217,8,0.625,11,0.09090909090909091,0
LOLTMNT02_443839,LCK_20260802_DN_SOOPers_vs_HANJIN_BRION_S3,2,2026-08-02 09:02:39+00:00,16.14,BLUE,DN SOOPers,Akali,2,33,13,0.3939393939393939,1,0.0,4,0.25,0
LOLTMNT02_443839,LCK_20260802_DN_SOOPers_vs_HANJIN_BRION_S3,2,2026-08-02 09:02:39+00:00,16.14,BLUE,DN SOOPers,Ambessa,3,77,30,0.38961038961038963,5,0.0,10,0.2,0
LOLTMNT02_443839,LCK_20260802_DN_SOOPers_vs_HANJIN_BRION_S3,2,2026-08-02 09:02:39+00:00,16.14,BLUE,DN SOOPers,Lulu,4,70,32,0.45714285714285713,1,1.0,6,0.0,0
LOLTMNT02_443839,LCK_20260802_DN_SOOPers_vs_HANJIN_BRION_S3,2,2026-08-02 09:02:39+00:00,16.14,BLUE,DN SOOPers,Sivir,5,42,26,0.6190476190476191,3,0.6666666666666666,5,0.2,0
LOLTMNT02_443839,LCK_20260802_DN_SOOPers_vs_HANJIN_BRION_S3,2,2026-08-02 09:02:39+00:00,16.14,RED,HANJIN BRION,Annie,1,57,34,0.5964912280701754,2,1.0,6,0.5,1
LOLTMNT02_443839,LCK_20260802_DN_SOOPers_vs_HANJIN_BRION_S3,2,2026-08-02 09:02:39+00:00,16.14,RED,HANJIN BRION,Naafiri,2,32,14,0.4375,3,0.0,3,0.0,1
LOLTMNT02_443839,LCK_20260802_DN_SOOPers_vs_HANJIN_BRION_S3,2,2026-08-02 09:02:39+00:00,16.14,RED,HANJIN BRION,Gnar,3,87,52,0.5977011494252874,5,0.4,6,0.5,1
LOLTMNT02_443839,LCK_20260802_DN_SOOPers_vs_HANJIN_BRION_S3,2,2026-08-02 09:02:39+00:00,16.14,RED,HANJIN BRION,Yunara,4,92,44,0.4782608695652174,2,0.5,3,0.0,1
LOLTMNT02_443839,LCK_20260802_DN_SOOPers_vs_HANJIN_BRION_S3,2,2026-08-02 09:02:39+00:00,16.14,RED,HANJIN BRION,Nautilus,5,66,26,0.3939393939393939,5,0.2,5,0.4,1
LOLTMNT02_443840,LCK_20260802_DN_SOOPers_vs_HANJIN_BRION_S3,3,2026-08-02 10:02:27+00:00,16.14,BLUE,HANJIN BRION,Karma,1,59,34,0.576271186440678,1,1.0,4,0.5,0
LOLTMNT02_443840,LCK_20260802_DN_SOOPers_vs_HANJIN_BRION_S3,3,2026-08-02 10:02:27+00:00,16.14,BLUE,HANJIN BRION,Pantheon,2,95,46,0.4842105263157895,4,1.0,12,0.25,0
LOLTMNT02_443840,LCK_20260802_DN_SOOPers_vs_HANJIN_BRION_S3,3,2026-08-02 10:02:27+00:00,16.14,BLUE,HANJIN BRION,Jhin,3,74,40,0.5405405405405406,5,0.6,8,0.25,0
LOLTMNT02_443840,LCK_20260802_DN_SOOPers_vs_HANJIN_BRION_S3,3,2026-08-02 10:02:27+00:00,16.14,BLUE,HANJIN BRION,Ahri,4,43,27,0.627906976744186,0,,0,,0
LOLTMNT02_443840,LCK_20260802_DN_SOOPers_vs_HANJIN_BRION_S3,3,2026-08-02 10:02:27+00:00,16.14,BLUE,HANJIN BRION,Zaahen,5,35,23,0.6571428571428571,2,1.0,4,0.5,0
LOLTMNT02_443840,LCK_20260802_DN_SOOPers_vs_HANJIN_BRION_S3,3,2026-08-02 10:02:27+00:00,16.14,RED,DN SOOPers,Caitlyn,1,51,27,0.5294117647058824,1,1.0,5,0.4,1
LOLTMNT02_443840,LCK_20260802_DN_SOOPers_vs_HANJIN_BRION_S3,3,2026-08-02 10:02:27+00:00,16.14,RED,DN SOOPers,Bard,2,73,42,0.5753424657534246,4,0.5,4,0.5,1
LOLTMNT02_443840,LCK_20260802_DN_SOOPers_vs_HANJIN_BRION_S3,3,2026-08-02 10:02:27+00:00,16.14,RED,DN SOOPers,Skarner,3,18,10,0.5555555555555556,2,0.0,1,0.0,1
LOLTMNT02_443840,LCK_20260802_DN_SOOPers_vs_HANJIN_BRION_S3,3,2026-08-02 10:02:27+00:00,16.14,RED,DN SOOPers,Olaf,4,10,9,0.9,2,1.0,0,,1
LOLTMNT02_443840,LCK_20260802_DN_SOOPers_vs_HANJIN_BRION_S3,3,2026-08-02 10:02:27+00:00,16.14,RED,DN SOOPers,Mel,5,25,13,0.52,0,,1,0.0,1
LOLTMNT02_443862,LCK_20260802_Hanwha_Life_Esports_vs_KT_Rolster_S3,1,2026-08-02 11:27:57+00:00,16.14,BLUE,Hanwha Life Esports,Lucian,1,64,30,0.46875,4,0.25,4,0.5,0
LOLTMNT02_443862,LCK_20260802_Hanwha_Life_Esports_vs_KT_Rolster_S3,1,2026-08-02 11:27:57+00:00,16.14,BLUE,Hanwha Life Esports,Milio,2,45,22,0.4888888888888889,4,0.25,4,0.5,0
LOLTMNT02_443862,LCK_20260802_Hanwha_Life_Esports_vs_KT_Rolster_S3,1,2026-08-02 11:27:57+00:00,16.14,BLUE,Hanwha Life Esports,Jarvan IV,3,116,63,0.5431034482758621,9,0.5555555555555556,11,0.6363636363636364,0
LOLTMNT02_443862,LCK_20260802_Hanwha_Life_Esports_vs_KT_Rolster_S3,1,2026-08-02 11:27:57+00:00,16.14,BLUE,Hanwha Life Esports,Locke,4,2,2,1.0,2,1.0,0,,0
LOLTMNT02_443862,LCK_20260802_Hanwha_Life_Esports_vs_KT_Rolster_S3,1,2026-08-02 11:27:57+00:00,16.14,BLUE,Hanwha Life Esports,Ambessa,5,78,30,0.38461538461538464,6,0.0,4,0.25,0
LOLTMNT02_443862,LCK_20260802_Hanwha_Life_Esports_vs_KT_Rolster_S3,1,2026-08-02 11:27:57+00:00,16.14,RED,KT Rolster,Cassiopeia,1,40,21,0.525,7,0.5714285714285714,3,0.6666666666666666,1
LOLTMNT02_443862,LCK_20260802_Hanwha_Life_Esports_vs_KT_Rolster_S3,1,2026-08-02 11:27:57+00:00,16.14,RED,KT Rolster,Nautilus,2,67,27,0.40298507462686567,6,0.3333333333333333,9,0.3333333333333333,1
LOLTMNT02_443862,LCK_20260802_Hanwha_Life_Esports_vs_KT_Rolster_S3,1,2026-08-02 11:27:57+00:00,16.14,RED,KT Rolster,Miss Fortune,3,29,14,0.4827586206896552,1,1.0,3,0.6666666666666666,1
LOLTMNT02_443862,LCK_20260802_Hanwha_Life_Esports_vs_KT_Rolster_S3,1,2026-08-02 11:27:57+00:00,16.14,RED,KT Rolster,Rumble,4,63,32,0.5079365079365079,6,0.6666666666666666,4,0.5,1
LOLTMNT02_443862,LCK_20260802_Hanwha_Life_Esports_vs_KT_Rolster_S3,1,2026-08-02 11:27:57+00:00,16.14,RED,KT Rolster,Skarner,5,19,11,0.5789473684210527,3,0.3333333333333333,1,1.0,1
LOLTMNT02_444842,LCK_20260802_Hanwha_Life_Esports_vs_KT_Rolster_S3,2,2026-08-02 12:26:34+00:00,16.14,BLUE,KT Rolster,Pantheon,1,96,46,0.4791666666666667,5,0.8,10,0.8,0
LOLTMNT02_444842,LCK_20260802_Hanwha_Life_Esports_vs_KT_Rolster_S3,2,2026-08-02 12:26:34+00:00,16.14,BLUE,KT Rolster,Syndra,2,17,8,0.47058823529411764,5,0.6,1,0.0,0
LOLTMNT02_444842,LCK_20260802_Hanwha_Life_Esports_vs_KT_Rolster_S3,2,2026-08-02 12:26:34+00:00,16.14,BLUE,KT Rolster,Alistar,3,38,17,0.4473684210526316,2,0.5,5,0.4,0
LOLTMNT02_444842,LCK_20260802_Hanwha_Life_Esports_vs_KT_Rolster_S3,2,2026-08-02 12:26:34+00:00,16.14,BLUE,KT Rolster,Corki,4,55,26,0.4727272727272727,2,1.0,5,0.2,0
LOLTMNT02_444842,LCK_20260802_Hanwha_Life_Esports_vs_KT_Rolster_S3,2,2026-08-02 12:26:34+00:00,16.14,BLUE,KT Rolster,Gragas,5,4,1,0.25,0,,0,,0
LOLTMNT02_444842,LCK_20260802_Hanwha_Life_Esports_vs_KT_Rolster_S3,2,2026-08-02 12:26:34+00:00,16.14,RED,Hanwha Life Esports,Ryze,1,109,59,0.5412844036697247,6,0.5,9,0.6666666666666666,1
LOLTMNT02_444842,LCK_20260802_Hanwha_Life_Esports_vs_KT_Rolster_S3,2,2026-08-02 12:26:34+00:00,16.14,RED,Hanwha Life Esports,Nocturne,2,53,26,0.49056603773584906,1,1.0,3,0.6666666666666666,1
LOLTMNT02_444842,LCK_20260802_Hanwha_Life_Esports_vs_KT_Rolster_S3,2,2026-08-02 12:26:34+00:00,16.14,RED,Hanwha Life Esports,Shen,3,16,12,0.75,8,0.75,1,1.0,1
LOLTMNT02_444842,LCK_20260802_Hanwha_Life_Esports_vs_KT_Rolster_S3,2,2026-08-02 12:26:34+00:00,16.14,RED,Hanwha Life Esports,Jhin,4,75,40,0.5333333333333333,6,0.5,7,0.42857142857142855,1
LOLTMNT02_444842,LCK_20260802_Hanwha_Life_Esports_vs_KT_Rolster_S3,2,2026-08-02 12:26:34+00:00,16.14,RED,Hanwha Life Esports,Anivia,5,52,23,0.4423076923076923,3,0.0,4,0.25,1
LOLTMNT02_443868,LCK_20260802_Hanwha_Life_Esports_vs_KT_Rolster_S3,3,2026-08-02 13:18:02+00:00,16.14,BLUE,KT Rolster,Annie,1,58,35,0.603448275862069,3,1.0,8,0.625,1
LOLTMNT02_443868,LCK_20260802_Hanwha_Life_Esports_vs_KT_Rolster_S3,3,2026-08-02 13:18:02+00:00,16.14,BLUE,KT Rolster,Yunara,2,93,45,0.4838709677419355,3,0.6666666666666666,12,0.5833333333333334,1
LOLTMNT02_443868,LCK_20260802_Hanwha_Life_Esports_vs_KT_Rolster_S3,3,2026-08-02 13:18:02+00:00,16.14,BLUE,KT Rolster,Lulu,3,71,32,0.4507042253521127,2,0.5,8,0.625,1
LOLTMNT02_443868,LCK_20260802_Hanwha_Life_Esports_vs_KT_Rolster_S3,3,2026-08-02 13:18:02+00:00,16.14,BLUE,KT Rolster,Naafiri,4,33,15,0.45454545454545453,4,0.25,5,0.8,1
LOLTMNT02_443868,LCK_20260802_Hanwha_Life_Esports_vs_KT_Rolster_S3,3,2026-08-02 13:18:02+00:00,16.14,BLUE,KT Rolster,Gnar,5,88,53,0.6022727272727273,6,0.5,5,0.8,1
LOLTMNT02_443868,LCK_20260802_Hanwha_Life_Esports_vs_KT_Rolster_S3,3,2026-08-02 13:18:02+00:00,16.14,RED,Hanwha Life Esports,Seraphine,1,60,33,0.55,1,1.0,7,1.0,0
LOLTMNT02_443868,LCK_20260802_Hanwha_Life_Esports_vs_KT_Rolster_S3,3,2026-08-02 13:18:02+00:00,16.14,RED,Hanwha Life Esports,Ashe,2,60,35,0.5833333333333334,0,,7,1.0,0
LOLTMNT02_443868,LCK_20260802_Hanwha_Life_Esports_vs_KT_Rolster_S3,3,2026-08-02 13:18:02+00:00,16.14,RED,Hanwha Life Esports,Viktor,3,34,12,0.35294117647058826,6,0.16666666666666666,1,1.0,0
LOLTMNT02_443868,LCK_20260802_Hanwha_Life_Esports_vs_KT_Rolster_S3,3,2026-08-02 13:18:02+00:00,16.14,RED,Hanwha Life Esports,Shyvana,4,0,0,,0,,0,,0
LOLTMNT02_443868,LCK_20260802_Hanwha_Life_Esports_vs_KT_Rolster_S3,3,2026-08-02 13:18:02+00:00,16.14,RED,Hanwha Life Esports,Varus,5,36,17,0.4722222222222222,3,0.6666666666666666,3,0.6666666666666666,0
LOLTMNT01_437088,LCK_20260805_HANJIN_BRION_vs_Nongshim_RedForce_S3,1,2026-08-05 08:04:53+00:00,16.15,BLUE,Nongshim RedForce,Camille,1,11,6,0.5454545454545454,0,,0,,0
LOLTMNT01_437088,LCK_20260805_HANJIN_BRION_vs_Nongshim_RedForce_S3,1,2026-08-05 08:04:53+00:00,16.15,BLUE,Nongshim RedForce,Lee Sin,2,57,33,0.5789473684210527,0,,4,0.75,0
LOLTMNT01_437088,LCK_20260805_HANJIN_BRION_vs_Nongshim_RedForce_S3,1,2026-08-05 08:04:53+00:00,16.15,BLUE,Nongshim RedForce,Olaf,3,11,10,0.9090909090909091,0,,1,1.0,0
LOLTMNT01_437088,LCK_20260805_HANJIN_BRION_vs_Nongshim_RedForce_S3,1,2026-08-05 08:04:53+00:00,16.15,BLUE,Nongshim RedForce,Jhin,4,76,41,0.5394736842105263,0,,5,0.8,0
LOLTMNT01_437088,LCK_20260805_HANJIN_BRION_vs_Nongshim_RedForce_S3,1,2026-08-05 08:04:53+00:00,16.15,BLUE,Nongshim RedForce,Anivia,5,53,24,0.4528301886792453,0,,5,0.6,0
LOLTMNT01_437088,LCK_20260805_HANJIN_BRION_vs_Nongshim_RedForce_S3,1,2026-08-05 08:04:53+00:00,16.15,RED,HANJIN BRION,Cassiopeia,1,41,22,0.5365853658536586,0,,4,0.5,1
LOLTMNT01_437088,LCK_20260805_HANJIN_BRION_vs_Nongshim_RedForce_S3,1,2026-08-05 08:04:53+00:00,16.15,RED,HANJIN BRION,Skarner,2,20,12,0.6,0,,0,,1
LOLTMNT01_437088,LCK_20260805_HANJIN_BRION_vs_Nongshim_RedForce_S3,1,2026-08-05 08:04:53+00:00,16.15,RED,HANJIN BRION,Shen,3,17,13,0.7647058823529411,0,,0,,1
LOLTMNT01_437088,LCK_20260805_HANJIN_BRION_vs_Nongshim_RedForce_S3,1,2026-08-05 08:04:53+00:00,16.15,RED,HANJIN BRION,Ambessa,4,79,30,0.379746835443038,0,,6,0.5,1
LOLTMNT01_437088,LCK_20260805_HANJIN_BRION_vs_Nongshim_RedForce_S3,1,2026-08-05 08:04:53+00:00,16.15,RED,HANJIN BRION,Corki,5,56,26,0.4642857142857143,0,,5,0.8,1
LOLTMNT01_438084,LCK_20260805_HANJIN_BRION_vs_Nongshim_RedForce_S3,2,2026-08-05 09:07:17+00:00,16.15,BLUE,HANJIN BRION,Ezreal,1,97,39,0.4020618556701031,0,,16,0.4375,0
LOLTMNT01_438084,LCK_20260805_HANJIN_BRION_vs_Nongshim_RedForce_S3,2,2026-08-05 09:07:17+00:00,16.15,BLUE,HANJIN BRION,Ryze,2,110,60,0.5454545454545454,0,,11,0.36363636363636365,0
LOLTMNT01_438084,LCK_20260805_HANJIN_BRION_vs_Nongshim_RedForce_S3,2,2026-08-05 09:07:17+00:00,16.15,BLUE,HANJIN BRION,Naafiri,3,34,16,0.47058823529411764,0,,4,0.25,0
LOLTMNT01_438084,LCK_20260805_HANJIN_BRION_vs_Nongshim_RedForce_S3,2,2026-08-05 09:07:17+00:00,16.15,BLUE,HANJIN BRION,K'Sante,4,67,30,0.44776119402985076,0,,4,0.25,0
LOLTMNT01_438084,LCK_20260805_HANJIN_BRION_vs_Nongshim_RedForce_S3,2,2026-08-05 09:07:17+00:00,16.15,BLUE,HANJIN BRION,Nautilus,5,68,28,0.4117647058823529,0,,6,0.5,0
LOLTMNT01_438084,LCK_20260805_HANJIN_BRION_vs_Nongshim_RedForce_S3,2,2026-08-05 09:07:17+00:00,16.15,RED,Nongshim RedForce,Jarvan IV,1,117,63,0.5384615384615384,0,,14,0.5,1
LOLTMNT01_438084,LCK_20260805_HANJIN_BRION_vs_Nongshim_RedForce_S3,2,2026-08-05 09:07:17+00:00,16.15,RED,Nongshim RedForce,Rumble,2,64,33,0.515625,0,,6,0.3333333333333333,1
LOLTMNT01_438084,LCK_20260805_HANJIN_BRION_vs_Nongshim_RedForce_S3,2,2026-08-05 09:07:17+00:00,16.15,RED,Nongshim RedForce,Syndra,3,18,8,0.4444444444444444,0,,2,0.5,1
LOLTMNT01_438084,LCK_20260805_HANJIN_BRION_vs_Nongshim_RedForce_S3,2,2026-08-05 09:07:17+00:00,16.15,RED,Nongshim RedForce,Sivir,4,43,26,0.6046511627906976,0,,1,1.0,1
LOLTMNT01_438084,LCK_20260805_HANJIN_BRION_vs_Nongshim_RedForce_S3,2,2026-08-05 09:07:17+00:00,16.15,RED,Nongshim RedForce,Alistar,5,39,17,0.4358974358974359,0,,3,0.0,1
LOLTMNT01_438094,LCK_20260805_HANJIN_BRION_vs_Nongshim_RedForce_S3,3,2026-08-05 09:59:25+00:00,16.15,BLUE,Nongshim RedForce,Jayce,1,73,32,0.4383561643835616,0,,10,0.2,0
LOLTMNT01_438094,LCK_20260805_HANJIN_BRION_vs_Nongshim_RedForce_S3,3,2026-08-05 09:59:25+00:00,16.15,BLUE,Nongshim RedForce,Milio,2,46,22,0.4782608695652174,0,,2,0.5,0
LOLTMNT01_438094,LCK_20260805_HANJIN_BRION_vs_Nongshim_RedForce_S3,3,2026-08-05 09:59:25+00:00,16.15,BLUE,Nongshim RedForce,Xayah,3,20,11,0.55,0,,0,,0
LOLTMNT01_438094,LCK_20260805_HANJIN_BRION_vs_Nongshim_RedForce_S3,3,2026-08-05 09:59:25+00:00,16.15,BLUE,Nongshim RedForce,Viktor,4,35,12,0.34285714285714286,0,,3,0.0,0
LOLTMNT01_438094,LCK_20260805_HANJIN_BRION_vs_Nongshim_RedForce_S3,3,2026-08-05 09:59:25+00:00,16.15,BLUE,Nongshim RedForce,Trundle,5,25,17,0.68,0,,2,0.5,0
LOLTMNT01_438094,LCK_20260805_HANJIN_BRION_vs_Nongshim_RedForce_S3,3,2026-08-05 09:59:25+00:00,16.15,RED,HANJIN BRION,Lucian,1,65,30,0.46153846153846156,0,,9,0.3333333333333333,1
LOLTMNT01_438094,LCK_20260805_HANJIN_BRION_vs_Nongshim_RedForce_S3,3,2026-08-05 09:59:25+00:00,16.15,RED,HANJIN BRION,Xin Zhao,2,116,55,0.47413793103448276,0,,13,0.5384615384615384,1
LOLTMNT01_438094,LCK_20260805_HANJIN_BRION_vs_Nongshim_RedForce_S3,3,2026-08-05 09:59:25+00:00,16.15,RED,HANJIN BRION,Yorick,3,36,18,0.5,0,,3,0.0,1
LOLTMNT01_438094,LCK_20260805_HANJIN_BRION_vs_Nongshim_RedForce_S3,3,2026-08-05 09:59:25+00:00,16.15,RED,HANJIN BRION,Annie,4,59,36,0.6101694915254238,0,,7,0.5714285714285714,1
LOLTMNT01_438094,LCK_20260805_HANJIN_BRION_vs_Nongshim_RedForce_S3,3,2026-08-05 09:59:25+00:00,16.15,RED,HANJIN BRION,Yuumi,5,7,4,0.5714285714285714,0,,0,,1
LOLTMNT01_438137,LCK_20260805_Gen_G_vs_Hanwha_Life_Esports_S4,1,2026-08-05 11:19:04+00:00,16.15,BLUE,Gen.G,Anivia,1,54,24,0.4444444444444444,1,0.0,10,0.7,1
LOLTMNT01_438137,LCK_20260805_Gen_G_vs_Hanwha_Life_Esports_S4,1,2026-08-05 11:19:04+00:00,16.15,BLUE,Gen.G,Jhin,2,77,41,0.5324675324675324,1,0.0,13,0.8461538461538461,1
LOLTMNT01_438137,LCK_20260805_Gen_G_vs_Hanwha_Life_Esports_S4,1,2026-08-05 11:19:04+00:00,16.15,BLUE,Gen.G,Lee Sin,3,58,33,0.5689655172413793,1,0.0,3,0.6666666666666666,1
LOLTMNT01_438137,LCK_20260805_Gen_G_vs_Hanwha_Life_Esports_S4,1,2026-08-05 11:19:04+00:00,16.15,BLUE,Gen.G,Poppy,4,20,8,0.4,0,,1,0.0,1
LOLTMNT01_438137,LCK_20260805_Gen_G_vs_Hanwha_Life_Esports_S4,1,2026-08-05 11:19:04+00:00,16.15,BLUE,Gen.G,Ornn,5,8,4,0.5,0,,1,1.0,1
LOLTMNT01_438137,LCK_20260805_Gen_G_vs_Hanwha_Life_Esports_S4,1,2026-08-05 11:19:04+00:00,16.15,RED,Hanwha Life Esports,Cassiopeia,1,42,23,0.5476190476190477,1,1.0,4,0.5,0
LOLTMNT01_438137,LCK_20260805_Gen_G_vs_Hanwha_Life_Esports_S4,1,2026-08-05 11:19:04+00:00,16.15,RED,Hanwha Life Esports,Shen,2,18,14,0.7777777777777778,1,1.0,2,1.0,0
LOLTMNT01_438137,LCK_20260805_Gen_G_vs_Hanwha_Life_Esports_S4,1,2026-08-05 11:19:04+00:00,16.15,RED,Hanwha Life Esports,Jarvan IV,3,118,64,0.5423728813559322,1,1.0,12,0.5833333333333334,0
LOLTMNT01_438137,LCK_20260805_Gen_G_vs_Hanwha_Life_Esports_S4,1,2026-08-05 11:19:04+00:00,16.15,RED,Hanwha Life Esports,Miss Fortune,4,30,15,0.5,0,,6,0.6666666666666666,0
LOLTMNT01_438137,LCK_20260805_Gen_G_vs_Hanwha_Life_Esports_S4,1,2026-08-05 11:19:04+00:00,16.15,RED,Hanwha Life Esports,Rumble,5,65,34,0.5230769230769231,1,1.0,6,0.6666666666666666,0
LOLTMNT01_437185,LCK_20260805_Gen_G_vs_Hanwha_Life_Esports_S4,2,2026-08-05 12:23:01+00:00,16.15,BLUE,Gen.G,Ryze,1,111,60,0.5405405405405406,1,0.0,9,0.8888888888888888,0
LOLTMNT01_437185,LCK_20260805_Gen_G_vs_Hanwha_Life_Esports_S4,2,2026-08-05 12:23:01+00:00,16.15,BLUE,Gen.G,Pantheon,2,97,46,0.4742268041237113,0,,9,0.6666666666666666,0
LOLTMNT01_437185,LCK_20260805_Gen_G_vs_Hanwha_Life_Esports_S4,2,2026-08-05 12:23:01+00:00,16.15,BLUE,Gen.G,Ezreal,3,98,39,0.3979591836734694,1,0.0,7,0.8571428571428571,0
LOLTMNT01_437185,LCK_20260805_Gen_G_vs_Hanwha_Life_Esports_S4,2,2026-08-05 12:23:01+00:00,16.15,BLUE,Gen.G,Braum,4,15,6,0.4,0,,0,,0
LOLTMNT01_437185,LCK_20260805_Gen_G_vs_Hanwha_Life_Esports_S4,2,2026-08-05 12:23:01+00:00,16.15,BLUE,Gen.G,Zaahen,5,36,23,0.6388888888888888,0,,5,0.6,0
LOLTMNT01_437185,LCK_20260805_Gen_G_vs_Hanwha_Life_Esports_S4,2,2026-08-05 12:23:01+00:00,16.15,RED,Hanwha Life Esports,Vi,1,79,40,0.5063291139240507,0,,14,0.7857142857142857,1
LOLTMNT01_437185,LCK_20260805_Gen_G_vs_Hanwha_Life_Esports_S4,2,2026-08-05 12:23:01+00:00,16.15,RED,Hanwha Life Esports,Corki,2,57,27,0.47368421052631576,1,1.0,6,0.6666666666666666,1
LOLTMNT01_437185,LCK_20260805_Gen_G_vs_Hanwha_Life_Esports_S4,2,2026-08-05 12:23:01+00:00,16.15,RED,Hanwha Life Esports,Alistar,3,40,18,0.45,1,1.0,5,0.4,1
LOLTMNT01_437185,LCK_20260805_Gen_G_vs_Hanwha_Life_Esports_S4,2,2026-08-05 12:23:01+00:00,16.15,RED,Hanwha Life Esports,Olaf,4,12,10,0.8333333333333334,1,0.0,1,0.0,1
LOLTMNT01_437185,LCK_20260805_Gen_G_vs_Hanwha_Life_Esports_S4,2,2026-08-05 12:23:01+00:00,16.15,RED,Hanwha Life Esports,Akali,5,34,13,0.38235294117647056,0,,2,0.5,1
LOLTMNT01_438177,LCK_20260805_Gen_G_vs_Hanwha_Life_Esports_S4,3,2026-08-05 13:15:25+00:00,16.15,BLUE,Hanwha Life Esports,Viktor,1,36,12,0.3333333333333333,1,0.0,2,0.5,0
LOLTMNT01_438177,LCK_20260805_Gen_G_vs_Hanwha_Life_Esports_S4,3,2026-08-05 13:15:25+00:00,16.15,BLUE,Hanwha Life Esports,Shyvana,2,1,0,0.0,0,,1,0.0,0
LOLTMNT01_438177,LCK_20260805_Gen_G_vs_Hanwha_Life_Esports_S4,3,2026-08-05 13:15:25+00:00,16.15,BLUE,Hanwha Life Esports,Leona,3,20,9,0.45,0,,0,,0
LOLTMNT01_438177,LCK_20260805_Gen_G_vs_Hanwha_Life_Esports_S4,3,2026-08-05 13:15:25+00:00,16.15,BLUE,Hanwha Life Esports,Yunara,4,94,46,0.48936170212765956,0,,4,0.5,0
LOLTMNT01_438177,LCK_20260805_Gen_G_vs_Hanwha_Life_Esports_S4,3,2026-08-05 13:15:25+00:00,16.15,BLUE,Hanwha Life Esports,Dr. Mundo,5,11,6,0.5454545454545454,0,,0,,0
LOLTMNT01_438177,LCK_20260805_Gen_G_vs_Hanwha_Life_Esports_S4,3,2026-08-05 13:15:25+00:00,16.15,RED,Gen.G,Nocturne,1,54,27,0.5,0,,5,0.8,1
LOLTMNT01_438177,LCK_20260805_Gen_G_vs_Hanwha_Life_Esports_S4,3,2026-08-05 13:15:25+00:00,16.15,RED,Gen.G,Varus,2,37,17,0.4594594594594595,0,,5,0.8,1
LOLTMNT01_438177,LCK_20260805_Gen_G_vs_Hanwha_Life_Esports_S4,3,2026-08-05 13:15:25+00:00,16.15,RED,Gen.G,Syndra,3,19,9,0.47368421052631576,1,1.0,0,,1
LOLTMNT01_438177,LCK_20260805_Gen_G_vs_Hanwha_Life_Esports_S4,3,2026-08-05 13:15:25+00:00,16.15,RED,Gen.G,Kalista,4,20,9,0.45,0,,1,1.0,1
LOLTMNT01_438177,LCK_20260805_Gen_G_vs_Hanwha_Life_Esports_S4,3,2026-08-05 13:15:25+00:00,16.15,RED,Gen.G,Renata Glasc,5,20,8,0.4,0,,1,1.0,1
LOLTMNT01_437554,LCK_20260806_DN_SOOPers_vs_Kiwoom_DRX_S5,1,2026-08-06 08:07:39+00:00,16.15,BLUE,Kiwoom DRX,Jarvan IV,1,119,64,0.5378151260504201,2,0.5,11,0.45454545454545453,1
LOLTMNT01_437554,LCK_20260806_DN_SOOPers_vs_Kiwoom_DRX_S5,1,2026-08-06 08:07:39+00:00,16.15,BLUE,Kiwoom DRX,Ryze,2,112,60,0.5357142857142857,2,0.0,13,0.6153846153846154,1
LOLTMNT01_437554,LCK_20260806_DN_SOOPers_vs_Kiwoom_DRX_S5,1,2026-08-06 08:07:39+00:00,16.15,BLUE,Kiwoom DRX,Shen,3,19,14,0.7368421052631579,2,0.5,2,0.5,1
LOLTMNT01_437554,LCK_20260806_DN_SOOPers_vs_Kiwoom_DRX_S5,1,2026-08-06 08:07:39+00:00,16.15,BLUE,Kiwoom DRX,K'Sante,4,68,30,0.4411764705882353,1,0.0,12,0.5,1
LOLTMNT01_437554,LCK_20260806_DN_SOOPers_vs_Kiwoom_DRX_S5,1,2026-08-06 08:07:39+00:00,16.15,BLUE,Kiwoom DRX,Xayah,5,21,11,0.5238095238095238,1,0.0,2,0.5,1
LOLTMNT01_437554,LCK_20260806_DN_SOOPers_vs_Kiwoom_DRX_S5,1,2026-08-06 08:07:39+00:00,16.15,RED,DN SOOPers,Camille,1,12,6,0.5,1,0.0,1,0.0,0
LOLTMNT01_437554,LCK_20260806_DN_SOOPers_vs_Kiwoom_DRX_S5,1,2026-08-06 08:07:39+00:00,16.15,RED,DN SOOPers,Rumble,2,66,34,0.5151515151515151,2,0.5,9,0.3333333333333333,0
LOLTMNT01_437554,LCK_20260806_DN_SOOPers_vs_Kiwoom_DRX_S5,1,2026-08-06 08:07:39+00:00,16.15,RED,DN SOOPers,Yone,3,21,11,0.5238095238095238,0,,5,0.2,0
LOLTMNT01_437554,LCK_20260806_DN_SOOPers_vs_Kiwoom_DRX_S5,1,2026-08-06 08:07:39+00:00,16.15,RED,DN SOOPers,Corki,4,58,28,0.4827586206896552,2,1.0,9,0.2222222222222222,0
LOLTMNT01_437554,LCK_20260806_DN_SOOPers_vs_Kiwoom_DRX_S5,1,2026-08-06 08:07:39+00:00,16.15,RED,DN SOOPers,Qiyana,5,4,0,0.0,0,,0,,0
LOLTMNT01_437576,LCK_20260806_DN_SOOPers_vs_Kiwoom_DRX_S5,2,2026-08-06 08:57:28+00:00,16.15,BLUE,DN SOOPers,Karma,1,60,34,0.5666666666666667,0,,2,0.0,0
LOLTMNT01_437576,LCK_20260806_DN_SOOPers_vs_Kiwoom_DRX_S5,2,2026-08-06 08:57:28+00:00,16.15,BLUE,DN SOOPers,Skarner,2,21,13,0.6190476190476191,1,1.0,2,0.5,0
LOLTMNT01_437576,LCK_20260806_DN_SOOPers_vs_Kiwoom_DRX_S5,2,2026-08-06 08:57:28+00:00,16.15,BLUE,DN SOOPers,Sivir,3,44,27,0.6136363636363636,1,1.0,6,0.16666666666666666,0
LOLTMNT01_437576,LCK_20260806_DN_SOOPers_vs_Kiwoom_DRX_S5,2,2026-08-06 08:57:28+00:00,16.15,BLUE,DN SOOPers,Viktor,4,37,12,0.32432432432432434,2,0.0,5,0.2,0
LOLTMNT01_437576,LCK_20260806_DN_SOOPers_vs_Kiwoom_DRX_S5,2,2026-08-06 08:57:28+00:00,16.15,BLUE,DN SOOPers,Yorick,5,37,19,0.5135135135135135,1,1.0,5,0.6,0
LOLTMNT01_437576,LCK_20260806_DN_SOOPers_vs_Kiwoom_DRX_S5,2,2026-08-06 08:57:28+00:00,16.15,RED,Kiwoom DRX,Lee Sin,1,59,34,0.576271186440678,2,0.5,4,0.5,1
LOLTMNT01_437576,LCK_20260806_DN_SOOPers_vs_Kiwoom_DRX_S5,2,2026-08-06 08:57:28+00:00,16.15,RED,Kiwoom DRX,Miss Fortune,2,31,15,0.4838709677419355,1,0.0,6,0.5,1
LOLTMNT01_437576,LCK_20260806_DN_SOOPers_vs_Kiwoom_DRX_S5,2,2026-08-06 08:57:28+00:00,16.15,RED,Kiwoom DRX,Nautilus,3,69,28,0.4057971014492754,1,0.0,17,0.4117647058823529,1
LOLTMNT01_437576,LCK_20260806_DN_SOOPers_vs_Kiwoom_DRX_S5,2,2026-08-06 08:57:28+00:00,16.15,RED,Kiwoom DRX,Aurora,4,70,27,0.38571428571428573,0,,11,0.18181818181818182,1
LOLTMNT01_437576,LCK_20260806_DN_SOOPers_vs_Kiwoom_DRX_S5,2,2026-08-06 08:57:28+00:00,16.15,RED,Kiwoom DRX,Jayce,5,74,32,0.43243243243243246,1,0.0,5,0.0,1
LOLTMNT01_438592,LCK_20260806_Dplus_Kia_vs_T1_S5,1,2026-08-06 10:15:34+00:00,16.15,BLUE,T1,Cassiopeia,1,43,23,0.5348837209302325,2,0.5,2,0.5,1
LOLTMNT01_438592,LCK_20260806_Dplus_Kia_vs_T1_S5,1,2026-08-06 10:15:34+00:00,16.15,BLUE,T1,Vi,2,80,41,0.5125,1,1.0,11,0.8181818181818182,1
LOLTMNT01_438592,LCK_20260806_Dplus_Kia_vs_T1_S5,1,2026-08-06 10:15:34+00:00,16.15,BLUE,T1,Ambessa,3,80,31,0.3875,1,1.0,9,0.5555555555555556,1
LOLTMNT01_438592,LCK_20260806_Dplus_Kia_vs_T1_S5,1,2026-08-06 10:15:34+00:00,16.15,BLUE,T1,Shen,4,20,15,0.75,3,0.6666666666666666,2,0.0,1
LOLTMNT01_438592,LCK_20260806_Dplus_Kia_vs_T1_S5,1,2026-08-06 10:15:34+00:00,16.15,BLUE,T1,Jhin,5,78,42,0.5384615384615384,2,0.5,9,0.6666666666666666,1
LOLTMNT01_438592,LCK_20260806_Dplus_Kia_vs_T1_S5,1,2026-08-06 10:15:34+00:00,16.15,RED,Dplus Kia,Bard,1,74,43,0.581081081081081,0,,11,0.6363636363636364,0
LOLTMNT01_438592,LCK_20260806_Dplus_Kia_vs_T1_S5,1,2026-08-06 10:15:34+00:00,16.15,RED,Dplus Kia,Xin Zhao,2,117,56,0.47863247863247865,1,1.0,12,0.4166666666666667,0
LOLTMNT01_438592,LCK_20260806_Dplus_Kia_vs_T1_S5,1,2026-08-06 10:15:34+00:00,16.15,RED,Dplus Kia,Ezreal,3,99,39,0.3939393939393939,2,0.0,9,0.3333333333333333,0
LOLTMNT01_438592,LCK_20260806_Dplus_Kia_vs_T1_S5,1,2026-08-06 10:15:34+00:00,16.15,RED,Dplus Kia,Anivia,4,55,25,0.45454545454545453,2,0.5,6,0.5,0
LOLTMNT01_438592,LCK_20260806_Dplus_Kia_vs_T1_S5,1,2026-08-06 10:15:34+00:00,16.15,RED,Dplus Kia,Aatrox,5,18,7,0.3888888888888889,0,,2,0.5,0
LOLTMNT01_438604,LCK_20260806_Dplus_Kia_vs_T1_S5,2,2026-08-06 11:06:48+00:00,16.15,BLUE,T1,Lucian,1,66,31,0.4696969696969697,1,1.0,7,0.7142857142857143,1
LOLTMNT01_438604,LCK_20260806_Dplus_Kia_vs_T1_S5,2,2026-08-06 11:06:48+00:00,16.15,BLUE,T1,Jayce,2,75,33,0.44,2,0.5,10,0.8,1
LOLTMNT01_438604,LCK_20260806_Dplus_Kia_vs_T1_S5,2,2026-08-06 11:06:48+00:00,16.15,BLUE,T1,Milio,3,47,22,0.46808510638297873,1,0.0,7,0.7142857142857143,1
LOLTMNT01_438604,LCK_20260806_Dplus_Kia_vs_T1_S5,2,2026-08-06 11:06:48+00:00,16.15,BLUE,T1,Ryze,4,113,61,0.5398230088495575,3,0.3333333333333333,11,0.5454545454545454,1
LOLTMNT01_438604,LCK_20260806_Dplus_Kia_vs_T1_S5,2,2026-08-06 11:06:48+00:00,16.15,BLUE,T1,Sejuani,5,7,1,0.14285714285714285,0,,0,,1
LOLTMNT01_438604,LCK_20260806_Dplus_Kia_vs_T1_S5,2,2026-08-06 11:06:48+00:00,16.15,RED,Dplus Kia,Jarvan IV,1,120,65,0.5416666666666666,3,0.6666666666666666,22,0.7727272727272727,0
LOLTMNT01_438604,LCK_20260806_Dplus_Kia_vs_T1_S5,2,2026-08-06 11:06:48+00:00,16.15,RED,Dplus Kia,Caitlyn,2,52,28,0.5384615384615384,0,,6,0.6666666666666666,0
LOLTMNT01_438604,LCK_20260806_Dplus_Kia_vs_T1_S5,2,2026-08-06 11:06:48+00:00,16.15,RED,Dplus Kia,Lux,3,9,7,0.7777777777777778,0,,2,0.5,0
LOLTMNT01_438604,LCK_20260806_Dplus_Kia_vs_T1_S5,2,2026-08-06 11:06:48+00:00,16.15,RED,Dplus Kia,Syndra,4,20,10,0.5,2,1.0,3,0.3333333333333333,0
LOLTMNT01_438604,LCK_20260806_Dplus_Kia_vs_T1_S5,2,2026-08-06 11:06:48+00:00,16.15,RED,Dplus Kia,Olaf,5,13,11,0.8461538461538461,2,0.5,2,1.0,0
LOLTMNT01_437976,LCK_20260807_Gen_G_vs_KT_Rolster_S5,1,2026-08-07 08:07:40+00:00,16.15,BLUE,Gen.G,Nocturne,1,55,28,0.509090909090909,1,1.0,6,0.8333333333333334,1
LOLTMNT01_437976,LCK_20260807_Gen_G_vs_KT_Rolster_S5,1,2026-08-07 08:07:40+00:00,16.15,BLUE,Gen.G,Shen,2,21,16,0.7619047619047619,4,0.75,2,0.5,1
LOLTMNT01_437976,LCK_20260807_Gen_G_vs_KT_Rolster_S5,1,2026-08-07 08:07:40+00:00,16.15,BLUE,Gen.G,Ryze,3,114,62,0.543859649122807,4,0.5,10,0.8,1
LOLTMNT01_437976,LCK_20260807_Gen_G_vs_KT_Rolster_S5,1,2026-08-07 08:07:40+00:00,16.15,BLUE,Gen.G,Kog'Maw,4,5,3,0.6,0,,1,1.0,1
LOLTMNT01_437976,LCK_20260807_Gen_G_vs_KT_Rolster_S5,1,2026-08-07 08:07:40+00:00,16.15,BLUE,Gen.G,Lulu,5,72,33,0.4583333333333333,0,,4,0.5,1
LOLTMNT01_437976,LCK_20260807_Gen_G_vs_KT_Rolster_S5,1,2026-08-07 08:07:40+00:00,16.15,RED,KT Rolster,Vi,1,81,42,0.5185185185185185,2,1.0,8,0.25,0
LOLTMNT01_437976,LCK_20260807_Gen_G_vs_KT_Rolster_S5,1,2026-08-07 08:07:40+00:00,16.15,RED,KT Rolster,Lucian,2,67,32,0.47761194029850745,2,1.0,7,0.5714285714285714,0
LOLTMNT01_437976,LCK_20260807_Gen_G_vs_KT_Rolster_S5,1,2026-08-07 08:07:40+00:00,16.15,RED,KT Rolster,Milio,3,48,23,0.4791666666666667,2,0.5,2,0.0,0
LOLTMNT01_437976,LCK_20260807_Gen_G_vs_KT_Rolster_S5,1,2026-08-07 08:07:40+00:00,16.15,RED,KT Rolster,Rumble,4,67,34,0.5074626865671642,3,0.3333333333333333,5,0.6,0
LOLTMNT01_437976,LCK_20260807_Gen_G_vs_KT_Rolster_S5,1,2026-08-07 08:07:40+00:00,16.15,RED,KT Rolster,Yone,5,22,11,0.5,1,0.0,1,1.0,0
LOLTMNT01_439046,LCK_20260807_Gen_G_vs_KT_Rolster_S5,2,2026-08-07 08:59:42+00:00,16.15,BLUE,Gen.G,Olaf,1,14,11,0.7857142857142857,3,0.3333333333333333,0,,1
LOLTMNT01_439046,LCK_20260807_Gen_G_vs_KT_Rolster_S5,2,2026-08-07 08:59:42+00:00,16.15,BLUE,Gen.G,Lee Sin,2,60,35,0.5833333333333334,3,0.6666666666666666,4,0.75,1
LOLTMNT01_439046,LCK_20260807_Gen_G_vs_KT_Rolster_S5,2,2026-08-07 08:59:42+00:00,16.15,BLUE,Gen.G,Galio,3,27,14,0.5185185185185185,0,,7,0.8571428571428571,1
LOLTMNT01_439046,LCK_20260807_Gen_G_vs_KT_Rolster_S5,2,2026-08-07 08:59:42+00:00,16.15,BLUE,Gen.G,Ezreal,4,100,39,0.39,3,0.0,8,0.75,1
LOLTMNT01_439046,LCK_20260807_Gen_G_vs_KT_Rolster_S5,2,2026-08-07 08:59:42+00:00,16.15,BLUE,Gen.G,Leona,5,21,9,0.42857142857142855,1,0.0,1,1.0,1
LOLTMNT01_439046,LCK_20260807_Gen_G_vs_KT_Rolster_S5,2,2026-08-07 08:59:42+00:00,16.15,RED,KT Rolster,Orianna,1,58,30,0.5172413793103449,0,,1,1.0,0
LOLTMNT01_439046,LCK_20260807_Gen_G_vs_KT_Rolster_S5,2,2026-08-07 08:59:42+00:00,16.15,RED,KT Rolster,Skarner,2,22,13,0.5909090909090909,2,0.5,2,1.0,0
LOLTMNT01_439046,LCK_20260807_Gen_G_vs_KT_Rolster_S5,2,2026-08-07 08:59:42+00:00,16.15,RED,KT Rolster,Zaahen,3,37,23,0.6216216216216216,1,0.0,9,1.0,0
LOLTMNT01_439046,LCK_20260807_Gen_G_vs_KT_Rolster_S5,2,2026-08-07 08:59:42+00:00,16.15,RED,KT Rolster,Kai'Sa,4,16,9,0.5625,0,,1,1.0,0
LOLTMNT01_439046,LCK_20260807_Gen_G_vs_KT_Rolster_S5,2,2026-08-07 08:59:42+00:00,16.15,RED,KT Rolster,Nautilus,5,70,29,0.4142857142857143,2,0.5,10,0.4,0
LOLTMNT01_440028,LCK_20260807_BNK_FEARX_vs_HANJIN_BRION_S4,1,2026-08-07 10:11:30+00:00,16.15,BLUE,HANJIN BRION,Lee Sin,1,61,36,0.5901639344262295,4,0.75,7,0.2857142857142857,1
LOLTMNT01_440028,LCK_20260807_BNK_FEARX_vs_HANJIN_BRION_S4,1,2026-08-07 10:11:30+00:00,16.15,BLUE,HANJIN BRION,Camille,2,13,6,0.46153846153846156,2,0.0,2,0.5,1
LOLTMNT01_440028,LCK_20260807_BNK_FEARX_vs_HANJIN_BRION_S4,1,2026-08-07 10:11:30+00:00,16.15,BLUE,HANJIN BRION,Corki,3,59,28,0.4745762711864407,3,0.6666666666666666,6,0.8333333333333334,1
LOLTMNT01_440028,LCK_20260807_BNK_FEARX_vs_HANJIN_BRION_S4,1,2026-08-07 10:11:30+00:00,16.15,BLUE,HANJIN BRION,Jayce,4,76,34,0.4473684210526316,3,0.6666666666666666,9,0.3333333333333333,1
LOLTMNT01_440028,LCK_20260807_BNK_FEARX_vs_HANJIN_BRION_S4,1,2026-08-07 10:11:30+00:00,16.15,BLUE,HANJIN BRION,Locke,5,3,2,0.6666666666666666,0,,0,,1
LOLTMNT01_440028,LCK_20260807_BNK_FEARX_vs_HANJIN_BRION_S4,1,2026-08-07 10:11:30+00:00,16.15,RED,BNK FEARX,Jarvan IV,1,121,65,0.5371900826446281,4,0.5,13,0.38461538461538464,0
LOLTMNT01_440028,LCK_20260807_BNK_FEARX_vs_HANJIN_BRION_S4,1,2026-08-07 10:11:30+00:00,16.15,RED,BNK FEARX,Jhin,2,79,43,0.5443037974683544,3,0.6666666666666666,4,0.25,0
LOLTMNT01_440028,LCK_20260807_BNK_FEARX_vs_HANJIN_BRION_S4,1,2026-08-07 10:11:30+00:00,16.15,RED,BNK FEARX,Shen,3,22,17,0.7727272727272727,5,0.8,2,1.0,0
LOLTMNT01_440028,LCK_20260807_BNK_FEARX_vs_HANJIN_BRION_S4,1,2026-08-07 10:11:30+00:00,16.15,RED,BNK FEARX,Viktor,4,38,12,0.3157894736842105,3,0.0,2,0.0,0
LOLTMNT01_440028,LCK_20260807_BNK_FEARX_vs_HANJIN_BRION_S4,1,2026-08-07 10:11:30+00:00,16.15,RED,BNK FEARX,K'Sante,5,69,31,0.4492753623188406,2,0.5,10,0.3,0
LOLTMNT01_440045,LCK_20260807_BNK_FEARX_vs_HANJIN_BRION_S4,2,2026-08-07 11:12:12+00:00,16.15,BLUE,HANJIN BRION,Rumble,1,68,34,0.5,4,0.25,9,0.2222222222222222,1
LOLTMNT01_440045,LCK_20260807_BNK_FEARX_vs_HANJIN_BRION_S4,2,2026-08-07 11:12:12+00:00,16.15,BLUE,HANJIN BRION,Cassiopeia,2,44,24,0.5454545454545454,3,0.6666666666666666,5,0.6,1
LOLTMNT01_440045,LCK_20260807_BNK_FEARX_vs_HANJIN_BRION_S4,2,2026-08-07 11:12:12+00:00,16.15,BLUE,HANJIN BRION,Pantheon,3,98,46,0.46938775510204084,1,0.0,13,0.23076923076923078,1
LOLTMNT01_440045,LCK_20260807_BNK_FEARX_vs_HANJIN_BRION_S4,2,2026-08-07 11:12:12+00:00,16.15,BLUE,HANJIN BRION,Leona,4,22,10,0.45454545454545453,2,0.5,3,0.0,1
LOLTMNT01_440045,LCK_20260807_BNK_FEARX_vs_HANJIN_BRION_S4,2,2026-08-07 11:12:12+00:00,16.15,BLUE,HANJIN BRION,Kai'Sa,5,17,9,0.5294117647058824,1,0.0,0,,1
LOLTMNT01_440045,LCK_20260807_BNK_FEARX_vs_HANJIN_BRION_S4,2,2026-08-07 11:12:12+00:00,16.15,RED,BNK FEARX,Vi,1,82,42,0.5121951219512195,3,0.6666666666666666,3,0.3333333333333333,0
LOLTMNT01_440045,LCK_20260807_BNK_FEARX_vs_HANJIN_BRION_S4,2,2026-08-07 11:12:12+00:00,16.15,RED,BNK FEARX,Syndra,2,21,10,0.47619047619047616,3,0.6666666666666666,3,0.6666666666666666,0
LOLTMNT01_440045,LCK_20260807_BNK_FEARX_vs_HANJIN_BRION_S4,2,2026-08-07 11:12:12+00:00,16.15,RED,BNK FEARX,Ambessa,3,81,32,0.3950617283950617,2,1.0,5,0.2,0
LOLTMNT01_440045,LCK_20260807_BNK_FEARX_vs_HANJIN_BRION_S4,2,2026-08-07 11:12:12+00:00,16.15,RED,BNK FEARX,Ziggs,4,28,14,0.5,0,,1,0.0,0
LOLTMNT01_440045,LCK_20260807_BNK_FEARX_vs_HANJIN_BRION_S4,2,2026-08-07 11:12:12+00:00,16.15,RED,BNK FEARX,Rell,5,24,10,0.4166666666666667,0,,4,0.25,0
LOLTMNT01_440328,LCK_20260808_Hanwha_Life_Esports_vs_T1_S5,1,2026-08-08 08:08:11+00:00,16.15,BLUE,T1,Jhin,1,80,43,0.5375,4,0.5,10,0.7,1
LOLTMNT01_440328,LCK_20260808_Hanwha_Life_Esports_vs_T1_S5,1,2026-08-08 08:08:11+00:00,16.15,BLUE,T1,Camille,2,14,7,0.5,3,0.3333333333333333,2,1.0,1
LOLTMNT01_440328,LCK_20260808_Hanwha_Life_Esports_vs_T1_S5,1,2026-08-08 08:08:11+00:00,16.15,BLUE,T1,Olaf,3,15,12,0.8,4,0.5,2,1.0,1
LOLTMNT01_440328,LCK_20260808_Hanwha_Life_Esports_vs_T1_S5,1,2026-08-08 08:08:11+00:00,16.15,BLUE,T1,Pantheon,4,99,47,0.47474747474747475,2,0.5,7,0.42857142857142855,1
LOLTMNT01_440328,LCK_20260808_Hanwha_Life_Esports_vs_T1_S5,1,2026-08-08 08:08:11+00:00,16.15,BLUE,T1,Galio,5,28,15,0.5357142857142857,1,1.0,5,0.4,1
LOLTMNT01_440328,LCK_20260808_Hanwha_Life_Esports_vs_T1_S5,1,2026-08-08 08:08:11+00:00,16.15,RED,Hanwha Life Esports,Vi,1,83,42,0.5060240963855421,4,0.5,15,0.8,0
LOLTMNT01_440328,LCK_20260808_Hanwha_Life_Esports_vs_T1_S5,1,2026-08-08 08:08:11+00:00,16.15,RED,Hanwha Life Esports,Shen,2,23,17,0.7391304347826086,6,0.6666666666666666,3,0.6666666666666666,0
LOLTMNT01_440328,LCK_20260808_Hanwha_Life_Esports_vs_T1_S5,1,2026-08-08 08:08:11+00:00,16.15,RED,Hanwha Life Esports,Corki,3,60,29,0.48333333333333334,4,0.75,7,0.7142857142857143,0
LOLTMNT01_440328,LCK_20260808_Hanwha_Life_Esports_vs_T1_S5,1,2026-08-08 08:08:11+00:00,16.15,RED,Hanwha Life Esports,Anivia,4,56,25,0.44642857142857145,3,0.3333333333333333,5,0.4,0
LOLTMNT01_440328,LCK_20260808_Hanwha_Life_Esports_vs_T1_S5,1,2026-08-08 08:08:11+00:00,16.15,RED,Hanwha Life Esports,Ryze,5,115,63,0.5478260869565217,5,0.6,10,0.7,0
LOLTMNT01_439357,LCK_20260808_Hanwha_Life_Esports_vs_T1_S5,2,2026-08-08 08:59:05+00:00,16.15,BLUE,T1,Lee Sin,1,62,37,0.5967741935483871,5,0.8,5,0.8,0
LOLTMNT01_439357,LCK_20260808_Hanwha_Life_Esports_vs_T1_S5,2,2026-08-08 08:59:05+00:00,16.15,BLUE,T1,Locke,2,4,3,0.75,1,1.0,0,,0
LOLTMNT01_439357,LCK_20260808_Hanwha_Life_Esports_vs_T1_S5,2,2026-08-08 08:59:05+00:00,16.15,BLUE,T1,Gnar,3,89,54,0.6067415730337079,0,,7,0.5714285714285714,0
LOLTMNT01_439357,LCK_20260808_Hanwha_Life_Esports_vs_T1_S5,2,2026-08-08 08:59:05+00:00,16.15,BLUE,T1,Caitlyn,4,53,28,0.5283018867924528,1,0.0,6,1.0,0
LOLTMNT01_439357,LCK_20260808_Hanwha_Life_Esports_vs_T1_S5,2,2026-08-08 08:59:05+00:00,16.15,BLUE,T1,Lux,5,10,7,0.7,1,0.0,4,1.0,0
LOLTMNT01_439357,LCK_20260808_Hanwha_Life_Esports_vs_T1_S5,2,2026-08-08 08:59:05+00:00,16.15,RED,Hanwha Life Esports,Orianna,1,59,30,0.5084745762711864,1,0.0,5,0.6,1
LOLTMNT01_439357,LCK_20260808_Hanwha_Life_Esports_vs_T1_S5,2,2026-08-08 08:59:05+00:00,16.15,RED,Hanwha Life Esports,Alistar,2,41,19,0.4634146341463415,2,1.0,6,0.5,1
LOLTMNT01_439357,LCK_20260808_Hanwha_Life_Esports_vs_T1_S5,2,2026-08-08 08:59:05+00:00,16.15,RED,Hanwha Life Esports,Jarvan IV,3,122,65,0.5327868852459017,5,0.4,13,0.5384615384615384,1
LOLTMNT01_439357,LCK_20260808_Hanwha_Life_Esports_vs_T1_S5,2,2026-08-08 08:59:05+00:00,16.15,RED,Hanwha Life Esports,Ziggs,4,29,14,0.4827586206896552,1,0.0,8,0.75,1
LOLTMNT01_439357,LCK_20260808_Hanwha_Life_Esports_vs_T1_S5,2,2026-08-08 08:59:05+00:00,16.15,RED,Hanwha Life Esports,Ambessa,5,82,32,0.3902439024390244,3,0.6666666666666666,5,0.2,1
LOLTMNT01_440356,LCK_20260808_Hanwha_Life_Esports_vs_T1_S5,3,2026-08-08 09:56:45+00:00,16.15,BLUE,Hanwha Life Esports,Ezreal,1,101,40,0.39603960396039606,4,0.25,1,1.0,1
LOLTMNT01_440356,LCK_20260808_Hanwha_Life_Esports_vs_T1_S5,3,2026-08-08 09:56:45+00:00,16.15,BLUE,Hanwha Life Esports,Karma,2,61,34,0.5573770491803278,1,0.0,1,1.0,1
LOLTMNT01_440356,LCK_20260808_Hanwha_Life_Esports_vs_T1_S5,3,2026-08-08 09:56:45+00:00,16.15,BLUE,Hanwha Life Esports,Naafiri,3,35,16,0.45714285714285713,1,0.0,1,1.0,1
LOLTMNT01_440356,LCK_20260808_Hanwha_Life_Esports_vs_T1_S5,3,2026-08-08 09:56:45+00:00,16.15,BLUE,Hanwha Life Esports,Ahri,4,44,27,0.6136363636363636,0,,6,0.8333333333333334,1
LOLTMNT01_440356,LCK_20260808_Hanwha_Life_Esports_vs_T1_S5,3,2026-08-08 09:56:45+00:00,16.15,BLUE,Hanwha Life Esports,Cho'Gath,5,0,0,,0,,0,,1
LOLTMNT01_440356,LCK_20260808_Hanwha_Life_Esports_vs_T1_S5,3,2026-08-08 09:56:45+00:00,16.15,RED,T1,Bard,1,75,43,0.5733333333333334,1,0.0,3,1.0,0
LOLTMNT01_440356,LCK_20260808_Hanwha_Life_Esports_vs_T1_S5,3,2026-08-08 09:56:45+00:00,16.15,RED,T1,Nocturne,2,56,29,0.5178571428571429,2,1.0,10,0.8,0
LOLTMNT01_440356,LCK_20260808_Hanwha_Life_Esports_vs_T1_S5,3,2026-08-08 09:56:45+00:00,16.15,RED,T1,Varus,3,38,18,0.47368421052631576,1,1.0,5,0.4,0
LOLTMNT01_440356,LCK_20260808_Hanwha_Life_Esports_vs_T1_S5,3,2026-08-08 09:56:45+00:00,16.15,RED,T1,Rumble,4,69,35,0.5072463768115942,5,0.4,7,0.8571428571428571,0
LOLTMNT01_440356,LCK_20260808_Hanwha_Life_Esports_vs_T1_S5,3,2026-08-08 09:56:45+00:00,16.15,RED,T1,Viktor,5,39,12,0.3076923076923077,4,0.0,2,0.0,0
LOLTMNT01_440394,LCK_20260808_DN_SOOPers_vs_Nongshim_RedForce_S4,1,2026-08-08 11:16:34+00:00,16.15,BLUE,DN SOOPers,Camille,1,15,8,0.5333333333333333,4,0.5,2,0.0,1
LOLTMNT01_440394,LCK_20260808_DN_SOOPers_vs_Nongshim_RedForce_S4,1,2026-08-08 11:16:34+00:00,16.15,BLUE,DN SOOPers,Ezreal,2,102,41,0.4019607843137255,5,0.4,6,0.5,1
LOLTMNT01_440394,LCK_20260808_DN_SOOPers_vs_Nongshim_RedForce_S4,1,2026-08-08 11:16:34+00:00,16.15,BLUE,DN SOOPers,Ryze,3,116,63,0.5431034482758621,6,0.5,8,0.25,1
LOLTMNT01_440394,LCK_20260808_DN_SOOPers_vs_Nongshim_RedForce_S4,1,2026-08-08 11:16:34+00:00,16.15,BLUE,DN SOOPers,Naafiri,4,36,17,0.4722222222222222,2,0.5,6,0.3333333333333333,1
LOLTMNT01_440394,LCK_20260808_DN_SOOPers_vs_Nongshim_RedForce_S4,1,2026-08-08 11:16:34+00:00,16.15,BLUE,DN SOOPers,Yorick,5,38,19,0.5,2,0.5,6,0.5,1
LOLTMNT01_440394,LCK_20260808_DN_SOOPers_vs_Nongshim_RedForce_S4,1,2026-08-08 11:16:34+00:00,16.15,RED,Nongshim RedForce,Vi,1,84,42,0.5,5,0.4,5,0.6,0
LOLTMNT01_440394,LCK_20260808_DN_SOOPers_vs_Nongshim_RedForce_S4,1,2026-08-08 11:16:34+00:00,16.15,RED,Nongshim RedForce,Lucian,2,68,32,0.47058823529411764,3,0.6666666666666666,4,0.25,0
LOLTMNT01_440394,LCK_20260808_DN_SOOPers_vs_Nongshim_RedForce_S4,1,2026-08-08 11:16:34+00:00,16.15,RED,Nongshim RedForce,Milio,3,49,23,0.46938775510204084,3,0.3333333333333333,3,0.3333333333333333,0
LOLTMNT01_440394,LCK_20260808_DN_SOOPers_vs_Nongshim_RedForce_S4,1,2026-08-08 11:16:34+00:00,16.15,RED,Nongshim RedForce,Syndra,4,22,10,0.45454545454545453,4,0.5,3,0.6666666666666666,0
LOLTMNT01_440394,LCK_20260808_DN_SOOPers_vs_Nongshim_RedForce_S4,1,2026-08-08 11:16:34+00:00,16.15,RED,Nongshim RedForce,Jayce,5,77,35,0.45454545454545453,4,0.75,11,0.18181818181818182,0
LOLTMNT01_439418,LCK_20260808_DN_SOOPers_vs_Nongshim_RedForce_S4,2,2026-08-08 12:13:56+00:00,16.15,BLUE,DN SOOPers,Cassiopeia,1,45,25,0.5555555555555556,4,0.75,7,0.2857142857142857,1
LOLTMNT01_439418,LCK_20260808_DN_SOOPers_vs_Nongshim_RedForce_S4,2,2026-08-08 12:13:56+00:00,16.15,BLUE,DN SOOPers,Lee Sin,2,63,37,0.5873015873015873,6,0.6666666666666666,11,0.5454545454545454,1
LOLTMNT01_439418,LCK_20260808_DN_SOOPers_vs_Nongshim_RedForce_S4,2,2026-08-08 12:13:56+00:00,16.15,BLUE,DN SOOPers,Alistar,3,42,20,0.47619047619047616,3,1.0,5,0.2,1
LOLTMNT01_439418,LCK_20260808_DN_SOOPers_vs_Nongshim_RedForce_S4,2,2026-08-08 12:13:56+00:00,16.15,BLUE,DN SOOPers,Jhin,4,81,44,0.5432098765432098,5,0.6,6,0.16666666666666666,1
LOLTMNT01_439418,LCK_20260808_DN_SOOPers_vs_Nongshim_RedForce_S4,2,2026-08-08 12:13:56+00:00,16.15,BLUE,DN SOOPers,Vayne,5,15,11,0.7333333333333333,0,,0,,1
LOLTMNT01_439418,LCK_20260808_DN_SOOPers_vs_Nongshim_RedForce_S4,2,2026-08-08 12:13:56+00:00,16.15,RED,Nongshim RedForce,Orianna,1,60,31,0.5166666666666667,2,0.5,5,0.6,0
LOLTMNT01_439418,LCK_20260808_DN_SOOPers_vs_Nongshim_RedForce_S4,2,2026-08-08 12:13:56+00:00,16.15,RED,Nongshim RedForce,Pantheon,2,100,48,0.48,3,0.6666666666666666,14,0.2857142857142857,0
LOLTMNT01_439418,LCK_20260808_DN_SOOPers_vs_Nongshim_RedForce_S4,2,2026-08-08 12:13:56+00:00,16.15,RED,Nongshim RedForce,Shen,3,24,17,0.7083333333333334,7,0.5714285714285714,3,1.0,0
LOLTMNT01_439418,LCK_20260808_DN_SOOPers_vs_Nongshim_RedForce_S4,2,2026-08-08 12:13:56+00:00,16.15,RED,Nongshim RedForce,Varus,4,39,18,0.46153846153846156,2,0.5,4,0.5,0
LOLTMNT01_439418,LCK_20260808_DN_SOOPers_vs_Nongshim_RedForce_S4,2,2026-08-08 12:13:56+00:00,16.15,RED,Nongshim RedForce,Gnar,5,90,54,0.6,1,0.0,8,0.5,0
LOLTMNT01_439669,LCK_20260809_Dplus_Kia_vs_KT_Rolster_S4,1,2026-08-09 08:07:07+00:00,16.15,BLUE,KT Rolster,Olaf,1,16,13,0.8125,5,0.6,0,,1
LOLTMNT01_439669,LCK_20260809_Dplus_Kia_vs_KT_Rolster_S4,1,2026-08-09 08:07:07+00:00,16.15,BLUE,KT Rolster,Ezreal,2,103,42,0.4077669902912621,6,0.5,8,0.375,1
LOLTMNT01_439669,LCK_20260809_Dplus_Kia_vs_KT_Rolster_S4,1,2026-08-09 08:07:07+00:00,16.15,BLUE,KT Rolster,Nautilus,3,71,29,0.4084507042253521,3,0.3333333333333333,11,0.36363636363636365,1
LOLTMNT01_439669,LCK_20260809_Dplus_Kia_vs_KT_Rolster_S4,1,2026-08-09 08:07:07+00:00,16.15,BLUE,KT Rolster,Ryze,4,117,64,0.5470085470085471,7,0.5714285714285714,13,0.46153846153846156,1
LOLTMNT01_439669,LCK_20260809_Dplus_Kia_vs_KT_Rolster_S4,1,2026-08-09 08:07:07+00:00,16.15,BLUE,KT Rolster,Pantheon,5,101,48,0.4752475247524752,4,0.5,11,0.7272727272727273,1
LOLTMNT01_439669,LCK_20260809_Dplus_Kia_vs_KT_Rolster_S4,1,2026-08-09 08:07:07+00:00,16.15,RED,Dplus Kia,Vi,1,85,42,0.49411764705882355,6,0.3333333333333333,5,0.4,0
LOLTMNT01_439669,LCK_20260809_Dplus_Kia_vs_KT_Rolster_S4,1,2026-08-09 08:07:07+00:00,16.15,RED,Dplus Kia,Lucian,2,69,32,0.463768115942029,4,0.5,9,0.5555555555555556,0
LOLTMNT01_439669,LCK_20260809_Dplus_Kia_vs_KT_Rolster_S4,1,2026-08-09 08:07:07+00:00,16.15,RED,Dplus Kia,Milio,3,50,23,0.46,4,0.25,4,0.5,0
LOLTMNT01_439669,LCK_20260809_Dplus_Kia_vs_KT_Rolster_S4,1,2026-08-09 08:07:07+00:00,16.15,RED,Dplus Kia,Taliyah,4,58,23,0.39655172413793105,0,,4,0.75,0
LOLTMNT01_439669,LCK_20260809_Dplus_Kia_vs_KT_Rolster_S4,1,2026-08-09 08:07:07+00:00,16.15,RED,Dplus Kia,Ambessa,5,83,33,0.39759036144578314,4,0.75,10,0.4,0
LOLTMNT01_440665,LCK_20260809_Dplus_Kia_vs_KT_Rolster_S4,2,2026-08-09 08:57:17+00:00,16.15,BLUE,KT Rolster,Annie,1,60,37,0.6166666666666667,1,1.0,9,0.6666666666666666,0
LOLTMNT01_440665,LCK_20260809_Dplus_Kia_vs_KT_Rolster_S4,2,2026-08-09 08:57:17+00:00,16.15,BLUE,KT Rolster,Bard,2,76,43,0.5657894736842105,2,0.0,5,0.4,0
LOLTMNT01_440665,LCK_20260809_Dplus_Kia_vs_KT_Rolster_S4,2,2026-08-09 08:57:17+00:00,16.15,BLUE,KT Rolster,Corki,3,61,29,0.47540983606557374,5,0.6,6,0.16666666666666666,0
LOLTMNT01_440665,LCK_20260809_Dplus_Kia_vs_KT_Rolster_S4,2,2026-08-09 08:57:17+00:00,16.15,BLUE,KT Rolster,Naafiri,4,37,18,0.4864864864864865,3,0.6666666666666666,6,0.8333333333333334,0
LOLTMNT01_440665,LCK_20260809_Dplus_Kia_vs_KT_Rolster_S4,2,2026-08-09 08:57:17+00:00,16.15,BLUE,KT Rolster,Yorick,5,39,20,0.5128205128205128,3,0.6666666666666666,5,0.6,0
LOLTMNT01_440665,LCK_20260809_Dplus_Kia_vs_KT_Rolster_S4,2,2026-08-09 08:57:17+00:00,16.15,RED,Dplus Kia,Jayce,1,78,35,0.44871794871794873,5,0.6,11,0.36363636363636365,1
LOLTMNT01_440665,LCK_20260809_Dplus_Kia_vs_KT_Rolster_S4,2,2026-08-09 08:57:17+00:00,16.15,RED,Dplus Kia,Jhin,2,82,45,0.5487804878048781,6,0.6666666666666666,8,0.625,1
LOLTMNT01_440665,LCK_20260809_Dplus_Kia_vs_KT_Rolster_S4,2,2026-08-09 08:57:17+00:00,16.15,RED,Dplus Kia,Shen,3,25,17,0.68,8,0.5,3,1.0,1
LOLTMNT01_440665,LCK_20260809_Dplus_Kia_vs_KT_Rolster_S4,2,2026-08-09 08:57:17+00:00,16.15,RED,Dplus Kia,Viktor,4,40,12,0.3,5,0.0,10,0.6,1
LOLTMNT01_440665,LCK_20260809_Dplus_Kia_vs_KT_Rolster_S4,2,2026-08-09 08:57:17+00:00,16.15,RED,Dplus Kia,Xin Zhao,5,118,56,0.4745762711864407,2,0.5,13,0.38461538461538464,1
LOLTMNT01_440684,LCK_20260809_Dplus_Kia_vs_KT_Rolster_S4,3,2026-08-09 09:51:31+00:00,16.15,BLUE,KT Rolster,Rumble,1,70,35,0.5,6,0.3333333333333333,6,0.5,0
LOLTMNT01_440684,LCK_20260809_Dplus_Kia_vs_KT_Rolster_S4,3,2026-08-09 09:51:31+00:00,16.15,BLUE,KT Rolster,Yone,2,23,11,0.4782608695652174,2,0.0,2,0.5,0
LOLTMNT01_440684,LCK_20260809_Dplus_Kia_vs_KT_Rolster_S4,3,2026-08-09 09:51:31+00:00,16.15,BLUE,KT Rolster,Skarner,3,23,13,0.5652173913043478,3,0.3333333333333333,3,0.6666666666666666,0
LOLTMNT01_440684,LCK_20260809_Dplus_Kia_vs_KT_Rolster_S4,3,2026-08-09 09:51:31+00:00,16.15,BLUE,KT Rolster,Alistar,4,43,21,0.4883720930232558,4,1.0,6,0.3333333333333333,0
LOLTMNT01_440684,LCK_20260809_Dplus_Kia_vs_KT_Rolster_S4,3,2026-08-09 09:51:31+00:00,16.15,BLUE,KT Rolster,Mel,5,26,14,0.5384615384615384,0,,3,0.3333333333333333,0
LOLTMNT01_440684,LCK_20260809_Dplus_Kia_vs_KT_Rolster_S4,3,2026-08-09 09:51:31+00:00,16.15,RED,Dplus Kia,Orianna,1,61,31,0.5081967213114754,3,0.3333333333333333,8,0.5,1
LOLTMNT01_440684,LCK_20260809_Dplus_Kia_vs_KT_Rolster_S4,3,2026-08-09 09:51:31+00:00,16.15,RED,Dplus Kia,Jarvan IV,2,123,66,0.5365853658536586,6,0.5,23,0.7391304347826086,1
LOLTMNT01_440684,LCK_20260809_Dplus_Kia_vs_KT_Rolster_S4,3,2026-08-09 09:51:31+00:00,16.15,RED,Dplus Kia,K'Sante,3,70,31,0.44285714285714284,3,0.3333333333333333,10,0.7,1
LOLTMNT01_440684,LCK_20260809_Dplus_Kia_vs_KT_Rolster_S4,3,2026-08-09 09:51:31+00:00,16.15,RED,Dplus Kia,Kalista,4,21,10,0.47619047619047616,1,1.0,1,1.0,1
LOLTMNT01_440684,LCK_20260809_Dplus_Kia_vs_KT_Rolster_S4,3,2026-08-09 09:51:31+00:00,16.15,RED,Dplus Kia,Renata Glasc,5,21,9,0.42857142857142855,1,1.0,1,1.0,1
LOLTMNT01_439728,LCK_20260809_BNK_FEARX_vs_Kiwoom_DRX_S3,1,2026-08-09 11:01:09+00:00,16.15,BLUE,BNK FEARX,Lucian,1,70,32,0.45714285714285713,5,0.4,11,0.45454545454545453,1
LOLTMNT01_439728,LCK_20260809_BNK_FEARX_vs_Kiwoom_DRX_S3,1,2026-08-09 11:01:09+00:00,16.15,BLUE,BNK FEARX,Nocturne,2,57,29,0.5087719298245614,3,0.6666666666666666,5,0.2,1
LOLTMNT01_439728,LCK_20260809_BNK_FEARX_vs_Kiwoom_DRX_S3,1,2026-08-09 11:01:09+00:00,16.15,BLUE,BNK FEARX,Milio,3,51,23,0.45098039215686275,5,0.2,10,0.5,1
LOLTMNT01_439728,LCK_20260809_BNK_FEARX_vs_Kiwoom_DRX_S3,1,2026-08-09 11:01:09+00:00,16.15,BLUE,BNK FEARX,Syndra,4,23,10,0.43478260869565216,5,0.4,4,0.5,1
LOLTMNT01_439728,LCK_20260809_BNK_FEARX_vs_Kiwoom_DRX_S3,1,2026-08-09 11:01:09+00:00,16.15,BLUE,BNK FEARX,Nidalee,5,3,2,0.6666666666666666,0,,0,,1
LOLTMNT01_439728,LCK_20260809_BNK_FEARX_vs_Kiwoom_DRX_S3,1,2026-08-09 11:01:09+00:00,16.15,RED,Kiwoom DRX,Camille,1,16,9,0.5625,5,0.6,0,,0
LOLTMNT01_439728,LCK_20260809_BNK_FEARX_vs_Kiwoom_DRX_S3,1,2026-08-09 11:01:09+00:00,16.15,RED,Kiwoom DRX,Jarvan IV,2,124,67,0.5403225806451613,7,0.5714285714285714,12,0.5,0
LOLTMNT01_439728,LCK_20260809_BNK_FEARX_vs_Kiwoom_DRX_S3,1,2026-08-09 11:01:09+00:00,16.15,RED,Kiwoom DRX,Ryze,3,118,65,0.5508474576271186,8,0.625,14,0.6428571428571429,0
LOLTMNT01_439728,LCK_20260809_BNK_FEARX_vs_Kiwoom_DRX_S3,1,2026-08-09 11:01:09+00:00,16.15,RED,Kiwoom DRX,Ziggs,4,30,15,0.5,2,0.5,0,,0
LOLTMNT01_439728,LCK_20260809_BNK_FEARX_vs_Kiwoom_DRX_S3,1,2026-08-09 11:01:09+00:00,16.15,RED,Kiwoom DRX,Jayce,5,79,36,0.45569620253164556,6,0.6666666666666666,6,0.16666666666666666,0
LOLTMNT01_440741,LCK_20260809_BNK_FEARX_vs_Kiwoom_DRX_S3,2,2026-08-09 11:52:16+00:00,16.15,BLUE,BNK FEARX,Jhin,1,83,46,0.5542168674698795,7,0.7142857142857143,5,0.2,1
LOLTMNT01_440741,LCK_20260809_BNK_FEARX_vs_Kiwoom_DRX_S3,2,2026-08-09 11:52:16+00:00,16.15,BLUE,BNK FEARX,Shen,2,26,18,0.6923076923076923,9,0.5555555555555556,3,0.6666666666666666,1
LOLTMNT01_440741,LCK_20260809_BNK_FEARX_vs_Kiwoom_DRX_S3,2,2026-08-09 11:52:16+00:00,16.15,BLUE,BNK FEARX,Pantheon,3,102,49,0.4803921568627451,5,0.6,13,0.5384615384615384,1
LOLTMNT01_440741,LCK_20260809_BNK_FEARX_vs_Kiwoom_DRX_S3,2,2026-08-09 11:52:16+00:00,16.15,BLUE,BNK FEARX,Viktor,4,41,13,0.3170731707317073,6,0.16666666666666666,3,0.0,1
LOLTMNT01_440741,LCK_20260809_BNK_FEARX_vs_Kiwoom_DRX_S3,2,2026-08-09 11:52:16+00:00,16.15,BLUE,BNK FEARX,Renekton,5,77,33,0.42857142857142855,0,,13,0.6153846153846154,1
LOLTMNT01_440741,LCK_20260809_BNK_FEARX_vs_Kiwoom_DRX_S3,2,2026-08-09 11:52:16+00:00,16.15,RED,Kiwoom DRX,Lee Sin,1,64,38,0.59375,7,0.7142857142857143,5,0.6,0
LOLTMNT01_440741,LCK_20260809_BNK_FEARX_vs_Kiwoom_DRX_S3,2,2026-08-09 11:52:16+00:00,16.15,RED,Kiwoom DRX,Gnar,2,91,54,0.5934065934065934,2,0.0,20,0.6,0
LOLTMNT01_440741,LCK_20260809_BNK_FEARX_vs_Kiwoom_DRX_S3,2,2026-08-09 11:52:16+00:00,16.15,RED,Kiwoom DRX,Annie,3,61,37,0.6065573770491803,2,0.5,7,0.5714285714285714,0
LOLTMNT01_440741,LCK_20260809_BNK_FEARX_vs_Kiwoom_DRX_S3,2,2026-08-09 11:52:16+00:00,16.15,RED,Kiwoom DRX,Miss Fortune,4,32,16,0.5,2,0.5,7,0.5714285714285714,0
LOLTMNT01_440741,LCK_20260809_BNK_FEARX_vs_Kiwoom_DRX_S3,2,2026-08-09 11:52:16+00:00,16.15,RED,Kiwoom DRX,Nautilus,5,72,30,0.4166666666666667,4,0.5,18,0.4444444444444444,0
LOLTMNT01_442886,LCK_20260812_DN_SOOPers_vs_Nongshim_RedForce_S5,1,2026-08-12 08:07:18+00:00,16.15,BLUE,Nongshim RedForce,Orianna,1,62,32,0.5161290322580645,4,0.5,6,0.5,1
LOLTMNT01_442886,LCK_20260812_DN_SOOPers_vs_Nongshim_RedForce_S5,1,2026-08-12 08:07:18+00:00,16.15,BLUE,Nongshim RedForce,Jarvan IV,2,125,67,0.536,8,0.5,15,0.5333333333333333,1
LOLTMNT01_442886,LCK_20260812_DN_SOOPers_vs_Nongshim_RedForce_S5,1,2026-08-12 08:07:18+00:00,16.15,BLUE,Nongshim RedForce,Kled,3,0,0,,0,,0,,1
LOLTMNT01_442886,LCK_20260812_DN_SOOPers_vs_Nongshim_RedForce_S5,1,2026-08-12 08:07:18+00:00,16.15,BLUE,Nongshim RedForce,Ezreal,4,104,43,0.41346153846153844,7,0.5714285714285714,11,0.18181818181818182,1
LOLTMNT01_442886,LCK_20260812_DN_SOOPers_vs_Nongshim_RedForce_S5,1,2026-08-12 08:07:18+00:00,16.15,BLUE,Nongshim RedForce,Leona,5,23,11,0.4782608695652174,3,0.6666666666666666,6,0.8333333333333334,1
LOLTMNT01_442886,LCK_20260812_DN_SOOPers_vs_Nongshim_RedForce_S5,1,2026-08-12 08:07:18+00:00,16.15,RED,DN SOOPers,Cassiopeia,1,46,26,0.5652173913043478,5,0.8,8,0.375,0
LOLTMNT01_442886,LCK_20260812_DN_SOOPers_vs_Nongshim_RedForce_S5,1,2026-08-12 08:07:18+00:00,16.15,RED,DN SOOPers,Lee Sin,2,65,38,0.5846153846153846,8,0.625,12,0.5833333333333334,0
LOLTMNT01_442886,LCK_20260812_DN_SOOPers_vs_Nongshim_RedForce_S5,1,2026-08-12 08:07:18+00:00,16.15,RED,DN SOOPers,Olaf,3,17,14,0.8235294117647058,6,0.6666666666666666,1,1.0,0
LOLTMNT01_442886,LCK_20260812_DN_SOOPers_vs_Nongshim_RedForce_S5,1,2026-08-12 08:07:18+00:00,16.15,RED,DN SOOPers,Jhin,4,84,47,0.5595238095238095,8,0.75,7,0.2857142857142857,0
LOLTMNT01_442886,LCK_20260812_DN_SOOPers_vs_Nongshim_RedForce_S5,1,2026-08-12 08:07:18+00:00,16.15,RED,DN SOOPers,Nautilus,5,73,30,0.410958904109589,5,0.4,8,0.0,0
LOLTMNT01_441931,LCK_20260812_DN_SOOPers_vs_Nongshim_RedForce_S5,2,2026-08-12 08:54:07+00:00,16.15,BLUE,DN SOOPers,Jayce,1,80,36,0.45,7,0.5714285714285714,3,0.3333333333333333,1
LOLTMNT01_441931,LCK_20260812_DN_SOOPers_vs_Nongshim_RedForce_S5,2,2026-08-12 08:54:07+00:00,16.15,BLUE,DN SOOPers,Shen,2,27,19,0.7037037037037037,10,0.6,1,1.0,1
LOLTMNT01_441931,LCK_20260812_DN_SOOPers_vs_Nongshim_RedForce_S5,2,2026-08-12 08:54:07+00:00,16.15,BLUE,DN SOOPers,Ziggs,3,31,15,0.4838709677419355,3,0.3333333333333333,4,0.25,1
LOLTMNT01_441931,LCK_20260812_DN_SOOPers_vs_Nongshim_RedForce_S5,2,2026-08-12 08:54:07+00:00,16.15,BLUE,DN SOOPers,Pantheon,4,103,50,0.4854368932038835,6,0.6666666666666666,7,0.2857142857142857,1
LOLTMNT01_441931,LCK_20260812_DN_SOOPers_vs_Nongshim_RedForce_S5,2,2026-08-12 08:54:07+00:00,16.15,BLUE,DN SOOPers,Galio,5,29,16,0.5517241379310345,2,1.0,2,0.5,1
LOLTMNT01_441931,LCK_20260812_DN_SOOPers_vs_Nongshim_RedForce_S5,2,2026-08-12 08:54:07+00:00,16.15,RED,Nongshim RedForce,Nocturne,1,58,30,0.5172413793103449,4,0.75,6,0.3333333333333333,0
LOLTMNT01_441931,LCK_20260812_DN_SOOPers_vs_Nongshim_RedForce_S5,2,2026-08-12 08:54:07+00:00,16.15,RED,Nongshim RedForce,Yunara,2,95,46,0.4842105263157895,1,0.0,14,0.5,0
LOLTMNT01_441931,LCK_20260812_DN_SOOPers_vs_Nongshim_RedForce_S5,2,2026-08-12 08:54:07+00:00,16.15,RED,Nongshim RedForce,Lulu,3,73,34,0.4657534246575342,1,1.0,8,0.25,0
LOLTMNT01_441931,LCK_20260812_DN_SOOPers_vs_Nongshim_RedForce_S5,2,2026-08-12 08:54:07+00:00,16.15,RED,Nongshim RedForce,Dr. Mundo,4,12,6,0.5,1,0.0,0,,0
LOLTMNT01_441931,LCK_20260812_DN_SOOPers_vs_Nongshim_RedForce_S5,2,2026-08-12 08:54:07+00:00,16.15,RED,Nongshim RedForce,Locke,5,5,3,0.6,2,0.5,2,1.0,0
LOLTMNT01_441936,LCK_20260812_DN_SOOPers_vs_Nongshim_RedForce_S5,3,2026-08-12 09:46:34+00:00,16.15,BLUE,DN SOOPers,Naafiri,1,38,18,0.47368421052631576,4,0.5,7,0.42857142857142855,1
LOLTMNT01_441936,LCK_20260812_DN_SOOPers_vs_Nongshim_RedForce_S5,3,2026-08-12 09:46:34+00:00,16.15,BLUE,DN SOOPers,Akali,2,35,14,0.4,1,1.0,5,0.2,1
LOLTMNT01_441936,LCK_20260812_DN_SOOPers_vs_Nongshim_RedForce_S5,3,2026-08-12 09:46:34+00:00,16.15,BLUE,DN SOOPers,Rumble,3,71,35,0.49295774647887325,7,0.2857142857142857,10,0.3,1
LOLTMNT01_441936,LCK_20260812_DN_SOOPers_vs_Nongshim_RedForce_S5,3,2026-08-12 09:46:34+00:00,16.15,BLUE,DN SOOPers,Xayah,4,22,12,0.5454545454545454,2,0.5,2,0.5,1
LOLTMNT01_441936,LCK_20260812_DN_SOOPers_vs_Nongshim_RedForce_S5,3,2026-08-12 09:46:34+00:00,16.15,BLUE,DN SOOPers,Rakan,5,38,22,0.5789473684210527,0,,7,0.5714285714285714,1
LOLTMNT01_441936,LCK_20260812_DN_SOOPers_vs_Nongshim_RedForce_S5,3,2026-08-12 09:46:34+00:00,16.15,RED,Nongshim RedForce,Wukong,1,56,28,0.5,0,,4,0.25,0
LOLTMNT01_441936,LCK_20260812_DN_SOOPers_vs_Nongshim_RedForce_S5,3,2026-08-12 09:46:34+00:00,16.15,RED,Nongshim RedForce,Syndra,2,24,11,0.4583333333333333,6,0.5,4,0.5,0
LOLTMNT01_441936,LCK_20260812_DN_SOOPers_vs_Nongshim_RedForce_S5,3,2026-08-12 09:46:34+00:00,16.15,RED,Nongshim RedForce,Alistar,3,44,21,0.4772727272727273,5,0.8,4,0.25,0
LOLTMNT01_441936,LCK_20260812_DN_SOOPers_vs_Nongshim_RedForce_S5,3,2026-08-12 09:46:34+00:00,16.15,RED,Nongshim RedForce,Yorick,4,40,20,0.5,4,0.5,2,0.0,0
LOLTMNT01_441936,LCK_20260812_DN_SOOPers_vs_Nongshim_RedForce_S5,3,2026-08-12 09:46:34+00:00,16.15,RED,Nongshim RedForce,Sivir,5,45,27,0.6,2,0.5,2,1.0,0
LOLTMNT01_441955,LCK_20260812_Dplus_Kia_vs_KT_Rolster_S5,1,2026-08-12 11:02:08+00:00,16.15,BLUE,Dplus Kia,Jhin,1,85,47,0.5529411764705883,9,0.6666666666666666,9,0.6666666666666666,1
LOLTMNT01_441955,LCK_20260812_Dplus_Kia_vs_KT_Rolster_S5,1,2026-08-12 11:02:08+00:00,16.15,BLUE,Dplus Kia,Kled,2,1,1,1.0,1,1.0,0,,1
LOLTMNT01_441955,LCK_20260812_Dplus_Kia_vs_KT_Rolster_S5,1,2026-08-12 11:02:08+00:00,16.15,BLUE,Dplus Kia,Karma,3,62,35,0.5645161290322581,2,0.5,8,0.875,1
LOLTMNT01_441955,LCK_20260812_Dplus_Kia_vs_KT_Rolster_S5,1,2026-08-12 11:02:08+00:00,16.15,BLUE,Dplus Kia,Ryze,4,119,65,0.5462184873949579,9,0.5555555555555556,11,0.6363636363636364,1
LOLTMNT01_441955,LCK_20260812_Dplus_Kia_vs_KT_Rolster_S5,1,2026-08-12 11:02:08+00:00,16.15,BLUE,Dplus Kia,Xin Zhao,5,119,57,0.4789915966386555,3,0.6666666666666666,14,0.42857142857142855,1
LOLTMNT01_441955,LCK_20260812_Dplus_Kia_vs_KT_Rolster_S5,1,2026-08-12 11:02:08+00:00,16.15,RED,KT Rolster,Olaf,1,18,14,0.7777777777777778,7,0.5714285714285714,1,1.0,0
LOLTMNT01_441955,LCK_20260812_Dplus_Kia_vs_KT_Rolster_S5,1,2026-08-12 11:02:08+00:00,16.15,RED,KT Rolster,Ezreal,2,105,44,0.41904761904761906,8,0.625,9,0.4444444444444444,0
LOLTMNT01_441955,LCK_20260812_Dplus_Kia_vs_KT_Rolster_S5,1,2026-08-12 11:02:08+00:00,16.15,RED,KT Rolster,Shen,3,28,20,0.7142857142857143,11,0.6363636363636364,0,,0
LOLTMNT01_441955,LCK_20260812_Dplus_Kia_vs_KT_Rolster_S5,1,2026-08-12 11:02:08+00:00,16.15,RED,KT Rolster,Viktor,4,42,14,0.3333333333333333,7,0.2857142857142857,3,0.3333333333333333,0
LOLTMNT01_441955,LCK_20260812_Dplus_Kia_vs_KT_Rolster_S5,1,2026-08-12 11:02:08+00:00,16.15,RED,KT Rolster,Pantheon,5,104,51,0.49038461538461536,7,0.7142857142857143,12,0.75,0
LOLTMNT01_441971,LCK_20260812_Dplus_Kia_vs_KT_Rolster_S5,2,2026-08-12 11:48:44+00:00,16.15,BLUE,Dplus Kia,Bard,1,77,43,0.5584415584415584,3,0.0,12,0.5833333333333334,1
LOLTMNT01_441971,LCK_20260812_Dplus_Kia_vs_KT_Rolster_S5,2,2026-08-12 11:48:44+00:00,16.15,BLUE,Dplus Kia,K'Sante,2,71,32,0.4507042253521127,4,0.5,11,0.7272727272727273,1
LOLTMNT01_441971,LCK_20260812_Dplus_Kia_vs_KT_Rolster_S5,2,2026-08-12 11:48:44+00:00,16.15,BLUE,Dplus Kia,Sivir,3,46,27,0.5869565217391305,3,0.3333333333333333,7,0.7142857142857143,1
LOLTMNT01_441971,LCK_20260812_Dplus_Kia_vs_KT_Rolster_S5,2,2026-08-12 11:48:44+00:00,16.15,BLUE,Dplus Kia,Vi,4,86,42,0.4883720930232558,7,0.2857142857142857,6,0.3333333333333333,1
LOLTMNT01_441971,LCK_20260812_Dplus_Kia_vs_KT_Rolster_S5,2,2026-08-12 11:48:44+00:00,16.15,BLUE,Dplus Kia,Taliyah,5,59,23,0.3898305084745763,1,0.0,5,0.6,1
LOLTMNT01_441971,LCK_20260812_Dplus_Kia_vs_KT_Rolster_S5,2,2026-08-12 11:48:44+00:00,16.15,RED,KT Rolster,Jayce,1,81,37,0.4567901234567901,8,0.625,12,0.5,0
LOLTMNT01_441971,LCK_20260812_Dplus_Kia_vs_KT_Rolster_S5,2,2026-08-12 11:48:44+00:00,16.15,RED,KT Rolster,Ziggs,2,32,16,0.5,4,0.5,3,0.3333333333333333,0
LOLTMNT01_441971,LCK_20260812_Dplus_Kia_vs_KT_Rolster_S5,2,2026-08-12 11:48:44+00:00,16.15,RED,KT Rolster,Nautilus,3,74,30,0.40540540540540543,6,0.3333333333333333,12,0.4166666666666667,0
LOLTMNT01_441971,LCK_20260812_Dplus_Kia_vs_KT_Rolster_S5,2,2026-08-12 11:48:44+00:00,16.15,RED,KT Rolster,Naafiri,4,39,19,0.48717948717948717,5,0.6,7,0.7142857142857143,0
LOLTMNT01_441971,LCK_20260812_Dplus_Kia_vs_KT_Rolster_S5,2,2026-08-12 11:48:44+00:00,16.15,RED,KT Rolster,Annie,5,62,37,0.5967741935483871,3,0.3333333333333333,10,0.6,0
LOLTMNT01_443225,LCK_20260813_BNK_FEARX_vs_Kiwoom_DRX_S4,1,2026-08-13 08:06:50+00:00,16.15,BLUE,Kiwoom DRX,Vi,1,87,43,0.4942528735632184,8,0.375,11,0.45454545454545453,1
LOLTMNT01_443225,LCK_20260813_BNK_FEARX_vs_Kiwoom_DRX_S4,1,2026-08-13 08:06:50+00:00,16.15,BLUE,Kiwoom DRX,Ryze,2,120,66,0.55,10,0.6,15,0.6,1
LOLTMNT01_443225,LCK_20260813_BNK_FEARX_vs_Kiwoom_DRX_S4,1,2026-08-13 08:06:50+00:00,16.15,BLUE,Kiwoom DRX,Jax,3,18,10,0.5555555555555556,0,,5,0.6,1
LOLTMNT01_443225,LCK_20260813_BNK_FEARX_vs_Kiwoom_DRX_S4,1,2026-08-13 08:06:50+00:00,16.15,BLUE,Kiwoom DRX,Caitlyn,4,54,28,0.5185185185185185,2,0.0,2,0.0,1
LOLTMNT01_443225,LCK_20260813_BNK_FEARX_vs_Kiwoom_DRX_S4,1,2026-08-13 08:06:50+00:00,16.15,BLUE,Kiwoom DRX,Bard,5,78,44,0.5641025641025641,4,0.25,11,0.45454545454545453,1
LOLTMNT01_443225,LCK_20260813_BNK_FEARX_vs_Kiwoom_DRX_S4,1,2026-08-13 08:06:50+00:00,16.15,RED,BNK FEARX,Ezreal,1,106,44,0.41509433962264153,9,0.5555555555555556,18,0.3333333333333333,0
LOLTMNT01_443225,LCK_20260813_BNK_FEARX_vs_Kiwoom_DRX_S4,1,2026-08-13 08:06:50+00:00,16.15,RED,BNK FEARX,Olaf,2,19,14,0.7368421052631579,8,0.5,3,1.0,0
LOLTMNT01_443225,LCK_20260813_BNK_FEARX_vs_Kiwoom_DRX_S4,1,2026-08-13 08:06:50+00:00,16.15,RED,BNK FEARX,Karma,3,63,36,0.5714285714285714,3,0.6666666666666666,7,0.42857142857142855,0
LOLTMNT01_443225,LCK_20260813_BNK_FEARX_vs_Kiwoom_DRX_S4,1,2026-08-13 08:06:50+00:00,16.15,RED,BNK FEARX,Xin Zhao,4,120,58,0.48333333333333334,4,0.75,12,0.3333333333333333,0
LOLTMNT01_443225,LCK_20260813_BNK_FEARX_vs_Kiwoom_DRX_S4,1,2026-08-13 08:06:50+00:00,16.15,RED,BNK FEARX,Syndra,5,25,11,0.44,7,0.42857142857142855,5,0.6,0
LOLTMNT01_444209,LCK_20260813_BNK_FEARX_vs_Kiwoom_DRX_S4,2,2026-08-13 09:01:27+00:00,16.15,BLUE,BNK FEARX,Yunara,1,96,46,0.4791666666666667,2,0.0,7,0.42857142857142855,1
LOLTMNT01_444209,LCK_20260813_BNK_FEARX_vs_Kiwoom_DRX_S4,2,2026-08-13 09:01:27+00:00,16.15,BLUE,BNK FEARX,Lulu,2,74,34,0.4594594594594595,2,0.5,8,0.5,1
LOLTMNT01_444209,LCK_20260813_BNK_FEARX_vs_Kiwoom_DRX_S4,2,2026-08-13 09:01:27+00:00,16.15,BLUE,BNK FEARX,K'Sante,3,72,33,0.4583333333333333,5,0.6,11,0.2727272727272727,1
LOLTMNT01_444209,LCK_20260813_BNK_FEARX_vs_Kiwoom_DRX_S4,2,2026-08-13 09:01:27+00:00,16.15,BLUE,BNK FEARX,Lee Sin,4,66,38,0.5757575757575758,9,0.5555555555555556,7,0.7142857142857143,1
LOLTMNT01_444209,LCK_20260813_BNK_FEARX_vs_Kiwoom_DRX_S4,2,2026-08-13 09:01:27+00:00,16.15,BLUE,BNK FEARX,Lissandra,5,5,4,0.8,0,,1,1.0,1
LOLTMNT01_444209,LCK_20260813_BNK_FEARX_vs_Kiwoom_DRX_S4,2,2026-08-13 09:01:27+00:00,16.15,RED,Kiwoom DRX,Nocturne,1,59,30,0.5084745762711864,5,0.6,5,0.4,0
LOLTMNT01_444209,LCK_20260813_BNK_FEARX_vs_Kiwoom_DRX_S4,2,2026-08-13 09:01:27+00:00,16.15,RED,Kiwoom DRX,Rumble,2,72,36,0.5,8,0.375,5,0.2,0
LOLTMNT01_444209,LCK_20260813_BNK_FEARX_vs_Kiwoom_DRX_S4,2,2026-08-13 09:01:27+00:00,16.15,RED,Kiwoom DRX,Nautilus,3,75,30,0.4,7,0.2857142857142857,19,0.42105263157894735,0
LOLTMNT01_444209,LCK_20260813_BNK_FEARX_vs_Kiwoom_DRX_S4,2,2026-08-13 09:01:27+00:00,16.15,RED,Kiwoom DRX,Corki,4,62,29,0.46774193548387094,6,0.5,8,0.625,0
LOLTMNT01_444209,LCK_20260813_BNK_FEARX_vs_Kiwoom_DRX_S4,2,2026-08-13 09:01:27+00:00,16.15,RED,Kiwoom DRX,Locke,5,6,3,0.5,3,0.3333333333333333,0,,0
LOLTMNT01_443259,LCK_20260813_BNK_FEARX_vs_Kiwoom_DRX_S4,3,2026-08-13 09:49:47+00:00,16.15,BLUE,Kiwoom DRX,Jhin,1,86,48,0.5581395348837209,10,0.7,7,0.42857142857142855,0
LOLTMNT01_443259,LCK_20260813_BNK_FEARX_vs_Kiwoom_DRX_S4,3,2026-08-13 09:49:47+00:00,16.15,BLUE,Kiwoom DRX,Poppy,2,21,9,0.42857142857142855,1,1.0,6,0.3333333333333333,0
LOLTMNT01_443259,LCK_20260813_BNK_FEARX_vs_Kiwoom_DRX_S4,3,2026-08-13 09:49:47+00:00,16.15,BLUE,Kiwoom DRX,Jayce,3,82,37,0.45121951219512196,9,0.5555555555555556,7,0.14285714285714285,0
LOLTMNT01_443259,LCK_20260813_BNK_FEARX_vs_Kiwoom_DRX_S4,3,2026-08-13 09:49:47+00:00,16.15,BLUE,Kiwoom DRX,Alistar,4,45,21,0.4666666666666667,6,0.6666666666666666,6,0.6666666666666666,0
LOLTMNT01_443259,LCK_20260813_BNK_FEARX_vs_Kiwoom_DRX_S4,3,2026-08-13 09:49:47+00:00,16.15,BLUE,Kiwoom DRX,Aurora,5,71,28,0.39436619718309857,1,1.0,12,0.25,0
LOLTMNT01_443259,LCK_20260813_BNK_FEARX_vs_Kiwoom_DRX_S4,3,2026-08-13 09:49:47+00:00,16.15,RED,BNK FEARX,Annie,1,63,37,0.5873015873015873,4,0.25,3,0.6666666666666666,1
LOLTMNT01_443259,LCK_20260813_BNK_FEARX_vs_Kiwoom_DRX_S4,3,2026-08-13 09:49:47+00:00,16.15,RED,BNK FEARX,Shen,2,29,20,0.6896551724137931,12,0.5833333333333334,4,0.75,1
LOLTMNT01_443259,LCK_20260813_BNK_FEARX_vs_Kiwoom_DRX_S4,3,2026-08-13 09:49:47+00:00,16.15,RED,BNK FEARX,Naafiri,3,40,19,0.475,6,0.5,6,0.16666666666666666,1
LOLTMNT01_443259,LCK_20260813_BNK_FEARX_vs_Kiwoom_DRX_S4,3,2026-08-13 09:49:47+00:00,16.15,RED,BNK FEARX,Kai'Sa,4,18,10,0.5555555555555556,2,0.5,1,1.0,1
LOLTMNT01_443259,LCK_20260813_BNK_FEARX_vs_Kiwoom_DRX_S4,3,2026-08-13 09:49:47+00:00,16.15,RED,BNK FEARX,Vayne,5,16,12,0.75,1,1.0,1,1.0,1
LOLTMNT01_444239,LCK_20260813_Gen_G_vs_Hanwha_Life_Esports_S5,1,2026-08-13 11:04:48+00:00,16.15,BLUE,Hanwha Life Esports,Jhin,1,87,48,0.5517241379310345,11,0.6363636363636364,8,0.5,0
LOLTMNT01_444239,LCK_20260813_Gen_G_vs_Hanwha_Life_Esports_S5,1,2026-08-13 11:04:48+00:00,16.15,BLUE,Hanwha Life Esports,Jarvan IV,2,126,68,0.5396825396825397,9,0.5555555555555556,14,0.5714285714285714,0
LOLTMNT01_444239,LCK_20260813_Gen_G_vs_Hanwha_Life_Esports_S5,1,2026-08-13 11:04:48+00:00,16.15,BLUE,Hanwha Life Esports,Vayne,3,17,13,0.7647058823529411,2,1.0,2,0.5,0
LOLTMNT01_444239,LCK_20260813_Gen_G_vs_Hanwha_Life_Esports_S5,1,2026-08-13 11:04:48+00:00,16.15,BLUE,Hanwha Life Esports,Annie,4,64,38,0.59375,5,0.4,5,0.8,0
LOLTMNT01_444239,LCK_20260813_Gen_G_vs_Hanwha_Life_Esports_S5,1,2026-08-13 11:04:48+00:00,16.15,BLUE,Hanwha Life Esports,Karma,5,64,36,0.5625,4,0.5,2,1.0,0
LOLTMNT01_444239,LCK_20260813_Gen_G_vs_Hanwha_Life_Esports_S5,1,2026-08-13 11:04:48+00:00,16.15,RED,Gen.G,Lee Sin,1,67,39,0.582089552238806,10,0.6,5,0.8,1
LOLTMNT01_444239,LCK_20260813_Gen_G_vs_Hanwha_Life_Esports_S5,1,2026-08-13 11:04:48+00:00,16.15,RED,Gen.G,Olaf,2,20,14,0.7,9,0.4444444444444444,1,1.0,1
LOLTMNT01_444239,LCK_20260813_Gen_G_vs_Hanwha_Life_Esports_S5,1,2026-08-13 11:04:48+00:00,16.15,RED,Gen.G,Ryze,3,121,67,0.5537190082644629,11,0.6363636363636364,11,0.8181818181818182,1
LOLTMNT01_444239,LCK_20260813_Gen_G_vs_Hanwha_Life_Esports_S5,1,2026-08-13 11:04:48+00:00,16.15,RED,Gen.G,Caitlyn,4,55,29,0.5272727272727272,3,0.3333333333333333,5,0.8,1
LOLTMNT01_444239,LCK_20260813_Gen_G_vs_Hanwha_Life_Esports_S5,1,2026-08-13 11:04:48+00:00,16.15,RED,Gen.G,Bard,5,79,45,0.569620253164557,5,0.4,10,0.9,1
LOLTMNT01_443303,LCK_20260813_Gen_G_vs_Hanwha_Life_Esports_S5,2,2026-08-13 12:05:56+00:00,16.15,BLUE,Gen.G,Nocturne,1,60,30,0.5,6,0.5,7,0.8571428571428571,1
LOLTMNT01_443303,LCK_20260813_Gen_G_vs_Hanwha_Life_Esports_S5,2,2026-08-13 12:05:56+00:00,16.15,BLUE,Gen.G,Shen,2,30,21,0.7,13,0.6153846153846154,3,0.6666666666666666,1
LOLTMNT01_443303,LCK_20260813_Gen_G_vs_Hanwha_Life_Esports_S5,2,2026-08-13 12:05:56+00:00,16.15,BLUE,Gen.G,Cassiopeia,3,47,26,0.5531914893617021,6,0.6666666666666666,3,1.0,1
LOLTMNT01_443303,LCK_20260813_Gen_G_vs_Hanwha_Life_Esports_S5,2,2026-08-13 12:05:56+00:00,16.15,BLUE,Gen.G,Seraphine,4,61,33,0.5409836065573771,0,,11,0.6363636363636364,1
LOLTMNT01_443303,LCK_20260813_Gen_G_vs_Hanwha_Life_Esports_S5,2,2026-08-13 12:05:56+00:00,16.15,BLUE,Gen.G,Ambessa,5,84,33,0.39285714285714285,5,0.6,11,0.7272727272727273,1
LOLTMNT01_443303,LCK_20260813_Gen_G_vs_Hanwha_Life_Esports_S5,2,2026-08-13 12:05:56+00:00,16.15,RED,Hanwha Life Esports,Orianna,1,63,33,0.5238095238095238,5,0.6,6,0.6666666666666666,0
LOLTMNT01_443303,LCK_20260813_Gen_G_vs_Hanwha_Life_Esports_S5,2,2026-08-13 12:05:56+00:00,16.15,RED,Hanwha Life Esports,Alistar,2,46,21,0.45652173913043476,7,0.5714285714285714,7,0.5714285714285714,0
LOLTMNT01_443303,LCK_20260813_Gen_G_vs_Hanwha_Life_Esports_S5,2,2026-08-13 12:05:56+00:00,16.15,RED,Hanwha Life Esports,Corki,3,63,29,0.4603174603174603,7,0.42857142857142855,8,0.625,0
LOLTMNT01_443303,LCK_20260813_Gen_G_vs_Hanwha_Life_Esports_S5,2,2026-08-13 12:05:56+00:00,16.15,RED,Hanwha Life Esports,Gnar,4,92,54,0.5869565217391305,3,0.0,10,0.8,0
LOLTMNT01_443303,LCK_20260813_Gen_G_vs_Hanwha_Life_Esports_S5,2,2026-08-13 12:05:56+00:00,16.15,RED,Hanwha Life Esports,Pantheon,5,105,51,0.4857142857142857,8,0.625,8,0.75,0
LOLTMNT01_443574,LCK_20260814_Dplus_Kia_vs_T1_S6,1,2026-08-14 08:08:00+00:00,16.15,BLUE,Dplus Kia,Orianna,1,64,33,0.515625,6,0.5,9,0.5555555555555556,0
LOLTMNT01_443574,LCK_20260814_Dplus_Kia_vs_T1_S6,1,2026-08-14 08:08:00+00:00,16.15,BLUE,Dplus Kia,Jhin,2,88,48,0.5454545454545454,12,0.5833333333333334,10,0.7,0
LOLTMNT01_443574,LCK_20260814_Dplus_Kia_vs_T1_S6,1,2026-08-14 08:08:00+00:00,16.15,BLUE,Dplus Kia,Xin Zhao,3,121,58,0.4793388429752066,5,0.6,15,0.4666666666666667,0
LOLTMNT01_443574,LCK_20260814_Dplus_Kia_vs_T1_S6,1,2026-08-14 08:08:00+00:00,16.15,BLUE,Dplus Kia,Rell,4,25,10,0.4,1,0.0,0,,0
LOLTMNT01_443574,LCK_20260814_Dplus_Kia_vs_T1_S6,1,2026-08-14 08:08:00+00:00,16.15,BLUE,Dplus Kia,Jax,5,19,11,0.5789473684210527,1,1.0,5,0.4,0
LOLTMNT01_443574,LCK_20260814_Dplus_Kia_vs_T1_S6,1,2026-08-14 08:08:00+00:00,16.15,RED,T1,Camille,1,17,9,0.5294117647058824,6,0.5,3,1.0,1
LOLTMNT01_443574,LCK_20260814_Dplus_Kia_vs_T1_S6,1,2026-08-14 08:08:00+00:00,16.15,RED,T1,Locke,2,7,3,0.42857142857142855,4,0.25,1,0.0,1
LOLTMNT01_443574,LCK_20260814_Dplus_Kia_vs_T1_S6,1,2026-08-14 08:08:00+00:00,16.15,RED,T1,Vi,3,88,44,0.5,9,0.4444444444444444,12,0.8333333333333334,1
LOLTMNT01_443574,LCK_20260814_Dplus_Kia_vs_T1_S6,1,2026-08-14 08:08:00+00:00,16.15,RED,T1,Olaf,4,21,15,0.7142857142857143,10,0.5,3,1.0,1
LOLTMNT01_443574,LCK_20260814_Dplus_Kia_vs_T1_S6,1,2026-08-14 08:08:00+00:00,16.15,RED,T1,Kai'Sa,5,19,11,0.5789473684210527,3,0.6666666666666666,4,0.5,1
LOLTMNT01_444547,LCK_20260814_Dplus_Kia_vs_T1_S6,2,2026-08-14 09:03:22+00:00,16.15,BLUE,T1,Ryze,1,122,68,0.5573770491803278,12,0.6666666666666666,12,0.5833333333333334,0
LOLTMNT01_444547,LCK_20260814_Dplus_Kia_vs_T1_S6,2,2026-08-14 09:03:22+00:00,16.15,BLUE,T1,Pantheon,2,106,51,0.4811320754716981,9,0.5555555555555556,8,0.5,0
LOLTMNT01_444547,LCK_20260814_Dplus_Kia_vs_T1_S6,2,2026-08-14 09:03:22+00:00,16.15,BLUE,T1,Ambessa,3,85,34,0.4,6,0.6666666666666666,10,0.6,0
LOLTMNT01_444547,LCK_20260814_Dplus_Kia_vs_T1_S6,2,2026-08-14 09:03:22+00:00,16.15,BLUE,T1,Caitlyn,4,56,30,0.5357142857142857,4,0.5,7,0.8571428571428571,0
LOLTMNT01_444547,LCK_20260814_Dplus_Kia_vs_T1_S6,2,2026-08-14 09:03:22+00:00,16.15,BLUE,T1,Lux,5,11,7,0.6363636363636364,2,0.0,5,0.8,0
LOLTMNT01_444547,LCK_20260814_Dplus_Kia_vs_T1_S6,2,2026-08-14 09:03:22+00:00,16.15,RED,Dplus Kia,Ezreal,1,107,44,0.411214953271028,10,0.5,10,0.3,1
LOLTMNT01_444547,LCK_20260814_Dplus_Kia_vs_T1_S6,2,2026-08-14 09:03:22+00:00,16.15,RED,Dplus Kia,Jarvan IV,2,127,68,0.5354330708661418,10,0.5,24,0.75,1
LOLTMNT01_444547,LCK_20260814_Dplus_Kia_vs_T1_S6,2,2026-08-14 09:03:22+00:00,16.15,RED,Dplus Kia,Karma,3,65,36,0.5538461538461539,5,0.4,9,0.8888888888888888,1
LOLTMNT01_444547,LCK_20260814_Dplus_Kia_vs_T1_S6,2,2026-08-14 09:03:22+00:00,16.15,RED,Dplus Kia,Aatrox,4,19,7,0.3684210526315789,1,0.0,3,0.3333333333333333,1
LOLTMNT01_444547,LCK_20260814_Dplus_Kia_vs_T1_S6,2,2026-08-14 09:03:22+00:00,16.15,RED,Dplus Kia,Twisted Fate,5,25,13,0.52,0,,5,0.6,1
LOLTMNT01_444568,LCK_20260814_Dplus_Kia_vs_T1_S6,3,2026-08-14 10:12:47+00:00,16.15,BLUE,Dplus Kia,Cassiopeia,1,48,27,0.5625,7,0.7142857142857143,5,1.0,1
LOLTMNT01_444568,LCK_20260814_Dplus_Kia_vs_T1_S6,3,2026-08-14 10:12:47+00:00,16.15,BLUE,Dplus Kia,K'Sante,2,73,34,0.4657534246575342,6,0.6666666666666666,12,0.75,1
LOLTMNT01_444568,LCK_20260814_Dplus_Kia_vs_T1_S6,3,2026-08-14 10:12:47+00:00,16.15,BLUE,Dplus Kia,Naafiri,3,41,20,0.4878048780487805,7,0.5714285714285714,0,,1
LOLTMNT01_444568,LCK_20260814_Dplus_Kia_vs_T1_S6,3,2026-08-14 10:12:47+00:00,16.15,BLUE,Dplus Kia,Rakan,4,39,23,0.5897435897435898,1,1.0,4,0.5,1
LOLTMNT01_444568,LCK_20260814_Dplus_Kia_vs_T1_S6,3,2026-08-14 10:12:47+00:00,16.15,BLUE,Dplus Kia,Akali,5,36,15,0.4166666666666667,2,1.0,0,,1
LOLTMNT01_444568,LCK_20260814_Dplus_Kia_vs_T1_S6,3,2026-08-14 10:12:47+00:00,16.15,RED,T1,Jayce,1,83,37,0.4457831325301205,10,0.5,11,0.8181818181818182,0
LOLTMNT01_444568,LCK_20260814_Dplus_Kia_vs_T1_S6,3,2026-08-14 10:12:47+00:00,16.15,RED,T1,Ziggs,2,33,16,0.48484848484848486,5,0.4,2,0.5,0
LOLTMNT01_444568,LCK_20260814_Dplus_Kia_vs_T1_S6,3,2026-08-14 10:12:47+00:00,16.15,RED,T1,Trundle,3,26,17,0.6538461538461539,1,0.0,2,0.5,0
LOLTMNT01_444568,LCK_20260814_Dplus_Kia_vs_T1_S6,3,2026-08-14 10:12:47+00:00,16.15,RED,T1,Shen,4,31,22,0.7096774193548387,14,0.6428571428571429,3,0.3333333333333333,0
LOLTMNT01_444568,LCK_20260814_Dplus_Kia_vs_T1_S6,3,2026-08-14 10:12:47+00:00,16.15,RED,T1,Viktor,5,43,14,0.32558139534883723,8,0.25,3,0.0,0
LOLTMNT01_444599,LCK_20260814_HANJIN_BRION_vs_Nongshim_RedForce_S4,1,2026-08-14 11:28:48+00:00,16.15,BLUE,HANJIN BRION,Syndra,1,26,11,0.4230769230769231,8,0.375,2,0.5,0
LOLTMNT01_444599,LCK_20260814_HANJIN_BRION_vs_Nongshim_RedForce_S4,1,2026-08-14 11:28:48+00:00,16.15,BLUE,HANJIN BRION,Jhin,2,89,48,0.5393258426966292,13,0.5384615384615384,9,0.2222222222222222,0
LOLTMNT01_444599,LCK_20260814_HANJIN_BRION_vs_Nongshim_RedForce_S4,1,2026-08-14 11:28:48+00:00,16.15,BLUE,HANJIN BRION,Lee Sin,3,68,40,0.5882352941176471,11,0.6363636363636364,8,0.375,0
LOLTMNT01_444599,LCK_20260814_HANJIN_BRION_vs_Nongshim_RedForce_S4,1,2026-08-14 11:28:48+00:00,16.15,BLUE,HANJIN BRION,Gnar,4,93,54,0.5806451612903226,4,0.0,7,0.5714285714285714,0
LOLTMNT01_444599,LCK_20260814_HANJIN_BRION_vs_Nongshim_RedForce_S4,1,2026-08-14 11:28:48+00:00,16.15,BLUE,HANJIN BRION,Rakan,5,40,24,0.6,2,1.0,2,0.5,0
LOLTMNT01_444599,LCK_20260814_HANJIN_BRION_vs_Nongshim_RedForce_S4,1,2026-08-14 11:28:48+00:00,16.15,RED,Nongshim RedForce,Cassiopeia,1,49,28,0.5714285714285714,8,0.75,2,0.0,1
LOLTMNT01_444599,LCK_20260814_HANJIN_BRION_vs_Nongshim_RedForce_S4,1,2026-08-14 11:28:48+00:00,16.15,RED,Nongshim RedForce,Jarvan IV,2,128,69,0.5390625,11,0.5454545454545454,16,0.5625,1
LOLTMNT01_444599,LCK_20260814_HANJIN_BRION_vs_Nongshim_RedForce_S4,1,2026-08-14 11:28:48+00:00,16.15,RED,Nongshim RedForce,Rumble,3,73,36,0.4931506849315068,9,0.3333333333333333,7,0.42857142857142855,1
LOLTMNT01_444599,LCK_20260814_HANJIN_BRION_vs_Nongshim_RedForce_S4,1,2026-08-14 11:28:48+00:00,16.15,RED,Nongshim RedForce,Ezreal,4,108,45,0.4166666666666667,11,0.5454545454545454,12,0.25,1
LOLTMNT01_444599,LCK_20260814_HANJIN_BRION_vs_Nongshim_RedForce_S4,1,2026-08-14 11:28:48+00:00,16.15,RED,Nongshim RedForce,Leona,5,24,12,0.5,4,0.75,7,0.8571428571428571,1
LOLTMNT01_443649,LCK_20260814_HANJIN_BRION_vs_Nongshim_RedForce_S4,2,2026-08-14 12:17:36+00:00,16.15,BLUE,Nongshim RedForce,Nocturne,1,61,31,0.5081967213114754,7,0.5714285714285714,7,0.2857142857142857,1
LOLTMNT01_443649,LCK_20260814_HANJIN_BRION_vs_Nongshim_RedForce_S4,2,2026-08-14 12:17:36+00:00,16.15,BLUE,Nongshim RedForce,Galio,2,30,17,0.5666666666666667,3,1.0,3,0.3333333333333333,1
LOLTMNT01_443649,LCK_20260814_HANJIN_BRION_vs_Nongshim_RedForce_S4,2,2026-08-14 12:17:36+00:00,16.15,BLUE,Nongshim RedForce,Olaf,3,22,16,0.7272727272727273,11,0.5454545454545454,2,0.5,1
LOLTMNT01_443649,LCK_20260814_HANJIN_BRION_vs_Nongshim_RedForce_S4,2,2026-08-14 12:17:36+00:00,16.15,BLUE,Nongshim RedForce,Neeko,4,69,35,0.5072463768115942,0,,9,0.2222222222222222,1
LOLTMNT01_443649,LCK_20260814_HANJIN_BRION_vs_Nongshim_RedForce_S4,2,2026-08-14 12:17:36+00:00,16.15,BLUE,Nongshim RedForce,Corki,5,64,29,0.453125,8,0.375,6,0.3333333333333333,1
LOLTMNT01_443649,LCK_20260814_HANJIN_BRION_vs_Nongshim_RedForce_S4,2,2026-08-14 12:17:36+00:00,16.15,RED,HANJIN BRION,Orianna,1,65,33,0.5076923076923077,7,0.42857142857142855,8,0.25,0
LOLTMNT01_443649,LCK_20260814_HANJIN_BRION_vs_Nongshim_RedForce_S4,2,2026-08-14 12:17:36+00:00,16.15,RED,HANJIN BRION,Yunara,2,97,47,0.4845360824742268,3,0.3333333333333333,4,0.25,0
LOLTMNT01_443649,LCK_20260814_HANJIN_BRION_vs_Nongshim_RedForce_S4,2,2026-08-14 12:17:36+00:00,16.15,RED,HANJIN BRION,Lulu,3,75,35,0.4666666666666667,3,0.6666666666666666,5,0.2,0
LOLTMNT01_443649,LCK_20260814_HANJIN_BRION_vs_Nongshim_RedForce_S4,2,2026-08-14 12:17:36+00:00,16.15,RED,HANJIN BRION,Naafiri,4,42,21,0.5,8,0.625,5,0.2,0
LOLTMNT01_443649,LCK_20260814_HANJIN_BRION_vs_Nongshim_RedForce_S4,2,2026-08-14 12:17:36+00:00,16.15,RED,HANJIN BRION,Vayne,5,18,13,0.7222222222222222,3,0.6666666666666666,0,,0
LOLTMNT01_443758,LCK_20260815_Hanwha_Life_Esports_vs_KT_Rolster_S4,1,2026-08-15 08:08:03+00:00,16.15,BLUE,KT Rolster,Ezreal,1,109,46,0.42201834862385323,12,0.5833333333333334,10,0.4,1
LOLTMNT01_443758,LCK_20260815_Hanwha_Life_Esports_vs_KT_Rolster_S4,1,2026-08-15 08:08:03+00:00,16.15,BLUE,KT Rolster,Syndra,2,27,11,0.4074074074074074,9,0.3333333333333333,2,0.0,1
LOLTMNT01_443758,LCK_20260815_Hanwha_Life_Esports_vs_KT_Rolster_S4,1,2026-08-15 08:08:03+00:00,16.15,BLUE,KT Rolster,K'Sante,3,74,35,0.47297297297297297,7,0.7142857142857143,7,0.14285714285714285,1
LOLTMNT01_443758,LCK_20260815_Hanwha_Life_Esports_vs_KT_Rolster_S4,1,2026-08-15 08:08:03+00:00,16.15,BLUE,KT Rolster,Bard,4,80,46,0.575,6,0.5,6,0.3333333333333333,1
LOLTMNT01_443758,LCK_20260815_Hanwha_Life_Esports_vs_KT_Rolster_S4,1,2026-08-15 08:08:03+00:00,16.15,BLUE,KT Rolster,Xin Zhao,5,122,58,0.47540983606557374,6,0.5,7,0.42857142857142855,1
LOLTMNT01_443758,LCK_20260815_Hanwha_Life_Esports_vs_KT_Rolster_S4,1,2026-08-15 08:08:03+00:00,16.15,RED,Hanwha Life Esports,Ryze,1,123,68,0.5528455284552846,13,0.6153846153846154,11,0.6363636363636364,0
LOLTMNT01_443758,LCK_20260815_Hanwha_Life_Esports_vs_KT_Rolster_S4,1,2026-08-15 08:08:03+00:00,16.15,RED,Hanwha Life Esports,Jayce,2,84,37,0.44047619047619047,11,0.45454545454545453,7,1.0,0
LOLTMNT01_443758,LCK_20260815_Hanwha_Life_Esports_vs_KT_Rolster_S4,1,2026-08-15 08:08:03+00:00,16.15,RED,Hanwha Life Esports,Jarvan IV,3,129,70,0.5426356589147286,12,0.5833333333333334,15,0.5333333333333333,0
LOLTMNT01_443758,LCK_20260815_Hanwha_Life_Esports_vs_KT_Rolster_S4,1,2026-08-15 08:08:03+00:00,16.15,RED,Hanwha Life Esports,Karma,4,66,37,0.5606060606060606,6,0.5,3,0.6666666666666666,0
LOLTMNT01_443758,LCK_20260815_Hanwha_Life_Esports_vs_KT_Rolster_S4,1,2026-08-15 08:08:03+00:00,16.15,RED,Hanwha Life Esports,Jhin,5,90,48,0.5333333333333333,14,0.5,9,0.4444444444444444,0
LOLTMNT01_444718,LCK_20260815_Hanwha_Life_Esports_vs_KT_Rolster_S4,2,2026-08-15 09:08:38+00:00,16.15,BLUE,Hanwha Life Esports,Vi,1,89,45,0.5056179775280899,10,0.5,16,0.75,1
LOLTMNT01_444718,LCK_20260815_Hanwha_Life_Esports_vs_KT_Rolster_S4,2,2026-08-15 09:08:38+00:00,16.15,BLUE,Hanwha Life Esports,Xayah,2,23,13,0.5652173913043478,3,0.6666666666666666,5,0.6,1
LOLTMNT01_444718,LCK_20260815_Hanwha_Life_Esports_vs_KT_Rolster_S4,2,2026-08-15 09:08:38+00:00,16.15,BLUE,Hanwha Life Esports,Rakan,3,41,24,0.5853658536585366,3,0.6666666666666666,6,0.6666666666666666,1
LOLTMNT01_444718,LCK_20260815_Hanwha_Life_Esports_vs_KT_Rolster_S4,2,2026-08-15 09:08:38+00:00,16.15,BLUE,Hanwha Life Esports,Akali,4,37,16,0.43243243243243246,3,1.0,3,0.6666666666666666,1
LOLTMNT01_444718,LCK_20260815_Hanwha_Life_Esports_vs_KT_Rolster_S4,2,2026-08-15 09:08:38+00:00,16.15,BLUE,Hanwha Life Esports,Ambessa,5,86,34,0.3953488372093023,7,0.5714285714285714,6,0.3333333333333333,1
LOLTMNT01_444718,LCK_20260815_Hanwha_Life_Esports_vs_KT_Rolster_S4,2,2026-08-15 09:08:38+00:00,16.15,RED,KT Rolster,Lucian,1,71,33,0.4647887323943662,6,0.5,8,0.5,0
LOLTMNT01_444718,LCK_20260815_Hanwha_Life_Esports_vs_KT_Rolster_S4,2,2026-08-15 09:08:38+00:00,16.15,RED,KT Rolster,Milio,2,52,24,0.46153846153846156,6,0.3333333333333333,3,0.0,0
LOLTMNT01_444718,LCK_20260815_Hanwha_Life_Esports_vs_KT_Rolster_S4,2,2026-08-15 09:08:38+00:00,16.15,RED,KT Rolster,Trundle,3,27,17,0.6296296296296297,2,0.0,5,0.8,0
LOLTMNT01_444718,LCK_20260815_Hanwha_Life_Esports_vs_KT_Rolster_S4,2,2026-08-15 09:08:38+00:00,16.15,RED,KT Rolster,Rumble,4,74,37,0.5,10,0.4,7,0.42857142857142855,0
LOLTMNT01_444718,LCK_20260815_Hanwha_Life_Esports_vs_KT_Rolster_S4,2,2026-08-15 09:08:38+00:00,16.15,RED,KT Rolster,Galio,5,31,18,0.5806451612903226,4,1.0,0,,0
LOLTMNT01_443787,LCK_20260815_Hanwha_Life_Esports_vs_KT_Rolster_S4,3,2026-08-15 09:54:58+00:00,16.15,BLUE,Hanwha Life Esports,Lulu,1,76,35,0.4605263157894737,4,0.5,6,0.6666666666666666,1
LOLTMNT01_443787,LCK_20260815_Hanwha_Life_Esports_vs_KT_Rolster_S4,3,2026-08-15 09:54:58+00:00,16.15,BLUE,Hanwha Life Esports,Yunara,2,98,47,0.47959183673469385,4,0.25,5,0.4,1
LOLTMNT01_443787,LCK_20260815_Hanwha_Life_Esports_vs_KT_Rolster_S4,3,2026-08-15 09:54:58+00:00,16.15,BLUE,Hanwha Life Esports,Olaf,3,23,17,0.7391304347826086,12,0.5833333333333334,2,0.5,1
LOLTMNT01_443787,LCK_20260815_Hanwha_Life_Esports_vs_KT_Rolster_S4,3,2026-08-15 09:54:58+00:00,16.15,BLUE,Hanwha Life Esports,Ahri,4,45,28,0.6222222222222222,1,1.0,7,0.8571428571428571,1
LOLTMNT01_443787,LCK_20260815_Hanwha_Life_Esports_vs_KT_Rolster_S4,3,2026-08-15 09:54:58+00:00,16.15,BLUE,Hanwha Life Esports,Skarner,5,24,13,0.5416666666666666,4,0.25,0,,1
LOLTMNT01_443787,LCK_20260815_Hanwha_Life_Esports_vs_KT_Rolster_S4,3,2026-08-15 09:54:58+00:00,16.15,RED,KT Rolster,Nocturne,1,62,32,0.5161290322580645,8,0.625,4,0.75,0
LOLTMNT01_443787,LCK_20260815_Hanwha_Life_Esports_vs_KT_Rolster_S4,3,2026-08-15 09:54:58+00:00,16.15,RED,KT Rolster,Corki,2,65,30,0.46153846153846156,9,0.4444444444444444,7,0.14285714285714285,0
LOLTMNT01_443787,LCK_20260815_Hanwha_Life_Esports_vs_KT_Rolster_S4,3,2026-08-15 09:54:58+00:00,16.15,RED,KT Rolster,Nautilus,3,76,30,0.39473684210526316,8,0.25,13,0.38461538461538464,0
LOLTMNT01_443787,LCK_20260815_Hanwha_Life_Esports_vs_KT_Rolster_S4,3,2026-08-15 09:54:58+00:00,16.15,RED,KT Rolster,Kled,4,2,2,1.0,2,1.0,0,,0
LOLTMNT01_443787,LCK_20260815_Hanwha_Life_Esports_vs_KT_Rolster_S4,3,2026-08-15 09:54:58+00:00,16.15,RED,KT Rolster,Aurora,5,72,28,0.3888888888888889,2,0.5,1,1.0,0
LOLTMNT01_444760,LCK_20260815_BNK_FEARX_vs_DN_SOOPers_S6,1,2026-08-15 11:08:43+00:00,16.15,BLUE,BNK FEARX,Ezreal,1,110,47,0.42727272727272725,13,0.6153846153846154,19,0.3157894736842105,0
LOLTMNT01_444760,LCK_20260815_BNK_FEARX_vs_DN_SOOPers_S6,1,2026-08-15 11:08:43+00:00,16.15,BLUE,BNK FEARX,Pantheon,2,107,51,0.4766355140186916,10,0.5,14,0.5714285714285714,0
LOLTMNT01_444760,LCK_20260815_BNK_FEARX_vs_DN_SOOPers_S6,1,2026-08-15 11:08:43+00:00,16.15,BLUE,BNK FEARX,Bard,3,81,47,0.5802469135802469,7,0.5714285714285714,7,0.2857142857142857,0
LOLTMNT01_444760,LCK_20260815_BNK_FEARX_vs_DN_SOOPers_S6,1,2026-08-15 11:08:43+00:00,16.15,BLUE,BNK FEARX,Syndra,4,28,12,0.42857142857142855,10,0.4,6,0.5,0
LOLTMNT01_444760,LCK_20260815_BNK_FEARX_vs_DN_SOOPers_S6,1,2026-08-15 11:08:43+00:00,16.15,BLUE,BNK FEARX,Kled,5,3,2,0.6666666666666666,3,0.6666666666666666,0,,0
LOLTMNT01_444760,LCK_20260815_BNK_FEARX_vs_DN_SOOPers_S6,1,2026-08-15 11:08:43+00:00,16.15,RED,DN SOOPers,Lee Sin,1,69,40,0.5797101449275363,12,0.5833333333333334,13,0.5384615384615384,1
LOLTMNT01_444760,LCK_20260815_BNK_FEARX_vs_DN_SOOPers_S6,1,2026-08-15 11:08:43+00:00,16.15,RED,DN SOOPers,Ryze,2,124,68,0.5483870967741935,14,0.5714285714285714,9,0.3333333333333333,1
LOLTMNT01_444760,LCK_20260815_BNK_FEARX_vs_DN_SOOPers_S6,1,2026-08-15 11:08:43+00:00,16.15,RED,DN SOOPers,Olaf,3,24,18,0.75,13,0.6153846153846154,2,0.5,1
LOLTMNT01_444760,LCK_20260815_BNK_FEARX_vs_DN_SOOPers_S6,1,2026-08-15 11:08:43+00:00,16.15,RED,DN SOOPers,Sivir,4,47,28,0.5957446808510638,4,0.5,7,0.14285714285714285,1
LOLTMNT01_444760,LCK_20260815_BNK_FEARX_vs_DN_SOOPers_S6,1,2026-08-15 11:08:43+00:00,16.15,RED,DN SOOPers,Karma,5,67,37,0.5522388059701493,7,0.42857142857142855,3,0.0,1
LOLTMNT01_444770,LCK_20260815_BNK_FEARX_vs_DN_SOOPers_S6,2,2026-08-15 11:59:11+00:00,16.15,BLUE,BNK FEARX,Jhin,1,91,48,0.5274725274725275,15,0.4666666666666667,6,0.3333333333333333,0
LOLTMNT01_444770,LCK_20260815_BNK_FEARX_vs_DN_SOOPers_S6,2,2026-08-15 11:59:11+00:00,16.15,BLUE,BNK FEARX,Shen,2,32,22,0.6875,15,0.6,5,0.8,0
LOLTMNT01_444770,LCK_20260815_BNK_FEARX_vs_DN_SOOPers_S6,2,2026-08-15 11:59:11+00:00,16.15,BLUE,BNK FEARX,Jarvan IV,3,130,70,0.5384615384615384,13,0.5384615384615384,14,0.35714285714285715,0
LOLTMNT01_444770,LCK_20260815_BNK_FEARX_vs_DN_SOOPers_S6,2,2026-08-15 11:59:11+00:00,16.15,BLUE,BNK FEARX,Udyr,4,0,0,,0,,0,,0
LOLTMNT01_444770,LCK_20260815_BNK_FEARX_vs_DN_SOOPers_S6,2,2026-08-15 11:59:11+00:00,16.15,BLUE,BNK FEARX,Akali,5,38,17,0.4473684210526316,4,1.0,6,0.16666666666666666,0
LOLTMNT01_444770,LCK_20260815_BNK_FEARX_vs_DN_SOOPers_S6,2,2026-08-15 11:59:11+00:00,16.15,RED,DN SOOPers,Vi,1,90,46,0.5111111111111111,11,0.5454545454545454,8,0.0,1
LOLTMNT01_444770,LCK_20260815_BNK_FEARX_vs_DN_SOOPers_S6,2,2026-08-15 11:59:11+00:00,16.15,RED,DN SOOPers,Rumble,2,75,37,0.49333333333333335,11,0.36363636363636365,11,0.36363636363636365,1
LOLTMNT01_444770,LCK_20260815_BNK_FEARX_vs_DN_SOOPers_S6,2,2026-08-15 11:59:11+00:00,16.15,RED,DN SOOPers,Ahri,3,46,29,0.6304347826086957,2,1.0,8,0.5,1
LOLTMNT01_444770,LCK_20260815_BNK_FEARX_vs_DN_SOOPers_S6,2,2026-08-15 11:59:11+00:00,16.15,RED,DN SOOPers,Corki,4,66,30,0.45454545454545453,10,0.4,10,0.2,1
LOLTMNT01_444770,LCK_20260815_BNK_FEARX_vs_DN_SOOPers_S6,2,2026-08-15 11:59:11+00:00,16.15,RED,DN SOOPers,Rell,5,26,10,0.38461538461538464,2,0.0,9,0.3333333333333333,1
LOLTMNT01_444860,LCK_20260816_Gen_G_vs_T1_S5,1,2026-08-16 08:07:26+00:00,16.15,BLUE,Gen.G,Olaf,1,25,19,0.76,14,0.6428571428571429,2,1.0,1
LOLTMNT01_444860,LCK_20260816_Gen_G_vs_T1_S5,1,2026-08-16 08:07:26+00:00,16.15,BLUE,Gen.G,Lee Sin,2,70,41,0.5857142857142857,13,0.6153846153846154,6,0.8333333333333334,1
LOLTMNT01_444860,LCK_20260816_Gen_G_vs_T1_S5,1,2026-08-16 08:07:26+00:00,16.15,BLUE,Gen.G,Galio,3,32,18,0.5625,5,0.8,8,0.875,1
LOLTMNT01_444860,LCK_20260816_Gen_G_vs_T1_S5,1,2026-08-16 08:07:26+00:00,16.15,BLUE,Gen.G,Kalista,4,22,11,0.5,2,1.0,2,1.0,1
LOLTMNT01_444860,LCK_20260816_Gen_G_vs_T1_S5,1,2026-08-16 08:07:26+00:00,16.15,BLUE,Gen.G,Renata Glasc,5,22,10,0.45454545454545453,2,1.0,2,1.0,1
LOLTMNT01_444860,LCK_20260816_Gen_G_vs_T1_S5,1,2026-08-16 08:07:26+00:00,16.15,RED,T1,Orianna,1,66,33,0.5,8,0.375,7,0.8571428571428571,0
LOLTMNT01_444860,LCK_20260816_Gen_G_vs_T1_S5,1,2026-08-16 08:07:26+00:00,16.15,RED,T1,Camille,2,18,10,0.5555555555555556,7,0.5714285714285714,4,1.0,0
LOLTMNT01_444860,LCK_20260816_Gen_G_vs_T1_S5,1,2026-08-16 08:07:26+00:00,16.15,RED,T1,Jhin,3,92,48,0.5217391304347826,16,0.4375,11,0.7272727272727273,0
LOLTMNT01_444860,LCK_20260816_Gen_G_vs_T1_S5,1,2026-08-16 08:07:26+00:00,16.15,RED,T1,Vayne,4,19,13,0.6842105263157895,4,0.5,2,0.5,0
LOLTMNT01_444860,LCK_20260816_Gen_G_vs_T1_S5,1,2026-08-16 08:07:26+00:00,16.15,RED,T1,Pantheon,5,108,51,0.4722222222222222,11,0.45454545454545453,9,0.4444444444444444,0
LOLTMNT01_443917,LCK_20260816_Gen_G_vs_T1_S5,2,2026-08-16 09:15:34+00:00,16.15,BLUE,Gen.G,Ezreal,1,111,47,0.42342342342342343,14,0.5714285714285714,9,0.7777777777777778,1
LOLTMNT01_443917,LCK_20260816_Gen_G_vs_T1_S5,2,2026-08-16 09:15:34+00:00,16.15,BLUE,Gen.G,Jarvan IV,2,131,70,0.5343511450381679,14,0.5,8,0.875,1
LOLTMNT01_443917,LCK_20260816_Gen_G_vs_T1_S5,2,2026-08-16 09:15:34+00:00,16.15,BLUE,Gen.G,Seraphine,3,62,34,0.5483870967741935,1,1.0,12,0.6666666666666666,1
LOLTMNT01_443917,LCK_20260816_Gen_G_vs_T1_S5,2,2026-08-16 09:15:34+00:00,16.15,BLUE,Gen.G,K'Sante,4,75,36,0.48,8,0.75,4,0.25,1
LOLTMNT01_443917,LCK_20260816_Gen_G_vs_T1_S5,2,2026-08-16 09:15:34+00:00,16.15,BLUE,Gen.G,Syndra,5,29,12,0.41379310344827586,11,0.36363636363636365,1,1.0,1
LOLTMNT01_443917,LCK_20260816_Gen_G_vs_T1_S5,2,2026-08-16 09:15:34+00:00,16.15,RED,T1,Karma,1,68,38,0.5588235294117647,8,0.5,4,0.5,0
LOLTMNT01_443917,LCK_20260816_Gen_G_vs_T1_S5,2,2026-08-16 09:15:34+00:00,16.15,RED,T1,Caitlyn,2,57,30,0.5263157894736842,5,0.4,8,0.75,0
LOLTMNT01_443917,LCK_20260816_Gen_G_vs_T1_S5,2,2026-08-16 09:15:34+00:00,16.15,RED,T1,Xin Zhao,3,123,59,0.4796747967479675,7,0.5714285714285714,16,0.8125,0
LOLTMNT01_443917,LCK_20260816_Gen_G_vs_T1_S5,2,2026-08-16 09:15:34+00:00,16.15,RED,T1,Twisted Fate,4,26,14,0.5384615384615384,1,1.0,7,0.7142857142857143,0
LOLTMNT01_443917,LCK_20260816_Gen_G_vs_T1_S5,2,2026-08-16 09:15:34+00:00,16.15,RED,T1,Ambessa,5,87,35,0.40229885057471265,8,0.625,11,0.5454545454545454,0
LOLTMNT01_443931,LCK_20260816_HANJIN_BRION_vs_Kiwoom_DRX_S6,1,2026-08-16 10:44:01+00:00,16.15,BLUE,HANJIN BRION,Jarvan IV,1,132,71,0.5378787878787878,15,0.5333333333333333,6,0.3333333333333333,1
LOLTMNT01_443931,LCK_20260816_HANJIN_BRION_vs_Kiwoom_DRX_S6,1,2026-08-16 10:44:01+00:00,16.15,BLUE,HANJIN BRION,Olaf,2,26,20,0.7692307692307693,15,0.6666666666666666,0,,1
LOLTMNT01_443931,LCK_20260816_HANJIN_BRION_vs_Kiwoom_DRX_S6,1,2026-08-16 10:44:01+00:00,16.15,BLUE,HANJIN BRION,Cassiopeia,3,50,29,0.58,9,0.7777777777777778,6,0.6666666666666666,1
LOLTMNT01_443931,LCK_20260816_HANJIN_BRION_vs_Kiwoom_DRX_S6,1,2026-08-16 10:44:01+00:00,16.15,BLUE,HANJIN BRION,Caitlyn,4,58,30,0.5172413793103449,6,0.3333333333333333,7,0.2857142857142857,1
LOLTMNT01_443931,LCK_20260816_HANJIN_BRION_vs_Kiwoom_DRX_S6,1,2026-08-16 10:44:01+00:00,16.15,BLUE,HANJIN BRION,Elise,5,8,4,0.5,0,,7,0.5714285714285714,1
LOLTMNT01_443931,LCK_20260816_HANJIN_BRION_vs_Kiwoom_DRX_S6,1,2026-08-16 10:44:01+00:00,16.15,RED,Kiwoom DRX,Orianna,1,67,33,0.4925373134328358,9,0.3333333333333333,12,0.5,0
LOLTMNT01_443931,LCK_20260816_HANJIN_BRION_vs_Kiwoom_DRX_S6,1,2026-08-16 10:44:01+00:00,16.15,RED,Kiwoom DRX,Lee Sin,2,71,42,0.5915492957746479,14,0.6428571428571429,6,0.5,0
LOLTMNT01_443931,LCK_20260816_HANJIN_BRION_vs_Kiwoom_DRX_S6,1,2026-08-16 10:44:01+00:00,16.15,RED,Kiwoom DRX,Jax,3,20,11,0.55,2,0.5,6,0.6666666666666666,0
LOLTMNT01_443931,LCK_20260816_HANJIN_BRION_vs_Kiwoom_DRX_S6,1,2026-08-16 10:44:01+00:00,16.15,RED,Kiwoom DRX,Bard,4,82,47,0.573170731707317,8,0.5,12,0.5,0
LOLTMNT01_443931,LCK_20260816_HANJIN_BRION_vs_Kiwoom_DRX_S6,1,2026-08-16 10:44:01+00:00,16.15,RED,Kiwoom DRX,Yunara,5,99,48,0.48484848484848486,5,0.4,20,0.4,0
LOLTMNT01_443935,LCK_20260816_HANJIN_BRION_vs_Kiwoom_DRX_S6,2,2026-08-16 11:45:25+00:00,16.15,BLUE,Kiwoom DRX,Karma,1,69,38,0.5507246376811594,9,0.4444444444444444,10,0.4,1
LOLTMNT01_443935,LCK_20260816_HANJIN_BRION_vs_Kiwoom_DRX_S6,2,2026-08-16 11:45:25+00:00,16.15,BLUE,Kiwoom DRX,Ezreal,2,112,48,0.42857142857142855,15,0.6,13,0.3076923076923077,1
LOLTMNT01_443935,LCK_20260816_HANJIN_BRION_vs_Kiwoom_DRX_S6,2,2026-08-16 11:45:25+00:00,16.15,BLUE,Kiwoom DRX,Wukong,3,57,28,0.49122807017543857,1,0.0,3,0.6666666666666666,1
LOLTMNT01_443935,LCK_20260816_HANJIN_BRION_vs_Kiwoom_DRX_S6,2,2026-08-16 11:45:25+00:00,16.15,BLUE,Kiwoom DRX,K'Sante,4,76,37,0.4868421052631579,9,0.7777777777777778,13,0.5384615384615384,1
LOLTMNT01_443935,LCK_20260816_HANJIN_BRION_vs_Kiwoom_DRX_S6,2,2026-08-16 11:45:25+00:00,16.15,BLUE,Kiwoom DRX,Viktor,5,44,14,0.3181818181818182,9,0.2222222222222222,5,0.6,1
LOLTMNT01_443935,LCK_20260816_HANJIN_BRION_vs_Kiwoom_DRX_S6,2,2026-08-16 11:45:25+00:00,16.15,RED,HANJIN BRION,Xin Zhao,1,124,59,0.47580645161290325,8,0.5,14,0.5714285714285714,0
LOLTMNT01_443935,LCK_20260816_HANJIN_BRION_vs_Kiwoom_DRX_S6,2,2026-08-16 11:45:25+00:00,16.15,RED,HANJIN BRION,Lucian,2,72,33,0.4583333333333333,7,0.42857142857142855,10,0.4,0
LOLTMNT01_443935,LCK_20260816_HANJIN_BRION_vs_Kiwoom_DRX_S6,2,2026-08-16 11:45:25+00:00,16.15,RED,HANJIN BRION,Milio,3,53,24,0.4528301886792453,7,0.2857142857142857,7,0.42857142857142855,0
LOLTMNT01_443935,LCK_20260816_HANJIN_BRION_vs_Kiwoom_DRX_S6,2,2026-08-16 11:45:25+00:00,16.15,RED,HANJIN BRION,Jayce,4,85,37,0.43529411764705883,12,0.4166666666666667,10,0.4,0
LOLTMNT01_443935,LCK_20260816_HANJIN_BRION_vs_Kiwoom_DRX_S6,2,2026-08-16 11:45:25+00:00,16.15,RED,HANJIN BRION,Akali,5,39,17,0.4358974358974359,5,0.8,4,0.25,0
LOLTMNT01_443939,LCK_20260816_HANJIN_BRION_vs_Kiwoom_DRX_S6,3,2026-08-16 12:38:36+00:00,16.15,BLUE,Kiwoom DRX,Corki,1,67,31,0.4626865671641791,11,0.45454545454545453,9,0.5555555555555556,0
LOLTMNT01_443939,LCK_20260816_HANJIN_BRION_vs_Kiwoom_DRX_S6,3,2026-08-16 12:38:36+00:00,16.15,BLUE,Kiwoom DRX,Ambessa,2,88,35,0.3977272727272727,9,0.5555555555555556,10,0.2,0
LOLTMNT01_443939,LCK_20260816_HANJIN_BRION_vs_Kiwoom_DRX_S6,3,2026-08-16 12:38:36+00:00,16.15,BLUE,Kiwoom DRX,Vi,3,91,47,0.5164835164835165,12,0.5833333333333334,12,0.5,0
LOLTMNT01_443939,LCK_20260816_HANJIN_BRION_vs_Kiwoom_DRX_S6,3,2026-08-16 12:38:36+00:00,16.15,BLUE,Kiwoom DRX,Alistar,4,47,21,0.44680851063829785,8,0.5,7,0.5714285714285714,0
LOLTMNT01_443939,LCK_20260816_HANJIN_BRION_vs_Kiwoom_DRX_S6,3,2026-08-16 12:38:36+00:00,16.15,BLUE,Kiwoom DRX,Annie,5,65,38,0.5846153846153846,6,0.3333333333333333,8,0.5,0
LOLTMNT01_443939,LCK_20260816_HANJIN_BRION_vs_Kiwoom_DRX_S6,3,2026-08-16 12:38:36+00:00,16.15,RED,HANJIN BRION,Nocturne,1,63,32,0.5079365079365079,9,0.5555555555555556,7,0.42857142857142855,1
LOLTMNT01_443939,LCK_20260816_HANJIN_BRION_vs_Kiwoom_DRX_S6,3,2026-08-16 12:38:36+00:00,16.15,RED,HANJIN BRION,Neeko,2,70,36,0.5142857142857142,1,1.0,13,0.38461538461538464,1
LOLTMNT01_443939,LCK_20260816_HANJIN_BRION_vs_Kiwoom_DRX_S6,3,2026-08-16 12:38:36+00:00,16.15,RED,HANJIN BRION,Kai'Sa,3,20,12,0.6,4,0.75,1,1.0,1
LOLTMNT01_443939,LCK_20260816_HANJIN_BRION_vs_Kiwoom_DRX_S6,3,2026-08-16 12:38:36+00:00,16.15,RED,HANJIN BRION,Aatrox,4,20,8,0.4,2,0.5,1,0.0,1
LOLTMNT01_443939,LCK_20260816_HANJIN_BRION_vs_Kiwoom_DRX_S6,3,2026-08-16 12:38:36+00:00,16.15,RED,HANJIN BRION,Aurora,5,73,28,0.3835616438356164,3,0.3333333333333333,11,0.5454545454545454,1
LOLTMNT02_452633,LCK_20260819_Gen_G_vs_KT_Rolster_S6,1,2026-08-19 08:05:49+00:00,16.16,BLUE,Gen.G,Ryze,1,125,69,0.552,0,,12,0.8333333333333334,1
LOLTMNT02_452633,LCK_20260819_Gen_G_vs_KT_Rolster_S6,1,2026-08-19 08:05:49+00:00,16.16,BLUE,Gen.G,Lee Sin,2,72,42,0.5833333333333334,0,,7,0.8571428571428571,1
LOLTMNT02_452633,LCK_20260819_Gen_G_vs_KT_Rolster_S6,1,2026-08-19 08:05:49+00:00,16.16,BLUE,Gen.G,Olaf,3,27,21,0.7777777777777778,0,,3,1.0,1
LOLTMNT02_452633,LCK_20260819_Gen_G_vs_KT_Rolster_S6,1,2026-08-19 08:05:49+00:00,16.16,BLUE,Gen.G,Yunara,4,100,48,0.48,0,,10,0.7,1
LOLTMNT02_452633,LCK_20260819_Gen_G_vs_KT_Rolster_S6,1,2026-08-19 08:05:49+00:00,16.16,BLUE,Gen.G,Lulu,5,77,36,0.4675324675324675,0,,5,0.6,1
LOLTMNT02_452633,LCK_20260819_Gen_G_vs_KT_Rolster_S6,1,2026-08-19 08:05:49+00:00,16.16,RED,KT Rolster,Jhin,1,93,48,0.5161290322580645,0,,7,0.5714285714285714,0
LOLTMNT02_452633,LCK_20260819_Gen_G_vs_KT_Rolster_S6,1,2026-08-19 08:05:49+00:00,16.16,RED,KT Rolster,Karma,2,70,39,0.5571428571428572,0,,10,0.8,0
LOLTMNT02_452633,LCK_20260819_Gen_G_vs_KT_Rolster_S6,1,2026-08-19 08:05:49+00:00,16.16,RED,KT Rolster,Naafiri,3,43,21,0.4883720930232558,0,,8,0.625,0
LOLTMNT02_452633,LCK_20260819_Gen_G_vs_KT_Rolster_S6,1,2026-08-19 08:05:49+00:00,16.16,RED,KT Rolster,Kled,4,4,2,0.5,0,,1,0.0,0
LOLTMNT02_452633,LCK_20260819_Gen_G_vs_KT_Rolster_S6,1,2026-08-19 08:05:49+00:00,16.16,RED,KT Rolster,Twisted Fate,5,27,14,0.5185185185185185,0,,0,,0
LOLTMNT02_451793,LCK_20260819_Gen_G_vs_KT_Rolster_S6,2,2026-08-19 09:02:30+00:00,16.16,BLUE,KT Rolster,Ezreal,1,113,49,0.4336283185840708,0,,11,0.45454545454545453,1
LOLTMNT02_451793,LCK_20260819_Gen_G_vs_KT_Rolster_S6,2,2026-08-19 09:02:30+00:00,16.16,BLUE,KT Rolster,Nocturne,2,64,33,0.515625,0,,5,0.6,1
LOLTMNT02_451793,LCK_20260819_Gen_G_vs_KT_Rolster_S6,2,2026-08-19 09:02:30+00:00,16.16,BLUE,KT Rolster,K'Sante,3,77,38,0.4935064935064935,0,,8,0.25,1
LOLTMNT02_451793,LCK_20260819_Gen_G_vs_KT_Rolster_S6,2,2026-08-19 09:02:30+00:00,16.16,BLUE,KT Rolster,Seraphine,4,63,35,0.5555555555555556,0,,8,0.625,1
LOLTMNT02_451793,LCK_20260819_Gen_G_vs_KT_Rolster_S6,2,2026-08-19 09:02:30+00:00,16.16,BLUE,KT Rolster,Syndra,5,30,13,0.43333333333333335,0,,3,0.3333333333333333,1
LOLTMNT02_451793,LCK_20260819_Gen_G_vs_KT_Rolster_S6,2,2026-08-19 09:02:30+00:00,16.16,RED,Gen.G,Jarvan IV,1,133,72,0.5413533834586466,0,,9,0.8888888888888888,0
LOLTMNT02_451793,LCK_20260819_Gen_G_vs_KT_Rolster_S6,2,2026-08-19 09:02:30+00:00,16.16,RED,Gen.G,Jayce,2,86,37,0.43023255813953487,0,,4,0.0,0
LOLTMNT02_451793,LCK_20260819_Gen_G_vs_KT_Rolster_S6,2,2026-08-19 09:02:30+00:00,16.16,RED,Gen.G,Ziggs,3,34,16,0.47058823529411764,0,,3,0.6666666666666666,0
LOLTMNT02_451793,LCK_20260819_Gen_G_vs_KT_Rolster_S6,2,2026-08-19 09:02:30+00:00,16.16,RED,Gen.G,Shen,4,33,22,0.6666666666666666,0,,4,0.75,0
LOLTMNT02_451793,LCK_20260819_Gen_G_vs_KT_Rolster_S6,2,2026-08-19 09:02:30+00:00,16.16,RED,Gen.G,Lissandra,5,6,5,0.8333333333333334,0,,1,1.0,0
LOLTMNT02_451797,LCK_20260819_Gen_G_vs_KT_Rolster_S6,3,2026-08-19 09:53:34+00:00,16.16,BLUE,KT Rolster,Bard,1,83,47,0.5662650602409639,0,,7,0.42857142857142855,0
LOLTMNT02_451797,LCK_20260819_Gen_G_vs_KT_Rolster_S6,3,2026-08-19 09:53:34+00:00,16.16,BLUE,KT Rolster,Varus,2,40,18,0.45,0,,1,0.0,0
LOLTMNT02_451797,LCK_20260819_Gen_G_vs_KT_Rolster_S6,3,2026-08-19 09:53:34+00:00,16.16,BLUE,KT Rolster,Pantheon,3,109,51,0.46788990825688076,0,,13,0.6923076923076923,0
LOLTMNT02_451797,LCK_20260819_Gen_G_vs_KT_Rolster_S6,3,2026-08-19 09:53:34+00:00,16.16,BLUE,KT Rolster,Jax,4,21,11,0.5238095238095238,0,,1,1.0,0
LOLTMNT02_451797,LCK_20260819_Gen_G_vs_KT_Rolster_S6,3,2026-08-19 09:53:34+00:00,16.16,BLUE,KT Rolster,Ahri,5,47,30,0.6382978723404256,0,,7,0.7142857142857143,0
LOLTMNT02_451797,LCK_20260819_Gen_G_vs_KT_Rolster_S6,3,2026-08-19 09:53:34+00:00,16.16,RED,Gen.G,Caitlyn,1,59,31,0.5254237288135594,0,,6,0.8333333333333334,1
LOLTMNT02_451797,LCK_20260819_Gen_G_vs_KT_Rolster_S6,3,2026-08-19 09:53:34+00:00,16.16,RED,Gen.G,Lux,2,12,7,0.5833333333333334,0,,0,,1
LOLTMNT02_451797,LCK_20260819_Gen_G_vs_KT_Rolster_S6,3,2026-08-19 09:53:34+00:00,16.16,RED,Gen.G,Skarner,3,25,14,0.56,0,,5,1.0,1
LOLTMNT02_451797,LCK_20260819_Gen_G_vs_KT_Rolster_S6,3,2026-08-19 09:53:34+00:00,16.16,RED,Gen.G,Ambessa,4,89,35,0.39325842696629215,0,,12,0.75,1
LOLTMNT02_451797,LCK_20260819_Gen_G_vs_KT_Rolster_S6,3,2026-08-19 09:53:34+00:00,16.16,RED,Gen.G,Galio,5,33,19,0.5757575757575758,0,,9,0.8888888888888888,1
LOLTMNT02_451827,LCK_20260819_DN_SOOPers_vs_HANJIN_BRION_S4,1,2026-08-19 11:22:14+00:00,16.16,BLUE,DN SOOPers,Jhin,1,94,48,0.5106382978723404,1,0.0,8,0.25,0
LOLTMNT02_451827,LCK_20260819_DN_SOOPers_vs_HANJIN_BRION_S4,1,2026-08-19 11:22:14+00:00,16.16,BLUE,DN SOOPers,Orianna,2,68,33,0.4852941176470588,0,,7,0.42857142857142855,0
LOLTMNT02_451827,LCK_20260819_DN_SOOPers_vs_HANJIN_BRION_S4,1,2026-08-19 11:22:14+00:00,16.16,BLUE,DN SOOPers,Qiyana,3,5,0,0.0,0,,1,0.0,0
LOLTMNT02_451827,LCK_20260819_DN_SOOPers_vs_HANJIN_BRION_S4,1,2026-08-19 11:22:14+00:00,16.16,BLUE,DN SOOPers,Ambessa,4,90,36,0.4,1,1.0,11,0.18181818181818182,0
LOLTMNT02_451827,LCK_20260819_DN_SOOPers_vs_HANJIN_BRION_S4,1,2026-08-19 11:22:14+00:00,16.16,BLUE,DN SOOPers,Bard,5,84,47,0.5595238095238095,1,0.0,5,0.6,0
LOLTMNT02_451827,LCK_20260819_DN_SOOPers_vs_HANJIN_BRION_S4,1,2026-08-19 11:22:14+00:00,16.16,RED,HANJIN BRION,Jarvan IV,1,134,72,0.5373134328358209,1,0.0,7,0.42857142857142855,1
LOLTMNT02_451827,LCK_20260819_DN_SOOPers_vs_HANJIN_BRION_S4,1,2026-08-19 11:22:14+00:00,16.16,RED,HANJIN BRION,Cassiopeia,2,51,30,0.5882352941176471,0,,7,0.7142857142857143,1
LOLTMNT02_451827,LCK_20260819_DN_SOOPers_vs_HANJIN_BRION_S4,1,2026-08-19 11:22:14+00:00,16.16,RED,HANJIN BRION,Olaf,3,28,22,0.7857142857142857,1,1.0,1,1.0,1
LOLTMNT02_451827,LCK_20260819_DN_SOOPers_vs_HANJIN_BRION_S4,1,2026-08-19 11:22:14+00:00,16.16,RED,HANJIN BRION,Corki,4,68,31,0.45588235294117646,0,,7,0.8571428571428571,1
LOLTMNT02_451827,LCK_20260819_DN_SOOPers_vs_HANJIN_BRION_S4,1,2026-08-19 11:22:14+00:00,16.16,RED,HANJIN BRION,Neeko,5,71,37,0.5211267605633803,0,,14,0.42857142857142855,1
LOLTMNT02_451854,LCK_20260819_DN_SOOPers_vs_HANJIN_BRION_S4,2,2026-08-19 12:15:59+00:00,16.16,BLUE,HANJIN BRION,Karma,1,71,39,0.5492957746478874,1,0.0,5,0.4,1
LOLTMNT02_451854,LCK_20260819_DN_SOOPers_vs_HANJIN_BRION_S4,2,2026-08-19 12:15:59+00:00,16.16,BLUE,HANJIN BRION,Pantheon,2,110,51,0.4636363636363636,1,0.0,14,0.2857142857142857,1
LOLTMNT02_451854,LCK_20260819_DN_SOOPers_vs_HANJIN_BRION_S4,2,2026-08-19 12:15:59+00:00,16.16,BLUE,HANJIN BRION,Caitlyn,3,60,32,0.5333333333333333,1,1.0,8,0.375,1
LOLTMNT02_451854,LCK_20260819_DN_SOOPers_vs_HANJIN_BRION_S4,2,2026-08-19 12:15:59+00:00,16.16,BLUE,HANJIN BRION,Syndra,4,31,14,0.45161290322580644,1,1.0,3,0.3333333333333333,1
LOLTMNT02_451854,LCK_20260819_DN_SOOPers_vs_HANJIN_BRION_S4,2,2026-08-19 12:15:59+00:00,16.16,BLUE,HANJIN BRION,Yorick,5,41,20,0.4878048780487805,0,,4,0.25,1
LOLTMNT02_451854,LCK_20260819_DN_SOOPers_vs_HANJIN_BRION_S4,2,2026-08-19 12:15:59+00:00,16.16,RED,DN SOOPers,Ezreal,1,114,50,0.43859649122807015,1,1.0,7,0.5714285714285714,0
LOLTMNT02_451854,LCK_20260819_DN_SOOPers_vs_HANJIN_BRION_S4,2,2026-08-19 12:15:59+00:00,16.16,RED,DN SOOPers,Seraphine,2,64,36,0.5625,1,1.0,6,0.0,0
LOLTMNT02_451854,LCK_20260819_DN_SOOPers_vs_HANJIN_BRION_S4,2,2026-08-19 12:15:59+00:00,16.16,RED,DN SOOPers,Skarner,3,26,15,0.5769230769230769,1,1.0,3,0.3333333333333333,0
LOLTMNT02_451854,LCK_20260819_DN_SOOPers_vs_HANJIN_BRION_S4,2,2026-08-19 12:15:59+00:00,16.16,RED,DN SOOPers,Jayce,4,87,37,0.42528735632183906,1,0.0,4,0.5,0
LOLTMNT02_451854,LCK_20260819_DN_SOOPers_vs_HANJIN_BRION_S4,2,2026-08-19 12:15:59+00:00,16.16,RED,DN SOOPers,Galio,5,34,20,0.5882352941176471,1,1.0,3,0.6666666666666666,0
LOLTMNT02_454038,LCK_20260820_Dplus_Kia_vs_Hanwha_Life_Esports_S4,1,2026-08-20 08:07:41+00:00,16.16,BLUE,Hanwha Life Esports,Camille,1,19,10,0.5263157894736842,0,,2,0.5,1
LOLTMNT02_454038,LCK_20260820_Dplus_Kia_vs_Hanwha_Life_Esports_S4,1,2026-08-20 08:07:41+00:00,16.16,BLUE,Hanwha Life Esports,Lee Sin,2,73,43,0.589041095890411,1,1.0,4,1.0,1
LOLTMNT02_454038,LCK_20260820_Dplus_Kia_vs_Hanwha_Life_Esports_S4,1,2026-08-20 08:07:41+00:00,16.16,BLUE,Hanwha Life Esports,Ryze,3,126,70,0.5555555555555556,1,1.0,12,0.5833333333333334,1
LOLTMNT02_454038,LCK_20260820_Dplus_Kia_vs_Hanwha_Life_Esports_S4,1,2026-08-20 08:07:41+00:00,16.16,BLUE,Hanwha Life Esports,Ziggs,4,35,16,0.45714285714285713,1,0.0,9,0.7777777777777778,1
LOLTMNT02_454038,LCK_20260820_Dplus_Kia_vs_Hanwha_Life_Esports_S4,1,2026-08-20 08:07:41+00:00,16.16,BLUE,Hanwha Life Esports,Alistar,5,48,21,0.4375,0,,8,0.5,1
LOLTMNT02_454038,LCK_20260820_Dplus_Kia_vs_Hanwha_Life_Esports_S4,1,2026-08-20 08:07:41+00:00,16.16,RED,Dplus Kia,Jarvan IV,1,135,73,0.5407407407407407,2,0.5,25,0.76,0
LOLTMNT02_454038,LCK_20260820_Dplus_Kia_vs_Hanwha_Life_Esports_S4,1,2026-08-20 08:07:41+00:00,16.16,RED,Dplus Kia,Yunara,2,101,49,0.48514851485148514,1,1.0,10,0.7,0
LOLTMNT02_454038,LCK_20260820_Dplus_Kia_vs_Hanwha_Life_Esports_S4,1,2026-08-20 08:07:41+00:00,16.16,RED,Dplus Kia,Lulu,3,78,37,0.47435897435897434,1,1.0,12,0.6666666666666666,0
LOLTMNT02_454038,LCK_20260820_Dplus_Kia_vs_Hanwha_Life_Esports_S4,1,2026-08-20 08:07:41+00:00,16.16,RED,Dplus Kia,Olaf,4,29,23,0.7931034482758621,2,1.0,3,0.6666666666666666,0
LOLTMNT02_454038,LCK_20260820_Dplus_Kia_vs_Hanwha_Life_Esports_S4,1,2026-08-20 08:07:41+00:00,16.16,RED,Dplus Kia,Twisted Fate,5,28,14,0.5,1,0.0,6,0.6666666666666666,0
LOLTMNT02_454063,LCK_20260820_Dplus_Kia_vs_Hanwha_Life_Esports_S4,2,2026-08-20 09:05:41+00:00,16.16,BLUE,Hanwha Life Esports,Orianna,1,69,33,0.4782608695652174,1,0.0,7,0.5714285714285714,1
LOLTMNT02_454063,LCK_20260820_Dplus_Kia_vs_Hanwha_Life_Esports_S4,2,2026-08-20 09:05:41+00:00,16.16,BLUE,Hanwha Life Esports,Naafiri,2,44,21,0.4772727272727273,1,0.0,2,1.0,1
LOLTMNT02_454063,LCK_20260820_Dplus_Kia_vs_Hanwha_Life_Esports_S4,2,2026-08-20 09:05:41+00:00,16.16,BLUE,Hanwha Life Esports,Yorick,3,42,21,0.5,1,1.0,6,0.8333333333333334,1
LOLTMNT02_454063,LCK_20260820_Dplus_Kia_vs_Hanwha_Life_Esports_S4,2,2026-08-20 09:05:41+00:00,16.16,BLUE,Hanwha Life Esports,Seraphine,4,65,36,0.5538461538461539,2,0.5,8,0.875,1
LOLTMNT02_454063,LCK_20260820_Dplus_Kia_vs_Hanwha_Life_Esports_S4,2,2026-08-20 09:05:41+00:00,16.16,BLUE,Hanwha Life Esports,Ashe,5,61,35,0.5737704918032787,0,,8,0.875,1
LOLTMNT02_454063,LCK_20260820_Dplus_Kia_vs_Hanwha_Life_Esports_S4,2,2026-08-20 09:05:41+00:00,16.16,RED,Dplus Kia,Jayce,1,88,37,0.42045454545454547,2,0.0,12,0.4166666666666667,0
LOLTMNT02_454063,LCK_20260820_Dplus_Kia_vs_Hanwha_Life_Esports_S4,2,2026-08-20 09:05:41+00:00,16.16,RED,Dplus Kia,Wukong,2,58,29,0.5,0,,10,0.8,0
LOLTMNT02_454063,LCK_20260820_Dplus_Kia_vs_Hanwha_Life_Esports_S4,2,2026-08-20 09:05:41+00:00,16.16,RED,Dplus Kia,Viktor,3,45,15,0.3333333333333333,0,,11,0.6363636363636364,0
LOLTMNT02_454063,LCK_20260820_Dplus_Kia_vs_Hanwha_Life_Esports_S4,2,2026-08-20 09:05:41+00:00,16.16,RED,Dplus Kia,Mel,4,27,14,0.5185185185185185,0,,3,1.0,0
LOLTMNT02_454063,LCK_20260820_Dplus_Kia_vs_Hanwha_Life_Esports_S4,2,2026-08-20 09:05:41+00:00,16.16,RED,Dplus Kia,Shen,5,34,22,0.6470588235294118,1,0.0,4,1.0,0
LOLTMNT02_454084,LCK_20260820_Kiwoom_DRX_vs_Nongshim_RedForce_S6,1,2026-08-20 10:33:18+00:00,16.16,BLUE,Kiwoom DRX,Lee Sin,1,74,44,0.5945945945945946,2,1.0,7,0.42857142857142855,0
LOLTMNT02_454084,LCK_20260820_Kiwoom_DRX_vs_Nongshim_RedForce_S6,1,2026-08-20 10:33:18+00:00,16.16,BLUE,Kiwoom DRX,Olaf,2,30,23,0.7666666666666667,3,0.6666666666666666,1,1.0,0
LOLTMNT02_454084,LCK_20260820_Kiwoom_DRX_vs_Nongshim_RedForce_S6,1,2026-08-20 10:33:18+00:00,16.16,BLUE,Kiwoom DRX,Annie,3,66,38,0.5757575757575758,0,,9,0.4444444444444444,0
LOLTMNT02_454084,LCK_20260820_Kiwoom_DRX_vs_Nongshim_RedForce_S6,1,2026-08-20 10:33:18+00:00,16.16,BLUE,Kiwoom DRX,Yunara,4,102,49,0.4803921568627451,2,0.5,21,0.38095238095238093,0
LOLTMNT02_454084,LCK_20260820_Kiwoom_DRX_vs_Nongshim_RedForce_S6,1,2026-08-20 10:33:18+00:00,16.16,BLUE,Kiwoom DRX,Lulu,5,79,37,0.46835443037974683,2,0.5,5,0.4,0
LOLTMNT02_454084,LCK_20260820_Kiwoom_DRX_vs_Nongshim_RedForce_S6,1,2026-08-20 10:33:18+00:00,16.16,RED,Nongshim RedForce,Ryze,1,127,71,0.5590551181102362,2,1.0,11,0.5454545454545454,1
LOLTMNT02_454084,LCK_20260820_Kiwoom_DRX_vs_Nongshim_RedForce_S6,1,2026-08-20 10:33:18+00:00,16.16,RED,Nongshim RedForce,Lucian,2,73,33,0.4520547945205479,0,,5,0.2,1
LOLTMNT02_454084,LCK_20260820_Kiwoom_DRX_vs_Nongshim_RedForce_S6,1,2026-08-20 10:33:18+00:00,16.16,RED,Nongshim RedForce,Milio,3,54,24,0.4444444444444444,0,,4,0.25,1
LOLTMNT02_454084,LCK_20260820_Kiwoom_DRX_vs_Nongshim_RedForce_S6,1,2026-08-20 10:33:18+00:00,16.16,RED,Nongshim RedForce,Kled,4,5,2,0.4,1,0.0,1,1.0,1
LOLTMNT02_454084,LCK_20260820_Kiwoom_DRX_vs_Nongshim_RedForce_S6,1,2026-08-20 10:33:18+00:00,16.16,RED,Nongshim RedForce,Naafiri,5,45,22,0.4888888888888889,2,0.5,1,0.0,1
LOLTMNT02_453228,LCK_20260820_Kiwoom_DRX_vs_Nongshim_RedForce_S6,2,2026-08-20 11:31:37+00:00,16.16,BLUE,Nongshim RedForce,Ezreal,1,115,50,0.43478260869565216,2,0.5,13,0.3076923076923077,1
LOLTMNT02_453228,LCK_20260820_Kiwoom_DRX_vs_Nongshim_RedForce_S6,2,2026-08-20 11:31:37+00:00,16.16,BLUE,Nongshim RedForce,Karma,2,72,40,0.5555555555555556,2,0.5,4,0.0,1
LOLTMNT02_453228,LCK_20260820_Kiwoom_DRX_vs_Nongshim_RedForce_S6,2,2026-08-20 11:31:37+00:00,16.16,BLUE,Nongshim RedForce,Galio,3,35,20,0.5714285714285714,2,0.5,4,0.5,1
LOLTMNT02_453228,LCK_20260820_Kiwoom_DRX_vs_Nongshim_RedForce_S6,2,2026-08-20 11:31:37+00:00,16.16,BLUE,Nongshim RedForce,Wukong,4,59,29,0.4915254237288136,1,0.0,5,0.2,1
LOLTMNT02_453228,LCK_20260820_Kiwoom_DRX_vs_Nongshim_RedForce_S6,2,2026-08-20 11:31:37+00:00,16.16,BLUE,Nongshim RedForce,Gnar,5,94,54,0.574468085106383,0,,9,0.4444444444444444,1
LOLTMNT02_453228,LCK_20260820_Kiwoom_DRX_vs_Nongshim_RedForce_S6,2,2026-08-20 11:31:37+00:00,16.16,RED,Kiwoom DRX,Orianna,1,70,34,0.4857142857142857,2,0.5,13,0.46153846153846156,0
LOLTMNT02_453228,LCK_20260820_Kiwoom_DRX_vs_Nongshim_RedForce_S6,2,2026-08-20 11:31:37+00:00,16.16,RED,Kiwoom DRX,Jhin,2,95,48,0.5052631578947369,2,0.0,8,0.375,0
LOLTMNT02_453228,LCK_20260820_Kiwoom_DRX_vs_Nongshim_RedForce_S6,2,2026-08-20 11:31:37+00:00,16.16,RED,Kiwoom DRX,Shen,3,35,22,0.6285714285714286,2,0.0,3,0.6666666666666666,0
LOLTMNT02_453228,LCK_20260820_Kiwoom_DRX_vs_Nongshim_RedForce_S6,2,2026-08-20 11:31:37+00:00,16.16,RED,Kiwoom DRX,K'Sante,4,78,39,0.5,1,1.0,14,0.5714285714285714,0
LOLTMNT02_453228,LCK_20260820_Kiwoom_DRX_vs_Nongshim_RedForce_S6,2,2026-08-20 11:31:37+00:00,16.16,RED,Kiwoom DRX,Zaahen,5,38,23,0.6052631578947368,0,,3,0.3333333333333333,0
LOLTMNT02_457093,LCK_20260821_BNK_FEARX_vs_HANJIN_BRION_S5,1,2026-08-21 08:07:26+00:00,16.16,BLUE,BNK FEARX,Annie,1,67,38,0.5671641791044776,1,0.0,4,0.75,1
LOLTMNT02_457093,LCK_20260821_BNK_FEARX_vs_HANJIN_BRION_S5,1,2026-08-21 08:07:26+00:00,16.16,BLUE,BNK FEARX,Lee Sin,2,75,44,0.5866666666666667,3,0.6666666666666666,8,0.75,1
LOLTMNT02_457093,LCK_20260821_BNK_FEARX_vs_HANJIN_BRION_S5,1,2026-08-21 08:07:26+00:00,16.16,BLUE,BNK FEARX,K'Sante,3,79,39,0.4936708860759494,2,0.5,12,0.3333333333333333,1
LOLTMNT02_457093,LCK_20260821_BNK_FEARX_vs_HANJIN_BRION_S5,1,2026-08-21 08:07:26+00:00,16.16,BLUE,BNK FEARX,Neeko,4,72,38,0.5277777777777778,1,1.0,10,0.5,1
LOLTMNT02_457093,LCK_20260821_BNK_FEARX_vs_HANJIN_BRION_S5,1,2026-08-21 08:07:26+00:00,16.16,BLUE,BNK FEARX,Sivir,5,48,29,0.6041666666666666,0,,4,0.5,1
LOLTMNT02_457093,LCK_20260821_BNK_FEARX_vs_HANJIN_BRION_S5,1,2026-08-21 08:07:26+00:00,16.16,RED,HANJIN BRION,Ryze,1,128,72,0.5625,3,1.0,12,0.3333333333333333,0
LOLTMNT02_457093,LCK_20260821_BNK_FEARX_vs_HANJIN_BRION_S5,1,2026-08-21 08:07:26+00:00,16.16,RED,HANJIN BRION,Pantheon,2,111,52,0.46846846846846846,2,0.5,15,0.3333333333333333,0
LOLTMNT02_457093,LCK_20260821_BNK_FEARX_vs_HANJIN_BRION_S5,1,2026-08-21 08:07:26+00:00,16.16,RED,HANJIN BRION,Olaf,3,31,23,0.7419354838709677,4,0.5,2,1.0,0
LOLTMNT02_457093,LCK_20260821_BNK_FEARX_vs_HANJIN_BRION_S5,1,2026-08-21 08:07:26+00:00,16.16,RED,HANJIN BRION,Corki,4,69,32,0.463768115942029,1,1.0,8,0.875,0
LOLTMNT02_457093,LCK_20260821_BNK_FEARX_vs_HANJIN_BRION_S5,1,2026-08-21 08:07:26+00:00,16.16,RED,HANJIN BRION,Karma,5,73,41,0.5616438356164384,3,0.6666666666666666,6,0.5,0
LOLTMNT02_456141,LCK_20260821_BNK_FEARX_vs_HANJIN_BRION_S5,2,2026-08-21 09:09:34+00:00,16.16,BLUE,BNK FEARX,Naafiri,1,46,23,0.5,3,0.6666666666666666,7,0.2857142857142857,0
LOLTMNT02_456141,LCK_20260821_BNK_FEARX_vs_HANJIN_BRION_S5,2,2026-08-21 09:09:34+00:00,16.16,BLUE,BNK FEARX,Galio,2,36,21,0.5833333333333334,3,0.6666666666666666,5,0.2,0
LOLTMNT02_456141,LCK_20260821_BNK_FEARX_vs_HANJIN_BRION_S5,2,2026-08-21 09:09:34+00:00,16.16,BLUE,BNK FEARX,Camille,3,20,11,0.55,1,1.0,1,0.0,0
LOLTMNT02_456141,LCK_20260821_BNK_FEARX_vs_HANJIN_BRION_S5,2,2026-08-21 09:09:34+00:00,16.16,BLUE,BNK FEARX,Rakan,4,42,25,0.5952380952380952,0,,2,0.5,0
LOLTMNT02_456141,LCK_20260821_BNK_FEARX_vs_HANJIN_BRION_S5,2,2026-08-21 09:09:34+00:00,16.16,BLUE,BNK FEARX,Ezreal,5,116,51,0.4396551724137931,3,0.6666666666666666,20,0.3,0
LOLTMNT02_456141,LCK_20260821_BNK_FEARX_vs_HANJIN_BRION_S5,2,2026-08-21 09:09:34+00:00,16.16,RED,HANJIN BRION,Orianna,1,71,34,0.4788732394366197,3,0.3333333333333333,9,0.2222222222222222,1
LOLTMNT02_456141,LCK_20260821_BNK_FEARX_vs_HANJIN_BRION_S5,2,2026-08-21 09:09:34+00:00,16.16,RED,HANJIN BRION,Trundle,2,28,17,0.6071428571428571,0,,4,0.75,1
LOLTMNT02_456141,LCK_20260821_BNK_FEARX_vs_HANJIN_BRION_S5,2,2026-08-21 09:09:34+00:00,16.16,RED,HANJIN BRION,Jayce,3,89,37,0.4157303370786517,3,0.0,11,0.36363636363636365,1
LOLTMNT02_456141,LCK_20260821_BNK_FEARX_vs_HANJIN_BRION_S5,2,2026-08-21 09:09:34+00:00,16.16,RED,HANJIN BRION,Xayah,4,24,14,0.5833333333333334,0,,2,0.0,1
LOLTMNT02_456141,LCK_20260821_BNK_FEARX_vs_HANJIN_BRION_S5,2,2026-08-21 09:09:34+00:00,16.16,RED,HANJIN BRION,Alistar,5,49,22,0.4489795918367347,1,1.0,2,0.0,1
LOLTMNT02_457144,LCK_20260821_BNK_FEARX_vs_HANJIN_BRION_S5,3,2026-08-21 10:08:13+00:00,16.16,BLUE,HANJIN BRION,Nocturne,1,65,34,0.5230769230769231,1,1.0,8,0.5,0
LOLTMNT02_457144,LCK_20260821_BNK_FEARX_vs_HANJIN_BRION_S5,3,2026-08-21 10:08:13+00:00,16.16,BLUE,HANJIN BRION,Ashe,2,62,36,0.5806451612903226,1,1.0,2,0.5,0
LOLTMNT02_457144,LCK_20260821_BNK_FEARX_vs_HANJIN_BRION_S5,3,2026-08-21 10:08:13+00:00,16.16,BLUE,HANJIN BRION,Seraphine,3,66,37,0.5606060606060606,3,0.6666666666666666,2,0.5,0
LOLTMNT02_457144,LCK_20260821_BNK_FEARX_vs_HANJIN_BRION_S5,3,2026-08-21 10:08:13+00:00,16.16,BLUE,HANJIN BRION,Ornn,4,9,5,0.5555555555555556,0,,0,,0
LOLTMNT02_457144,LCK_20260821_BNK_FEARX_vs_HANJIN_BRION_S5,3,2026-08-21 10:08:13+00:00,16.16,BLUE,HANJIN BRION,Aurora,5,74,29,0.3918918918918919,0,,12,0.5833333333333334,0
LOLTMNT02_457144,LCK_20260821_BNK_FEARX_vs_HANJIN_BRION_S5,3,2026-08-21 10:08:13+00:00,16.16,RED,BNK FEARX,Yunara,1,103,49,0.47572815533980584,3,0.3333333333333333,8,0.5,1
LOLTMNT02_457144,LCK_20260821_BNK_FEARX_vs_HANJIN_BRION_S5,3,2026-08-21 10:08:13+00:00,16.16,RED,BNK FEARX,Lulu,2,80,37,0.4625,3,0.3333333333333333,9,0.5555555555555556,1
LOLTMNT02_457144,LCK_20260821_BNK_FEARX_vs_HANJIN_BRION_S5,3,2026-08-21 10:08:13+00:00,16.16,RED,BNK FEARX,Jarvan IV,3,136,73,0.5367647058823529,3,0.3333333333333333,15,0.3333333333333333,1
LOLTMNT02_457144,LCK_20260821_BNK_FEARX_vs_HANJIN_BRION_S5,3,2026-08-21 10:08:13+00:00,16.16,RED,BNK FEARX,Rumble,4,76,38,0.5,0,,4,0.75,1
LOLTMNT02_457144,LCK_20260821_BNK_FEARX_vs_HANJIN_BRION_S5,3,2026-08-21 10:08:13+00:00,16.16,RED,BNK FEARX,Ahri,5,48,30,0.625,1,0.0,8,0.5,1
LOLTMNT02_457183,LCK_20260821_KT_Rolster_vs_T1_S5,1,2026-08-21 11:24:11+00:00,16.16,BLUE,T1,Yunara,1,104,50,0.4807692307692308,4,0.5,3,0.3333333333333333,0
LOLTMNT02_457183,LCK_20260821_KT_Rolster_vs_T1_S5,1,2026-08-21 11:24:11+00:00,16.16,BLUE,T1,Lulu,2,81,38,0.4691358024691358,4,0.5,8,0.5,0
LOLTMNT02_457183,LCK_20260821_KT_Rolster_vs_T1_S5,1,2026-08-21 11:24:11+00:00,16.16,BLUE,T1,Jarvan IV,3,137,74,0.5401459854014599,4,0.5,9,0.5555555555555556,0
LOLTMNT02_457183,LCK_20260821_KT_Rolster_vs_T1_S5,1,2026-08-21 11:24:11+00:00,16.16,BLUE,T1,Jax,4,22,11,0.5,1,0.0,2,0.5,0
LOLTMNT02_457183,LCK_20260821_KT_Rolster_vs_T1_S5,1,2026-08-21 11:24:11+00:00,16.16,BLUE,T1,Ahri,5,49,31,0.6326530612244898,2,0.5,1,1.0,0
LOLTMNT02_457183,LCK_20260821_KT_Rolster_vs_T1_S5,1,2026-08-21 11:24:11+00:00,16.16,RED,KT Rolster,Nocturne,1,66,34,0.5151515151515151,2,0.5,6,0.6666666666666666,1
LOLTMNT02_457183,LCK_20260821_KT_Rolster_vs_T1_S5,1,2026-08-21 11:24:11+00:00,16.16,RED,KT Rolster,Olaf,2,32,23,0.71875,5,0.4,2,0.5,1
LOLTMNT02_457183,LCK_20260821_KT_Rolster_vs_T1_S5,1,2026-08-21 11:24:11+00:00,16.16,RED,KT Rolster,Ryze,3,129,72,0.5581395348837209,4,0.75,14,0.5,1
LOLTMNT02_457183,LCK_20260821_KT_Rolster_vs_T1_S5,1,2026-08-21 11:24:11+00:00,16.16,RED,KT Rolster,Ezreal,4,117,51,0.4358974358974359,4,0.5,12,0.5,1
LOLTMNT02_457183,LCK_20260821_KT_Rolster_vs_T1_S5,1,2026-08-21 11:24:11+00:00,16.16,RED,KT Rolster,Seraphine,5,67,37,0.5522388059701493,4,0.5,9,0.6666666666666666,1
LOLTMNT02_457197,LCK_20260821_KT_Rolster_vs_T1_S5,2,2026-08-21 12:21:05+00:00,16.16,BLUE,KT Rolster,Kalista,1,23,12,0.5217391304347826,0,,0,,0
LOLTMNT02_457197,LCK_20260821_KT_Rolster_vs_T1_S5,2,2026-08-21 12:21:05+00:00,16.16,BLUE,KT Rolster,Renata Glasc,2,23,11,0.4782608695652174,0,,0,,0
LOLTMNT02_457197,LCK_20260821_KT_Rolster_vs_T1_S5,2,2026-08-21 12:21:05+00:00,16.16,BLUE,KT Rolster,K'Sante,3,80,40,0.5,3,0.6666666666666666,9,0.3333333333333333,0
LOLTMNT02_457197,LCK_20260821_KT_Rolster_vs_T1_S5,2,2026-08-21 12:21:05+00:00,16.16,BLUE,KT Rolster,Wukong,4,60,30,0.5,2,0.5,7,0.14285714285714285,0
LOLTMNT02_457197,LCK_20260821_KT_Rolster_vs_T1_S5,2,2026-08-21 12:21:05+00:00,16.16,BLUE,KT Rolster,Syndra,5,32,15,0.46875,2,1.0,4,0.5,0
LOLTMNT02_457197,LCK_20260821_KT_Rolster_vs_T1_S5,2,2026-08-21 12:21:05+00:00,16.16,RED,T1,Vi,1,92,47,0.5108695652173914,0,,13,0.8461538461538461,1
LOLTMNT02_457197,LCK_20260821_KT_Rolster_vs_T1_S5,2,2026-08-21 12:21:05+00:00,16.16,RED,T1,Taliyah,2,60,24,0.4,0,,2,0.5,1
LOLTMNT02_457197,LCK_20260821_KT_Rolster_vs_T1_S5,2,2026-08-21 12:21:05+00:00,16.16,RED,T1,Rumble,3,77,39,0.5064935064935064,1,1.0,8,0.75,1
LOLTMNT02_457197,LCK_20260821_KT_Rolster_vs_T1_S5,2,2026-08-21 12:21:05+00:00,16.16,RED,T1,Vayne,4,20,13,0.65,0,,3,0.3333333333333333,1
LOLTMNT02_457197,LCK_20260821_KT_Rolster_vs_T1_S5,2,2026-08-21 12:21:05+00:00,16.16,RED,T1,Alistar,5,50,23,0.46,2,1.0,3,1.0,1
LOLTMNT02_457213,LCK_20260821_KT_Rolster_vs_T1_S5,3,2026-08-21 13:16:04+00:00,16.16,BLUE,T1,Caitlyn,1,61,33,0.5409836065573771,2,1.0,9,0.6666666666666666,1
LOLTMNT02_457213,LCK_20260821_KT_Rolster_vs_T1_S5,3,2026-08-21 13:16:04+00:00,16.16,BLUE,T1,Lux,2,13,8,0.6153846153846154,1,1.0,6,0.6666666666666666,1
LOLTMNT02_457213,LCK_20260821_KT_Rolster_vs_T1_S5,3,2026-08-21 13:16:04+00:00,16.16,BLUE,T1,Skarner,3,27,15,0.5555555555555556,2,0.5,1,0.0,1
LOLTMNT02_457213,LCK_20260821_KT_Rolster_vs_T1_S5,3,2026-08-21 13:16:04+00:00,16.16,BLUE,T1,Anivia,4,57,25,0.43859649122807015,0,,12,0.6666666666666666,1
LOLTMNT02_457213,LCK_20260821_KT_Rolster_vs_T1_S5,3,2026-08-21 13:16:04+00:00,16.16,BLUE,T1,Gwen,5,26,16,0.6153846153846154,0,,1,1.0,1
LOLTMNT02_457213,LCK_20260821_KT_Rolster_vs_T1_S5,3,2026-08-21 13:16:04+00:00,16.16,RED,KT Rolster,Karma,1,74,41,0.5540540540540541,4,0.5,11,0.7272727272727273,0
LOLTMNT02_457213,LCK_20260821_KT_Rolster_vs_T1_S5,3,2026-08-21 13:16:04+00:00,16.16,RED,KT Rolster,Jhin,2,96,48,0.5,3,0.0,8,0.5,0
LOLTMNT02_457213,LCK_20260821_KT_Rolster_vs_T1_S5,3,2026-08-21 13:16:04+00:00,16.16,RED,KT Rolster,Pantheon,3,112,52,0.4642857142857143,3,0.3333333333333333,14,0.6428571428571429,0
LOLTMNT02_457213,LCK_20260821_KT_Rolster_vs_T1_S5,3,2026-08-21 13:16:04+00:00,16.16,RED,KT Rolster,Renekton,4,78,34,0.4358974358974359,0,,12,0.3333333333333333,0
LOLTMNT02_457213,LCK_20260821_KT_Rolster_vs_T1_S5,3,2026-08-21 13:16:04+00:00,16.16,RED,KT Rolster,Viktor,5,46,15,0.32608695652173914,1,0.0,4,0.25,0
LOLTMNT02_456427,LCK_20260822_Dplus_Kia_vs_Gen_G_S6,1,2026-08-22 08:08:17+00:00,16.16,BLUE,Gen.G,Olaf,1,33,24,0.7272727272727273,6,0.5,4,1.0,1
LOLTMNT02_456427,LCK_20260822_Dplus_Kia_vs_Gen_G_S6,1,2026-08-22 08:08:17+00:00,16.16,BLUE,Gen.G,Pantheon,2,113,52,0.46017699115044247,4,0.25,10,0.6,1
LOLTMNT02_456427,LCK_20260822_Dplus_Kia_vs_Gen_G_S6,1,2026-08-22 08:08:17+00:00,16.16,BLUE,Gen.G,Ryze,3,130,73,0.5615384615384615,5,0.8,13,0.8461538461538461,1
LOLTMNT02_456427,LCK_20260822_Dplus_Kia_vs_Gen_G_S6,1,2026-08-22 08:08:17+00:00,16.16,BLUE,Gen.G,Seraphine,4,68,38,0.5588235294117647,5,0.6,13,0.6923076923076923,1
LOLTMNT02_456427,LCK_20260822_Dplus_Kia_vs_Gen_G_S6,1,2026-08-22 08:08:17+00:00,16.16,BLUE,Gen.G,Ezreal,5,118,52,0.4406779661016949,5,0.6,10,0.8,1
LOLTMNT02_456427,LCK_20260822_Dplus_Kia_vs_Gen_G_S6,1,2026-08-22 08:08:17+00:00,16.16,RED,Dplus Kia,Vi,1,93,48,0.5161290322580645,1,1.0,7,0.42857142857142855,0
LOLTMNT02_456427,LCK_20260822_Dplus_Kia_vs_Gen_G_S6,1,2026-08-22 08:08:17+00:00,16.16,RED,Dplus Kia,Yunara,2,105,50,0.47619047619047616,5,0.4,11,0.6363636363636364,0
LOLTMNT02_456427,LCK_20260822_Dplus_Kia_vs_Gen_G_S6,1,2026-08-22 08:08:17+00:00,16.16,RED,Dplus Kia,Lulu,3,82,38,0.4634146341463415,5,0.4,13,0.6153846153846154,0
LOLTMNT02_456427,LCK_20260822_Dplus_Kia_vs_Gen_G_S6,1,2026-08-22 08:08:17+00:00,16.16,RED,Dplus Kia,Locke,4,8,4,0.5,0,,0,,0
LOLTMNT02_456427,LCK_20260822_Dplus_Kia_vs_Gen_G_S6,1,2026-08-22 08:08:17+00:00,16.16,RED,Dplus Kia,Jax,5,23,11,0.4782608695652174,2,0.0,6,0.3333333333333333,0
LOLTMNT02_456447,LCK_20260822_Dplus_Kia_vs_Gen_G_S6,2,2026-08-22 09:02:36+00:00,16.16,BLUE,Dplus Kia,Cassiopeia,1,52,31,0.5961538461538461,1,1.0,6,1.0,1
LOLTMNT02_456447,LCK_20260822_Dplus_Kia_vs_Gen_G_S6,2,2026-08-22 09:02:36+00:00,16.16,BLUE,Dplus Kia,Lee Sin,2,76,45,0.5921052631578947,4,0.75,9,0.5555555555555556,1
LOLTMNT02_456447,LCK_20260822_Dplus_Kia_vs_Gen_G_S6,2,2026-08-22 09:02:36+00:00,16.16,BLUE,Dplus Kia,Camille,3,21,11,0.5238095238095238,2,0.5,1,1.0,1
LOLTMNT02_456447,LCK_20260822_Dplus_Kia_vs_Gen_G_S6,2,2026-08-22 09:02:36+00:00,16.16,BLUE,Dplus Kia,Viktor,4,47,15,0.3191489361702128,2,0.0,12,0.5833333333333334,1
LOLTMNT02_456447,LCK_20260822_Dplus_Kia_vs_Gen_G_S6,2,2026-08-22 09:02:36+00:00,16.16,BLUE,Dplus Kia,Gnar,5,95,55,0.5789473684210527,1,1.0,10,0.9,1
LOLTMNT02_456447,LCK_20260822_Dplus_Kia_vs_Gen_G_S6,2,2026-08-22 09:02:36+00:00,16.16,RED,Gen.G,Orianna,1,72,35,0.4861111111111111,4,0.5,0,,0
LOLTMNT02_456447,LCK_20260822_Dplus_Kia_vs_Gen_G_S6,2,2026-08-22 09:02:36+00:00,16.16,RED,Gen.G,Bard,2,85,47,0.5529411764705883,2,0.0,11,0.9090909090909091,0
LOLTMNT02_456447,LCK_20260822_Dplus_Kia_vs_Gen_G_S6,2,2026-08-22 09:02:36+00:00,16.16,RED,Gen.G,Caitlyn,3,62,34,0.5483870967741935,3,1.0,7,0.8571428571428571,0
LOLTMNT02_456447,LCK_20260822_Dplus_Kia_vs_Gen_G_S6,2,2026-08-22 09:02:36+00:00,16.16,RED,Gen.G,Xin Zhao,4,125,59,0.472,0,,12,0.75,0
LOLTMNT02_456447,LCK_20260822_Dplus_Kia_vs_Gen_G_S6,2,2026-08-22 09:02:36+00:00,16.16,RED,Gen.G,Twisted Fate,5,29,14,0.4827586206896552,2,0.0,2,0.5,0
LOLTMNT02_456460,LCK_20260822_Dplus_Kia_vs_Gen_G_S6,3,2026-08-22 09:57:59+00:00,16.16,BLUE,Dplus Kia,Jayce,1,90,38,0.4222222222222222,4,0.25,13,0.38461538461538464,1
LOLTMNT02_456460,LCK_20260822_Dplus_Kia_vs_Gen_G_S6,3,2026-08-22 09:57:59+00:00,16.16,BLUE,Dplus Kia,Lucian,2,74,34,0.4594594594594595,1,1.0,10,0.5,1
LOLTMNT02_456460,LCK_20260822_Dplus_Kia_vs_Gen_G_S6,3,2026-08-22 09:57:59+00:00,16.16,BLUE,Dplus Kia,Milio,3,55,25,0.45454545454545453,1,1.0,5,0.4,1
LOLTMNT02_456460,LCK_20260822_Dplus_Kia_vs_Gen_G_S6,3,2026-08-22 09:57:59+00:00,16.16,BLUE,Dplus Kia,Ahri,4,50,31,0.62,3,0.3333333333333333,7,0.8571428571428571,1
LOLTMNT02_456460,LCK_20260822_Dplus_Kia_vs_Gen_G_S6,3,2026-08-22 09:57:59+00:00,16.16,BLUE,Dplus Kia,Maokai,5,8,6,0.75,0,,2,0.5,1
LOLTMNT02_456460,LCK_20260822_Dplus_Kia_vs_Gen_G_S6,3,2026-08-22 09:57:59+00:00,16.16,RED,Gen.G,Syndra,1,33,15,0.45454545454545453,3,0.6666666666666666,2,1.0,0
LOLTMNT02_456460,LCK_20260822_Dplus_Kia_vs_Gen_G_S6,3,2026-08-22 09:57:59+00:00,16.16,RED,Gen.G,Kalista,2,24,12,0.5,1,0.0,3,1.0,0
LOLTMNT02_456460,LCK_20260822_Dplus_Kia_vs_Gen_G_S6,3,2026-08-22 09:57:59+00:00,16.16,RED,Gen.G,Renata Glasc,3,24,11,0.4583333333333333,1,0.0,3,1.0,0
LOLTMNT02_456460,LCK_20260822_Dplus_Kia_vs_Gen_G_S6,3,2026-08-22 09:57:59+00:00,16.16,RED,Gen.G,Gragas,4,5,1,0.2,0,,0,,0
LOLTMNT02_456460,LCK_20260822_Dplus_Kia_vs_Gen_G_S6,3,2026-08-22 09:57:59+00:00,16.16,RED,Gen.G,Wukong,5,61,30,0.4918032786885246,3,0.3333333333333333,8,0.75,0
LOLTMNT02_457532,LCK_20260822_DN_SOOPers_vs_Kiwoom_DRX_S6,1,2026-08-22 11:31:02+00:00,16.16,BLUE,Kiwoom DRX,Olaf,1,34,25,0.7352941176470589,7,0.5714285714285714,2,0.5,0
LOLTMNT02_457532,LCK_20260822_DN_SOOPers_vs_Kiwoom_DRX_S6,1,2026-08-22 11:31:02+00:00,16.16,BLUE,Kiwoom DRX,Lee Sin,2,77,46,0.5974025974025974,5,0.8,8,0.375,0
LOLTMNT02_457532,LCK_20260822_DN_SOOPers_vs_Kiwoom_DRX_S6,1,2026-08-22 11:31:02+00:00,16.16,BLUE,Kiwoom DRX,Galio,3,37,21,0.5675675675675675,4,0.5,2,0.5,0
LOLTMNT02_457532,LCK_20260822_DN_SOOPers_vs_Kiwoom_DRX_S6,1,2026-08-22 11:31:02+00:00,16.16,BLUE,Kiwoom DRX,Lucian,4,75,35,0.4666666666666667,2,1.0,6,0.3333333333333333,0
LOLTMNT02_457532,LCK_20260822_DN_SOOPers_vs_Kiwoom_DRX_S6,1,2026-08-22 11:31:02+00:00,16.16,BLUE,Kiwoom DRX,Milio,5,56,26,0.4642857142857143,2,1.0,2,0.5,0
LOLTMNT02_457532,LCK_20260822_DN_SOOPers_vs_Kiwoom_DRX_S6,1,2026-08-22 11:31:02+00:00,16.16,RED,DN SOOPers,Orianna,1,73,35,0.4794520547945205,5,0.4,8,0.375,1
LOLTMNT02_457532,LCK_20260822_DN_SOOPers_vs_Kiwoom_DRX_S6,1,2026-08-22 11:31:02+00:00,16.16,RED,DN SOOPers,Pantheon,2,114,53,0.4649122807017544,5,0.4,8,0.375,1
LOLTMNT02_457532,LCK_20260822_DN_SOOPers_vs_Kiwoom_DRX_S6,1,2026-08-22 11:31:02+00:00,16.16,RED,DN SOOPers,Camille,3,22,12,0.5454545454545454,3,0.6666666666666666,3,0.3333333333333333,1
LOLTMNT02_457532,LCK_20260822_DN_SOOPers_vs_Kiwoom_DRX_S6,1,2026-08-22 11:31:02+00:00,16.16,RED,DN SOOPers,Xayah,4,25,15,0.6,1,1.0,3,0.6666666666666666,1
LOLTMNT02_457532,LCK_20260822_DN_SOOPers_vs_Kiwoom_DRX_S6,1,2026-08-22 11:31:02+00:00,16.16,RED,DN SOOPers,Rakan,5,43,25,0.5813953488372093,1,0.0,8,0.625,1
LOLTMNT02_457558,LCK_20260822_DN_SOOPers_vs_Kiwoom_DRX_S6,2,2026-08-22 12:30:01+00:00,16.16,BLUE,DN SOOPers,Bard,1,86,47,0.5465116279069767,3,0.0,6,0.5,1
LOLTMNT02_457558,LCK_20260822_DN_SOOPers_vs_Kiwoom_DRX_S6,2,2026-08-22 12:30:01+00:00,16.16,BLUE,DN SOOPers,Caitlyn,2,63,34,0.5396825396825397,4,0.75,6,0.5,1
LOLTMNT02_457558,LCK_20260822_DN_SOOPers_vs_Kiwoom_DRX_S6,2,2026-08-22 12:30:01+00:00,16.16,BLUE,DN SOOPers,Syndra,3,34,15,0.4411764705882353,4,0.5,3,0.3333333333333333,1
LOLTMNT02_457558,LCK_20260822_DN_SOOPers_vs_Kiwoom_DRX_S6,2,2026-08-22 12:30:01+00:00,16.16,BLUE,DN SOOPers,Naafiri,4,47,23,0.48936170212765956,4,0.5,8,0.5,1
LOLTMNT02_457558,LCK_20260822_DN_SOOPers_vs_Kiwoom_DRX_S6,2,2026-08-22 12:30:01+00:00,16.16,BLUE,DN SOOPers,Mordekaiser,5,1,0,0.0,0,,0,,1
LOLTMNT02_457558,LCK_20260822_DN_SOOPers_vs_Kiwoom_DRX_S6,2,2026-08-22 12:30:01+00:00,16.16,RED,Kiwoom DRX,Ryze,1,131,74,0.5648854961832062,6,0.8333333333333334,16,0.625,0
LOLTMNT02_457558,LCK_20260822_DN_SOOPers_vs_Kiwoom_DRX_S6,2,2026-08-22 12:30:01+00:00,16.16,RED,Kiwoom DRX,Ezreal,2,119,53,0.44537815126050423,6,0.6666666666666666,14,0.35714285714285715,0
LOLTMNT02_457558,LCK_20260822_DN_SOOPers_vs_Kiwoom_DRX_S6,2,2026-08-22 12:30:01+00:00,16.16,RED,Kiwoom DRX,Karma,3,75,41,0.5466666666666666,5,0.4,11,0.45454545454545453,0
LOLTMNT02_457558,LCK_20260822_DN_SOOPers_vs_Kiwoom_DRX_S6,2,2026-08-22 12:30:01+00:00,16.16,RED,Kiwoom DRX,K'Sante,4,81,40,0.49382716049382713,4,0.5,15,0.5333333333333333,0
LOLTMNT02_457558,LCK_20260822_DN_SOOPers_vs_Kiwoom_DRX_S6,2,2026-08-22 12:30:01+00:00,16.16,RED,Kiwoom DRX,Wukong,5,62,30,0.4838709677419355,4,0.25,4,0.75,0
LOLTMNT02_456749,LCK_20260823_Hanwha_Life_Esports_vs_T1_S6,1,2026-08-23 08:07:42+00:00,16.16,BLUE,T1,Ezreal,1,120,53,0.44166666666666665,7,0.5714285714285714,8,0.5,0
LOLTMNT02_456749,LCK_20260823_Hanwha_Life_Esports_vs_T1_S6,1,2026-08-23 08:07:42+00:00,16.16,BLUE,T1,Karma,2,76,41,0.5394736842105263,6,0.3333333333333333,5,0.4,0
LOLTMNT02_456749,LCK_20260823_Hanwha_Life_Esports_vs_T1_S6,1,2026-08-23 08:07:42+00:00,16.16,BLUE,T1,Orianna,3,74,36,0.4864864864864865,6,0.5,8,0.75,0
LOLTMNT02_456749,LCK_20260823_Hanwha_Life_Esports_vs_T1_S6,1,2026-08-23 08:07:42+00:00,16.16,BLUE,T1,K'Sante,4,82,40,0.4878048780487805,5,0.4,5,0.8,0
LOLTMNT02_456749,LCK_20260823_Hanwha_Life_Esports_vs_T1_S6,1,2026-08-23 08:07:42+00:00,16.16,BLUE,T1,Xin Zhao,5,126,59,0.46825396825396826,1,0.0,17,0.7647058823529411,0
LOLTMNT02_456749,LCK_20260823_Hanwha_Life_Esports_vs_T1_S6,1,2026-08-23 08:07:42+00:00,16.16,RED,Hanwha Life Esports,Cassiopeia,1,53,32,0.6037735849056604,2,1.0,5,0.4,1
LOLTMNT02_456749,LCK_20260823_Hanwha_Life_Esports_vs_T1_S6,1,2026-08-23 08:07:42+00:00,16.16,RED,Hanwha Life Esports,Lee Sin,2,78,46,0.5897435897435898,6,0.6666666666666666,5,1.0,1
LOLTMNT02_456749,LCK_20260823_Hanwha_Life_Esports_vs_T1_S6,1,2026-08-23 08:07:42+00:00,16.16,RED,Hanwha Life Esports,Jayce,3,91,39,0.42857142857142855,5,0.4,8,0.875,1
LOLTMNT02_456749,LCK_20260823_Hanwha_Life_Esports_vs_T1_S6,1,2026-08-23 08:07:42+00:00,16.16,RED,Hanwha Life Esports,Jhin,4,97,48,0.4948453608247423,4,0.0,10,0.4,1
LOLTMNT02_456749,LCK_20260823_Hanwha_Life_Esports_vs_T1_S6,1,2026-08-23 08:07:42+00:00,16.16,RED,Hanwha Life Esports,Alistar,5,51,24,0.47058823529411764,3,1.0,9,0.5555555555555556,1
LOLTMNT02_456759,LCK_20260823_Hanwha_Life_Esports_vs_T1_S6,2,2026-08-23 08:59:45+00:00,16.16,BLUE,Hanwha Life Esports,Lulu,1,83,38,0.4578313253012048,6,0.3333333333333333,7,0.7142857142857143,1
LOLTMNT02_456759,LCK_20260823_Hanwha_Life_Esports_vs_T1_S6,2,2026-08-23 08:59:45+00:00,16.16,BLUE,Hanwha Life Esports,Kog'Maw,2,6,4,0.6666666666666666,0,,1,1.0,1
LOLTMNT02_456759,LCK_20260823_Hanwha_Life_Esports_vs_T1_S6,2,2026-08-23 08:59:45+00:00,16.16,BLUE,Hanwha Life Esports,Syndra,3,35,16,0.45714285714285713,5,0.6,0,,1
LOLTMNT02_456759,LCK_20260823_Hanwha_Life_Esports_vs_T1_S6,2,2026-08-23 08:59:45+00:00,16.16,BLUE,Hanwha Life Esports,Pantheon,4,115,54,0.46956521739130436,6,0.5,9,0.6666666666666666,1
LOLTMNT02_456759,LCK_20260823_Hanwha_Life_Esports_vs_T1_S6,2,2026-08-23 08:59:45+00:00,16.16,BLUE,Hanwha Life Esports,Kennen,5,16,8,0.5,0,,1,0.0,1
LOLTMNT02_456759,LCK_20260823_Hanwha_Life_Esports_vs_T1_S6,2,2026-08-23 08:59:45+00:00,16.16,RED,T1,Lucian,1,76,35,0.4605263157894737,3,0.6666666666666666,8,0.75,0
LOLTMNT02_456759,LCK_20260823_Hanwha_Life_Esports_vs_T1_S6,2,2026-08-23 08:59:45+00:00,16.16,RED,T1,Milio,2,57,26,0.45614035087719296,3,0.6666666666666666,8,0.75,0
LOLTMNT02_456759,LCK_20260823_Hanwha_Life_Esports_vs_T1_S6,2,2026-08-23 08:59:45+00:00,16.16,RED,T1,Ryze,3,132,74,0.5606060606060606,7,0.7142857142857143,13,0.5384615384615384,0
LOLTMNT02_456759,LCK_20260823_Hanwha_Life_Esports_vs_T1_S6,2,2026-08-23 08:59:45+00:00,16.16,RED,T1,Gwen,4,27,17,0.6296296296296297,1,1.0,2,1.0,0
LOLTMNT02_456759,LCK_20260823_Hanwha_Life_Esports_vs_T1_S6,2,2026-08-23 08:59:45+00:00,16.16,RED,T1,Wukong,5,63,30,0.47619047619047616,5,0.2,4,0.75,0
LOLTMNT02_457803,LCK_20260823_BNK_FEARX_vs_Nongshim_RedForce_S5,1,2026-08-23 10:20:23+00:00,16.16,BLUE,Nongshim RedForce,Ezreal,1,121,53,0.4380165289256198,8,0.5,14,0.35714285714285715,0
LOLTMNT02_457803,LCK_20260823_BNK_FEARX_vs_Nongshim_RedForce_S5,1,2026-08-23 10:20:23+00:00,16.16,BLUE,Nongshim RedForce,Lee Sin,2,79,47,0.5949367088607594,7,0.7142857142857143,5,0.6,0
LOLTMNT02_457803,LCK_20260823_BNK_FEARX_vs_Nongshim_RedForce_S5,1,2026-08-23 10:20:23+00:00,16.16,BLUE,Nongshim RedForce,Camille,3,23,13,0.5652173913043478,4,0.75,1,0.0,0
LOLTMNT02_457803,LCK_20260823_BNK_FEARX_vs_Nongshim_RedForce_S5,1,2026-08-23 10:20:23+00:00,16.16,BLUE,Nongshim RedForce,Anivia,4,58,26,0.4482758620689655,1,1.0,6,0.5,0
LOLTMNT02_457803,LCK_20260823_BNK_FEARX_vs_Nongshim_RedForce_S5,1,2026-08-23 10:20:23+00:00,16.16,BLUE,Nongshim RedForce,Ambessa,5,91,36,0.3956043956043956,2,0.5,9,0.3333333333333333,0
LOLTMNT02_457803,LCK_20260823_BNK_FEARX_vs_Nongshim_RedForce_S5,1,2026-08-23 10:20:23+00:00,16.16,RED,BNK FEARX,Ryze,1,133,74,0.556390977443609,8,0.625,13,0.46153846153846156,1
LOLTMNT02_457803,LCK_20260823_BNK_FEARX_vs_Nongshim_RedForce_S5,1,2026-08-23 10:20:23+00:00,16.16,RED,BNK FEARX,Jarvan IV,2,138,74,0.5362318840579711,5,0.4,16,0.375,1
LOLTMNT02_457803,LCK_20260823_BNK_FEARX_vs_Nongshim_RedForce_S5,1,2026-08-23 10:20:23+00:00,16.16,RED,BNK FEARX,Rumble,3,78,40,0.5128205128205128,2,1.0,5,0.8,1
LOLTMNT02_457803,LCK_20260823_BNK_FEARX_vs_Nongshim_RedForce_S5,1,2026-08-23 10:20:23+00:00,16.16,RED,BNK FEARX,Caitlyn,4,64,35,0.546875,5,0.8,4,0.5,1
LOLTMNT02_457803,LCK_20260823_BNK_FEARX_vs_Nongshim_RedForce_S5,1,2026-08-23 10:20:23+00:00,16.16,RED,BNK FEARX,Bard,5,87,48,0.5517241379310345,4,0.25,8,0.25,1
LOLTMNT02_457811,LCK_20260823_BNK_FEARX_vs_Nongshim_RedForce_S5,2,2026-08-23 11:11:16+00:00,16.16,BLUE,BNK FEARX,Yunara,1,106,50,0.4716981132075472,6,0.3333333333333333,9,0.5555555555555556,0
LOLTMNT02_457811,LCK_20260823_BNK_FEARX_vs_Nongshim_RedForce_S5,2,2026-08-23 11:11:16+00:00,16.16,BLUE,BNK FEARX,Lulu,2,84,39,0.4642857142857143,7,0.42857142857142855,10,0.6,0
LOLTMNT02_457811,LCK_20260823_BNK_FEARX_vs_Nongshim_RedForce_S5,2,2026-08-23 11:11:16+00:00,16.16,BLUE,BNK FEARX,Vayne,3,21,14,0.6666666666666666,1,1.0,2,1.0,0
LOLTMNT02_457811,LCK_20260823_BNK_FEARX_vs_Nongshim_RedForce_S5,2,2026-08-23 11:11:16+00:00,16.16,BLUE,BNK FEARX,Annie,4,68,39,0.5735294117647058,2,0.5,5,0.8,0
LOLTMNT02_457811,LCK_20260823_BNK_FEARX_vs_Nongshim_RedForce_S5,2,2026-08-23 11:11:16+00:00,16.16,BLUE,BNK FEARX,Trundle,5,29,18,0.6206896551724138,1,1.0,4,0.75,0
LOLTMNT02_457811,LCK_20260823_BNK_FEARX_vs_Nongshim_RedForce_S5,2,2026-08-23 11:11:16+00:00,16.16,RED,Nongshim RedForce,Lucian,1,77,35,0.45454545454545453,4,0.5,6,0.3333333333333333,1
LOLTMNT02_457811,LCK_20260823_BNK_FEARX_vs_Nongshim_RedForce_S5,2,2026-08-23 11:11:16+00:00,16.16,RED,Nongshim RedForce,Milio,2,58,26,0.4482758620689655,4,0.5,5,0.4,1
LOLTMNT02_457811,LCK_20260823_BNK_FEARX_vs_Nongshim_RedForce_S5,2,2026-08-23 11:11:16+00:00,16.16,RED,Nongshim RedForce,Olaf,3,35,25,0.7142857142857143,8,0.5,3,0.6666666666666666,1
LOLTMNT02_457811,LCK_20260823_BNK_FEARX_vs_Nongshim_RedForce_S5,2,2026-08-23 11:11:16+00:00,16.16,RED,Nongshim RedForce,Azir,4,66,31,0.4696969696969697,0,,10,0.4,1
LOLTMNT02_457811,LCK_20260823_BNK_FEARX_vs_Nongshim_RedForce_S5,2,2026-08-23 11:11:16+00:00,16.16,RED,Nongshim RedForce,Xin Zhao,5,127,59,0.4645669291338583,2,0.0,8,0.25,1
LOLTMNT02_456807,LCK_20260823_BNK_FEARX_vs_Nongshim_RedForce_S5,3,2026-08-23 11:57:33+00:00,16.16,BLUE,Nongshim RedForce,Nocturne,1,67,35,0.5223880597014925,3,0.6666666666666666,8,0.375,1
LOLTMNT02_456807,LCK_20260823_BNK_FEARX_vs_Nongshim_RedForce_S5,3,2026-08-23 11:57:33+00:00,16.16,BLUE,Nongshim RedForce,Syndra,2,36,17,0.4722222222222222,6,0.6666666666666666,5,0.4,1
LOLTMNT02_456807,LCK_20260823_BNK_FEARX_vs_Nongshim_RedForce_S5,3,2026-08-23 11:57:33+00:00,16.16,BLUE,Nongshim RedForce,Gnar,3,96,56,0.5833333333333334,2,1.0,10,0.5,1
LOLTMNT02_456807,LCK_20260823_BNK_FEARX_vs_Nongshim_RedForce_S5,3,2026-08-23 11:57:33+00:00,16.16,BLUE,Nongshim RedForce,Jhin,4,98,49,0.5,5,0.2,6,0.6666666666666666,1
LOLTMNT02_456807,LCK_20260823_BNK_FEARX_vs_Nongshim_RedForce_S5,3,2026-08-23 11:57:33+00:00,16.16,BLUE,Nongshim RedForce,Shen,5,36,22,0.6111111111111112,3,0.0,4,0.75,1
LOLTMNT02_456807,LCK_20260823_BNK_FEARX_vs_Nongshim_RedForce_S5,3,2026-08-23 11:57:33+00:00,16.16,RED,BNK FEARX,Kalista,1,25,12,0.48,2,0.0,4,0.25,0
LOLTMNT02_456807,LCK_20260823_BNK_FEARX_vs_Nongshim_RedForce_S5,3,2026-08-23 11:57:33+00:00,16.16,RED,BNK FEARX,Renata Glasc,2,25,11,0.44,2,0.0,3,0.0,0
LOLTMNT02_456807,LCK_20260823_BNK_FEARX_vs_Nongshim_RedForce_S5,3,2026-08-23 11:57:33+00:00,16.16,RED,BNK FEARX,Akali,3,40,17,0.425,0,,7,0.14285714285714285,0
LOLTMNT02_456807,LCK_20260823_BNK_FEARX_vs_Nongshim_RedForce_S5,3,2026-08-23 11:57:33+00:00,16.16,RED,BNK FEARX,Kha'Zix,4,3,2,0.6666666666666666,0,,0,,0
LOLTMNT02_456807,LCK_20260823_BNK_FEARX_vs_Nongshim_RedForce_S5,3,2026-08-23 11:57:33+00:00,16.16,RED,BNK FEARX,Renekton,5,79,34,0.43037974683544306,1,0.0,14,0.6428571428571429,0
LOLTMNT02_459552,LCK_20260826_HANJIN_BRION_vs_KT_Rolster_S4,1,2026-08-26 08:08:21+00:00,16.16,BLUE,HANJIN BRION,Lucian,1,78,36,0.46153846153846156,5,0.6,11,0.36363636363636365,0
LOLTMNT02_459552,LCK_20260826_HANJIN_BRION_vs_KT_Rolster_S4,1,2026-08-26 08:08:21+00:00,16.16,BLUE,HANJIN BRION,Jarvan IV,2,139,75,0.539568345323741,6,0.5,8,0.5,0
LOLTMNT02_459552,LCK_20260826_HANJIN_BRION_vs_KT_Rolster_S4,1,2026-08-26 08:08:21+00:00,16.16,BLUE,HANJIN BRION,Milio,3,59,27,0.4576271186440678,5,0.6,8,0.375,0
LOLTMNT02_459552,LCK_20260826_HANJIN_BRION_vs_KT_Rolster_S4,1,2026-08-26 08:08:21+00:00,16.16,BLUE,HANJIN BRION,Kled,4,6,3,0.5,2,0.5,0,,0
LOLTMNT02_459552,LCK_20260826_HANJIN_BRION_vs_KT_Rolster_S4,1,2026-08-26 08:08:21+00:00,16.16,BLUE,HANJIN BRION,Anivia,5,59,26,0.4406779661016949,2,0.5,6,0.16666666666666666,0
LOLTMNT02_459552,LCK_20260826_HANJIN_BRION_vs_KT_Rolster_S4,1,2026-08-26 08:08:21+00:00,16.16,RED,KT Rolster,Ryze,1,134,75,0.5597014925373134,9,0.6666666666666666,15,0.5333333333333333,1
LOLTMNT02_459552,LCK_20260826_HANJIN_BRION_vs_KT_Rolster_S4,1,2026-08-26 08:08:21+00:00,16.16,RED,KT Rolster,Nocturne,2,68,36,0.5294117647058824,4,0.75,7,0.7142857142857143,1
LOLTMNT02_459552,LCK_20260826_HANJIN_BRION_vs_KT_Rolster_S4,1,2026-08-26 08:08:21+00:00,16.16,RED,KT Rolster,Olaf,3,36,26,0.7222222222222222,9,0.5555555555555556,3,0.6666666666666666,1
LOLTMNT02_459552,LCK_20260826_HANJIN_BRION_vs_KT_Rolster_S4,1,2026-08-26 08:08:21+00:00,16.16,RED,KT Rolster,Nautilus,4,77,30,0.38961038961038963,0,,14,0.35714285714285715,1
LOLTMNT02_459552,LCK_20260826_HANJIN_BRION_vs_KT_Rolster_S4,1,2026-08-26 08:08:21+00:00,16.16,RED,KT Rolster,Miss Fortune,5,33,16,0.48484848484848486,0,,4,0.75,1
LOLTMNT02_459565,LCK_20260826_HANJIN_BRION_vs_KT_Rolster_S4,2,2026-08-26 09:10:31+00:00,16.16,BLUE,KT Rolster,Yunara,1,107,50,0.4672897196261682,7,0.2857142857142857,13,0.6153846153846154,0
LOLTMNT02_459565,LCK_20260826_HANJIN_BRION_vs_KT_Rolster_S4,2,2026-08-26 09:10:31+00:00,16.16,BLUE,KT Rolster,Lulu,2,85,39,0.4588235294117647,8,0.375,9,0.6666666666666666,0
LOLTMNT02_459565,LCK_20260826_HANJIN_BRION_vs_KT_Rolster_S4,2,2026-08-26 09:10:31+00:00,16.16,BLUE,KT Rolster,Naafiri,3,48,24,0.5,5,0.6,9,0.5555555555555556,0
LOLTMNT02_459565,LCK_20260826_HANJIN_BRION_vs_KT_Rolster_S4,2,2026-08-26 09:10:31+00:00,16.16,BLUE,KT Rolster,Ornn,4,10,5,0.5,1,0.0,0,,0
LOLTMNT02_459565,LCK_20260826_HANJIN_BRION_vs_KT_Rolster_S4,2,2026-08-26 09:10:31+00:00,16.16,BLUE,KT Rolster,Syndra,5,37,18,0.4864864864864865,7,0.7142857142857143,5,0.4,0
LOLTMNT02_459565,LCK_20260826_HANJIN_BRION_vs_KT_Rolster_S4,2,2026-08-26 09:10:31+00:00,16.16,RED,HANJIN BRION,Vi,1,94,48,0.5106382978723404,2,0.5,6,0.3333333333333333,1
LOLTMNT02_459565,LCK_20260826_HANJIN_BRION_vs_KT_Rolster_S4,2,2026-08-26 09:10:31+00:00,16.16,RED,HANJIN BRION,Rumble,2,79,41,0.5189873417721519,3,1.0,10,0.3,1
LOLTMNT02_459565,LCK_20260826_HANJIN_BRION_vs_KT_Rolster_S4,2,2026-08-26 09:10:31+00:00,16.16,RED,HANJIN BRION,Ahri,3,51,32,0.6274509803921569,4,0.5,1,0.0,1
LOLTMNT02_459565,LCK_20260826_HANJIN_BRION_vs_KT_Rolster_S4,2,2026-08-26 09:10:31+00:00,16.16,RED,HANJIN BRION,Kalista,4,26,12,0.46153846153846156,3,0.0,1,0.0,1
LOLTMNT02_459565,LCK_20260826_HANJIN_BRION_vs_KT_Rolster_S4,2,2026-08-26 09:10:31+00:00,16.16,RED,HANJIN BRION,Renata Glasc,5,26,11,0.4230769230769231,3,0.0,1,0.0,1
LOLTMNT02_459574,LCK_20260826_HANJIN_BRION_vs_KT_Rolster_S4,3,2026-08-26 10:04:14+00:00,16.16,BLUE,KT Rolster,Bard,1,88,49,0.5568181818181818,5,0.4,8,0.375,0
LOLTMNT02_459574,LCK_20260826_HANJIN_BRION_vs_KT_Rolster_S4,3,2026-08-26 10:04:14+00:00,16.16,BLUE,KT Rolster,Wukong,2,64,30,0.46875,6,0.16666666666666666,8,0.125,0
LOLTMNT02_459574,LCK_20260826_HANJIN_BRION_vs_KT_Rolster_S4,3,2026-08-26 10:04:14+00:00,16.16,BLUE,KT Rolster,Sivir,3,49,30,0.6122448979591837,1,1.0,7,0.8571428571428571,0
LOLTMNT02_459574,LCK_20260826_HANJIN_BRION_vs_KT_Rolster_S4,3,2026-08-26 10:04:14+00:00,16.16,BLUE,KT Rolster,Zoe,4,11,8,0.7272727272727273,0,,4,1.0,0
LOLTMNT02_459574,LCK_20260826_HANJIN_BRION_vs_KT_Rolster_S4,3,2026-08-26 10:04:14+00:00,16.16,BLUE,KT Rolster,Yorick,5,43,22,0.5116279069767442,2,1.0,6,0.5,0
LOLTMNT02_459574,LCK_20260826_HANJIN_BRION_vs_KT_Rolster_S4,3,2026-08-26 10:04:14+00:00,16.16,RED,HANJIN BRION,Ezreal,1,122,53,0.4344262295081967,9,0.4444444444444444,17,0.4117647058823529,1
LOLTMNT02_459574,LCK_20260826_HANJIN_BRION_vs_KT_Rolster_S4,3,2026-08-26 10:04:14+00:00,16.16,RED,HANJIN BRION,Elise,2,9,5,0.5555555555555556,0,,8,0.625,1
LOLTMNT02_459574,LCK_20260826_HANJIN_BRION_vs_KT_Rolster_S4,3,2026-08-26 10:04:14+00:00,16.16,RED,HANJIN BRION,Xin Zhao,3,128,60,0.46875,3,0.3333333333333333,15,0.5333333333333333,1
LOLTMNT02_459574,LCK_20260826_HANJIN_BRION_vs_KT_Rolster_S4,3,2026-08-26 10:04:14+00:00,16.16,RED,HANJIN BRION,Jayce,4,92,40,0.43478260869565216,6,0.5,12,0.4166666666666667,1
LOLTMNT02_459574,LCK_20260826_HANJIN_BRION_vs_KT_Rolster_S4,3,2026-08-26 10:04:14+00:00,16.16,RED,HANJIN BRION,LeBlanc,5,9,3,0.3333333333333333,0,,0,,1
LOLTMNT02_458575,LCK_20260826_HANJIN_BRION_vs_KT_Rolster_S4,4,2026-08-26 11:01:30+00:00,16.16,BLUE,HANJIN BRION,Pantheon,1,116,55,0.47413793103448276,7,0.5714285714285714,16,0.3125,0
LOLTMNT02_458575,LCK_20260826_HANJIN_BRION_vs_KT_Rolster_S4,4,2026-08-26 11:01:30+00:00,16.16,BLUE,HANJIN BRION,Locke,2,9,4,0.4444444444444444,1,0.0,1,1.0,0
LOLTMNT02_458575,LCK_20260826_HANJIN_BRION_vs_KT_Rolster_S4,4,2026-08-26 11:01:30+00:00,16.16,BLUE,HANJIN BRION,Camille,3,24,13,0.5416666666666666,5,0.6,3,0.6666666666666666,0
LOLTMNT02_458575,LCK_20260826_HANJIN_BRION_vs_KT_Rolster_S4,4,2026-08-26 11:01:30+00:00,16.16,BLUE,HANJIN BRION,Jhin,4,99,50,0.5050505050505051,6,0.3333333333333333,10,0.2,0
LOLTMNT02_458575,LCK_20260826_HANJIN_BRION_vs_KT_Rolster_S4,4,2026-08-26 11:01:30+00:00,16.16,BLUE,HANJIN BRION,Gnar,5,97,57,0.5876288659793815,3,1.0,8,0.5,0
LOLTMNT02_458575,LCK_20260826_HANJIN_BRION_vs_KT_Rolster_S4,4,2026-08-26 11:01:30+00:00,16.16,RED,KT Rolster,Ashe,1,63,36,0.5714285714285714,2,0.5,7,0.7142857142857143,1
LOLTMNT02_458575,LCK_20260826_HANJIN_BRION_vs_KT_Rolster_S4,4,2026-08-26 11:01:30+00:00,16.16,RED,KT Rolster,Seraphine,2,69,39,0.5652173913043478,6,0.6666666666666666,10,0.7,1
LOLTMNT02_458575,LCK_20260826_HANJIN_BRION_vs_KT_Rolster_S4,4,2026-08-26 11:01:30+00:00,16.16,RED,KT Rolster,Lee Sin,3,80,47,0.5875,8,0.625,3,0.0,1
LOLTMNT02_458575,LCK_20260826_HANJIN_BRION_vs_KT_Rolster_S4,4,2026-08-26 11:01:30+00:00,16.16,RED,KT Rolster,Lissandra,4,7,5,0.7142857142857143,1,0.0,0,,1
LOLTMNT02_458575,LCK_20260826_HANJIN_BRION_vs_KT_Rolster_S4,4,2026-08-26 11:01:30+00:00,16.16,RED,KT Rolster,Ambessa,5,92,36,0.391304347826087,3,0.3333333333333333,3,0.3333333333333333,1
LOLTMNT02_458596,LCK_20260826_HANJIN_BRION_vs_KT_Rolster_S4,5,2026-08-26 12:00:13+00:00,16.16,BLUE,HANJIN BRION,Neeko,1,73,39,0.5342465753424658,2,1.0,15,0.4666666666666667,0
LOLTMNT02_458596,LCK_20260826_HANJIN_BRION_vs_KT_Rolster_S4,5,2026-08-26 12:00:13+00:00,16.16,BLUE,HANJIN BRION,Kai'Sa,2,21,13,0.6190476190476191,0,,2,1.0,0
LOLTMNT02_458596,LCK_20260826_HANJIN_BRION_vs_KT_Rolster_S4,5,2026-08-26 12:00:13+00:00,16.16,BLUE,HANJIN BRION,Annie,3,69,39,0.5652173913043478,3,0.3333333333333333,8,0.625,0
LOLTMNT02_458596,LCK_20260826_HANJIN_BRION_vs_KT_Rolster_S4,5,2026-08-26 12:00:13+00:00,16.16,BLUE,HANJIN BRION,Zed,4,0,0,,0,,0,,0
LOLTMNT02_458596,LCK_20260826_HANJIN_BRION_vs_KT_Rolster_S4,5,2026-08-26 12:00:13+00:00,16.16,BLUE,HANJIN BRION,Renekton,5,80,34,0.425,2,0.0,9,0.1111111111111111,0
LOLTMNT02_458596,LCK_20260826_HANJIN_BRION_vs_KT_Rolster_S4,5,2026-08-26 12:00:13+00:00,16.16,RED,KT Rolster,Zeri,1,5,2,0.4,0,,0,,1
LOLTMNT02_458596,LCK_20260826_HANJIN_BRION_vs_KT_Rolster_S4,5,2026-08-26 12:00:13+00:00,16.16,RED,KT Rolster,Yuumi,2,8,5,0.625,0,,2,1.0,1
LOLTMNT02_458596,LCK_20260826_HANJIN_BRION_vs_KT_Rolster_S4,5,2026-08-26 12:00:13+00:00,16.16,RED,KT Rolster,Trundle,3,30,18,0.6,2,0.5,6,0.6666666666666666,1
LOLTMNT02_458596,LCK_20260826_HANJIN_BRION_vs_KT_Rolster_S4,5,2026-08-26 12:00:13+00:00,16.16,RED,KT Rolster,Galio,4,38,21,0.5526315789473685,5,0.4,1,0.0,1
LOLTMNT02_458596,LCK_20260826_HANJIN_BRION_vs_KT_Rolster_S4,5,2026-08-26 12:00:13+00:00,16.16,RED,KT Rolster,K'Sante,5,83,40,0.4819277108433735,6,0.3333333333333333,10,0.3,1
LOLTMNT02_458778,LCK_20260827_BNK_FEARX_vs_Nongshim_RedForce_S6,1,2026-08-27 08:07:15+00:00,16.16,BLUE,BNK FEARX,Galio,1,39,22,0.5641025641025641,6,0.5,6,0.16666666666666666,0
LOLTMNT02_458778,LCK_20260827_BNK_FEARX_vs_Nongshim_RedForce_S6,1,2026-08-27 08:07:15+00:00,16.16,BLUE,BNK FEARX,Lee Sin,2,81,48,0.5925925925925926,9,0.6666666666666666,9,0.7777777777777778,0
LOLTMNT02_458778,LCK_20260827_BNK_FEARX_vs_Nongshim_RedForce_S6,1,2026-08-27 08:07:15+00:00,16.16,BLUE,BNK FEARX,Jayce,3,93,41,0.44086021505376344,7,0.5714285714285714,2,0.5,0
LOLTMNT02_458778,LCK_20260827_BNK_FEARX_vs_Nongshim_RedForce_S6,1,2026-08-27 08:07:15+00:00,16.16,BLUE,BNK FEARX,Caitlyn,4,65,36,0.5538461538461539,6,0.8333333333333334,5,0.6,0
LOLTMNT02_458778,LCK_20260827_BNK_FEARX_vs_Nongshim_RedForce_S6,1,2026-08-27 08:07:15+00:00,16.16,BLUE,BNK FEARX,Bard,5,89,49,0.550561797752809,6,0.3333333333333333,9,0.3333333333333333,0
LOLTMNT02_458778,LCK_20260827_BNK_FEARX_vs_Nongshim_RedForce_S6,1,2026-08-27 08:07:15+00:00,16.16,RED,Nongshim RedForce,Orianna,1,75,36,0.48,7,0.42857142857142855,7,0.5714285714285714,1
LOLTMNT02_458778,LCK_20260827_BNK_FEARX_vs_Nongshim_RedForce_S6,1,2026-08-27 08:07:15+00:00,16.16,RED,Nongshim RedForce,Jhin,2,100,50,0.5,7,0.2857142857142857,7,0.7142857142857143,1
LOLTMNT02_458778,LCK_20260827_BNK_FEARX_vs_Nongshim_RedForce_S6,1,2026-08-27 08:07:15+00:00,16.16,RED,Nongshim RedForce,Camille,3,25,13,0.52,6,0.5,2,0.0,1
LOLTMNT02_458778,LCK_20260827_BNK_FEARX_vs_Nongshim_RedForce_S6,1,2026-08-27 08:07:15+00:00,16.16,RED,Nongshim RedForce,Shen,4,37,23,0.6216216216216216,4,0.25,5,0.8,1
LOLTMNT02_458778,LCK_20260827_BNK_FEARX_vs_Nongshim_RedForce_S6,1,2026-08-27 08:07:15+00:00,16.16,RED,Nongshim RedForce,Jarvan IV,5,140,75,0.5357142857142857,7,0.42857142857142855,17,0.5882352941176471,1
LOLTMNT02_458797,LCK_20260827_BNK_FEARX_vs_Nongshim_RedForce_S6,2,2026-08-27 08:57:28+00:00,16.16,BLUE,Nongshim RedForce,Yunara,1,108,50,0.46296296296296297,8,0.25,15,0.4666666666666667,0
LOLTMNT02_458797,LCK_20260827_BNK_FEARX_vs_Nongshim_RedForce_S6,2,2026-08-27 08:57:28+00:00,16.16,BLUE,Nongshim RedForce,Lulu,2,86,39,0.45348837209302323,9,0.3333333333333333,9,0.2222222222222222,0
LOLTMNT02_458797,LCK_20260827_BNK_FEARX_vs_Nongshim_RedForce_S6,2,2026-08-27 08:57:28+00:00,16.16,BLUE,Nongshim RedForce,Nocturne,3,69,37,0.5362318840579711,5,0.8,9,0.4444444444444444,0
LOLTMNT02_458797,LCK_20260827_BNK_FEARX_vs_Nongshim_RedForce_S6,2,2026-08-27 08:57:28+00:00,16.16,BLUE,Nongshim RedForce,Ambessa,4,93,37,0.3978494623655914,4,0.5,10,0.3,0
LOLTMNT02_458797,LCK_20260827_BNK_FEARX_vs_Nongshim_RedForce_S6,2,2026-08-27 08:57:28+00:00,16.16,BLUE,Nongshim RedForce,Locke,5,10,4,0.4,2,0.0,3,0.6666666666666666,0
LOLTMNT02_458797,LCK_20260827_BNK_FEARX_vs_Nongshim_RedForce_S6,2,2026-08-27 08:57:28+00:00,16.16,RED,BNK FEARX,Vi,1,95,49,0.5157894736842106,3,0.6666666666666666,4,0.25,1
LOLTMNT02_458797,LCK_20260827_BNK_FEARX_vs_Nongshim_RedForce_S6,2,2026-08-27 08:57:28+00:00,16.16,RED,BNK FEARX,Ezreal,2,123,54,0.43902439024390244,10,0.5,21,0.2857142857142857,1
LOLTMNT02_458797,LCK_20260827_BNK_FEARX_vs_Nongshim_RedForce_S6,2,2026-08-27 08:57:28+00:00,16.16,RED,BNK FEARX,Karma,3,77,41,0.5324675324675324,7,0.2857142857142857,8,0.375,1
LOLTMNT02_458797,LCK_20260827_BNK_FEARX_vs_Nongshim_RedForce_S6,2,2026-08-27 08:57:28+00:00,16.16,RED,BNK FEARX,Ahri,4,52,33,0.6346153846153846,5,0.6,9,0.5555555555555556,1
LOLTMNT02_458797,LCK_20260827_BNK_FEARX_vs_Nongshim_RedForce_S6,2,2026-08-27 08:57:28+00:00,16.16,RED,BNK FEARX,Rumble,5,80,42,0.525,4,1.0,6,0.8333333333333334,1
LOLTMNT02_458808,LCK_20260827_BNK_FEARX_vs_Nongshim_RedForce_S6,3,2026-08-27 09:50:00+00:00,16.16,BLUE,BNK FEARX,Olaf,1,37,27,0.7297297297297297,10,0.6,4,0.75,1
LOLTMNT02_458808,LCK_20260827_BNK_FEARX_vs_Nongshim_RedForce_S6,3,2026-08-27 09:50:00+00:00,16.16,BLUE,BNK FEARX,Seraphine,2,70,40,0.5714285714285714,7,0.7142857142857143,7,0.42857142857142855,1
LOLTMNT02_458808,LCK_20260827_BNK_FEARX_vs_Nongshim_RedForce_S6,3,2026-08-27 09:50:00+00:00,16.16,BLUE,BNK FEARX,Ashe,3,64,37,0.578125,3,0.6666666666666666,8,0.5,1
LOLTMNT02_458808,LCK_20260827_BNK_FEARX_vs_Nongshim_RedForce_S6,3,2026-08-27 09:50:00+00:00,16.16,BLUE,BNK FEARX,Azir,4,67,32,0.47761194029850745,1,1.0,7,0.5714285714285714,1
LOLTMNT02_458808,LCK_20260827_BNK_FEARX_vs_Nongshim_RedForce_S6,3,2026-08-27 09:50:00+00:00,16.16,BLUE,BNK FEARX,K'Sante,5,84,41,0.4880952380952381,7,0.42857142857142855,13,0.38461538461538464,1
LOLTMNT02_458808,LCK_20260827_BNK_FEARX_vs_Nongshim_RedForce_S6,3,2026-08-27 09:50:00+00:00,16.16,RED,Nongshim RedForce,Syndra,1,38,18,0.47368421052631576,8,0.625,6,0.5,0
LOLTMNT02_458808,LCK_20260827_BNK_FEARX_vs_Nongshim_RedForce_S6,3,2026-08-27 09:50:00+00:00,16.16,RED,Nongshim RedForce,Naafiri,2,49,24,0.4897959183673469,6,0.5,2,0.5,0
LOLTMNT02_458808,LCK_20260827_BNK_FEARX_vs_Nongshim_RedForce_S6,3,2026-08-27 09:50:00+00:00,16.16,RED,Nongshim RedForce,Jax,3,24,11,0.4583333333333333,3,0.0,0,,0
LOLTMNT02_458808,LCK_20260827_BNK_FEARX_vs_Nongshim_RedForce_S6,3,2026-08-27 09:50:00+00:00,16.16,RED,Nongshim RedForce,Varus,4,41,18,0.43902439024390244,1,0.0,5,0.4,0
LOLTMNT02_458808,LCK_20260827_BNK_FEARX_vs_Nongshim_RedForce_S6,3,2026-08-27 09:50:00+00:00,16.16,RED,Nongshim RedForce,Nautilus,5,78,31,0.3974358974358974,1,1.0,8,0.375,0
LOLTMNT02_458824,LCK_20260827_BNK_FEARX_vs_Nongshim_RedForce_S6,4,2026-08-27 10:48:14+00:00,16.16,BLUE,BNK FEARX,Kalista,1,27,13,0.48148148148148145,4,0.25,5,0.2,1
LOLTMNT02_458824,LCK_20260827_BNK_FEARX_vs_Nongshim_RedForce_S6,4,2026-08-27 10:48:14+00:00,16.16,BLUE,BNK FEARX,Renata Glasc,2,27,12,0.4444444444444444,4,0.25,4,0.0,1
LOLTMNT02_458824,LCK_20260827_BNK_FEARX_vs_Nongshim_RedForce_S6,4,2026-08-27 10:48:14+00:00,16.16,BLUE,BNK FEARX,Xin Zhao,3,129,61,0.4728682170542636,4,0.5,13,0.3076923076923077,1
LOLTMNT02_458824,LCK_20260827_BNK_FEARX_vs_Nongshim_RedForce_S6,4,2026-08-27 10:48:14+00:00,16.16,BLUE,BNK FEARX,Taliyah,4,61,25,0.4098360655737705,1,1.0,6,0.3333333333333333,1
LOLTMNT02_458824,LCK_20260827_BNK_FEARX_vs_Nongshim_RedForce_S6,4,2026-08-27 10:48:14+00:00,16.16,BLUE,BNK FEARX,Nidalee,5,4,3,0.75,0,,1,1.0,1
LOLTMNT02_458824,LCK_20260827_BNK_FEARX_vs_Nongshim_RedForce_S6,4,2026-08-27 10:48:14+00:00,16.16,RED,Nongshim RedForce,Ryze,1,135,76,0.562962962962963,10,0.7,12,0.5833333333333334,0
LOLTMNT02_458824,LCK_20260827_BNK_FEARX_vs_Nongshim_RedForce_S6,4,2026-08-27 10:48:14+00:00,16.16,RED,Nongshim RedForce,Wukong,2,65,30,0.46153846153846156,7,0.14285714285714285,6,0.3333333333333333,0
LOLTMNT02_458824,LCK_20260827_BNK_FEARX_vs_Nongshim_RedForce_S6,4,2026-08-27 10:48:14+00:00,16.16,RED,Nongshim RedForce,Gwen,3,28,17,0.6071428571428571,2,0.5,1,1.0,0
LOLTMNT02_458824,LCK_20260827_BNK_FEARX_vs_Nongshim_RedForce_S6,4,2026-08-27 10:48:14+00:00,16.16,RED,Nongshim RedForce,Sivir,4,50,30,0.6,2,0.5,3,0.6666666666666666,0
LOLTMNT02_458824,LCK_20260827_BNK_FEARX_vs_Nongshim_RedForce_S6,4,2026-08-27 10:48:14+00:00,16.16,RED,Nongshim RedForce,Neeko,5,74,39,0.527027027027027,3,0.6666666666666666,10,0.3,0
LOLTMNT02_461046,LCK_20260828_BNK_FEARX_vs_HANJIN_BRION_S6,1,2026-08-28 08:06:46+00:00,16.16,BLUE,BNK FEARX,Syndra,1,39,18,0.46153846153846156,9,0.5555555555555556,7,0.42857142857142855,1
LOLTMNT02_461046,LCK_20260828_BNK_FEARX_vs_HANJIN_BRION_S6,1,2026-08-28 08:06:46+00:00,16.16,BLUE,BNK FEARX,Jarvan IV,2,141,76,0.5390070921985816,8,0.5,17,0.4117647058823529,1
LOLTMNT02_461046,LCK_20260828_BNK_FEARX_vs_HANJIN_BRION_S6,1,2026-08-28 08:06:46+00:00,16.16,BLUE,BNK FEARX,K'Sante,3,85,42,0.49411764705882355,8,0.5,14,0.42857142857142855,1
LOLTMNT02_461046,LCK_20260828_BNK_FEARX_vs_HANJIN_BRION_S6,1,2026-08-28 08:06:46+00:00,16.16,BLUE,BNK FEARX,Karma,4,78,42,0.5384615384615384,8,0.375,9,0.4444444444444444,1
LOLTMNT02_461046,LCK_20260828_BNK_FEARX_vs_HANJIN_BRION_S6,1,2026-08-28 08:06:46+00:00,16.16,BLUE,BNK FEARX,Sivir,5,51,30,0.5882352941176471,3,0.3333333333333333,5,0.6,1
LOLTMNT02_461046,LCK_20260828_BNK_FEARX_vs_HANJIN_BRION_S6,1,2026-08-28 08:06:46+00:00,16.16,RED,HANJIN BRION,Ryze,1,136,76,0.5588235294117647,11,0.6363636363636364,13,0.3076923076923077,0
LOLTMNT02_461046,LCK_20260828_BNK_FEARX_vs_HANJIN_BRION_S6,1,2026-08-28 08:06:46+00:00,16.16,RED,HANJIN BRION,Lee Sin,2,82,48,0.5853658536585366,10,0.6,9,0.3333333333333333,0
LOLTMNT02_461046,LCK_20260828_BNK_FEARX_vs_HANJIN_BRION_S6,1,2026-08-28 08:06:46+00:00,16.16,RED,HANJIN BRION,Olaf,3,38,28,0.7368421052631579,11,0.6363636363636364,3,0.6666666666666666,0
LOLTMNT02_461046,LCK_20260828_BNK_FEARX_vs_HANJIN_BRION_S6,1,2026-08-28 08:06:46+00:00,16.16,RED,HANJIN BRION,Ezreal,4,124,55,0.4435483870967742,11,0.5454545454545454,18,0.4444444444444444,0
LOLTMNT02_461046,LCK_20260828_BNK_FEARX_vs_HANJIN_BRION_S6,1,2026-08-28 08:06:46+00:00,16.16,RED,HANJIN BRION,Bard,5,90,49,0.5444444444444444,7,0.2857142857142857,3,0.3333333333333333,0
LOLTMNT02_461064,LCK_20260828_BNK_FEARX_vs_HANJIN_BRION_S6,2,2026-08-28 09:04:21+00:00,16.16,BLUE,BNK FEARX,Kalista,1,28,14,0.5,5,0.4,6,0.3333333333333333,0
LOLTMNT02_461064,LCK_20260828_BNK_FEARX_vs_HANJIN_BRION_S6,2,2026-08-28 09:04:21+00:00,16.16,BLUE,BNK FEARX,Renata Glasc,2,28,13,0.4642857142857143,5,0.4,5,0.2,0
LOLTMNT02_461064,LCK_20260828_BNK_FEARX_vs_HANJIN_BRION_S6,2,2026-08-28 09:04:21+00:00,16.16,BLUE,BNK FEARX,Naafiri,3,50,24,0.48,7,0.42857142857142855,8,0.25,0
LOLTMNT02_461064,LCK_20260828_BNK_FEARX_vs_HANJIN_BRION_S6,2,2026-08-28 09:04:21+00:00,16.16,BLUE,BNK FEARX,Rumble,4,81,43,0.5308641975308642,5,1.0,7,0.8571428571428571,0
LOLTMNT02_461064,LCK_20260828_BNK_FEARX_vs_HANJIN_BRION_S6,2,2026-08-28 09:04:21+00:00,16.16,BLUE,BNK FEARX,Twisted Fate,5,30,14,0.4666666666666667,3,0.0,3,0.6666666666666666,0
LOLTMNT02_461064,LCK_20260828_BNK_FEARX_vs_HANJIN_BRION_S6,2,2026-08-28 09:04:21+00:00,16.16,RED,HANJIN BRION,Nocturne,1,70,37,0.5285714285714286,6,0.6666666666666666,9,0.4444444444444444,1
LOLTMNT02_461064,LCK_20260828_BNK_FEARX_vs_HANJIN_BRION_S6,2,2026-08-28 09:04:21+00:00,16.16,RED,HANJIN BRION,Caitlyn,2,66,36,0.5454545454545454,7,0.7142857142857143,9,0.4444444444444444,1
LOLTMNT02_461064,LCK_20260828_BNK_FEARX_vs_HANJIN_BRION_S6,2,2026-08-28 09:04:21+00:00,16.16,RED,HANJIN BRION,Neeko,3,75,39,0.52,4,0.5,16,0.4375,1
LOLTMNT02_461064,LCK_20260828_BNK_FEARX_vs_HANJIN_BRION_S6,2,2026-08-28 09:04:21+00:00,16.16,RED,HANJIN BRION,Anivia,4,60,26,0.43333333333333335,3,0.3333333333333333,7,0.14285714285714285,1
LOLTMNT02_461064,LCK_20260828_BNK_FEARX_vs_HANJIN_BRION_S6,2,2026-08-28 09:04:21+00:00,16.16,RED,HANJIN BRION,Aurora,5,75,29,0.38666666666666666,1,0.0,13,0.5384615384615384,1
LOLTMNT02_461095,LCK_20260828_BNK_FEARX_vs_HANJIN_BRION_S6,3,2026-08-28 09:54:08+00:00,16.16,BLUE,HANJIN BRION,Milio,1,60,27,0.45,6,0.5,9,0.3333333333333333,1
LOLTMNT02_461095,LCK_20260828_BNK_FEARX_vs_HANJIN_BRION_S6,3,2026-08-28 09:54:08+00:00,16.16,BLUE,HANJIN BRION,Trundle,2,31,19,0.6129032258064516,3,0.6666666666666666,5,0.8,1
LOLTMNT02_461095,LCK_20260828_BNK_FEARX_vs_HANJIN_BRION_S6,3,2026-08-28 09:54:08+00:00,16.16,BLUE,HANJIN BRION,Draven,3,1,0,0.0,0,,0,,1
LOLTMNT02_461095,LCK_20260828_BNK_FEARX_vs_HANJIN_BRION_S6,3,2026-08-28 09:54:08+00:00,16.16,BLUE,HANJIN BRION,Jayce,4,94,41,0.43617021276595747,8,0.5,13,0.46153846153846156,1
LOLTMNT02_461095,LCK_20260828_BNK_FEARX_vs_HANJIN_BRION_S6,3,2026-08-28 09:54:08+00:00,16.16,BLUE,HANJIN BRION,Kennen,5,17,9,0.5294117647058824,1,1.0,0,,1
LOLTMNT02_461095,LCK_20260828_BNK_FEARX_vs_HANJIN_BRION_S6,3,2026-08-28 09:54:08+00:00,16.16,RED,BNK FEARX,Lucian,1,79,36,0.45569620253164556,6,0.5,12,0.5,0
LOLTMNT02_461095,LCK_20260828_BNK_FEARX_vs_HANJIN_BRION_S6,3,2026-08-28 09:54:08+00:00,16.16,RED,BNK FEARX,Yuumi,2,9,6,0.6666666666666666,1,1.0,0,,0
LOLTMNT02_461095,LCK_20260828_BNK_FEARX_vs_HANJIN_BRION_S6,3,2026-08-28 09:54:08+00:00,16.16,RED,BNK FEARX,Wukong,3,66,30,0.45454545454545453,8,0.125,4,0.5,0
LOLTMNT02_461095,LCK_20260828_BNK_FEARX_vs_HANJIN_BRION_S6,3,2026-08-28 09:54:08+00:00,16.16,RED,BNK FEARX,Vayne,4,22,14,0.6363636363636364,2,0.5,3,0.6666666666666666,0
LOLTMNT02_461095,LCK_20260828_BNK_FEARX_vs_HANJIN_BRION_S6,3,2026-08-28 09:54:08+00:00,16.16,RED,BNK FEARX,Galio,5,40,22,0.55,7,0.42857142857142855,7,0.14285714285714285,0
LOLTMNT02_461110,LCK_20260828_BNK_FEARX_vs_HANJIN_BRION_S6,4,2026-08-28 10:46:56+00:00,16.16,BLUE,HANJIN BRION,Lulu,1,87,39,0.4482758620689655,10,0.3,6,0.16666666666666666,0
LOLTMNT02_461110,LCK_20260828_BNK_FEARX_vs_HANJIN_BRION_S6,4,2026-08-28 10:46:56+00:00,16.16,BLUE,HANJIN BRION,Pantheon,2,117,55,0.4700854700854701,8,0.5,17,0.29411764705882354,0
LOLTMNT02_461110,LCK_20260828_BNK_FEARX_vs_HANJIN_BRION_S6,4,2026-08-28 10:46:56+00:00,16.16,BLUE,HANJIN BRION,Xayah,3,26,16,0.6153846153846154,2,1.0,3,0.3333333333333333,0
LOLTMNT02_461110,LCK_20260828_BNK_FEARX_vs_HANJIN_BRION_S6,4,2026-08-28 10:46:56+00:00,16.16,BLUE,HANJIN BRION,Renekton,4,81,34,0.41975308641975306,3,0.0,10,0.1,0
LOLTMNT02_461110,LCK_20260828_BNK_FEARX_vs_HANJIN_BRION_S6,4,2026-08-28 10:46:56+00:00,16.16,BLUE,HANJIN BRION,Ahri,5,53,34,0.6415094339622641,6,0.6666666666666666,2,0.5,0
LOLTMNT02_461110,LCK_20260828_BNK_FEARX_vs_HANJIN_BRION_S6,4,2026-08-28 10:46:56+00:00,16.16,RED,BNK FEARX,Orianna,1,76,37,0.4868421052631579,8,0.5,5,0.4,1
LOLTMNT02_461110,LCK_20260828_BNK_FEARX_vs_HANJIN_BRION_S6,4,2026-08-28 10:46:56+00:00,16.16,RED,BNK FEARX,Yunara,2,109,50,0.45871559633027525,9,0.2222222222222222,10,0.5,1
LOLTMNT02_461110,LCK_20260828_BNK_FEARX_vs_HANJIN_BRION_S6,4,2026-08-28 10:46:56+00:00,16.16,RED,BNK FEARX,Nautilus,3,79,31,0.3924050632911392,2,0.5,2,0.5,1
LOLTMNT02_461110,LCK_20260828_BNK_FEARX_vs_HANJIN_BRION_S6,4,2026-08-28 10:46:56+00:00,16.16,RED,BNK FEARX,Maokai,4,9,7,0.7777777777777778,1,1.0,2,1.0,1
LOLTMNT02_461110,LCK_20260828_BNK_FEARX_vs_HANJIN_BRION_S6,4,2026-08-28 10:46:56+00:00,16.16,RED,BNK FEARX,Aatrox,5,21,9,0.42857142857142855,0,,2,0.0,1
LOLTMNT02_461127,LCK_20260828_BNK_FEARX_vs_HANJIN_BRION_S6,5,2026-08-28 11:40:15+00:00,16.16,BLUE,BNK FEARX,Jhin,1,101,51,0.504950495049505,8,0.375,7,0.2857142857142857,1
LOLTMNT02_461127,LCK_20260828_BNK_FEARX_vs_HANJIN_BRION_S6,5,2026-08-28 11:40:15+00:00,16.16,BLUE,BNK FEARX,Shen,2,38,24,0.631578947368421,5,0.4,6,0.6666666666666666,1
LOLTMNT02_461127,LCK_20260828_BNK_FEARX_vs_HANJIN_BRION_S6,5,2026-08-28 11:40:15+00:00,16.16,BLUE,BNK FEARX,Viktor,3,48,16,0.3333333333333333,3,0.3333333333333333,4,0.25,1
LOLTMNT02_461127,LCK_20260828_BNK_FEARX_vs_HANJIN_BRION_S6,5,2026-08-28 11:40:15+00:00,16.16,BLUE,BNK FEARX,Nidalee,4,5,4,0.8,1,1.0,2,1.0,1
LOLTMNT02_461127,LCK_20260828_BNK_FEARX_vs_HANJIN_BRION_S6,5,2026-08-28 11:40:15+00:00,16.16,BLUE,BNK FEARX,Irelia,5,1,0,0.0,0,,0,,1
LOLTMNT02_461127,LCK_20260828_BNK_FEARX_vs_HANJIN_BRION_S6,5,2026-08-28 11:40:15+00:00,16.16,RED,HANJIN BRION,Skarner,1,28,16,0.5714285714285714,3,0.6666666666666666,1,1.0,0
LOLTMNT02_461127,LCK_20260828_BNK_FEARX_vs_HANJIN_BRION_S6,5,2026-08-28 11:40:15+00:00,16.16,RED,HANJIN BRION,Kai'Sa,2,22,13,0.5909090909090909,1,0.0,3,0.6666666666666666,0
LOLTMNT02_461127,LCK_20260828_BNK_FEARX_vs_HANJIN_BRION_S6,5,2026-08-28 11:40:15+00:00,16.16,RED,HANJIN BRION,Rell,3,27,11,0.4074074074074074,0,,1,0.0,0
LOLTMNT02_461127,LCK_20260828_BNK_FEARX_vs_HANJIN_BRION_S6,5,2026-08-28 11:40:15+00:00,16.16,RED,HANJIN BRION,Annie,4,70,39,0.5571428571428572,4,0.25,9,0.5555555555555556,0
LOLTMNT02_461127,LCK_20260828_BNK_FEARX_vs_HANJIN_BRION_S6,5,2026-08-28 11:40:15+00:00,16.16,RED,HANJIN BRION,Ambessa,5,94,37,0.39361702127659576,5,0.4,7,0.5714285714285714,0
LOLTMNT02_461258,LCK_20260829_BNK_FEARX_vs_T1_S5,1,2026-08-29 08:07:39+00:00,16.16,BLUE,BNK FEARX,Lucian,1,80,36,0.45,7,0.42857142857142855,13,0.46153846153846156,0
LOLTMNT02_461258,LCK_20260829_BNK_FEARX_vs_T1_S5,1,2026-08-29 08:07:39+00:00,16.16,BLUE,BNK FEARX,Milio,2,61,28,0.45901639344262296,7,0.5714285714285714,11,0.5454545454545454,0
LOLTMNT02_461258,LCK_20260829_BNK_FEARX_vs_T1_S5,1,2026-08-29 08:07:39+00:00,16.16,BLUE,BNK FEARX,Jarvan IV,3,142,77,0.5422535211267606,9,0.5555555555555556,18,0.4444444444444444,0
LOLTMNT02_461258,LCK_20260829_BNK_FEARX_vs_T1_S5,1,2026-08-29 08:07:39+00:00,16.16,BLUE,BNK FEARX,Ryze,4,137,76,0.5547445255474452,12,0.5833333333333334,14,0.5,0
LOLTMNT02_461258,LCK_20260829_BNK_FEARX_vs_T1_S5,1,2026-08-29 08:07:39+00:00,16.16,BLUE,BNK FEARX,K'Sante,5,86,43,0.5,9,0.5555555555555556,15,0.4666666666666667,0
LOLTMNT02_461258,LCK_20260829_BNK_FEARX_vs_T1_S5,1,2026-08-29 08:07:39+00:00,16.16,RED,T1,Vi,1,96,50,0.5208333333333334,4,0.75,14,0.8571428571428571,1
LOLTMNT02_461258,LCK_20260829_BNK_FEARX_vs_T1_S5,1,2026-08-29 08:07:39+00:00,16.16,RED,T1,Yunara,2,110,51,0.4636363636363636,10,0.3,4,0.25,1
LOLTMNT02_461258,LCK_20260829_BNK_FEARX_vs_T1_S5,1,2026-08-29 08:07:39+00:00,16.16,RED,T1,Lulu,3,88,39,0.4431818181818182,11,0.2727272727272727,9,0.4444444444444444,1
LOLTMNT02_461258,LCK_20260829_BNK_FEARX_vs_T1_S5,1,2026-08-29 08:07:39+00:00,16.16,RED,T1,Taliyah,4,62,26,0.41935483870967744,2,1.0,3,0.6666666666666666,1
LOLTMNT02_461258,LCK_20260829_BNK_FEARX_vs_T1_S5,1,2026-08-29 08:07:39+00:00,16.16,RED,T1,Jayce,5,95,42,0.4421052631578947,9,0.5555555555555556,12,0.75,1
LOLTMNT02_460279,LCK_20260829_BNK_FEARX_vs_T1_S5,2,2026-08-29 09:04:53+00:00,16.16,BLUE,BNK FEARX,Rumble,1,82,43,0.524390243902439,6,0.8333333333333334,8,0.75,1
LOLTMNT02_460279,LCK_20260829_BNK_FEARX_vs_T1_S5,2,2026-08-29 09:04:53+00:00,16.16,BLUE,BNK FEARX,Pantheon,2,118,55,0.4661016949152542,9,0.4444444444444444,15,0.5333333333333333,1
LOLTMNT02_460279,LCK_20260829_BNK_FEARX_vs_T1_S5,2,2026-08-29 09:04:53+00:00,16.16,BLUE,BNK FEARX,Ahri,3,54,34,0.6296296296296297,7,0.5714285714285714,10,0.6,1
LOLTMNT02_460279,LCK_20260829_BNK_FEARX_vs_T1_S5,2,2026-08-29 09:04:53+00:00,16.16,BLUE,BNK FEARX,Zeri,4,6,3,0.5,1,1.0,0,,1
LOLTMNT02_460279,LCK_20260829_BNK_FEARX_vs_T1_S5,2,2026-08-29 09:04:53+00:00,16.16,BLUE,BNK FEARX,Yuumi,5,10,6,0.6,2,0.5,1,0.0,1
LOLTMNT02_460279,LCK_20260829_BNK_FEARX_vs_T1_S5,2,2026-08-29 09:04:53+00:00,16.16,RED,T1,Nocturne,1,71,38,0.5352112676056338,7,0.7142857142857143,11,0.7272727272727273,0
LOLTMNT02_460279,LCK_20260829_BNK_FEARX_vs_T1_S5,2,2026-08-29 09:04:53+00:00,16.16,RED,T1,Ornn,2,11,5,0.45454545454545453,2,0.0,2,0.5,0
LOLTMNT02_460279,LCK_20260829_BNK_FEARX_vs_T1_S5,2,2026-08-29 09:04:53+00:00,16.16,RED,T1,Akali,3,41,17,0.4146341463414634,1,0.0,6,0.8333333333333334,0
LOLTMNT02_460279,LCK_20260829_BNK_FEARX_vs_T1_S5,2,2026-08-29 09:04:53+00:00,16.16,RED,T1,Seraphine,4,71,41,0.5774647887323944,8,0.75,6,1.0,0
LOLTMNT02_460279,LCK_20260829_BNK_FEARX_vs_T1_S5,2,2026-08-29 09:04:53+00:00,16.16,RED,T1,Ezreal,5,125,55,0.44,12,0.5,9,0.4444444444444444,0
LOLTMNT02_460287,LCK_20260829_BNK_FEARX_vs_T1_S5,3,2026-08-29 09:59:39+00:00,16.16,BLUE,T1,Jhin,1,102,52,0.5098039215686274,9,0.4444444444444444,12,0.6666666666666666,0
LOLTMNT02_460287,LCK_20260829_BNK_FEARX_vs_T1_S5,3,2026-08-29 09:59:39+00:00,16.16,BLUE,T1,Naafiri,2,51,24,0.47058823529411764,8,0.375,3,0.6666666666666666,0
LOLTMNT02_460287,LCK_20260829_BNK_FEARX_vs_T1_S5,3,2026-08-29 09:59:39+00:00,16.16,BLUE,T1,Bard,3,91,49,0.5384615384615384,8,0.25,4,0.75,0
LOLTMNT02_460287,LCK_20260829_BNK_FEARX_vs_T1_S5,3,2026-08-29 09:59:39+00:00,16.16,BLUE,T1,Galio,4,41,22,0.5365853658536586,8,0.375,6,0.5,0
LOLTMNT02_460287,LCK_20260829_BNK_FEARX_vs_T1_S5,3,2026-08-29 09:59:39+00:00,16.16,BLUE,T1,Olaf,5,39,28,0.717948717948718,12,0.5833333333333334,4,1.0,0
LOLTMNT02_460287,LCK_20260829_BNK_FEARX_vs_T1_S5,3,2026-08-29 09:59:39+00:00,16.16,RED,BNK FEARX,Lee Sin,1,83,48,0.5783132530120482,11,0.5454545454545454,10,0.7,1
LOLTMNT02_460287,LCK_20260829_BNK_FEARX_vs_T1_S5,3,2026-08-29 09:59:39+00:00,16.16,RED,BNK FEARX,Shen,2,39,25,0.6410256410256411,6,0.5,7,0.7142857142857143,1
LOLTMNT02_460287,LCK_20260829_BNK_FEARX_vs_T1_S5,3,2026-08-29 09:59:39+00:00,16.16,RED,BNK FEARX,Kai'Sa,3,23,13,0.5652173913043478,2,0.0,2,1.0,1
LOLTMNT02_460287,LCK_20260829_BNK_FEARX_vs_T1_S5,3,2026-08-29 09:59:39+00:00,16.16,RED,BNK FEARX,Annie,4,71,39,0.5492957746478874,5,0.2,6,0.6666666666666666,1
LOLTMNT02_460287,LCK_20260829_BNK_FEARX_vs_T1_S5,3,2026-08-29 09:59:39+00:00,16.16,RED,BNK FEARX,Kled,5,7,3,0.42857142857142855,3,0.3333333333333333,1,0.0,1
LOLTMNT02_461283,LCK_20260829_BNK_FEARX_vs_T1_S5,4,2026-08-29 10:53:48+00:00,16.16,BLUE,BNK FEARX,Viktor,1,49,17,0.3469387755102041,4,0.5,5,0.4,0
LOLTMNT02_461283,LCK_20260829_BNK_FEARX_vs_T1_S5,4,2026-08-29 10:53:48+00:00,16.16,BLUE,BNK FEARX,Yorick,2,44,22,0.5,3,0.6666666666666666,5,0.2,0
LOLTMNT02_461283,LCK_20260829_BNK_FEARX_vs_T1_S5,4,2026-08-29 10:53:48+00:00,16.16,BLUE,BNK FEARX,Maokai,3,10,8,0.8,2,1.0,3,1.0,0
LOLTMNT02_461283,LCK_20260829_BNK_FEARX_vs_T1_S5,4,2026-08-29 10:53:48+00:00,16.16,BLUE,BNK FEARX,Corki,4,70,32,0.45714285714285713,2,0.5,2,1.0,0
LOLTMNT02_461283,LCK_20260829_BNK_FEARX_vs_T1_S5,4,2026-08-29 10:53:48+00:00,16.16,BLUE,BNK FEARX,Nami,5,34,15,0.4411764705882353,0,,3,0.6666666666666666,0
LOLTMNT02_461283,LCK_20260829_BNK_FEARX_vs_T1_S5,4,2026-08-29 10:53:48+00:00,16.16,RED,T1,Neeko,1,76,40,0.5263157894736842,5,0.6,9,0.7777777777777778,1
LOLTMNT02_461283,LCK_20260829_BNK_FEARX_vs_T1_S5,4,2026-08-29 10:53:48+00:00,16.16,RED,T1,Anivia,2,61,27,0.4426229508196721,4,0.5,13,0.6923076923076923,1
LOLTMNT02_461283,LCK_20260829_BNK_FEARX_vs_T1_S5,4,2026-08-29 10:53:48+00:00,16.16,RED,T1,Skarner,3,29,16,0.5517241379310345,4,0.5,2,0.5,1
LOLTMNT02_461283,LCK_20260829_BNK_FEARX_vs_T1_S5,4,2026-08-29 10:53:48+00:00,16.16,RED,T1,Miss Fortune,4,34,17,0.5,1,1.0,0,,1
LOLTMNT02_461283,LCK_20260829_BNK_FEARX_vs_T1_S5,4,2026-08-29 10:53:48+00:00,16.16,RED,T1,Nasus,5,0,0,,0,,0,,1
LOLTMNT02_461296,LCK_20260829_BNK_FEARX_vs_T1_S5,5,2026-08-29 12:01:33+00:00,16.16,BLUE,T1,Renata Glasc,1,29,13,0.4482758620689655,6,0.3333333333333333,4,0.5,1
LOLTMNT02_461296,LCK_20260829_BNK_FEARX_vs_T1_S5,5,2026-08-29 12:01:33+00:00,16.16,BLUE,T1,Varus,2,42,18,0.42857142857142855,2,0.0,6,0.3333333333333333,1
LOLTMNT02_461296,LCK_20260829_BNK_FEARX_vs_T1_S5,5,2026-08-29 12:01:33+00:00,16.16,BLUE,T1,Poppy,3,22,9,0.4090909090909091,0,,2,0.0,1
LOLTMNT02_461296,LCK_20260829_BNK_FEARX_vs_T1_S5,5,2026-08-29 12:01:33+00:00,16.16,BLUE,T1,Kennen,4,18,10,0.5555555555555556,2,1.0,3,0.3333333333333333,1
LOLTMNT02_461296,LCK_20260829_BNK_FEARX_vs_T1_S5,5,2026-08-29 12:01:33+00:00,16.16,BLUE,T1,Yone,5,24,11,0.4583333333333333,0,,1,0.0,1
LOLTMNT02_461296,LCK_20260829_BNK_FEARX_vs_T1_S5,5,2026-08-29 12:01:33+00:00,16.16,RED,BNK FEARX,Kalista,1,29,14,0.4827586206896552,6,0.3333333333333333,7,0.2857142857142857,0
LOLTMNT02_461296,LCK_20260829_BNK_FEARX_vs_T1_S5,5,2026-08-29 12:01:33+00:00,16.16,RED,BNK FEARX,Xin Zhao,2,130,62,0.47692307692307695,5,0.6,14,0.35714285714285715,0
LOLTMNT02_461296,LCK_20260829_BNK_FEARX_vs_T1_S5,5,2026-08-29 12:01:33+00:00,16.16,RED,BNK FEARX,Soraka,3,2,1,0.5,0,,1,1.0,0
LOLTMNT02_461296,LCK_20260829_BNK_FEARX_vs_T1_S5,5,2026-08-29 12:01:33+00:00,16.16,RED,BNK FEARX,Azir,4,68,33,0.4852941176470588,2,1.0,8,0.625,0
LOLTMNT02_461296,LCK_20260829_BNK_FEARX_vs_T1_S5,5,2026-08-29 12:01:33+00:00,16.16,RED,BNK FEARX,Lissandra,5,8,6,0.75,2,0.5,2,1.0,0
LOLTMNT02_461410,LCK_20260830_Dplus_Kia_vs_KT_Rolster_S6,1,2026-08-30 08:10:04+00:00,16.16,BLUE,KT Rolster,Ezreal,1,126,55,0.4365079365079365,13,0.46153846153846156,13,0.5384615384615384,1
LOLTMNT02_461410,LCK_20260830_Dplus_Kia_vs_KT_Rolster_S6,1,2026-08-30 08:10:04+00:00,16.16,BLUE,KT Rolster,Jarvan IV,2,143,77,0.5384615384615384,10,0.5,10,0.7,1
LOLTMNT02_461410,LCK_20260830_Dplus_Kia_vs_KT_Rolster_S6,1,2026-08-30 08:10:04+00:00,16.16,BLUE,KT Rolster,Trundle,3,32,20,0.625,4,0.75,7,0.7142857142857143,1
LOLTMNT02_461410,LCK_20260830_Dplus_Kia_vs_KT_Rolster_S6,1,2026-08-30 08:10:04+00:00,16.16,BLUE,KT Rolster,Syndra,4,40,19,0.475,10,0.6,6,0.3333333333333333,1
LOLTMNT02_461410,LCK_20260830_Dplus_Kia_vs_KT_Rolster_S6,1,2026-08-30 08:10:04+00:00,16.16,BLUE,KT Rolster,Nautilus,5,80,32,0.4,3,0.6666666666666666,15,0.4,1
LOLTMNT02_461410,LCK_20260830_Dplus_Kia_vs_KT_Rolster_S6,1,2026-08-30 08:10:04+00:00,16.16,RED,Dplus Kia,Orianna,1,77,38,0.4935064935064935,9,0.5555555555555556,10,0.5,0
LOLTMNT02_461410,LCK_20260830_Dplus_Kia_vs_KT_Rolster_S6,1,2026-08-30 08:10:04+00:00,16.16,RED,Dplus Kia,Xin Zhao,2,131,62,0.4732824427480916,6,0.5,16,0.4375,0
LOLTMNT02_461410,LCK_20260830_Dplus_Kia_vs_KT_Rolster_S6,1,2026-08-30 08:10:04+00:00,16.16,RED,Dplus Kia,Olaf,3,40,28,0.7,13,0.5384615384615384,4,0.5,0
LOLTMNT02_461410,LCK_20260830_Dplus_Kia_vs_KT_Rolster_S6,1,2026-08-30 08:10:04+00:00,16.16,RED,Dplus Kia,Caitlyn,4,67,37,0.5522388059701493,8,0.75,7,0.5714285714285714,0
LOLTMNT02_461410,LCK_20260830_Dplus_Kia_vs_KT_Rolster_S6,1,2026-08-30 08:10:04+00:00,16.16,RED,Dplus Kia,Bard,5,92,49,0.532608695652174,9,0.2222222222222222,13,0.6153846153846154,0
LOLTMNT02_461420,LCK_20260830_Dplus_Kia_vs_KT_Rolster_S6,2,2026-08-30 09:12:22+00:00,16.16,BLUE,KT Rolster,Kalista,1,30,14,0.4666666666666667,7,0.2857142857142857,1,0.0,1
LOLTMNT02_461420,LCK_20260830_Dplus_Kia_vs_KT_Rolster_S6,2,2026-08-30 09:12:22+00:00,16.16,BLUE,KT Rolster,Renata Glasc,2,30,14,0.4666666666666667,7,0.42857142857142855,1,0.0,1
LOLTMNT02_461420,LCK_20260830_Dplus_Kia_vs_KT_Rolster_S6,2,2026-08-30 09:12:22+00:00,16.16,BLUE,KT Rolster,Ahri,3,55,35,0.6363636363636364,8,0.625,8,0.625,1
LOLTMNT02_461420,LCK_20260830_Dplus_Kia_vs_KT_Rolster_S6,2,2026-08-30 09:12:22+00:00,16.16,BLUE,KT Rolster,Skarner,4,30,17,0.5666666666666667,5,0.6,4,0.5,1
LOLTMNT02_461420,LCK_20260830_Dplus_Kia_vs_KT_Rolster_S6,2,2026-08-30 09:12:22+00:00,16.16,BLUE,KT Rolster,Rumble,5,83,44,0.5301204819277109,7,0.8571428571428571,8,0.375,1
LOLTMNT02_461420,LCK_20260830_Dplus_Kia_vs_KT_Rolster_S6,2,2026-08-30 09:12:22+00:00,16.16,RED,Dplus Kia,Vi,1,97,51,0.5257731958762887,5,0.8,8,0.375,0
LOLTMNT02_461420,LCK_20260830_Dplus_Kia_vs_KT_Rolster_S6,2,2026-08-30 09:12:22+00:00,16.16,RED,Dplus Kia,Jayce,2,96,43,0.4479166666666667,10,0.6,14,0.42857142857142855,0
LOLTMNT02_461420,LCK_20260830_Dplus_Kia_vs_KT_Rolster_S6,2,2026-08-30 09:12:22+00:00,16.16,RED,Dplus Kia,Taliyah,3,63,27,0.42857142857142855,3,1.0,6,0.6666666666666666,0
LOLTMNT02_461420,LCK_20260830_Dplus_Kia_vs_KT_Rolster_S6,2,2026-08-30 09:12:22+00:00,16.16,RED,Dplus Kia,Annie,4,72,40,0.5555555555555556,6,0.3333333333333333,8,0.75,0
LOLTMNT02_461420,LCK_20260830_Dplus_Kia_vs_KT_Rolster_S6,2,2026-08-30 09:12:22+00:00,16.16,RED,Dplus Kia,Alistar,5,52,25,0.4807692307692308,4,1.0,4,0.25,0
LOLTMNT02_461430,LCK_20260830_Dplus_Kia_vs_KT_Rolster_S6,3,2026-08-30 10:16:18+00:00,16.16,BLUE,KT Rolster,Ryze,1,138,76,0.5507246376811594,13,0.5384615384615384,16,0.5625,1
LOLTMNT02_461430,LCK_20260830_Dplus_Kia_vs_KT_Rolster_S6,3,2026-08-30 10:16:18+00:00,16.16,BLUE,KT Rolster,Ashe,2,65,38,0.5846153846153846,4,0.75,8,0.75,1
LOLTMNT02_461430,LCK_20260830_Dplus_Kia_vs_KT_Rolster_S6,3,2026-08-30 10:16:18+00:00,16.16,BLUE,KT Rolster,Seraphine,3,72,41,0.5694444444444444,9,0.6666666666666666,11,0.7272727272727273,1
LOLTMNT02_461430,LCK_20260830_Dplus_Kia_vs_KT_Rolster_S6,3,2026-08-30 10:16:18+00:00,16.16,BLUE,KT Rolster,Gnar,4,98,57,0.5816326530612245,4,0.75,6,0.8333333333333334,1
LOLTMNT02_461430,LCK_20260830_Dplus_Kia_vs_KT_Rolster_S6,3,2026-08-30 10:16:18+00:00,16.16,BLUE,KT Rolster,Cho'Gath,5,1,1,1.0,0,,0,,1
LOLTMNT02_461430,LCK_20260830_Dplus_Kia_vs_KT_Rolster_S6,3,2026-08-30 10:16:18+00:00,16.16,RED,Dplus Kia,Lulu,1,89,40,0.449438202247191,12,0.3333333333333333,14,0.5714285714285714,0
LOLTMNT02_461430,LCK_20260830_Dplus_Kia_vs_KT_Rolster_S6,3,2026-08-30 10:16:18+00:00,16.16,RED,Dplus Kia,Yunara,2,111,52,0.46846846846846846,11,0.36363636363636365,12,0.5833333333333334,0
LOLTMNT02_461430,LCK_20260830_Dplus_Kia_vs_KT_Rolster_S6,3,2026-08-30 10:16:18+00:00,16.16,RED,Dplus Kia,Naafiri,3,52,24,0.46153846153846156,9,0.3333333333333333,1,1.0,0
LOLTMNT02_461430,LCK_20260830_Dplus_Kia_vs_KT_Rolster_S6,3,2026-08-30 10:16:18+00:00,16.16,RED,Dplus Kia,Aurora,4,76,30,0.39473684210526316,2,0.5,4,0.25,0
LOLTMNT02_461430,LCK_20260830_Dplus_Kia_vs_KT_Rolster_S6,3,2026-08-30 10:16:18+00:00,16.16,RED,Dplus Kia,Ambessa,5,95,37,0.3894736842105263,6,0.3333333333333333,11,0.36363636363636365,0
