game_id,year,date,league,game_number,split,playoffs,patch,datacompleteness,source_url,source_series_id,blue_team,blue_team_id,red_team,red_team_id,first_pick_side,blue_result,red_result,winner_side,winner_team,blue_ban1,red_ban1,blue_pick1,red_pick1,blue_ban2,red_ban2,blue_pick2,red_pick2,blue_ban3,red_ban3,blue_pick3,red_pick3,blue_ban4,red_ban4,blue_pick4,red_pick4,blue_ban5,red_ban5,blue_pick5,red_pick5,team_pair,series_id,fearless_unavailable_before_game,fearless_unavailable_count,fearless_repeat_detected,blue_games_before,blue_wins_before,blue_win_rate_before,blue_season_games_before,blue_season_wins_before,blue_season_win_rate_before,blue_last5_games,blue_last5_win_rate,blue_last10_games,blue_last10_win_rate,blue_side_games_before,blue_side_win_rate_before,blue_patch_games_before,blue_patch_win_rate_before,blue_h2h_games_before,blue_h2h_win_rate_before,red_games_before,red_wins_before,red_win_rate_before,red_season_games_before,red_season_wins_before,red_season_win_rate_before,red_last5_games,red_last5_win_rate,red_last10_games,red_last10_win_rate,red_side_games_before,red_side_win_rate_before,red_patch_games_before,red_patch_win_rate_before,red_h2h_games_before,red_h2h_win_rate_before
LOLTMNT03_183532,2025,2025-01-15 08:09:30+00:00,LCK,1,Cup,0,15.01,complete,,,HANJIN BRION,oe:team:b77b3f6068e20a2b3edc0ecd3dc70d4,Kiwoom DRX,oe:team:1d0389df0c5eea93b04122ba167c010,BLUE,1,0,BLUE,HANJIN BRION,Ashe,Kalista,Skarner,Viktor,Varus,Rumble,K'Sante,Corki,Aurora,Azir,Yone,Sejuani,Ambessa,Ziggs,Miss Fortune,Leona,Jax,Kai'Sa,Rell,Jayce,oe:team:1d0389df0c5eea93b04122ba167c010|oe:team:b77b3f6068e20a2b3edc0ecd3dc70d4,2025_20250115_HANJIN_BRION_vs_Kiwoom_DRX_S1,[],0,False,0.0,0.0,,0.0,0.0,,0.0,,0.0,,0.0,,0.0,,0.0,,0.0,0.0,,0.0,0.0,,0.0,,0.0,,0.0,,0.0,,0.0,
LOLTMNT03_183538,2025,2025-01-15 09:03:08+00:00,LCK,2,Cup,0,15.01,complete,,,Kiwoom DRX,oe:team:1d0389df0c5eea93b04122ba167c010,HANJIN BRION,oe:team:b77b3f6068e20a2b3edc0ecd3dc70d4,BLUE,1,0,BLUE,Kiwoom DRX,Azir,Nocturne,Aurora,Rumble,Ashe,Vi,Wukong,Viego,Varus,Kalista,Kai'Sa,Taliyah,Nautilus,Ornn,Galio,Rakan,Caitlyn,Ambessa,Poppy,Xayah,oe:team:1d0389df0c5eea93b04122ba167c010|oe:team:b77b3f6068e20a2b3edc0ecd3dc70d4,2025_20250115_HANJIN_BRION_vs_Kiwoom_DRX_S1,"[""Skarner"", ""Viktor"", ""K'Sante"", ""Corki"", ""Yone"", ""Sejuani"", ""Miss Fortune"", ""Leona"", ""Rell"", ""Jayce""]",10,False,1.0,0.0,0.0,1.0,0.0,0.0,1.0,0.0,1.0,0.0,0.0,,1.0,0.0,1.0,0.0,1.0,1.0,1.0,1.0,1.0,1.0,1.0,1.0,1.0,1.0,0.0,,1.0,1.0,1.0,1.0
LOLTMNT03_183544,2025,2025-01-15 09:54:37+00:00,LCK,3,Cup,0,15.01,complete,,,HANJIN BRION,oe:team:b77b3f6068e20a2b3edc0ecd3dc70d4,Kiwoom DRX,oe:team:1d0389df0c5eea93b04122ba167c010,BLUE,0,1,RED,Kiwoom DRX,Nocturne,Vi,Varus,Xin Zhao,Lee Sin,Azir,Nautilus,Renata Glasc,LeBlanc,Ashe,Renekton,Kalista,Orianna,Nidalee,Brand,Gragas,Ornn,Zyra,Yasuo,Ambessa,oe:team:1d0389df0c5eea93b04122ba167c010|oe:team:b77b3f6068e20a2b3edc0ecd3dc70d4,2025_20250115_HANJIN_BRION_vs_Kiwoom_DRX_S1,"[""Skarner"", ""Viktor"", ""K'Sante"", ""Corki"", ""Yone"", ""Sejuani"", ""Miss Fortune"", ""Leona"", ""Rell"", ""Jayce"", ""Aurora"", ""Rumble"", ""Wukong"", ""Viego"", ""Kai'Sa"", ""Taliyah"", ""Galio"", ""Rakan"", ""Poppy"", ""Xayah""]",20,False,2.0,1.0,0.5,2.0,1.0,0.5,2.0,0.5,2.0,0.5,1.0,1.0,2.0,0.5,2.0,0.5,2.0,1.0,0.5,2.0,1.0,0.5,2.0,0.5,2.0,0.5,1.0,0.0,2.0,0.5,2.0,0.5
LOLTMNT03_183585,2025,2025-01-15 11:26:48+00:00,LCK,1,Cup,0,15.01,complete,,,DN SOOPers,oe:team:b3c72a20aa56f5d28022ac04a7dc294,Nongshim RedForce,oe:team:5cd2cd09ec94296f605dd13a2924d6c,BLUE,1,0,BLUE,DN SOOPers,Varus,Skarner,Kalista,Yone,Aurora,Vi,Ambessa,Sejuani,Corki,K'Sante,Renata Glasc,Ziggs,Leona,Rumble,Akali,Jayce,Nautilus,Maokai,Wukong,Alistar,oe:team:5cd2cd09ec94296f605dd13a2924d6c|oe:team:b3c72a20aa56f5d28022ac04a7dc294,2025_20250115_DN_SOOPers_vs_Nongshim_RedForce_S1,[],0,False,0.0,0.0,,0.0,0.0,,0.0,,0.0,,0.0,,0.0,,0.0,,0.0,0.0,,0.0,0.0,,0.0,,0.0,,0.0,,0.0,,0.0,
LOLTMNT03_182705,2025,2025-01-15 12:36:28+00:00,LCK,2,Cup,0,15.01,complete,,,Nongshim RedForce,oe:team:5cd2cd09ec94296f605dd13a2924d6c,DN SOOPers,oe:team:b3c72a20aa56f5d28022ac04a7dc294,BLUE,1,0,BLUE,Nongshim RedForce,Rumble,Skarner,K'Sante,Nocturne,Poppy,Vi,Viktor,Aurora,Jax,Corki,Xin Zhao,Orianna,Caitlyn,Ezreal,Xayah,Kai'Sa,Varus,Ashe,Rakan,Rell,oe:team:5cd2cd09ec94296f605dd13a2924d6c|oe:team:b3c72a20aa56f5d28022ac04a7dc294,2025_20250115_DN_SOOPers_vs_Nongshim_RedForce_S1,"[""Kalista"", ""Yone"", ""Ambessa"", ""Sejuani"", ""Renata Glasc"", ""Ziggs"", ""Akali"", ""Jayce"", ""Wukong"", ""Alistar""]",10,False,1.0,0.0,0.0,1.0,0.0,0.0,1.0,0.0,1.0,0.0,0.0,,1.0,0.0,1.0,0.0,1.0,1.0,1.0,1.0,1.0,1.0,1.0,1.0,1.0,1.0,0.0,,1.0,1.0,1.0,1.0
LOLTMNT03_182729,2025,2025-01-15 13:34:29+00:00,LCK,3,Cup,0,15.01,complete,,,DN SOOPers,oe:team:b3c72a20aa56f5d28022ac04a7dc294,Nongshim RedForce,oe:team:5cd2cd09ec94296f605dd13a2924d6c,BLUE,1,0,BLUE,DN SOOPers,Leona,Skarner,Ashe,Corki,Nautilus,Vi,Jax,Nidalee,Rumble,Kindred,Braum,Ezreal,Gragas,Lee Sin,Ivern,Sion,Maokai,Viego,Smolder,Blitzcrank,oe:team:5cd2cd09ec94296f605dd13a2924d6c|oe:team:b3c72a20aa56f5d28022ac04a7dc294,2025_20250115_DN_SOOPers_vs_Nongshim_RedForce_S1,"[""Kalista"", ""Yone"", ""Ambessa"", ""Sejuani"", ""Renata Glasc"", ""Ziggs"", ""Akali"", ""Jayce"", ""Wukong"", ""Alistar"", ""K'Sante"", ""Nocturne"", ""Viktor"", ""Aurora"", ""Xin Zhao"", ""Orianna"", ""Xayah"", ""Kai'Sa"", ""Rakan"", ""Rell""]",20,False,2.0,1.0,0.5,2.0,1.0,0.5,2.0,0.5,2.0,0.5,1.0,1.0,2.0,0.5,2.0,0.5,2.0,1.0,0.5,2.0,1.0,0.5,2.0,0.5,2.0,0.5,1.0,0.0,2.0,0.5,2.0,0.5
LOLTMNT03_184086,2025,2025-01-16 08:09:06+00:00,LCK,1,Cup,0,15.01,complete,,,BNK FEARX,oe:team:5c2e7e9ea8dfcba0150d9a5619baecf,KT Rolster,oe:team:d723992568441c6bafa2658129eade7,BLUE,0,1,RED,KT Rolster,K'Sante,Kalista,Rumble,Ashe,Ambessa,Jayce,Corki,Yone,Skarner,Vi,Maokai,Zyra,Jax,Varus,Kai'Sa,Renekton,Ornn,Ezreal,Leona,Braum,oe:team:5c2e7e9ea8dfcba0150d9a5619baecf|oe:team:d723992568441c6bafa2658129eade7,2025_20250116_BNK_FEARX_vs_KT_Rolster_S1,[],0,False,0.0,0.0,,0.0,0.0,,0.0,,0.0,,0.0,,0.0,,0.0,,0.0,0.0,,0.0,0.0,,0.0,,0.0,,0.0,,0.0,,0.0,
LOLTMNT03_183991,2025,2025-01-16 09:04:00+00:00,LCK,2,Cup,0,15.01,complete,,,BNK FEARX,oe:team:5c2e7e9ea8dfcba0150d9a5619baecf,KT Rolster,oe:team:d723992568441c6bafa2658129eade7,BLUE,1,0,BLUE,BNK FEARX,Sejuani,Kalista,K'Sante,Xin Zhao,Ambessa,Varus,Wukong,Caitlyn,Skarner,Vi,Taliyah,Jayce,Azir,Rakan,Zeri,Viktor,Aurora,Ezreal,Rell,Poppy,oe:team:5c2e7e9ea8dfcba0150d9a5619baecf|oe:team:d723992568441c6bafa2658129eade7,2025_20250116_BNK_FEARX_vs_KT_Rolster_S1,"[""Rumble"", ""Ashe"", ""Corki"", ""Yone"", ""Maokai"", ""Zyra"", ""Kai'Sa"", ""Renekton"", ""Leona"", ""Braum""]",10,False,1.0,0.0,0.0,1.0,0.0,0.0,1.0,0.0,1.0,0.0,1.0,0.0,1.0,0.0,1.0,0.0,1.0,1.0,1.0,1.0,1.0,1.0,1.0,1.0,1.0,1.0,1.0,1.0,1.0,1.0,1.0,1.0
LOLTMNT03_184105,2025,2025-01-16 09:54:20+00:00,LCK,3,Cup,0,15.01,complete,,,KT Rolster,oe:team:d723992568441c6bafa2658129eade7,BNK FEARX,oe:team:5c2e7e9ea8dfcba0150d9a5619baecf,BLUE,1,0,BLUE,KT Rolster,Viego,Skarner,Sejuani,Ambessa,Nocturne,Vi,Jax,Rakan,Varus,Kalista,Azir,Xayah,Lee Sin,Ezreal,Jinx,Akali,Sylas,Lucian,Lulu,Jarvan IV,oe:team:5c2e7e9ea8dfcba0150d9a5619baecf|oe:team:d723992568441c6bafa2658129eade7,2025_20250116_BNK_FEARX_vs_KT_Rolster_S1,"[""Rumble"", ""Ashe"", ""Corki"", ""Yone"", ""Maokai"", ""Zyra"", ""Kai'Sa"", ""Renekton"", ""Leona"", ""Braum"", ""K'Sante"", ""Xin Zhao"", ""Wukong"", ""Caitlyn"", ""Taliyah"", ""Jayce"", ""Zeri"", ""Viktor"", ""Rell"", ""Poppy""]",20,False,2.0,1.0,0.5,2.0,1.0,0.5,2.0,0.5,2.0,0.5,0.0,,2.0,0.5,2.0,0.5,2.0,1.0,0.5,2.0,1.0,0.5,2.0,0.5,2.0,0.5,0.0,,2.0,0.5,2.0,0.5
LOLTMNT03_185025,2025,2025-01-16 11:11:06+00:00,LCK,1,Cup,0,15.01,complete,,,Dplus Kia,oe:team:ef69efa6acebe94107f0cf1ba716806,T1,oe:team:ce499dea30cfce118f4fe85da0227e8,BLUE,1,0,BLUE,Dplus Kia,Kalista,Vi,Nidalee,Ashe,Sejuani,Skarner,Ezreal,Zyra,Varus,K'Sante,Leona,Yone,Braum,LeBlanc,Ambessa,Rell,Poppy,Jax,Jayce,Gragas,oe:team:ce499dea30cfce118f4fe85da0227e8|oe:team:ef69efa6acebe94107f0cf1ba716806,2025_20250116_Dplus_Kia_vs_T1_S1,[],0,False,0.0,0.0,,0.0,0.0,,0.0,,0.0,,0.0,,0.0,,0.0,,0.0,0.0,,0.0,0.0,,0.0,,0.0,,0.0,,0.0,,0.0,
LOLTMNT03_185042,2025,2025-01-16 11:55:28+00:00,LCK,2,Cup,0,15.01,complete,,,T1,oe:team:ce499dea30cfce118f4fe85da0227e8,Dplus Kia,oe:team:ef69efa6acebe94107f0cf1ba716806,BLUE,1,0,BLUE,T1,Maokai,Kalista,K'Sante,Rumble,Poppy,Azir,Varus,Wukong,Vi,Skarner,Renata Glasc,Corki,Aurora,Nocturne,Viktor,Rakan,Elise,Sejuani,Xin Zhao,Xerath,oe:team:ce499dea30cfce118f4fe85da0227e8|oe:team:ef69efa6acebe94107f0cf1ba716806,2025_20250116_Dplus_Kia_vs_T1_S1,"[""Nidalee"", ""Ashe"", ""Ezreal"", ""Zyra"", ""Leona"", ""Yone"", ""Ambessa"", ""Rell"", ""Jayce"", ""Gragas""]",10,False,1.0,0.0,0.0,1.0,0.0,0.0,1.0,0.0,1.0,0.0,0.0,,1.0,0.0,1.0,0.0,1.0,1.0,1.0,1.0,1.0,1.0,1.0,1.0,1.0,1.0,0.0,,1.0,1.0,1.0,1.0
LOLTMNT03_185067,2025,2025-01-16 12:50:03+00:00,LCK,3,Cup,0,15.01,complete,,,Dplus Kia,oe:team:ef69efa6acebe94107f0cf1ba716806,T1,oe:team:ce499dea30cfce118f4fe85da0227e8,BLUE,1,0,BLUE,Dplus Kia,Kalista,Maokai,Vi,Poppy,Caitlyn,Kai'Sa,Ahri,Azir,Aurora,Skarner,Jinx,Jax,Xayah,Gnar,Sion,Jhin,Sejuani,Lulu,Braum,Bard,oe:team:ce499dea30cfce118f4fe85da0227e8|oe:team:ef69efa6acebe94107f0cf1ba716806,2025_20250116_Dplus_Kia_vs_T1_S1,"[""Nidalee"", ""Ashe"", ""Ezreal"", ""Zyra"", ""Leona"", ""Yone"", ""Ambessa"", ""Rell"", ""Jayce"", ""Gragas"", ""K'Sante"", ""Rumble"", ""Varus"", ""Wukong"", ""Renata Glasc"", ""Corki"", ""Viktor"", ""Rakan"", ""Xin Zhao"", ""Xerath""]",20,False,2.0,1.0,0.5,2.0,1.0,0.5,2.0,0.5,2.0,0.5,1.0,1.0,2.0,0.5,2.0,0.5,2.0,1.0,0.5,2.0,1.0,0.5,2.0,0.5,2.0,0.5,1.0,0.0,2.0,0.5,2.0,0.5
LOLTMNT03_185467,2025,2025-01-17 08:08:25+00:00,LCK,1,Cup,0,15.01,complete,,,Gen.G,oe:team:50f58982d91a36557ec8aec52ab014f,Hanwha Life Esports,oe:team:3a1d18f46bcb3716ebcfcf4ef068934,BLUE,1,0,BLUE,Gen.G,Yone,K'Sante,Ashe,Corki,Varus,Skarner,Nidalee,Zyra,Vi,Kalista,Leona,Caitlyn,Rell,Jayce,Renekton,Ambessa,Poppy,Azir,Hwei,Bard,oe:team:3a1d18f46bcb3716ebcfcf4ef068934|oe:team:50f58982d91a36557ec8aec52ab014f,2025_20250117_Gen_G_vs_Hanwha_Life_Esports_S1,[],0,False,0.0,0.0,,0.0,0.0,,0.0,,0.0,,0.0,,0.0,,0.0,,0.0,0.0,,0.0,0.0,,0.0,,0.0,,0.0,,0.0,,0.0,
LOLTMNT03_184583,2025,2025-01-17 08:59:26+00:00,LCK,2,Cup,0,15.01,complete,,,Hanwha Life Esports,oe:team:3a1d18f46bcb3716ebcfcf4ef068934,Gen.G,oe:team:50f58982d91a36557ec8aec52ab014f,BLUE,0,1,RED,Gen.G,K'Sante,Skarner,Vi,Jayce,Poppy,Yone,Aurora,Xin Zhao,Varus,Kalista,Rakan,Galio,Xayah,Miss Fortune,Tristana,Jinx,Ezreal,Jhin,Ornn,Lulu,oe:team:3a1d18f46bcb3716ebcfcf4ef068934|oe:team:50f58982d91a36557ec8aec52ab014f,2025_20250117_Gen_G_vs_Hanwha_Life_Esports_S1,"[""Ashe"", ""Corki"", ""Nidalee"", ""Zyra"", ""Leona"", ""Caitlyn"", ""Renekton"", ""Ambessa"", ""Hwei"", ""Bard""]",10,False,1.0,0.0,0.0,1.0,0.0,0.0,1.0,0.0,1.0,0.0,0.0,,1.0,0.0,1.0,0.0,1.0,1.0,1.0,1.0,1.0,1.0,1.0,1.0,1.0,1.0,0.0,,1.0,1.0,1.0,1.0
LOLTMNT03_184622,2025,2025-01-17 10:34:53+00:00,LCK,1,Cup,0,15.01,complete,,,Nongshim RedForce,oe:team:5cd2cd09ec94296f605dd13a2924d6c,HANJIN BRION,oe:team:b77b3f6068e20a2b3edc0ecd3dc70d4,BLUE,1,0,BLUE,Nongshim RedForce,K'Sante,Corki,Kalista,Ambessa,Yone,Skarner,Sejuani,Renata Glasc,Vi,Neeko,Rumble,Aurora,Draven,Blitzcrank,Elise,Varus,Xin Zhao,Jayce,Smolder,Nocturne,oe:team:5cd2cd09ec94296f605dd13a2924d6c|oe:team:b77b3f6068e20a2b3edc0ecd3dc70d4,2025_20250117_HANJIN_BRION_vs_Nongshim_RedForce_S1,[],0,False,3.0,1.0,0.3333333333333333,3.0,1.0,0.3333333333333333,3.0,0.3333333333333333,3.0,0.3333333333333333,1.0,1.0,3.0,0.3333333333333333,0.0,,3.0,1.0,0.3333333333333333,3.0,1.0,0.3333333333333333,3.0,0.3333333333333333,3.0,0.3333333333333333,1.0,0.0,3.0,0.3333333333333333,0.0,
LOLTMNT03_184660,2025,2025-01-17 11:38:32+00:00,LCK,2,Cup,0,15.01,complete,,,HANJIN BRION,oe:team:b77b3f6068e20a2b3edc0ecd3dc70d4,Nongshim RedForce,oe:team:5cd2cd09ec94296f605dd13a2924d6c,BLUE,0,1,RED,Nongshim RedForce,K'Sante,Skarner,Corki,Maokai,Jayce,Vi,Zyra,Azir,Viktor,Renekton,Leona,Ashe,Braum,Yone,Jax,Rell,Nautilus,Miss Fortune,Ezreal,Gangplank,oe:team:5cd2cd09ec94296f605dd13a2924d6c|oe:team:b77b3f6068e20a2b3edc0ecd3dc70d4,2025_20250117_HANJIN_BRION_vs_Nongshim_RedForce_S1,"[""Kalista"", ""Ambessa"", ""Sejuani"", ""Renata Glasc"", ""Rumble"", ""Aurora"", ""Elise"", ""Varus"", ""Smolder"", ""Nocturne""]",10,False,4.0,1.0,0.25,4.0,1.0,0.25,4.0,0.25,4.0,0.25,2.0,0.5,4.0,0.25,1.0,0.0,4.0,2.0,0.5,4.0,2.0,0.5,4.0,0.5,4.0,0.5,2.0,0.0,4.0,0.5,1.0,1.0
LOLTMNT03_186192,2025,2025-01-18 06:05:55+00:00,LCK,1,Cup,0,15.01,complete,,,Dplus Kia,oe:team:ef69efa6acebe94107f0cf1ba716806,DN SOOPers,oe:team:b3c72a20aa56f5d28022ac04a7dc294,BLUE,1,0,BLUE,Dplus Kia,Kalista,Skarner,Varus,Corki,Nocturne,Vi,Jayce,Sejuani,K'Sante,Nidalee,Lillia,Ambessa,Ziggs,Renekton,Poppy,Leona,Kai'Sa,Rell,Sett,Miss Fortune,oe:team:b3c72a20aa56f5d28022ac04a7dc294|oe:team:ef69efa6acebe94107f0cf1ba716806,2025_20250118_DN_SOOPers_vs_Dplus_Kia_S1,[],0,False,3.0,2.0,0.6666666666666666,3.0,2.0,0.6666666666666666,3.0,0.6666666666666666,3.0,0.6666666666666666,2.0,1.0,3.0,0.6666666666666666,0.0,,3.0,2.0,0.6666666666666666,3.0,2.0,0.6666666666666666,3.0,0.6666666666666666,3.0,0.6666666666666666,1.0,0.0,3.0,0.6666666666666666,0.0,
LOLTMNT03_187100,2025,2025-01-18 06:57:05+00:00,LCK,2,Cup,0,15.01,complete,,,DN SOOPers,oe:team:b3c72a20aa56f5d28022ac04a7dc294,Dplus Kia,oe:team:ef69efa6acebe94107f0cf1ba716806,BLUE,0,1,RED,Dplus Kia,LeBlanc,Kalista,Vi,Pantheon,Nidalee,Skarner,Ashe,Rumble,K'Sante,Yone,Gnar,Ezreal,Sylas,Braum,Taliyah,Elise,Rell,Ahri,Nautilus,Zilean,oe:team:b3c72a20aa56f5d28022ac04a7dc294|oe:team:ef69efa6acebe94107f0cf1ba716806,2025_20250118_DN_SOOPers_vs_Dplus_Kia_S1,"[""Varus"", ""Corki"", ""Jayce"", ""Sejuani"", ""Lillia"", ""Ambessa"", ""Poppy"", ""Leona"", ""Sett"", ""Miss Fortune""]",10,False,4.0,2.0,0.5,4.0,2.0,0.5,4.0,0.5,4.0,0.5,2.0,1.0,4.0,0.5,1.0,0.0,4.0,3.0,0.75,4.0,3.0,0.75,4.0,0.75,4.0,0.75,1.0,0.0,4.0,0.75,1.0,1.0
LOLTMNT03_186260,2025,2025-01-18 08:35:57+00:00,LCK,1,Cup,0,15.01,complete,,,Kiwoom DRX,oe:team:1d0389df0c5eea93b04122ba167c010,T1,oe:team:ce499dea30cfce118f4fe85da0227e8,BLUE,0,1,RED,T1,Sejuani,Kalista,Vi,Jayce,Caitlyn,K'Sante,Taliyah,Xin Zhao,Aurora,Skarner,Ambessa,Galio,Renata Glasc,Leona,Ezreal,Xayah,Varus,Kai'Sa,Poppy,Rakan,oe:team:1d0389df0c5eea93b04122ba167c010|oe:team:ce499dea30cfce118f4fe85da0227e8,2025_20250118_Kiwoom_DRX_vs_T1_S1,[],0,False,3.0,2.0,0.6666666666666666,3.0,2.0,0.6666666666666666,3.0,0.6666666666666666,3.0,0.6666666666666666,1.0,1.0,3.0,0.6666666666666666,0.0,,3.0,1.0,0.3333333333333333,3.0,1.0,0.3333333333333333,3.0,0.3333333333333333,3.0,0.3333333333333333,2.0,0.0,3.0,0.3333333333333333,0.0,
LOLTMNT03_187132,2025,2025-01-18 09:32:58+00:00,LCK,2,Cup,0,15.01,complete,,,Kiwoom DRX,oe:team:1d0389df0c5eea93b04122ba167c010,T1,oe:team:ce499dea30cfce118f4fe85da0227e8,BLUE,0,1,RED,T1,Sejuani,Skarner,Corki,Rumble,Varus,Yone,Leona,Aurora,Kalista,K'Sante,Wukong,Caitlyn,Nocturne,Jax,Ornn,Elise,Braum,Akali,Viktor,Lee Sin,oe:team:1d0389df0c5eea93b04122ba167c010|oe:team:ce499dea30cfce118f4fe85da0227e8,2025_20250118_Kiwoom_DRX_vs_T1_S1,"[""Vi"", ""Jayce"", ""Taliyah"", ""Xin Zhao"", ""Ambessa"", ""Galio"", ""Ezreal"", ""Xayah"", ""Poppy"", ""Rakan""]",10,False,4.0,2.0,0.5,4.0,2.0,0.5,4.0,0.5,4.0,0.5,2.0,0.5,4.0,0.5,1.0,0.0,4.0,2.0,0.5,4.0,2.0,0.5,4.0,0.5,4.0,0.5,3.0,0.3333333333333333,4.0,0.5,1.0,1.0
LOLTMNT03_187435,2025,2025-01-19 06:04:49+00:00,LCK,1,Cup,0,15.01,complete,,,KT Rolster,oe:team:d723992568441c6bafa2658129eade7,Hanwha Life Esports,oe:team:3a1d18f46bcb3716ebcfcf4ef068934,BLUE,0,1,RED,Hanwha Life Esports,Yone,Skarner,Vi,Jayce,Varus,Kalista,Rumble,Xin Zhao,K'Sante,Ashe,Galio,Azir,Poppy,Miss Fortune,Leona,Rakan,Caitlyn,Jinx,Kai'Sa,Xayah,oe:team:3a1d18f46bcb3716ebcfcf4ef068934|oe:team:d723992568441c6bafa2658129eade7,2025_20250119_Hanwha_Life_Esports_vs_KT_Rolster_S1,[],0,False,3.0,2.0,0.6666666666666666,3.0,2.0,0.6666666666666666,3.0,0.6666666666666666,3.0,0.6666666666666666,1.0,1.0,3.0,0.6666666666666666,0.0,,2.0,0.0,0.0,2.0,0.0,0.0,2.0,0.0,2.0,0.0,1.0,0.0,2.0,0.0,0.0,
LOLTMNT03_187440,2025,2025-01-19 06:54:25+00:00,LCK,2,Cup,0,15.01,complete,,,KT Rolster,oe:team:d723992568441c6bafa2658129eade7,Hanwha Life Esports,oe:team:3a1d18f46bcb3716ebcfcf4ef068934,BLUE,0,1,RED,Hanwha Life Esports,Varus,Skarner,Yone,K'Sante,Corki,Kalista,Ziggs,Ashe,Poppy,Sejuani,Ambessa,Akali,Wukong,Maokai,Alistar,Rell,Nocturne,Zyra,Viego,Lee Sin,oe:team:3a1d18f46bcb3716ebcfcf4ef068934|oe:team:d723992568441c6bafa2658129eade7,2025_20250119_Hanwha_Life_Esports_vs_KT_Rolster_S1,"[""Vi"", ""Jayce"", ""Rumble"", ""Xin Zhao"", ""Galio"", ""Azir"", ""Leona"", ""Rakan"", ""Kai'Sa"", ""Xayah""]",10,False,4.0,2.0,0.5,4.0,2.0,0.5,4.0,0.5,4.0,0.5,2.0,0.5,4.0,0.5,1.0,0.0,3.0,1.0,0.3333333333333333,3.0,1.0,0.3333333333333333,3.0,0.3333333333333333,3.0,0.3333333333333333,2.0,0.5,3.0,0.3333333333333333,1.0,1.0
LOLTMNT03_187470,2025,2025-01-19 08:34:13+00:00,LCK,1,Cup,0,15.01,complete,,,BNK FEARX,oe:team:5c2e7e9ea8dfcba0150d9a5619baecf,Gen.G,oe:team:50f58982d91a36557ec8aec52ab014f,BLUE,0,1,RED,Gen.G,Jayce,Skarner,K'Sante,Nidalee,Galio,Vi,Zyra,Varus,Rumble,Kalista,Corki,Yone,Jax,LeBlanc,Alistar,Leona,Renekton,Rell,Ezreal,Aurora,oe:team:50f58982d91a36557ec8aec52ab014f|oe:team:5c2e7e9ea8dfcba0150d9a5619baecf,2025_20250119_BNK_FEARX_vs_Gen_G_S1,[],0,False,3.0,1.0,0.3333333333333333,3.0,1.0,0.3333333333333333,3.0,0.3333333333333333,3.0,0.3333333333333333,2.0,0.5,3.0,0.3333333333333333,0.0,,2.0,2.0,1.0,2.0,2.0,1.0,2.0,1.0,2.0,1.0,1.0,1.0,2.0,1.0,0.0,
LOLTMNT03_187471,2025,2025-01-19 09:34:45+00:00,LCK,2,Cup,0,15.01,complete,,,BNK FEARX,oe:team:5c2e7e9ea8dfcba0150d9a5619baecf,Gen.G,oe:team:50f58982d91a36557ec8aec52ab014f,BLUE,0,1,RED,Gen.G,Ashe,Skarner,Jayce,Xin Zhao,Azir,Vi,Wukong,Ambessa,Rumble,Kalista,Galio,Sylas,Xayah,Rakan,Jinx,Rell,Lulu,Poppy,Tahm Kench,Miss Fortune,oe:team:50f58982d91a36557ec8aec52ab014f|oe:team:5c2e7e9ea8dfcba0150d9a5619baecf,2025_20250119_BNK_FEARX_vs_Gen_G_S1,"[""K'Sante"", ""Nidalee"", ""Zyra"", ""Varus"", ""Corki"", ""Yone"", ""Alistar"", ""Leona"", ""Ezreal"", ""Aurora""]",10,False,4.0,1.0,0.25,4.0,1.0,0.25,4.0,0.25,4.0,0.25,3.0,0.3333333333333333,4.0,0.25,1.0,0.0,3.0,3.0,1.0,3.0,3.0,1.0,3.0,1.0,3.0,1.0,2.0,1.0,3.0,1.0,1.0,1.0
LOLTMNT03_188641,2025,2025-01-22 08:04:43+00:00,LCK,1,Cup,0,15.01,complete,,,Dplus Kia,oe:team:ef69efa6acebe94107f0cf1ba716806,BNK FEARX,oe:team:5c2e7e9ea8dfcba0150d9a5619baecf,BLUE,1,0,BLUE,Dplus Kia,Kalista,Jayce,Skarner,Rumble,Zyra,Pantheon,Ambessa,Varus,K'Sante,Ezreal,Leona,Vi,Poppy,Sylas,Ziggs,Renata Glasc,Akali,LeBlanc,Ahri,Yone,oe:team:5c2e7e9ea8dfcba0150d9a5619baecf|oe:team:ef69efa6acebe94107f0cf1ba716806,2025_20250122_BNK_FEARX_vs_Dplus_Kia_S1,[],0,False,5.0,4.0,0.8,5.0,4.0,0.8,5.0,0.8,5.0,0.8,3.0,1.0,5.0,0.8,0.0,,5.0,1.0,0.2,5.0,1.0,0.2,5.0,0.2,5.0,0.2,1.0,0.0,5.0,0.2,0.0,
LOLTMNT03_188645,2025,2025-01-22 08:55:05+00:00,LCK,2,Cup,0,15.01,complete,,,BNK FEARX,oe:team:5c2e7e9ea8dfcba0150d9a5619baecf,Dplus Kia,oe:team:ef69efa6acebe94107f0cf1ba716806,BLUE,1,0,BLUE,BNK FEARX,Nidalee,Zyra,K'Sante,Jayce,Lillia,Kalista,Wukong,Sejuani,Corki,Poppy,Azir,Ezreal,Braum,Kai'Sa,Zeri,Viktor,Taliyah,Rakan,Alistar,Pantheon,oe:team:5c2e7e9ea8dfcba0150d9a5619baecf|oe:team:ef69efa6acebe94107f0cf1ba716806,2025_20250122_BNK_FEARX_vs_Dplus_Kia_S1,"[""Skarner"", ""Rumble"", ""Ambessa"", ""Varus"", ""Leona"", ""Vi"", ""Ziggs"", ""Renata Glasc"", ""Ahri"", ""Yone""]",10,False,6.0,1.0,0.16666666666666666,6.0,1.0,0.16666666666666666,5.0,0.2,6.0,0.16666666666666666,4.0,0.25,6.0,0.16666666666666666,1.0,0.0,6.0,5.0,0.8333333333333334,6.0,5.0,0.8333333333333334,5.0,0.8,6.0,0.8333333333333334,2.0,0.5,6.0,0.8333333333333334,1.0,1.0
LOLTMNT03_188655,2025,2025-01-22 09:48:21+00:00,LCK,3,Cup,0,15.01,complete,,,Dplus Kia,oe:team:ef69efa6acebe94107f0cf1ba716806,BNK FEARX,oe:team:5c2e7e9ea8dfcba0150d9a5619baecf,BLUE,1,0,BLUE,Dplus Kia,Zyra,Nidalee,Ashe,Xin Zhao,Nocturne,Lillia,Viego,Kalista,Corki,Maokai,Braum,Neeko,Jax,Gragas,Sion,Renekton,Gnar,Taliyah,Zoe,Galio,oe:team:5c2e7e9ea8dfcba0150d9a5619baecf|oe:team:ef69efa6acebe94107f0cf1ba716806,2025_20250122_BNK_FEARX_vs_Dplus_Kia_S1,"[""Skarner"", ""Rumble"", ""Ambessa"", ""Varus"", ""Leona"", ""Vi"", ""Ziggs"", ""Renata Glasc"", ""Ahri"", ""Yone"", ""K'Sante"", ""Jayce"", ""Wukong"", ""Sejuani"", ""Azir"", ""Ezreal"", ""Zeri"", ""Viktor"", ""Alistar"", ""Pantheon""]",20,False,7.0,5.0,0.7142857142857143,7.0,5.0,0.7142857142857143,5.0,0.8,7.0,0.7142857142857143,4.0,1.0,7.0,0.7142857142857143,2.0,0.5,7.0,2.0,0.2857142857142857,7.0,2.0,0.2857142857142857,5.0,0.2,7.0,0.2857142857142857,2.0,0.0,7.0,0.2857142857142857,2.0,0.5
LOLTMNT03_188679,2025,2025-01-22 11:00:14+00:00,LCK,1,Cup,0,15.01,complete,,,DN SOOPers,oe:team:b3c72a20aa56f5d28022ac04a7dc294,Kiwoom DRX,oe:team:1d0389df0c5eea93b04122ba167c010,BLUE,1,0,BLUE,DN SOOPers,Varus,Skarner,Vi,Jayce,Corki,Kalista,Taliyah,Aurora,Poppy,K'Sante,Ambessa,Pantheon,Xayah,Caitlyn,Kai'Sa,Miss Fortune,Ezreal,Ashe,Rell,Leona,oe:team:1d0389df0c5eea93b04122ba167c010|oe:team:b3c72a20aa56f5d28022ac04a7dc294,2025_20250122_DN_SOOPers_vs_Kiwoom_DRX_S1,[],0,False,5.0,2.0,0.4,5.0,2.0,0.4,5.0,0.4,5.0,0.4,3.0,0.6666666666666666,5.0,0.4,0.0,,5.0,2.0,0.4,5.0,2.0,0.4,5.0,0.4,5.0,0.4,2.0,0.5,5.0,0.4,0.0,
LOLTMNT03_189517,2025,2025-01-22 11:54:37+00:00,LCK,2,Cup,0,15.01,complete,,,Kiwoom DRX,oe:team:1d0389df0c5eea93b04122ba167c010,DN SOOPers,oe:team:b3c72a20aa56f5d28022ac04a7dc294,BLUE,1,0,BLUE,Kiwoom DRX,Nocturne,Skarner,K'Sante,Rumble,Caitlyn,Kalista,Ezreal,Corki,Varus,Poppy,Braum,Ashe,Sejuani,Viktor,Nidalee,Maokai,Xin Zhao,Azir,Yone,Seraphine,oe:team:1d0389df0c5eea93b04122ba167c010|oe:team:b3c72a20aa56f5d28022ac04a7dc294,2025_20250122_DN_SOOPers_vs_Kiwoom_DRX_S1,"[""Vi"", ""Jayce"", ""Taliyah"", ""Aurora"", ""Ambessa"", ""Pantheon"", ""Kai'Sa"", ""Miss Fortune"", ""Rell"", ""Leona""]",10,False,6.0,2.0,0.3333333333333333,6.0,2.0,0.3333333333333333,5.0,0.4,6.0,0.3333333333333333,3.0,0.3333333333333333,6.0,0.3333333333333333,1.0,0.0,6.0,3.0,0.5,6.0,3.0,0.5,5.0,0.4,6.0,0.5,2.0,0.0,6.0,0.5,1.0,1.0
LOLTMNT03_188722,2025,2025-01-22 12:46:42+00:00,LCK,3,Cup,0,15.01,complete,,,DN SOOPers,oe:team:b3c72a20aa56f5d28022ac04a7dc294,Kiwoom DRX,oe:team:1d0389df0c5eea93b04122ba167c010,BLUE,0,1,RED,Kiwoom DRX,LeBlanc,Skarner,Kalista,Jax,Poppy,Nocturne,Xin Zhao,Sejuani,Elise,Renata Glasc,Neeko,Varus,Viktor,Gnar,Gragas,Sylas,Akali,Azir,Orianna,Nautilus,oe:team:1d0389df0c5eea93b04122ba167c010|oe:team:b3c72a20aa56f5d28022ac04a7dc294,2025_20250122_DN_SOOPers_vs_Kiwoom_DRX_S1,"[""Vi"", ""Jayce"", ""Taliyah"", ""Aurora"", ""Ambessa"", ""Pantheon"", ""Kai'Sa"", ""Miss Fortune"", ""Rell"", ""Leona"", ""K'Sante"", ""Rumble"", ""Ezreal"", ""Corki"", ""Braum"", ""Ashe"", ""Nidalee"", ""Maokai"", ""Yone"", ""Seraphine""]",20,False,7.0,3.0,0.42857142857142855,7.0,3.0,0.42857142857142855,5.0,0.4,7.0,0.42857142857142855,4.0,0.75,7.0,0.42857142857142855,2.0,0.5,7.0,3.0,0.42857142857142855,7.0,3.0,0.42857142857142855,5.0,0.4,7.0,0.42857142857142855,3.0,0.3333333333333333,7.0,0.42857142857142855,2.0,0.5
LOLTMNT03_189773,2025,2025-01-23 08:04:06+00:00,LCK,1,Cup,0,15.01,complete,,,HANJIN BRION,oe:team:b77b3f6068e20a2b3edc0ecd3dc70d4,Gen.G,oe:team:50f58982d91a36557ec8aec52ab014f,BLUE,1,0,BLUE,HANJIN BRION,Varus,Skarner,K'Sante,Jayce,Nidalee,Kalista,Vi,Zyra,Ashe,Corki,Aurora,Leona,Miss Fortune,Rakan,Alistar,Jhin,Ezreal,Rell,Kai'Sa,Yone,oe:team:50f58982d91a36557ec8aec52ab014f|oe:team:b77b3f6068e20a2b3edc0ecd3dc70d4,2025_20250123_Gen_G_vs_HANJIN_BRION_S1,[],0,False,5.0,1.0,0.2,5.0,1.0,0.2,5.0,0.2,5.0,0.2,3.0,0.3333333333333333,5.0,0.2,0.0,,4.0,4.0,1.0,4.0,4.0,1.0,4.0,1.0,4.0,1.0,3.0,1.0,4.0,1.0,0.0,
LOLTMNT03_189783,2025,2025-01-23 09:12:50+00:00,LCK,2,Cup,0,15.01,complete,,,Gen.G,oe:team:50f58982d91a36557ec8aec52ab014f,HANJIN BRION,oe:team:b77b3f6068e20a2b3edc0ecd3dc70d4,BLUE,0,1,RED,HANJIN BRION,Ambessa,Skarner,Varus,Jax,Renekton,Kalista,Galio,Ashe,Renata Glasc,Nidalee,Xin Zhao,Azir,Sejuani,Poppy,Lulu,Rell,Wukong,Gnar,Urgot,Lee Sin,oe:team:50f58982d91a36557ec8aec52ab014f|oe:team:b77b3f6068e20a2b3edc0ecd3dc70d4,2025_20250123_Gen_G_vs_HANJIN_BRION_S1,"[""K'Sante"", ""Jayce"", ""Vi"", ""Zyra"", ""Aurora"", ""Leona"", ""Alistar"", ""Jhin"", ""Kai'Sa"", ""Yone""]",10,False,5.0,4.0,0.8,5.0,4.0,0.8,5.0,0.8,5.0,0.8,1.0,1.0,5.0,0.8,1.0,0.0,6.0,2.0,0.3333333333333333,6.0,2.0,0.3333333333333333,5.0,0.2,6.0,0.3333333333333333,2.0,0.0,6.0,0.3333333333333333,1.0,1.0
LOLTMNT03_190012,2025,2025-01-23 10:34:33+00:00,LCK,1,Cup,0,15.01,complete,,,Hanwha Life Esports,oe:team:3a1d18f46bcb3716ebcfcf4ef068934,Nongshim RedForce,oe:team:5cd2cd09ec94296f605dd13a2924d6c,BLUE,1,0,BLUE,Hanwha Life Esports,Rumble,Skarner,K'Sante,Vi,Sejuani,Kalista,Maokai,Aurora,Varus,Ashe,Yone,Ambessa,Leona,Ezreal,Xayah,Kai'Sa,Jinx,Ziggs,Poppy,Nautilus,oe:team:3a1d18f46bcb3716ebcfcf4ef068934|oe:team:5cd2cd09ec94296f605dd13a2924d6c,2025_20250123_Hanwha_Life_Esports_vs_Nongshim_RedForce_S1,[],0,False,4.0,2.0,0.5,4.0,2.0,0.5,4.0,0.5,4.0,0.5,1.0,0.0,4.0,0.5,0.0,,5.0,3.0,0.6,5.0,3.0,0.6,5.0,0.6,5.0,0.6,3.0,0.3333333333333333,5.0,0.6,0.0,
LOLTMNT03_190023,2025,2025-01-23 11:32:01+00:00,LCK,2,Cup,0,15.01,complete,,,Nongshim RedForce,oe:team:5cd2cd09ec94296f605dd13a2924d6c,Hanwha Life Esports,oe:team:3a1d18f46bcb3716ebcfcf4ef068934,BLUE,0,1,RED,Hanwha Life Esports,Zyra,Skarner,Rumble,Xin Zhao,Jayce,Kalista,Sejuani,Galio,Ashe,Varus,Corki,Azir,Ezreal,Leona,Lucian,Caitlyn,Jinx,Miss Fortune,Nami,Lux,oe:team:3a1d18f46bcb3716ebcfcf4ef068934|oe:team:5cd2cd09ec94296f605dd13a2924d6c,2025_20250123_Hanwha_Life_Esports_vs_Nongshim_RedForce_S1,"[""K'Sante"", ""Vi"", ""Maokai"", ""Aurora"", ""Yone"", ""Ambessa"", ""Xayah"", ""Kai'Sa"", ""Poppy"", ""Nautilus""]",10,False,6.0,3.0,0.5,6.0,3.0,0.5,5.0,0.6,6.0,0.5,2.0,1.0,6.0,0.5,1.0,0.0,5.0,3.0,0.6,5.0,3.0,0.6,5.0,0.6,5.0,0.6,3.0,0.6666666666666666,5.0,0.6,1.0,1.0
LOLTMNT03_191023,2025,2025-01-24 08:05:35+00:00,LCK,1,Cup,0,15.01,complete,,,Kiwoom DRX,oe:team:1d0389df0c5eea93b04122ba167c010,BNK FEARX,oe:team:5c2e7e9ea8dfcba0150d9a5619baecf,BLUE,1,0,BLUE,Kiwoom DRX,Zyra,Skarner,Ambessa,Ezreal,Kalista,K'Sante,Kai'Sa,Leona,Rumble,Vi,Rell,Jax,Sejuani,Lillia,Nidalee,Wukong,Azir,Viktor,Jayce,Taliyah,oe:team:1d0389df0c5eea93b04122ba167c010|oe:team:5c2e7e9ea8dfcba0150d9a5619baecf,2025_20250124_BNK_FEARX_vs_Kiwoom_DRX_S1,[],0,False,8.0,4.0,0.5,8.0,4.0,0.5,5.0,0.4,8.0,0.5,4.0,0.5,8.0,0.5,0.0,,8.0,2.0,0.25,8.0,2.0,0.25,5.0,0.2,8.0,0.25,3.0,0.0,8.0,0.25,0.0,
LOLTMNT03_191028,2025,2025-01-24 08:59:16+00:00,LCK,2,Cup,0,15.01,complete,,,BNK FEARX,oe:team:5c2e7e9ea8dfcba0150d9a5619baecf,Kiwoom DRX,oe:team:1d0389df0c5eea93b04122ba167c010,BLUE,1,0,BLUE,BNK FEARX,Rumble,Kalista,Varus,Vi,Zyra,Skarner,Azir,Gnar,Aurora,K'Sante,Xin Zhao,Rakan,Ahri,Poppy,Renekton,Miss Fortune,Akali,Renata Glasc,Elise,Xerath,oe:team:1d0389df0c5eea93b04122ba167c010|oe:team:5c2e7e9ea8dfcba0150d9a5619baecf,2025_20250124_BNK_FEARX_vs_Kiwoom_DRX_S1,"[""Ambessa"", ""Ezreal"", ""Kai'Sa"", ""Leona"", ""Rell"", ""Jax"", ""Nidalee"", ""Wukong"", ""Jayce"", ""Taliyah""]",10,False,9.0,2.0,0.2222222222222222,9.0,2.0,0.2222222222222222,5.0,0.2,9.0,0.2222222222222222,5.0,0.4,9.0,0.2222222222222222,1.0,0.0,9.0,5.0,0.5555555555555556,9.0,5.0,0.5555555555555556,5.0,0.6,9.0,0.5555555555555556,4.0,0.5,9.0,0.5555555555555556,1.0,1.0
LOLTMNT03_191030,2025,2025-01-24 09:49:42+00:00,LCK,3,Cup,0,15.01,complete,,,Kiwoom DRX,oe:team:1d0389df0c5eea93b04122ba167c010,BNK FEARX,oe:team:5c2e7e9ea8dfcba0150d9a5619baecf,BLUE,1,0,BLUE,Kiwoom DRX,Zyra,Skarner,Rumble,Corki,Galio,K'Sante,Ashe,Sejuani,Kalista,Yone,Braum,Zeri,Lulu,Nocturne,Lee Sin,Yuumi,Bard,Viego,Lillia,Aurora,oe:team:1d0389df0c5eea93b04122ba167c010|oe:team:5c2e7e9ea8dfcba0150d9a5619baecf,2025_20250124_BNK_FEARX_vs_Kiwoom_DRX_S1,"[""Ambessa"", ""Ezreal"", ""Kai'Sa"", ""Leona"", ""Rell"", ""Jax"", ""Nidalee"", ""Wukong"", ""Jayce"", ""Taliyah"", ""Varus"", ""Vi"", ""Azir"", ""Gnar"", ""Xin Zhao"", ""Rakan"", ""Renekton"", ""Miss Fortune"", ""Elise"", ""Xerath""]",20,False,10.0,5.0,0.5,10.0,5.0,0.5,5.0,0.6,10.0,0.5,5.0,0.6,10.0,0.5,2.0,0.5,10.0,3.0,0.3,10.0,3.0,0.3,5.0,0.4,10.0,0.3,4.0,0.0,10.0,0.3,2.0,0.5
LOLTMNT03_190264,2025,2025-01-24 11:12:47+00:00,LCK,1,Cup,0,15.01,complete,,,T1,oe:team:ce499dea30cfce118f4fe85da0227e8,KT Rolster,oe:team:d723992568441c6bafa2658129eade7,BLUE,1,0,BLUE,T1,Ashe,Kalista,Skarner,K'Sante,Yone,Azir,Viktor,Varus,Ambessa,Lillia,Gnar,Vi,Taliyah,Xayah,Poppy,Sylas,Renata Glasc,Elise,Kai'Sa,Rell,oe:team:ce499dea30cfce118f4fe85da0227e8|oe:team:d723992568441c6bafa2658129eade7,2025_20250124_KT_Rolster_vs_T1_S1,[],0,False,5.0,3.0,0.6,5.0,3.0,0.6,5.0,0.6,5.0,0.6,1.0,1.0,5.0,0.6,0.0,,5.0,2.0,0.4,5.0,2.0,0.4,5.0,0.4,5.0,0.4,2.0,0.5,5.0,0.4,0.0,
LOLTMNT03_191065,2025,2025-01-24 12:03:15+00:00,LCK,2,Cup,0,15.01,complete,,,KT Rolster,oe:team:d723992568441c6bafa2658129eade7,T1,oe:team:ce499dea30cfce118f4fe85da0227e8,BLUE,1,0,BLUE,KT Rolster,Azir,Yone,Jayce,Ezreal,Ambessa,Ashe,Jinx,Nidalee,Rumble,Kalista,Leona,Jax,Braum,Zyra,Wukong,Karma,Corki,Sejuani,Ahri,Galio,oe:team:ce499dea30cfce118f4fe85da0227e8|oe:team:d723992568441c6bafa2658129eade7,2025_20250124_KT_Rolster_vs_T1_S1,"[""Skarner"", ""K'Sante"", ""Viktor"", ""Varus"", ""Gnar"", ""Vi"", ""Poppy"", ""Sylas"", ""Kai'Sa"", ""Rell""]",10,False,6.0,2.0,0.3333333333333333,6.0,2.0,0.3333333333333333,5.0,0.2,6.0,0.3333333333333333,3.0,0.3333333333333333,6.0,0.3333333333333333,1.0,0.0,6.0,4.0,0.6666666666666666,6.0,4.0,0.6666666666666666,5.0,0.8,6.0,0.6666666666666666,4.0,0.5,6.0,0.6666666666666666,1.0,1.0
LOLTMNT03_191077,2025,2025-01-24 13:04:39+00:00,LCK,3,Cup,0,15.01,complete,,,T1,oe:team:ce499dea30cfce118f4fe85da0227e8,KT Rolster,oe:team:d723992568441c6bafa2658129eade7,BLUE,1,0,BLUE,T1,Yone,Azir,Rumble,Xin Zhao,Ashe,Kalista,Xayah,Ambessa,Caitlyn,Zyra,Rakan,Ziggs,Alistar,Nocturne,Pantheon,Nautilus,Taliyah,Lee Sin,Aurora,Swain,oe:team:ce499dea30cfce118f4fe85da0227e8|oe:team:d723992568441c6bafa2658129eade7,2025_20250124_KT_Rolster_vs_T1_S1,"[""Skarner"", ""K'Sante"", ""Viktor"", ""Varus"", ""Gnar"", ""Vi"", ""Poppy"", ""Sylas"", ""Kai'Sa"", ""Rell"", ""Jayce"", ""Ezreal"", ""Jinx"", ""Nidalee"", ""Leona"", ""Jax"", ""Wukong"", ""Karma"", ""Ahri"", ""Galio""]",20,False,7.0,4.0,0.5714285714285714,7.0,4.0,0.5714285714285714,5.0,0.6,7.0,0.5714285714285714,2.0,1.0,7.0,0.5714285714285714,2.0,0.5,7.0,3.0,0.42857142857142855,7.0,3.0,0.42857142857142855,5.0,0.4,7.0,0.42857142857142855,3.0,0.3333333333333333,7.0,0.42857142857142855,2.0,0.5
LOLTMNT03_191178,2025,2025-01-25 06:06:39+00:00,LCK,1,Cup,0,15.01,complete,,,Hanwha Life Esports,oe:team:3a1d18f46bcb3716ebcfcf4ef068934,Dplus Kia,oe:team:ef69efa6acebe94107f0cf1ba716806,BLUE,0,1,RED,Dplus Kia,Vi,Skarner,Jayce,Varus,Ambessa,Zyra,Ezreal,Rumble,K'Sante,Kalista,Azir,Yone,Elise,Sejuani,Xin Zhao,Nidalee,Leona,Wukong,Poppy,Maokai,oe:team:3a1d18f46bcb3716ebcfcf4ef068934|oe:team:ef69efa6acebe94107f0cf1ba716806,2025_20250125_Dplus_Kia_vs_Hanwha_Life_Esports_S1,[],0,False,6.0,4.0,0.6666666666666666,6.0,4.0,0.6666666666666666,5.0,0.8,6.0,0.6666666666666666,2.0,0.5,6.0,0.6666666666666666,0.0,,8.0,6.0,0.75,8.0,6.0,0.75,5.0,0.8,8.0,0.75,3.0,0.3333333333333333,8.0,0.75,0.0,
LOLTMNT03_191179,2025,2025-01-25 07:00:00+00:00,LCK,2,Cup,0,15.01,complete,,,Hanwha Life Esports,oe:team:3a1d18f46bcb3716ebcfcf4ef068934,Dplus Kia,oe:team:ef69efa6acebe94107f0cf1ba716806,BLUE,1,0,BLUE,Hanwha Life Esports,Vi,Skarner,Kalista,Renata Glasc,Ambessa,K'Sante,Neeko,Wukong,Lillia,Zyra,Sejuani,Ahri,Ashe,Sylas,Gnar,Jax,Miss Fortune,Akali,Taliyah,Kog'Maw,oe:team:3a1d18f46bcb3716ebcfcf4ef068934|oe:team:ef69efa6acebe94107f0cf1ba716806,2025_20250125_Dplus_Kia_vs_Hanwha_Life_Esports_S1,"[""Jayce"", ""Varus"", ""Ezreal"", ""Rumble"", ""Azir"", ""Yone"", ""Xin Zhao"", ""Nidalee"", ""Poppy"", ""Maokai""]",10,False,7.0,4.0,0.5714285714285714,7.0,4.0,0.5714285714285714,5.0,0.8,7.0,0.5714285714285714,3.0,0.3333333333333333,7.0,0.5714285714285714,1.0,0.0,9.0,7.0,0.7777777777777778,9.0,7.0,0.7777777777777778,5.0,0.8,9.0,0.7777777777777778,4.0,0.5,9.0,0.7777777777777778,1.0,1.0
LOLTMNT03_190416,2025,2025-01-25 07:59:38+00:00,LCK,3,Cup,0,15.01,complete,,,Dplus Kia,oe:team:ef69efa6acebe94107f0cf1ba716806,Hanwha Life Esports,oe:team:3a1d18f46bcb3716ebcfcf4ef068934,BLUE,1,0,BLUE,Dplus Kia,Zyra,Skarner,Ambessa,K'Sante,Nocturne,Vi,Kindred,Jinx,Corki,Ashe,Galio,Braum,Ivern,Lucian,Ziggs,Viego,Viktor,Rakan,Rell,Sylas,oe:team:3a1d18f46bcb3716ebcfcf4ef068934|oe:team:ef69efa6acebe94107f0cf1ba716806,2025_20250125_Dplus_Kia_vs_Hanwha_Life_Esports_S1,"[""Jayce"", ""Varus"", ""Ezreal"", ""Rumble"", ""Azir"", ""Yone"", ""Xin Zhao"", ""Nidalee"", ""Poppy"", ""Maokai"", ""Kalista"", ""Renata Glasc"", ""Neeko"", ""Wukong"", ""Sejuani"", ""Ahri"", ""Gnar"", ""Jax"", ""Taliyah"", ""Kog'Maw""]",20,False,10.0,7.0,0.7,10.0,7.0,0.7,5.0,0.6,10.0,0.7,5.0,1.0,10.0,0.7,2.0,0.5,8.0,5.0,0.625,8.0,5.0,0.625,5.0,0.8,8.0,0.625,4.0,0.75,8.0,0.625,2.0,0.5
LOLTMNT03_190434,2025,2025-01-25 09:24:12+00:00,LCK,1,Cup,0,15.01,complete,,,Gen.G,oe:team:50f58982d91a36557ec8aec52ab014f,DN SOOPers,oe:team:b3c72a20aa56f5d28022ac04a7dc294,BLUE,1,0,BLUE,Gen.G,Varus,Nidalee,K'Sante,Ashe,Vi,Kalista,Corki,Braum,Jayce,Skarner,Azir,Gnar,Taliyah,Xin Zhao,Rakan,Viktor,Orianna,Sejuani,Lee Sin,Wukong,oe:team:50f58982d91a36557ec8aec52ab014f|oe:team:b3c72a20aa56f5d28022ac04a7dc294,2025_20250125_DN_SOOPers_vs_Gen_G_S1,[],0,False,6.0,4.0,0.6666666666666666,6.0,4.0,0.6666666666666666,5.0,0.6,6.0,0.6666666666666666,2.0,0.5,6.0,0.6666666666666666,0.0,,8.0,3.0,0.375,8.0,3.0,0.375,5.0,0.2,8.0,0.375,3.0,0.0,8.0,0.375,0.0,
LOLTMNT03_190436,2025,2025-01-25 10:14:02+00:00,LCK,2,Cup,0,15.01,complete,,,DN SOOPers,oe:team:b3c72a20aa56f5d28022ac04a7dc294,Gen.G,oe:team:50f58982d91a36557ec8aec52ab014f,BLUE,0,1,RED,Gen.G,Nidalee,Skarner,Ambessa,Poppy,Jayce,Kalista,Xin Zhao,Vi,Rumble,Varus,Aurora,Galio,Jinx,Xayah,Kai'Sa,Ezreal,Leona,Miss Fortune,Nautilus,Rell,oe:team:50f58982d91a36557ec8aec52ab014f|oe:team:b3c72a20aa56f5d28022ac04a7dc294,2025_20250125_DN_SOOPers_vs_Gen_G_S1,"[""K'Sante"", ""Ashe"", ""Corki"", ""Braum"", ""Azir"", ""Gnar"", ""Rakan"", ""Viktor"", ""Lee Sin"", ""Wukong""]",10,False,9.0,3.0,0.3333333333333333,9.0,3.0,0.3333333333333333,5.0,0.2,9.0,0.3333333333333333,5.0,0.6,9.0,0.3333333333333333,1.0,0.0,7.0,5.0,0.7142857142857143,7.0,5.0,0.7142857142857143,5.0,0.6,7.0,0.7142857142857143,4.0,0.75,7.0,0.7142857142857143,1.0,1.0
LOLTMNT03_191289,2025,2025-01-26 06:04:20+00:00,LCK,1,Cup,0,15.01,complete,,,T1,oe:team:ce499dea30cfce118f4fe85da0227e8,Nongshim RedForce,oe:team:5cd2cd09ec94296f605dd13a2924d6c,BLUE,1,0,BLUE,T1,Rumble,Skarner,Jayce,Vi,Yone,Kalista,Xin Zhao,Aurora,Ambessa,K'Sante,Viktor,Nautilus,Akali,Renata Glasc,Caitlyn,Ezreal,Kai'Sa,Xayah,Elise,Hwei,oe:team:5cd2cd09ec94296f605dd13a2924d6c|oe:team:ce499dea30cfce118f4fe85da0227e8,2025_20250126_Nongshim_RedForce_vs_T1_S1,[],0,False,8.0,5.0,0.625,8.0,5.0,0.625,5.0,0.8,8.0,0.625,3.0,1.0,8.0,0.625,0.0,,7.0,3.0,0.42857142857142855,7.0,3.0,0.42857142857142855,5.0,0.4,7.0,0.42857142857142855,4.0,0.25,7.0,0.42857142857142855,0.0,
LOLTMNT03_191291,2025,2025-01-26 06:58:03+00:00,LCK,2,Cup,0,15.01,complete,,,Nongshim RedForce,oe:team:5cd2cd09ec94296f605dd13a2924d6c,T1,oe:team:ce499dea30cfce118f4fe85da0227e8,BLUE,0,1,RED,T1,Poppy,Skarner,Sejuani,K'Sante,Kalista,Rumble,Akali,Ambessa,Azir,Leona,Renekton,Lillia,Renata Glasc,Alistar,Xayah,Jinx,Varus,Ashe,Rell,Lulu,oe:team:5cd2cd09ec94296f605dd13a2924d6c|oe:team:ce499dea30cfce118f4fe85da0227e8,2025_20250126_Nongshim_RedForce_vs_T1_S1,"[""Jayce"", ""Vi"", ""Xin Zhao"", ""Aurora"", ""Viktor"", ""Nautilus"", ""Caitlyn"", ""Ezreal"", ""Elise"", ""Hwei""]",10,False,8.0,3.0,0.375,8.0,3.0,0.375,5.0,0.4,8.0,0.375,3.0,0.6666666666666666,8.0,0.375,1.0,0.0,9.0,6.0,0.6666666666666666,9.0,6.0,0.6666666666666666,5.0,0.8,9.0,0.6666666666666666,5.0,0.4,9.0,0.6666666666666666,1.0,1.0
LOLTMNT03_191298,2025,2025-01-26 08:34:53+00:00,LCK,1,Cup,0,15.01,complete,,,KT Rolster,oe:team:d723992568441c6bafa2658129eade7,HANJIN BRION,oe:team:b77b3f6068e20a2b3edc0ecd3dc70d4,BLUE,1,0,BLUE,KT Rolster,Ashe,Skarner,Jayce,Varus,Vi,Kalista,Ezreal,Ambessa,Rumble,K'Sante,Azir,Aurora,Braum,Nidalee,Poppy,Lee Sin,Wukong,Leona,Xin Zhao,Nautilus,oe:team:b77b3f6068e20a2b3edc0ecd3dc70d4|oe:team:d723992568441c6bafa2658129eade7,2025_20250126_HANJIN_BRION_vs_KT_Rolster_S1,[],0,False,8.0,3.0,0.375,8.0,3.0,0.375,5.0,0.2,8.0,0.375,4.0,0.5,8.0,0.375,0.0,,7.0,3.0,0.42857142857142855,7.0,3.0,0.42857142857142855,5.0,0.4,7.0,0.42857142857142855,3.0,0.3333333333333333,7.0,0.42857142857142855,0.0,
LOLTMNT03_190508,2025,2025-01-26 09:36:41+00:00,LCK,2,Cup,0,15.01,complete,,,HANJIN BRION,oe:team:b77b3f6068e20a2b3edc0ecd3dc70d4,KT Rolster,oe:team:d723992568441c6bafa2658129eade7,BLUE,0,1,RED,KT Rolster,Ashe,Kalista,Vi,Renekton,Rumble,Skarner,Jax,Caitlyn,Gnar,K'Sante,Taliyah,Elise,Nocturne,Rell,Jhin,Zyra,Sejuani,Kai'Sa,Leona,Yone,oe:team:b77b3f6068e20a2b3edc0ecd3dc70d4|oe:team:d723992568441c6bafa2658129eade7,2025_20250126_HANJIN_BRION_vs_KT_Rolster_S1,"[""Jayce"", ""Varus"", ""Ezreal"", ""Ambessa"", ""Azir"", ""Aurora"", ""Poppy"", ""Lee Sin"", ""Xin Zhao"", ""Nautilus""]",10,False,8.0,3.0,0.375,8.0,3.0,0.375,5.0,0.4,8.0,0.375,4.0,0.5,8.0,0.375,1.0,0.0,9.0,4.0,0.4444444444444444,9.0,4.0,0.4444444444444444,5.0,0.4,9.0,0.4444444444444444,4.0,0.25,9.0,0.4444444444444444,1.0,1.0
LOLTMNT01_196721,2025,2025-01-31 08:03:18+00:00,LCK,1,Cup,0,15.02,complete,,,DN SOOPers,oe:team:b3c72a20aa56f5d28022ac04a7dc294,KT Rolster,oe:team:d723992568441c6bafa2658129eade7,BLUE,1,0,BLUE,DN SOOPers,Yone,Kalista,Vi,Ambessa,Azir,Skarner,Taliyah,Ashe,Galio,K'Sante,Rumble,Pantheon,Ahri,Varus,Corki,Twisted Fate,Aurora,Ezreal,Rakan,Renata Glasc,oe:team:b3c72a20aa56f5d28022ac04a7dc294|oe:team:d723992568441c6bafa2658129eade7,2025_20250131_DN_SOOPers_vs_KT_Rolster_S1,[],0,False,10.0,3.0,0.3,10.0,3.0,0.3,5.0,0.2,10.0,0.3,6.0,0.5,0.0,,0.0,,10.0,5.0,0.5,10.0,5.0,0.5,5.0,0.6,10.0,0.5,5.0,0.4,0.0,,0.0,
LOLTMNT01_195821,2025,2025-01-31 08:53:26+00:00,LCK,2,Cup,0,15.02,complete,,,KT Rolster,oe:team:d723992568441c6bafa2658129eade7,DN SOOPers,oe:team:b3c72a20aa56f5d28022ac04a7dc294,BLUE,1,0,BLUE,KT Rolster,Jayce,Skarner,Kalista,Jax,Gnar,Azir,Nidalee,Miss Fortune,Varus,K'Sante,Yone,Lee Sin,Akali,Renekton,Gragas,Leona,LeBlanc,Poppy,Rell,Ahri,oe:team:b3c72a20aa56f5d28022ac04a7dc294|oe:team:d723992568441c6bafa2658129eade7,2025_20250131_DN_SOOPers_vs_KT_Rolster_S1,"[""Vi"", ""Ambessa"", ""Taliyah"", ""Ashe"", ""Rumble"", ""Pantheon"", ""Corki"", ""Twisted Fate"", ""Rakan"", ""Renata Glasc""]",10,False,11.0,5.0,0.45454545454545453,11.0,5.0,0.45454545454545453,5.0,0.6,10.0,0.4,5.0,0.6,1.0,0.0,1.0,0.0,11.0,4.0,0.36363636363636365,11.0,4.0,0.36363636363636365,5.0,0.2,10.0,0.3,4.0,0.0,1.0,1.0,1.0,1.0
LOLTMNT01_196743,2025,2025-01-31 09:44:17+00:00,LCK,3,Cup,0,15.02,complete,,,DN SOOPers,oe:team:b3c72a20aa56f5d28022ac04a7dc294,KT Rolster,oe:team:d723992568441c6bafa2658129eade7,BLUE,0,1,RED,KT Rolster,Azir,Skarner,K'Sante,Jayce,Galio,Ezreal,Caitlyn,Viego,Varus,Wukong,Elise,Jhin,Nautilus,Nocturne,Hwei,Karma,Aurora,Xin Zhao,Sejuani,Syndra,oe:team:b3c72a20aa56f5d28022ac04a7dc294|oe:team:d723992568441c6bafa2658129eade7,2025_20250131_DN_SOOPers_vs_KT_Rolster_S1,"[""Vi"", ""Ambessa"", ""Taliyah"", ""Ashe"", ""Rumble"", ""Pantheon"", ""Corki"", ""Twisted Fate"", ""Rakan"", ""Renata Glasc"", ""Kalista"", ""Jax"", ""Nidalee"", ""Miss Fortune"", ""Yone"", ""Lee Sin"", ""Gragas"", ""Leona"", ""Rell"", ""Ahri""]",20,False,12.0,4.0,0.3333333333333333,12.0,4.0,0.3333333333333333,5.0,0.2,10.0,0.3,7.0,0.5714285714285714,2.0,0.5,2.0,0.5,12.0,6.0,0.5,12.0,6.0,0.5,5.0,0.6,10.0,0.5,6.0,0.3333333333333333,2.0,0.5,2.0,0.5
LOLTMNT01_195885,2025,2025-01-31 11:08:35+00:00,LCK,1,Cup,0,15.02,complete,,,Kiwoom DRX,oe:team:1d0389df0c5eea93b04122ba167c010,Hanwha Life Esports,oe:team:3a1d18f46bcb3716ebcfcf4ef068934,BLUE,0,1,RED,Hanwha Life Esports,Yone,Skarner,Nidalee,Varus,Zyra,Kalista,Ambessa,Jayce,K'Sante,Vi,Leona,Sejuani,Rell,Ezreal,Ashe,Poppy,Azir,Rumble,Corki,Camille,oe:team:1d0389df0c5eea93b04122ba167c010|oe:team:3a1d18f46bcb3716ebcfcf4ef068934,2025_20250131_Hanwha_Life_Esports_vs_Kiwoom_DRX_S1,[],0,False,11.0,6.0,0.5454545454545454,11.0,6.0,0.5454545454545454,5.0,0.8,10.0,0.6,6.0,0.6666666666666666,0.0,,0.0,,9.0,5.0,0.5555555555555556,9.0,5.0,0.5555555555555556,5.0,0.6,9.0,0.5555555555555556,5.0,0.6,0.0,,0.0,
LOLTMNT01_195897,2025,2025-01-31 12:00:21+00:00,LCK,2,Cup,0,15.02,complete,,,Kiwoom DRX,oe:team:1d0389df0c5eea93b04122ba167c010,Hanwha Life Esports,oe:team:3a1d18f46bcb3716ebcfcf4ef068934,BLUE,0,1,RED,Hanwha Life Esports,Yone,Skarner,Vi,Galio,Gnar,Kalista,Aurora,Xin Zhao,Rumble,K'Sante,Caitlyn,Ezreal,Braum,Jax,Neeko,Elise,Rakan,Karma,Gragas,Anivia,oe:team:1d0389df0c5eea93b04122ba167c010|oe:team:3a1d18f46bcb3716ebcfcf4ef068934,2025_20250131_Hanwha_Life_Esports_vs_Kiwoom_DRX_S1,"[""Nidalee"", ""Varus"", ""Ambessa"", ""Jayce"", ""Leona"", ""Sejuani"", ""Ashe"", ""Poppy"", ""Corki"", ""Camille""]",10,False,12.0,6.0,0.5,12.0,6.0,0.5,5.0,0.6,10.0,0.5,7.0,0.5714285714285714,1.0,0.0,1.0,0.0,10.0,6.0,0.6,10.0,6.0,0.6,5.0,0.6,10.0,0.6,6.0,0.6666666666666666,1.0,1.0,1.0,1.0
LOLTMNT01_198268,2025,2025-02-01 06:04:25+00:00,LCK,1,Cup,0,15.02,complete,,,T1,oe:team:ce499dea30cfce118f4fe85da0227e8,Gen.G,oe:team:50f58982d91a36557ec8aec52ab014f,BLUE,1,0,BLUE,T1,Nidalee,Skarner,Jayce,K'Sante,Ashe,Kalista,Vi,Varus,Ambessa,Aurora,Viktor,Yone,Zyra,Ezreal,Kai'Sa,Elise,Lillia,Rakan,Poppy,Maokai,oe:team:50f58982d91a36557ec8aec52ab014f|oe:team:ce499dea30cfce118f4fe85da0227e8,2025_20250201_Gen_G_vs_T1_S1,[],0,False,10.0,7.0,0.7,10.0,7.0,0.7,5.0,0.8,10.0,0.7,4.0,1.0,0.0,,0.0,,8.0,6.0,0.75,8.0,6.0,0.75,5.0,0.6,8.0,0.75,5.0,0.8,0.0,,0.0,
LOLTMNT01_198283,2025,2025-02-01 06:57:56+00:00,LCK,2,Cup,0,15.02,complete,,,Gen.G,oe:team:50f58982d91a36557ec8aec52ab014f,T1,oe:team:ce499dea30cfce118f4fe85da0227e8,BLUE,1,0,BLUE,Gen.G,Galio,Skarner,Aurora,Ezreal,Ambessa,Ashe,Xayah,Leona,Corki,Kalista,Rakan,Azir,Zyra,Wukong,Jax,Xin Zhao,Nidalee,Nocturne,Sylas,Sion,oe:team:50f58982d91a36557ec8aec52ab014f|oe:team:ce499dea30cfce118f4fe85da0227e8,2025_20250201_Gen_G_vs_T1_S1,"[""Jayce"", ""K'Sante"", ""Vi"", ""Varus"", ""Viktor"", ""Yone"", ""Kai'Sa"", ""Elise"", ""Poppy"", ""Maokai""]",10,False,9.0,6.0,0.6666666666666666,9.0,6.0,0.6666666666666666,5.0,0.4,9.0,0.6666666666666666,3.0,0.6666666666666666,1.0,0.0,1.0,0.0,11.0,8.0,0.7272727272727273,11.0,8.0,0.7272727272727273,5.0,0.8,10.0,0.8,6.0,0.5,1.0,1.0,1.0,1.0
LOLTMNT01_198303,2025,2025-02-01 07:51:42+00:00,LCK,3,Cup,0,15.02,complete,,,T1,oe:team:ce499dea30cfce118f4fe85da0227e8,Gen.G,oe:team:50f58982d91a36557ec8aec52ab014f,BLUE,1,0,BLUE,T1,Nidalee,Skarner,Galio,Lee Sin,Ashe,Kalista,Rumble,Hwei,Ambessa,Corki,Wukong,Jinx,Nautilus,Miss Fortune,Zeri,Udyr,Rell,Jhin,Lulu,Thresh,oe:team:50f58982d91a36557ec8aec52ab014f|oe:team:ce499dea30cfce118f4fe85da0227e8,2025_20250201_Gen_G_vs_T1_S1,"[""Jayce"", ""K'Sante"", ""Vi"", ""Varus"", ""Viktor"", ""Yone"", ""Kai'Sa"", ""Elise"", ""Poppy"", ""Maokai"", ""Aurora"", ""Ezreal"", ""Xayah"", ""Leona"", ""Rakan"", ""Azir"", ""Jax"", ""Xin Zhao"", ""Sylas"", ""Sion""]",20,False,12.0,8.0,0.6666666666666666,12.0,8.0,0.6666666666666666,5.0,0.8,10.0,0.7,5.0,1.0,2.0,0.5,2.0,0.5,10.0,7.0,0.7,10.0,7.0,0.7,5.0,0.6,10.0,0.7,6.0,0.6666666666666666,2.0,0.5,2.0,0.5
LOLTMNT01_197638,2025,2025-02-01 09:15:19+00:00,LCK,1,Cup,0,15.02,complete,,,HANJIN BRION,oe:team:b77b3f6068e20a2b3edc0ecd3dc70d4,Dplus Kia,oe:team:ef69efa6acebe94107f0cf1ba716806,BLUE,1,0,BLUE,HANJIN BRION,Nidalee,Skarner,Vi,K'Sante,Rumble,Kalista,Elise,Varus,Ambessa,Azir,Jayce,Pantheon,Poppy,Aurora,Ahri,Karma,Zilean,Kai'Sa,Ashe,Swain,oe:team:b77b3f6068e20a2b3edc0ecd3dc70d4|oe:team:ef69efa6acebe94107f0cf1ba716806,2025_20250201_Dplus_Kia_vs_HANJIN_BRION_S1,[],0,False,9.0,3.0,0.3333333333333333,9.0,3.0,0.3333333333333333,5.0,0.4,9.0,0.3333333333333333,5.0,0.4,0.0,,0.0,,11.0,8.0,0.7272727272727273,11.0,8.0,0.7272727272727273,5.0,0.6,10.0,0.7,5.0,0.4,0.0,,0.0,
LOLTMNT01_197663,2025,2025-02-01 10:06:23+00:00,LCK,2,Cup,0,15.02,complete,,,Dplus Kia,oe:team:ef69efa6acebe94107f0cf1ba716806,HANJIN BRION,oe:team:b77b3f6068e20a2b3edc0ecd3dc70d4,BLUE,1,0,BLUE,Dplus Kia,Aurora,Skarner,Nidalee,Corki,Azir,Ambessa,Kai'Sa,Ziggs,Lee Sin,Kalista,Poppy,Maokai,Leona,Yone,Tryndamere,Renekton,Jax,Sett,Gnar,Alistar,oe:team:b77b3f6068e20a2b3edc0ecd3dc70d4|oe:team:ef69efa6acebe94107f0cf1ba716806,2025_20250201_Dplus_Kia_vs_HANJIN_BRION_S1,"[""Vi"", ""K'Sante"", ""Elise"", ""Varus"", ""Jayce"", ""Pantheon"", ""Ahri"", ""Karma"", ""Ashe"", ""Swain""]",10,False,12.0,8.0,0.6666666666666666,12.0,8.0,0.6666666666666666,5.0,0.6,10.0,0.7,6.0,1.0,1.0,0.0,1.0,0.0,10.0,4.0,0.4,10.0,4.0,0.4,5.0,0.6,10.0,0.4,4.0,0.25,1.0,1.0,1.0,1.0
LOLTMNT01_197690,2025,2025-02-01 10:54:40+00:00,LCK,3,Cup,0,15.02,complete,,,HANJIN BRION,oe:team:b77b3f6068e20a2b3edc0ecd3dc70d4,Dplus Kia,oe:team:ef69efa6acebe94107f0cf1ba716806,BLUE,0,1,RED,Dplus Kia,Rumble,Skarner,Ambessa,Camille,Jax,Kalista,Rell,Ezreal,Lillia,Rakan,Miss Fortune,Braum,Kindred,Azir,Aurora,Wukong,Sejuani,Brand,Lee Sin,LeBlanc,oe:team:b77b3f6068e20a2b3edc0ecd3dc70d4|oe:team:ef69efa6acebe94107f0cf1ba716806,2025_20250201_Dplus_Kia_vs_HANJIN_BRION_S1,"[""Vi"", ""K'Sante"", ""Elise"", ""Varus"", ""Jayce"", ""Pantheon"", ""Ahri"", ""Karma"", ""Ashe"", ""Swain"", ""Nidalee"", ""Corki"", ""Kai'Sa"", ""Ziggs"", ""Poppy"", ""Maokai"", ""Tryndamere"", ""Renekton"", ""Gnar"", ""Alistar""]",20,False,11.0,4.0,0.36363636363636365,11.0,4.0,0.36363636363636365,5.0,0.4,10.0,0.3,6.0,0.5,2.0,0.5,2.0,0.5,13.0,9.0,0.6923076923076923,13.0,9.0,0.6923076923076923,5.0,0.6,10.0,0.7,6.0,0.3333333333333333,2.0,0.5,2.0,0.5
LOLTMNT01_198801,2025,2025-02-02 06:06:34+00:00,LCK,1,Cup,0,15.02,complete,,,Nongshim RedForce,oe:team:5cd2cd09ec94296f605dd13a2924d6c,BNK FEARX,oe:team:5c2e7e9ea8dfcba0150d9a5619baecf,BLUE,1,0,BLUE,Nongshim RedForce,Zyra,Skarner,Ambessa,Jayce,Vi,Kalista,Elise,Poppy,K'Sante,Rumble,Sejuani,Kai'Sa,Lillia,Caitlyn,Xayah,Wukong,Azir,Ezreal,Aurora,Viktor,oe:team:5c2e7e9ea8dfcba0150d9a5619baecf|oe:team:5cd2cd09ec94296f605dd13a2924d6c,2025_20250202_BNK_FEARX_vs_Nongshim_RedForce_S1,[],0,False,9.0,3.0,0.3333333333333333,9.0,3.0,0.3333333333333333,5.0,0.2,9.0,0.3333333333333333,4.0,0.5,0.0,,0.0,,11.0,3.0,0.2727272727272727,11.0,3.0,0.2727272727272727,5.0,0.4,10.0,0.3,5.0,0.0,0.0,,0.0,
LOLTMNT01_198810,2025,2025-02-02 06:55:43+00:00,LCK,2,Cup,0,15.02,complete,,,BNK FEARX,oe:team:5c2e7e9ea8dfcba0150d9a5619baecf,Nongshim RedForce,oe:team:5cd2cd09ec94296f605dd13a2924d6c,BLUE,0,1,RED,Nongshim RedForce,Yone,Skarner,Vi,Xin Zhao,Rumble,Kalista,Azir,Ezreal,Gnar,K'Sante,Jax,Galio,Gangplank,Renata Glasc,Miss Fortune,Camille,Leona,Zeri,Rell,Shen,oe:team:5c2e7e9ea8dfcba0150d9a5619baecf|oe:team:5cd2cd09ec94296f605dd13a2924d6c,2025_20250202_BNK_FEARX_vs_Nongshim_RedForce_S1,"[""Ambessa"", ""Jayce"", ""Elise"", ""Poppy"", ""Sejuani"", ""Kai'Sa"", ""Xayah"", ""Wukong"", ""Aurora"", ""Viktor""]",10,False,12.0,3.0,0.25,12.0,3.0,0.25,5.0,0.2,10.0,0.2,6.0,0.5,1.0,0.0,1.0,0.0,10.0,4.0,0.4,10.0,4.0,0.4,5.0,0.2,10.0,0.4,5.0,0.2,1.0,1.0,1.0,1.0
LOLTMNT01_202875,2025,2025-02-07 08:05:24+00:00,LCK,1,Cup,0,15.02,complete,,,Kiwoom DRX,oe:team:1d0389df0c5eea93b04122ba167c010,DN SOOPers,oe:team:b3c72a20aa56f5d28022ac04a7dc294,BLUE,1,0,BLUE,Kiwoom DRX,Varus,Skarner,K'Sante,Jayce,Ambessa,Kalista,Zyra,Nidalee,Vi,Elise,Corki,Ezreal,Leona,Miss Fortune,Kai'Sa,Rell,Braum,Sylas,Poppy,Hwei,oe:team:1d0389df0c5eea93b04122ba167c010|oe:team:b3c72a20aa56f5d28022ac04a7dc294,2025_20250207_DN_SOOPers_vs_Kiwoom_DRX_S2,[],0,False,13.0,6.0,0.46153846153846156,13.0,6.0,0.46153846153846156,5.0,0.4,10.0,0.4,8.0,0.5,2.0,0.0,3.0,0.6666666666666666,13.0,4.0,0.3076923076923077,13.0,4.0,0.3076923076923077,5.0,0.2,10.0,0.2,5.0,0.0,3.0,0.3333333333333333,3.0,0.3333333333333333
LOLTMNT01_202877,2025,2025-02-07 09:00:30+00:00,LCK,2,Cup,0,15.02,complete,,,DN SOOPers,oe:team:b3c72a20aa56f5d28022ac04a7dc294,Kiwoom DRX,oe:team:1d0389df0c5eea93b04122ba167c010,BLUE,0,1,RED,Kiwoom DRX,Varus,Skarner,Ambessa,Aurora,Rumble,Kalista,Wukong,Ashe,Elise,Vi,Galio,Braum,Viego,Rakan,Ziggs,Xin Zhao,Renekton,Lulu,Leona,Camille,oe:team:1d0389df0c5eea93b04122ba167c010|oe:team:b3c72a20aa56f5d28022ac04a7dc294,2025_20250207_DN_SOOPers_vs_Kiwoom_DRX_S2,"[""K'Sante"", ""Jayce"", ""Zyra"", ""Nidalee"", ""Corki"", ""Ezreal"", ""Kai'Sa"", ""Rell"", ""Poppy"", ""Hwei""]",10,False,14.0,4.0,0.2857142857142857,14.0,4.0,0.2857142857142857,5.0,0.2,10.0,0.2,8.0,0.5,4.0,0.25,4.0,0.25,14.0,7.0,0.5,14.0,7.0,0.5,5.0,0.4,10.0,0.5,5.0,0.4,3.0,0.3333333333333333,4.0,0.75
LOLTMNT01_203863,2025,2025-02-07 10:33:44+00:00,LCK,1,Cup,0,15.02,complete,,,Nongshim RedForce,oe:team:5cd2cd09ec94296f605dd13a2924d6c,HANJIN BRION,oe:team:b77b3f6068e20a2b3edc0ecd3dc70d4,BLUE,1,0,BLUE,Nongshim RedForce,K'Sante,Skarner,Vi,Ezreal,Aurora,Kalista,Ambessa,Rumble,Zyra,Elise,Kai'Sa,Poppy,Azir,Shen,Taliyah,Wukong,Yone,Galio,Nautilus,Ahri,oe:team:5cd2cd09ec94296f605dd13a2924d6c|oe:team:b77b3f6068e20a2b3edc0ecd3dc70d4,2025_20250207_HANJIN_BRION_vs_Nongshim_RedForce_S2,[],0,False,11.0,5.0,0.45454545454545453,11.0,5.0,0.45454545454545453,5.0,0.4,10.0,0.5,5.0,0.6,2.0,1.0,2.0,1.0,12.0,4.0,0.3333333333333333,12.0,4.0,0.3333333333333333,5.0,0.2,10.0,0.3,5.0,0.2,3.0,0.3333333333333333,2.0,0.0
LOLTMNT01_203871,2025,2025-02-07 11:27:17+00:00,LCK,2,Cup,0,15.02,complete,,,HANJIN BRION,oe:team:b77b3f6068e20a2b3edc0ecd3dc70d4,Nongshim RedForce,oe:team:5cd2cd09ec94296f605dd13a2924d6c,BLUE,0,1,RED,Nongshim RedForce,Elise,Skarner,Jayce,Camille,Aurora,K'Sante,Xin Zhao,Sejuani,Galio,Kalista,Azir,Shen,Akali,Xayah,Corki,Hwei,Ziggs,Alistar,Rell,Caitlyn,oe:team:5cd2cd09ec94296f605dd13a2924d6c|oe:team:b77b3f6068e20a2b3edc0ecd3dc70d4,2025_20250207_HANJIN_BRION_vs_Nongshim_RedForce_S2,"[""Vi"", ""Ezreal"", ""Ambessa"", ""Rumble"", ""Kai'Sa"", ""Poppy"", ""Taliyah"", ""Wukong"", ""Nautilus"", ""Ahri""]",10,False,13.0,4.0,0.3076923076923077,13.0,4.0,0.3076923076923077,5.0,0.2,10.0,0.3,7.0,0.42857142857142855,4.0,0.25,3.0,0.0,12.0,6.0,0.5,12.0,6.0,0.5,5.0,0.6,10.0,0.5,6.0,0.3333333333333333,3.0,1.0,3.0,1.0
LOLTMNT01_204096,2025,2025-02-08 06:05:33+00:00,LCK,1,Cup,0,15.02,complete,,,T1,oe:team:ce499dea30cfce118f4fe85da0227e8,Nongshim RedForce,oe:team:5cd2cd09ec94296f605dd13a2924d6c,BLUE,1,0,BLUE,T1,Ambessa,Skarner,Jayce,K'Sante,Rumble,Kalista,Poppy,Vi,Elise,Renata Glasc,Azir,Aurora,Nautilus,Varus,Xin Zhao,Ezreal,Kai'Sa,Xayah,Miss Fortune,Blitzcrank,oe:team:5cd2cd09ec94296f605dd13a2924d6c|oe:team:ce499dea30cfce118f4fe85da0227e8,2025_20250208_Nongshim_RedForce_vs_T1_S2,[],0,False,13.0,9.0,0.6923076923076923,13.0,9.0,0.6923076923076923,5.0,0.8,10.0,0.8,6.0,1.0,3.0,0.6666666666666666,2.0,1.0,13.0,7.0,0.5384615384615384,13.0,7.0,0.5384615384615384,5.0,0.8,10.0,0.6,7.0,0.42857142857142855,4.0,1.0,2.0,0.0
LOLTMNT01_205030,2025,2025-02-08 06:59:21+00:00,LCK,2,Cup,0,15.02,complete,,,Nongshim RedForce,oe:team:5cd2cd09ec94296f605dd13a2924d6c,T1,oe:team:ce499dea30cfce118f4fe85da0227e8,BLUE,0,1,RED,T1,Viktor,Skarner,Elise,Rumble,Varus,Kalista,Anivia,Lee Sin,Ambessa,Sejuani,Yone,Kai'Sa,Nautilus,Xayah,Viego,Corki,Leona,Caitlyn,Ashe,Pyke,oe:team:5cd2cd09ec94296f605dd13a2924d6c|oe:team:ce499dea30cfce118f4fe85da0227e8,2025_20250208_Nongshim_RedForce_vs_T1_S2,"[""Jayce"", ""K'Sante"", ""Poppy"", ""Vi"", ""Azir"", ""Aurora"", ""Xin Zhao"", ""Ezreal"", ""Miss Fortune"", ""Blitzcrank""]",10,False,14.0,7.0,0.5,14.0,7.0,0.5,5.0,0.8,10.0,0.5,6.0,0.6666666666666666,5.0,0.8,3.0,0.0,14.0,10.0,0.7142857142857143,14.0,10.0,0.7142857142857143,5.0,0.8,10.0,0.8,7.0,0.42857142857142855,4.0,0.75,3.0,1.0
LOLTMNT01_204112,2025,2025-02-08 08:35:01+00:00,LCK,1,Cup,0,15.02,complete,,,Hanwha Life Esports,oe:team:3a1d18f46bcb3716ebcfcf4ef068934,Kiwoom DRX,oe:team:1d0389df0c5eea93b04122ba167c010,BLUE,1,0,BLUE,Hanwha Life Esports,Varus,Skarner,Nidalee,K'Sante,Xin Zhao,Kalista,Gnar,Jayce,Zyra,Vi,Corki,Kai'Sa,Leona,Ezreal,Ashe,Elise,Lillia,Caitlyn,Pantheon,Sejuani,oe:team:1d0389df0c5eea93b04122ba167c010|oe:team:3a1d18f46bcb3716ebcfcf4ef068934,2025_20250208_Hanwha_Life_Esports_vs_Kiwoom_DRX_S2,[],0,False,11.0,7.0,0.6363636363636364,11.0,7.0,0.6363636363636364,5.0,0.6,10.0,0.7,4.0,0.5,2.0,1.0,2.0,1.0,15.0,8.0,0.5333333333333333,15.0,8.0,0.5333333333333333,5.0,0.6,10.0,0.6,6.0,0.5,4.0,0.5,2.0,0.0
LOLTMNT01_204114,2025,2025-02-08 09:30:18+00:00,LCK,2,Cup,0,15.02,complete,,,Kiwoom DRX,oe:team:1d0389df0c5eea93b04122ba167c010,Hanwha Life Esports,oe:team:3a1d18f46bcb3716ebcfcf4ef068934,BLUE,0,1,RED,Hanwha Life Esports,Xin Zhao,Skarner,Vi,Galio,Poppy,Kalista,Rumble,Varus,Ezreal,Ambessa,Miss Fortune,Wukong,Anivia,Taliyah,Yone,Aurora,Akali,Rell,Rakan,Nautilus,oe:team:1d0389df0c5eea93b04122ba167c010|oe:team:3a1d18f46bcb3716ebcfcf4ef068934,2025_20250208_Hanwha_Life_Esports_vs_Kiwoom_DRX_S2,"[""Nidalee"", ""K'Sante"", ""Gnar"", ""Jayce"", ""Corki"", ""Kai'Sa"", ""Ashe"", ""Elise"", ""Pantheon"", ""Sejuani""]",10,False,16.0,8.0,0.5,16.0,8.0,0.5,5.0,0.4,10.0,0.6,9.0,0.5555555555555556,5.0,0.4,3.0,0.0,12.0,8.0,0.6666666666666666,12.0,8.0,0.6666666666666666,5.0,0.8,10.0,0.8,7.0,0.7142857142857143,3.0,1.0,3.0,1.0
LOLTMNT01_204273,2025,2025-02-09 06:04:31+00:00,LCK,1,Cup,0,15.02,complete,,,Kiwoom DRX,oe:team:1d0389df0c5eea93b04122ba167c010,Nongshim RedForce,oe:team:5cd2cd09ec94296f605dd13a2924d6c,BLUE,0,1,RED,Nongshim RedForce,Ambessa,Skarner,Elise,Aurora,Rumble,Kalista,K'Sante,Vi,Shen,Zyra,Xin Zhao,Yone,Kai'Sa,Xayah,Varus,Ezreal,Ziggs,Azir,Akali,Nautilus,oe:team:1d0389df0c5eea93b04122ba167c010|oe:team:5cd2cd09ec94296f605dd13a2924d6c,2025_20250209_Kiwoom_DRX_vs_Nongshim_RedForce_S1,[],0,False,17.0,8.0,0.47058823529411764,17.0,8.0,0.47058823529411764,5.0,0.4,10.0,0.5,10.0,0.5,6.0,0.3333333333333333,0.0,,15.0,7.0,0.4666666666666667,15.0,7.0,0.4666666666666667,5.0,0.6,10.0,0.4,8.0,0.375,6.0,0.6666666666666666,0.0,
LOLTMNT01_205157,2025,2025-02-09 06:53:50+00:00,LCK,2,Cup,0,15.02,complete,,,Kiwoom DRX,oe:team:1d0389df0c5eea93b04122ba167c010,Nongshim RedForce,oe:team:5cd2cd09ec94296f605dd13a2924d6c,BLUE,1,0,BLUE,Kiwoom DRX,Sejuani,Skarner,Nidalee,Ambessa,Rumble,Kalista,Jayce,Corki,Shen,Zyra,Kai'Sa,Lillia,Miss Fortune,Poppy,Jax,Ashe,Rell,Renekton,Leona,Braum,oe:team:1d0389df0c5eea93b04122ba167c010|oe:team:5cd2cd09ec94296f605dd13a2924d6c,2025_20250209_Kiwoom_DRX_vs_Nongshim_RedForce_S1,"[""Elise"", ""Aurora"", ""K'Sante"", ""Vi"", ""Xin Zhao"", ""Yone"", ""Varus"", ""Ezreal"", ""Akali"", ""Nautilus""]",10,False,18.0,8.0,0.4444444444444444,18.0,8.0,0.4444444444444444,5.0,0.4,10.0,0.4,11.0,0.45454545454545453,7.0,0.2857142857142857,1.0,0.0,16.0,8.0,0.5,16.0,8.0,0.5,5.0,0.6,10.0,0.5,9.0,0.4444444444444444,7.0,0.7142857142857143,1.0,1.0
LOLTMNT01_204280,2025,2025-02-09 07:52:48+00:00,LCK,3,Cup,0,15.02,complete,,,Nongshim RedForce,oe:team:5cd2cd09ec94296f605dd13a2924d6c,Kiwoom DRX,oe:team:1d0389df0c5eea93b04122ba167c010,BLUE,1,0,BLUE,Nongshim RedForce,Poppy,Skarner,Rumble,Galio,Zyra,Sejuani,Maokai,Wukong,Xayah,Kalista,Jinx,Sylas,Miss Fortune,Lee Sin,Tristana,Lulu,Lucian,Viego,Blitzcrank,Zeri,oe:team:1d0389df0c5eea93b04122ba167c010|oe:team:5cd2cd09ec94296f605dd13a2924d6c,2025_20250209_Kiwoom_DRX_vs_Nongshim_RedForce_S1,"[""Elise"", ""Aurora"", ""K'Sante"", ""Vi"", ""Xin Zhao"", ""Yone"", ""Varus"", ""Ezreal"", ""Akali"", ""Nautilus"", ""Nidalee"", ""Ambessa"", ""Jayce"", ""Corki"", ""Kai'Sa"", ""Lillia"", ""Jax"", ""Ashe"", ""Leona"", ""Braum""]",20,False,17.0,8.0,0.47058823529411764,17.0,8.0,0.47058823529411764,5.0,0.4,10.0,0.5,7.0,0.5714285714285714,8.0,0.625,2.0,0.5,19.0,9.0,0.47368421052631576,19.0,9.0,0.47368421052631576,5.0,0.4,10.0,0.4,7.0,0.42857142857142855,8.0,0.375,2.0,0.5
LOLTMNT01_204281,2025,2025-02-09 08:41:47+00:00,LCK,4,Cup,0,15.02,complete,,,Kiwoom DRX,oe:team:1d0389df0c5eea93b04122ba167c010,Nongshim RedForce,oe:team:5cd2cd09ec94296f605dd13a2924d6c,BLUE,0,1,RED,Nongshim RedForce,Shen,Skarner,Sejuani,Poppy,Nocturne,Kalista,Camille,Taliyah,Azir,Zyra,Orianna,Gnar,Xayah,Lucian,Senna,Aphelios,Caitlyn,Miss Fortune,Ornn,Rell,oe:team:1d0389df0c5eea93b04122ba167c010|oe:team:5cd2cd09ec94296f605dd13a2924d6c,2025_20250209_Kiwoom_DRX_vs_Nongshim_RedForce_S1,"[""Elise"", ""Aurora"", ""K'Sante"", ""Vi"", ""Xin Zhao"", ""Yone"", ""Varus"", ""Ezreal"", ""Akali"", ""Nautilus"", ""Nidalee"", ""Ambessa"", ""Jayce"", ""Corki"", ""Kai'Sa"", ""Lillia"", ""Jax"", ""Ashe"", ""Leona"", ""Braum"", ""Rumble"", ""Galio"", ""Maokai"", ""Wukong"", ""Jinx"", ""Sylas"", ""Tristana"", ""Lulu"", ""Blitzcrank"", ""Zeri""]",30,False,20.0,9.0,0.45,20.0,9.0,0.45,5.0,0.2,10.0,0.4,12.0,0.5,9.0,0.3333333333333333,3.0,0.3333333333333333,18.0,9.0,0.5,18.0,9.0,0.5,5.0,0.4,10.0,0.6,10.0,0.4,9.0,0.6666666666666666,3.0,0.6666666666666666
LOLTMNT02_212651,2025,2025-02-12 08:11:06+00:00,LCK,1,Cup,0,15.03,complete,,,KT Rolster,oe:team:d723992568441c6bafa2658129eade7,Nongshim RedForce,oe:team:5cd2cd09ec94296f605dd13a2924d6c,BLUE,0,1,RED,Nongshim RedForce,Rumble,Mel,Ambessa,Jayce,Vi,Taliyah,Varus,Sejuani,Skarner,Kalista,Azir,Aurora,Elise,Poppy,Maokai,Nautilus,Shen,Renata Glasc,Braum,Kai'Sa,oe:team:5cd2cd09ec94296f605dd13a2924d6c|oe:team:d723992568441c6bafa2658129eade7,2025_20250212_KT_Rolster_vs_Nongshim_RedForce_S1,[],0,False,13.0,7.0,0.5384615384615384,13.0,7.0,0.5384615384615384,5.0,0.8,10.0,0.5,6.0,0.6666666666666666,0.0,,0.0,,19.0,10.0,0.5263157894736842,19.0,10.0,0.5263157894736842,5.0,0.6,10.0,0.7,11.0,0.45454545454545453,0.0,,0.0,
LOLTMNT02_212665,2025,2025-02-12 09:09:20+00:00,LCK,2,Cup,0,15.03,complete,,,KT Rolster,oe:team:d723992568441c6bafa2658129eade7,Nongshim RedForce,oe:team:5cd2cd09ec94296f605dd13a2924d6c,BLUE,0,1,RED,Nongshim RedForce,Galio,Mel,Vi,Rumble,Nidalee,Taliyah,K'Sante,Yone,Skarner,Kalista,Ahri,Poppy,Xayah,Ashe,Jinx,Miss Fortune,Ezreal,Caitlyn,Leona,Alistar,oe:team:5cd2cd09ec94296f605dd13a2924d6c|oe:team:d723992568441c6bafa2658129eade7,2025_20250212_KT_Rolster_vs_Nongshim_RedForce_S1,"[""Ambessa"", ""Jayce"", ""Varus"", ""Sejuani"", ""Azir"", ""Aurora"", ""Maokai"", ""Nautilus"", ""Braum"", ""Kai'Sa""]",10,False,14.0,7.0,0.5,14.0,7.0,0.5,5.0,0.6,10.0,0.5,7.0,0.5714285714285714,1.0,0.0,1.0,0.0,20.0,11.0,0.55,20.0,11.0,0.55,5.0,0.8,10.0,0.7,12.0,0.5,1.0,1.0,1.0,1.0
LOLTMNT02_213066,2025,2025-02-12 10:03:18+00:00,LCK,3,Cup,0,15.03,complete,,,KT Rolster,oe:team:d723992568441c6bafa2658129eade7,Nongshim RedForce,oe:team:5cd2cd09ec94296f605dd13a2924d6c,BLUE,0,1,RED,Nongshim RedForce,Ashe,Mel,Nidalee,Corki,Ziggs,Kalista,Renekton,Ezreal,Lee Sin,Skarner,Zeri,Lillia,Elise,Taliyah,Tristana,Ornn,Shen,Syndra,Rell,Rakan,oe:team:5cd2cd09ec94296f605dd13a2924d6c|oe:team:d723992568441c6bafa2658129eade7,2025_20250212_KT_Rolster_vs_Nongshim_RedForce_S1,"[""Ambessa"", ""Jayce"", ""Varus"", ""Sejuani"", ""Azir"", ""Aurora"", ""Maokai"", ""Nautilus"", ""Braum"", ""Kai'Sa"", ""Vi"", ""Rumble"", ""K'Sante"", ""Yone"", ""Ahri"", ""Poppy"", ""Jinx"", ""Miss Fortune"", ""Leona"", ""Alistar""]",20,False,15.0,7.0,0.4666666666666667,15.0,7.0,0.4666666666666667,5.0,0.4,10.0,0.5,8.0,0.5,2.0,0.0,2.0,0.0,21.0,12.0,0.5714285714285714,21.0,12.0,0.5714285714285714,5.0,0.8,10.0,0.7,13.0,0.5384615384615384,2.0,1.0,2.0,1.0
LOLTMNT02_214006,2025,2025-02-13 08:05:16+00:00,LCK,1,Cup,0,15.03,complete,,,Hanwha Life Esports,oe:team:3a1d18f46bcb3716ebcfcf4ef068934,T1,oe:team:ce499dea30cfce118f4fe85da0227e8,BLUE,1,0,BLUE,Hanwha Life Esports,Rumble,Skarner,Jayce,Vi,Poppy,Kalista,Xin Zhao,Aurora,Galio,Ashe,Azir,Kai'Sa,Rakan,Xayah,Ezreal,Ambessa,Elise,Varus,Alistar,Pyke,oe:team:3a1d18f46bcb3716ebcfcf4ef068934|oe:team:ce499dea30cfce118f4fe85da0227e8,2025_20250213_Hanwha_Life_Esports_vs_T1_S1,[],0,False,13.0,9.0,0.6923076923076923,13.0,9.0,0.6923076923076923,5.0,0.8,10.0,0.8,5.0,0.6,0.0,,0.0,,15.0,11.0,0.7333333333333333,15.0,11.0,0.7333333333333333,5.0,0.8,10.0,0.8,8.0,0.5,0.0,,0.0,
LOLTMNT02_214014,2025,2025-02-13 08:54:58+00:00,LCK,2,Cup,0,15.03,complete,,,T1,oe:team:ce499dea30cfce118f4fe85da0227e8,Hanwha Life Esports,oe:team:3a1d18f46bcb3716ebcfcf4ef068934,BLUE,1,0,BLUE,T1,Yone,Skarner,Rumble,Ashe,Varus,Kalista,Viktor,K'Sante,Galio,Nidalee,Wukong,Zyra,Corki,Zeri,Jhin,Hwei,Braum,Rakan,Poppy,Leona,oe:team:3a1d18f46bcb3716ebcfcf4ef068934|oe:team:ce499dea30cfce118f4fe85da0227e8,2025_20250213_Hanwha_Life_Esports_vs_T1_S1,"[""Jayce"", ""Vi"", ""Xin Zhao"", ""Aurora"", ""Azir"", ""Kai'Sa"", ""Ezreal"", ""Ambessa"", ""Alistar"", ""Pyke""]",10,False,16.0,11.0,0.6875,16.0,11.0,0.6875,5.0,0.6,10.0,0.7,7.0,1.0,1.0,0.0,1.0,0.0,14.0,10.0,0.7142857142857143,14.0,10.0,0.7142857142857143,5.0,1.0,10.0,0.8,8.0,0.75,1.0,1.0,1.0,1.0
LOLTMNT02_214018,2025,2025-02-13 09:46:17+00:00,LCK,3,Cup,0,15.03,complete,,,Hanwha Life Esports,oe:team:3a1d18f46bcb3716ebcfcf4ef068934,T1,oe:team:ce499dea30cfce118f4fe85da0227e8,BLUE,1,0,BLUE,Hanwha Life Esports,Lee Sin,Kalista,Varus,Sejuani,Corki,Yone,Sylas,Miss Fortune,Galio,Skarner,Gnar,Mel,Jax,Rell,Pantheon,Irelia,Camille,Nautilus,Nidalee,LeBlanc,oe:team:3a1d18f46bcb3716ebcfcf4ef068934|oe:team:ce499dea30cfce118f4fe85da0227e8,2025_20250213_Hanwha_Life_Esports_vs_T1_S1,"[""Jayce"", ""Vi"", ""Xin Zhao"", ""Aurora"", ""Azir"", ""Kai'Sa"", ""Ezreal"", ""Ambessa"", ""Alistar"", ""Pyke"", ""Rumble"", ""Ashe"", ""Viktor"", ""K'Sante"", ""Wukong"", ""Zyra"", ""Jhin"", ""Hwei"", ""Poppy"", ""Leona""]",20,False,15.0,10.0,0.6666666666666666,15.0,10.0,0.6666666666666666,5.0,0.8,10.0,0.7,6.0,0.6666666666666666,2.0,0.5,2.0,0.5,17.0,12.0,0.7058823529411765,17.0,12.0,0.7058823529411765,5.0,0.8,10.0,0.8,9.0,0.4444444444444444,2.0,0.5,2.0,0.5
LOLTMNT02_213440,2025,2025-02-13 10:41:37+00:00,LCK,4,Cup,0,15.03,complete,,,T1,oe:team:ce499dea30cfce118f4fe85da0227e8,Hanwha Life Esports,oe:team:3a1d18f46bcb3716ebcfcf4ef068934,BLUE,1,0,BLUE,T1,Yone,Skarner,Caitlyn,Corki,Nautilus,Kalista,Jax,Elise,Maokai,Galio,Karma,Aatrox,Ziggs,Lee Sin,Ahri,Diana,Rakan,Lillia,Viego,Yasuo,oe:team:3a1d18f46bcb3716ebcfcf4ef068934|oe:team:ce499dea30cfce118f4fe85da0227e8,2025_20250213_Hanwha_Life_Esports_vs_T1_S1,"[""Jayce"", ""Vi"", ""Xin Zhao"", ""Aurora"", ""Azir"", ""Kai'Sa"", ""Ezreal"", ""Ambessa"", ""Alistar"", ""Pyke"", ""Rumble"", ""Ashe"", ""Viktor"", ""K'Sante"", ""Wukong"", ""Zyra"", ""Jhin"", ""Hwei"", ""Poppy"", ""Leona"", ""Varus"", ""Sejuani"", ""Sylas"", ""Miss Fortune"", ""Gnar"", ""Mel"", ""Pantheon"", ""Irelia"", ""Nidalee"", ""LeBlanc""]",30,False,18.0,12.0,0.6666666666666666,18.0,12.0,0.6666666666666666,5.0,0.6,10.0,0.7,8.0,1.0,3.0,0.3333333333333333,3.0,0.3333333333333333,16.0,11.0,0.6875,16.0,11.0,0.6875,5.0,0.8,10.0,0.7,9.0,0.6666666666666666,3.0,0.6666666666666666,3.0,0.6666666666666666
LOLTMNT02_214059,2025,2025-02-13 11:40:02+00:00,LCK,5,Cup,0,15.03,complete,,,Hanwha Life Esports,oe:team:3a1d18f46bcb3716ebcfcf4ef068934,T1,oe:team:ce499dea30cfce118f4fe85da0227e8,BLUE,1,0,BLUE,Hanwha Life Esports,Lee Sin,Yone,Kalista,Draven,Lillia,Maokai,Renata Glasc,Skarner,Galio,Neeko,Taliyah,Soraka,Orianna,Nocturne,Amumu,Zoe,Twisted Fate,Camille,Olaf,Akali,oe:team:3a1d18f46bcb3716ebcfcf4ef068934|oe:team:ce499dea30cfce118f4fe85da0227e8,2025_20250213_Hanwha_Life_Esports_vs_T1_S1,"[""Jayce"", ""Vi"", ""Xin Zhao"", ""Aurora"", ""Azir"", ""Kai'Sa"", ""Ezreal"", ""Ambessa"", ""Alistar"", ""Pyke"", ""Rumble"", ""Ashe"", ""Viktor"", ""K'Sante"", ""Wukong"", ""Zyra"", ""Jhin"", ""Hwei"", ""Poppy"", ""Leona"", ""Varus"", ""Sejuani"", ""Sylas"", ""Miss Fortune"", ""Gnar"", ""Mel"", ""Pantheon"", ""Irelia"", ""Nidalee"", ""LeBlanc"", ""Caitlyn"", ""Corki"", ""Jax"", ""Elise"", ""Karma"", ""Aatrox"", ""Ahri"", ""Diana"", ""Viego"", ""Yasuo""]",40,False,17.0,11.0,0.6470588235294118,17.0,11.0,0.6470588235294118,5.0,0.6,10.0,0.7,7.0,0.7142857142857143,4.0,0.5,4.0,0.5,19.0,13.0,0.6842105263157895,19.0,13.0,0.6842105263157895,5.0,0.6,10.0,0.7,10.0,0.4,4.0,0.5,4.0,0.5
LOLTMNT02_215947,2025,2025-02-15 06:06:56+00:00,LCK,1,Cup,0,15.03,complete,,,Dplus Kia,oe:team:ef69efa6acebe94107f0cf1ba716806,Nongshim RedForce,oe:team:5cd2cd09ec94296f605dd13a2924d6c,BLUE,1,0,BLUE,Dplus Kia,Aurora,Mel,Skarner,Kalista,Elise,Vi,Ambessa,Rumble,Renata Glasc,Ziggs,Ahri,Maokai,Yone,Varus,Ezreal,Corki,Blitzcrank,Kai'Sa,Poppy,Nautilus,oe:team:5cd2cd09ec94296f605dd13a2924d6c|oe:team:ef69efa6acebe94107f0cf1ba716806,2025_20250215_Dplus_Kia_vs_Nongshim_RedForce_S1,[],0,False,14.0,10.0,0.7142857142857143,14.0,10.0,0.7142857142857143,5.0,0.6,10.0,0.7,7.0,1.0,0.0,,0.0,,22.0,13.0,0.5909090909090909,22.0,13.0,0.5909090909090909,5.0,1.0,10.0,0.7,14.0,0.5714285714285714,3.0,1.0,0.0,
LOLTMNT02_215958,2025,2025-02-15 06:59:03+00:00,LCK,2,Cup,0,15.03,complete,,,Nongshim RedForce,oe:team:5cd2cd09ec94296f605dd13a2924d6c,Dplus Kia,oe:team:ef69efa6acebe94107f0cf1ba716806,BLUE,0,1,RED,Dplus Kia,Mel,Aurora,Yone,Lillia,Zyra,Vi,Sejuani,Jax,K'Sante,Jayce,Kai'Sa,Xayah,Azir,Elise,Gangplank,Pantheon,Braum,Shen,Alistar,Rakan,oe:team:5cd2cd09ec94296f605dd13a2924d6c|oe:team:ef69efa6acebe94107f0cf1ba716806,2025_20250215_Dplus_Kia_vs_Nongshim_RedForce_S1,"[""Skarner"", ""Kalista"", ""Ambessa"", ""Rumble"", ""Ahri"", ""Maokai"", ""Ezreal"", ""Corki"", ""Poppy"", ""Nautilus""]",10,False,23.0,13.0,0.5652173913043478,23.0,13.0,0.5652173913043478,5.0,0.8,10.0,0.6,8.0,0.625,4.0,0.75,1.0,0.0,15.0,11.0,0.7333333333333333,15.0,11.0,0.7333333333333333,5.0,0.8,10.0,0.7,7.0,0.42857142857142855,1.0,1.0,1.0,1.0
LOLTMNT02_216864,2025,2025-02-15 07:47:46+00:00,LCK,3,Cup,0,15.03,complete,,,Nongshim RedForce,oe:team:5cd2cd09ec94296f605dd13a2924d6c,Dplus Kia,oe:team:ef69efa6acebe94107f0cf1ba716806,BLUE,1,0,BLUE,Nongshim RedForce,K'Sante,Aurora,Galio,Wukong,Xin Zhao,Jayce,Nocturne,Camille,Zyra,Vi,Shen,Ziggs,Taliyah,Gnar,Sivir,Zilean,Azir,Nilah,Kennen,Aatrox,oe:team:5cd2cd09ec94296f605dd13a2924d6c|oe:team:ef69efa6acebe94107f0cf1ba716806,2025_20250215_Dplus_Kia_vs_Nongshim_RedForce_S1,"[""Skarner"", ""Kalista"", ""Ambessa"", ""Rumble"", ""Ahri"", ""Maokai"", ""Ezreal"", ""Corki"", ""Poppy"", ""Nautilus"", ""Yone"", ""Lillia"", ""Sejuani"", ""Jax"", ""Kai'Sa"", ""Xayah"", ""Gangplank"", ""Pantheon"", ""Alistar"", ""Rakan""]",20,False,24.0,13.0,0.5416666666666666,24.0,13.0,0.5416666666666666,5.0,0.6,10.0,0.6,9.0,0.5555555555555556,5.0,0.6,2.0,0.0,16.0,12.0,0.75,16.0,12.0,0.75,5.0,0.8,10.0,0.7,8.0,0.5,2.0,1.0,2.0,1.0
LOLTMNT02_216888,2025,2025-02-15 08:36:56+00:00,LCK,4,Cup,0,15.03,complete,,,Dplus Kia,oe:team:ef69efa6acebe94107f0cf1ba716806,Nongshim RedForce,oe:team:5cd2cd09ec94296f605dd13a2924d6c,BLUE,1,0,BLUE,Dplus Kia,Elise,K'Sante,Gnar,Sylas,Aurora,Jayce,Varus,Lee Sin,Xin Zhao,Vi,Leona,Azir,Rell,Taliyah,LeBlanc,Taric,Braum,Zyra,Viego,Aphelios,oe:team:5cd2cd09ec94296f605dd13a2924d6c|oe:team:ef69efa6acebe94107f0cf1ba716806,2025_20250215_Dplus_Kia_vs_Nongshim_RedForce_S1,"[""Skarner"", ""Kalista"", ""Ambessa"", ""Rumble"", ""Ahri"", ""Maokai"", ""Ezreal"", ""Corki"", ""Poppy"", ""Nautilus"", ""Yone"", ""Lillia"", ""Sejuani"", ""Jax"", ""Kai'Sa"", ""Xayah"", ""Gangplank"", ""Pantheon"", ""Alistar"", ""Rakan"", ""Galio"", ""Wukong"", ""Nocturne"", ""Camille"", ""Shen"", ""Ziggs"", ""Sivir"", ""Zilean"", ""Kennen"", ""Aatrox""]",30,False,17.0,12.0,0.7058823529411765,17.0,12.0,0.7058823529411765,5.0,0.8,10.0,0.7,8.0,1.0,3.0,0.6666666666666666,3.0,0.6666666666666666,25.0,14.0,0.56,25.0,14.0,0.56,5.0,0.6,10.0,0.7,15.0,0.5333333333333333,6.0,0.6666666666666666,3.0,0.3333333333333333
LOLTMNT02_217358,2025,2025-02-16 06:06:32+00:00,LCK,1,Cup,0,15.03,complete,,,Gen.G,oe:team:50f58982d91a36557ec8aec52ab014f,Hanwha Life Esports,oe:team:3a1d18f46bcb3716ebcfcf4ef068934,BLUE,0,1,RED,Hanwha Life Esports,Mel,Skarner,K'Sante,Yone,Jayce,Kalista,Vi,Sejuani,Poppy,Galio,Aurora,Kai'Sa,Camille,Xayah,Corki,Gnar,Ambessa,Ezreal,Alistar,Rakan,oe:team:3a1d18f46bcb3716ebcfcf4ef068934|oe:team:50f58982d91a36557ec8aec52ab014f,2025_20250216_Gen_G_vs_Hanwha_Life_Esports_S2,[],0,False,11.0,7.0,0.6363636363636364,11.0,7.0,0.6363636363636364,5.0,0.6,10.0,0.6,4.0,0.75,0.0,,2.0,1.0,18.0,12.0,0.6666666666666666,18.0,12.0,0.6666666666666666,5.0,0.6,10.0,0.7,10.0,0.6,5.0,0.6,2.0,0.0
LOLTMNT02_217366,2025,2025-02-16 07:06:00+00:00,LCK,2,Cup,0,15.03,complete,,,Gen.G,oe:team:50f58982d91a36557ec8aec52ab014f,Hanwha Life Esports,oe:team:3a1d18f46bcb3716ebcfcf4ef068934,BLUE,1,0,BLUE,Gen.G,Mel,Skarner,Jayce,Galio,Poppy,Kalista,Wukong,Ezreal,Karma,Nidalee,Varus,Xin Zhao,Leona,Azir,Ornn,Rumble,Bard,Hwei,Rell,Braum,oe:team:3a1d18f46bcb3716ebcfcf4ef068934|oe:team:50f58982d91a36557ec8aec52ab014f,2025_20250216_Gen_G_vs_Hanwha_Life_Esports_S2,"[""K'Sante"", ""Yone"", ""Vi"", ""Sejuani"", ""Aurora"", ""Kai'Sa"", ""Corki"", ""Gnar"", ""Alistar"", ""Rakan""]",10,False,12.0,7.0,0.5833333333333334,12.0,7.0,0.5833333333333334,5.0,0.4,10.0,0.5,5.0,0.6,1.0,0.0,3.0,0.6666666666666666,19.0,13.0,0.6842105263157895,19.0,13.0,0.6842105263157895,5.0,0.6,10.0,0.8,11.0,0.6363636363636364,6.0,0.6666666666666666,3.0,0.3333333333333333
LOLTMNT02_217372,2025,2025-02-16 08:01:28+00:00,LCK,3,Cup,0,15.03,complete,,,Hanwha Life Esports,oe:team:3a1d18f46bcb3716ebcfcf4ef068934,Gen.G,oe:team:50f58982d91a36557ec8aec52ab014f,BLUE,1,0,BLUE,Hanwha Life Esports,Lee Sin,Skarner,Azir,Mel,Ambessa,Kalista,Maokai,Leona,Nocturne,Nidalee,Jax,Lillia,Renekton,Lulu,Jhin,Miss Fortune,Poppy,Elise,Pyke,Gangplank,oe:team:3a1d18f46bcb3716ebcfcf4ef068934|oe:team:50f58982d91a36557ec8aec52ab014f,2025_20250216_Gen_G_vs_Hanwha_Life_Esports_S2,"[""K'Sante"", ""Yone"", ""Vi"", ""Sejuani"", ""Aurora"", ""Kai'Sa"", ""Corki"", ""Gnar"", ""Alistar"", ""Rakan"", ""Jayce"", ""Galio"", ""Wukong"", ""Ezreal"", ""Varus"", ""Xin Zhao"", ""Ornn"", ""Rumble"", ""Rell"", ""Braum""]",20,False,20.0,13.0,0.65,20.0,13.0,0.65,5.0,0.6,10.0,0.7,8.0,0.75,7.0,0.5714285714285714,4.0,0.25,13.0,8.0,0.6153846153846154,13.0,8.0,0.6153846153846154,5.0,0.4,10.0,0.5,7.0,0.5714285714285714,2.0,0.5,4.0,0.75
LOLTMNT02_217385,2025,2025-02-16 08:51:09+00:00,LCK,4,Cup,0,15.03,complete,,,Gen.G,oe:team:50f58982d91a36557ec8aec52ab014f,Hanwha Life Esports,oe:team:3a1d18f46bcb3716ebcfcf4ef068934,BLUE,1,0,BLUE,Gen.G,Nocturne,Skarner,Ambessa,Zyra,Poppy,Kalista,Karthus,Renekton,Nautilus,Nidalee,Camille,Xayah,Elise,Lulu,Ashe,Fiora,Pantheon,Ziggs,Smolder,Shen,oe:team:3a1d18f46bcb3716ebcfcf4ef068934|oe:team:50f58982d91a36557ec8aec52ab014f,2025_20250216_Gen_G_vs_Hanwha_Life_Esports_S2,"[""K'Sante"", ""Yone"", ""Vi"", ""Sejuani"", ""Aurora"", ""Kai'Sa"", ""Corki"", ""Gnar"", ""Alistar"", ""Rakan"", ""Jayce"", ""Galio"", ""Wukong"", ""Ezreal"", ""Varus"", ""Xin Zhao"", ""Ornn"", ""Rumble"", ""Rell"", ""Braum"", ""Azir"", ""Mel"", ""Maokai"", ""Leona"", ""Jax"", ""Lillia"", ""Jhin"", ""Miss Fortune"", ""Pyke"", ""Gangplank""]",30,False,14.0,8.0,0.5714285714285714,14.0,8.0,0.5714285714285714,5.0,0.4,10.0,0.4,6.0,0.6666666666666666,3.0,0.3333333333333333,5.0,0.6,21.0,14.0,0.6666666666666666,21.0,14.0,0.6666666666666666,5.0,0.6,10.0,0.7,12.0,0.5833333333333334,8.0,0.625,5.0,0.4
LOLTMNT02_218314,2025,2025-02-16 09:44:51+00:00,LCK,5,Cup,0,15.03,complete,,,Hanwha Life Esports,oe:team:3a1d18f46bcb3716ebcfcf4ef068934,Gen.G,oe:team:50f58982d91a36557ec8aec52ab014f,BLUE,1,0,BLUE,Hanwha Life Esports,Lee Sin,Skarner,Nidalee,Sylas,Nautilus,Kalista,Poppy,Pantheon,Nocturne,Caitlyn,Zeri,Viego,Lulu,Olaf,Aatrox,Twitch,Jinx,Anivia,Ahri,Kennen,oe:team:3a1d18f46bcb3716ebcfcf4ef068934|oe:team:50f58982d91a36557ec8aec52ab014f,2025_20250216_Gen_G_vs_Hanwha_Life_Esports_S2,"[""K'Sante"", ""Yone"", ""Vi"", ""Sejuani"", ""Aurora"", ""Kai'Sa"", ""Corki"", ""Gnar"", ""Alistar"", ""Rakan"", ""Jayce"", ""Galio"", ""Wukong"", ""Ezreal"", ""Varus"", ""Xin Zhao"", ""Ornn"", ""Rumble"", ""Rell"", ""Braum"", ""Azir"", ""Mel"", ""Maokai"", ""Leona"", ""Jax"", ""Lillia"", ""Jhin"", ""Miss Fortune"", ""Pyke"", ""Gangplank"", ""Ambessa"", ""Zyra"", ""Karthus"", ""Renekton"", ""Camille"", ""Xayah"", ""Ashe"", ""Fiora"", ""Smolder"", ""Shen""]",40,False,22.0,14.0,0.6363636363636364,22.0,14.0,0.6363636363636364,5.0,0.6,10.0,0.6,9.0,0.7777777777777778,9.0,0.5555555555555556,6.0,0.3333333333333333,15.0,9.0,0.6,15.0,9.0,0.6,5.0,0.4,10.0,0.5,8.0,0.5,4.0,0.5,6.0,0.6666666666666666
LOLTMNT02_222055,2025,2025-02-19 08:06:35+00:00,LCK,1,Cup,0,15.03,complete,,,Hanwha Life Esports,oe:team:3a1d18f46bcb3716ebcfcf4ef068934,Dplus Kia,oe:team:ef69efa6acebe94107f0cf1ba716806,BLUE,1,0,BLUE,Hanwha Life Esports,Rumble,Skarner,Yone,Vi,Poppy,Jayce,Xayah,Rakan,Ambessa,Kalista,Maokai,Kai'Sa,Ahri,Alistar,Nautilus,Twisted Fate,Jax,Elise,K'Sante,Gnar,oe:team:3a1d18f46bcb3716ebcfcf4ef068934|oe:team:ef69efa6acebe94107f0cf1ba716806,2025_20250219_Dplus_Kia_vs_Hanwha_Life_Esports_S2,[],0,False,23.0,15.0,0.6521739130434783,23.0,15.0,0.6521739130434783,5.0,0.6,10.0,0.6,10.0,0.8,10.0,0.6,3.0,0.3333333333333333,18.0,13.0,0.7222222222222222,18.0,13.0,0.7222222222222222,5.0,0.8,10.0,0.7,9.0,0.4444444444444444,4.0,0.75,3.0,0.6666666666666666
LOLTMNT02_222064,2025,2025-02-19 08:57:23+00:00,LCK,2,Cup,0,15.03,complete,,,Dplus Kia,oe:team:ef69efa6acebe94107f0cf1ba716806,Hanwha Life Esports,oe:team:3a1d18f46bcb3716ebcfcf4ef068934,BLUE,1,0,BLUE,Dplus Kia,Rumble,Skarner,Ambessa,Galio,Poppy,Kalista,Lillia,Xin Zhao,Azir,Jayce,Pantheon,Camille,Shen,Jax,Braum,Ezreal,Lulu,Leona,Varus,Karma,oe:team:3a1d18f46bcb3716ebcfcf4ef068934|oe:team:ef69efa6acebe94107f0cf1ba716806,2025_20250219_Dplus_Kia_vs_Hanwha_Life_Esports_S2,"[""Yone"", ""Vi"", ""Xayah"", ""Rakan"", ""Maokai"", ""Kai'Sa"", ""Nautilus"", ""Twisted Fate"", ""K'Sante"", ""Gnar""]",10,False,19.0,13.0,0.6842105263157895,19.0,13.0,0.6842105263157895,5.0,0.6,10.0,0.6,9.0,1.0,5.0,0.6,4.0,0.5,24.0,16.0,0.6666666666666666,24.0,16.0,0.6666666666666666,5.0,0.6,10.0,0.6,13.0,0.5384615384615384,11.0,0.6363636363636364,4.0,0.5
LOLTMNT02_222074,2025,2025-02-19 09:57:34+00:00,LCK,3,Cup,0,15.03,complete,,,Hanwha Life Esports,oe:team:3a1d18f46bcb3716ebcfcf4ef068934,Dplus Kia,oe:team:ef69efa6acebe94107f0cf1ba716806,BLUE,0,1,RED,Dplus Kia,LeBlanc,Skarner,Jayce,Rumble,Nidalee,Kalista,Sejuani,Poppy,Ahri,Azir,Aurora,Zeri,Wukong,Lulu,Jhin,Viego,Lee Sin,Ashe,Leona,Ryze,oe:team:3a1d18f46bcb3716ebcfcf4ef068934|oe:team:ef69efa6acebe94107f0cf1ba716806,2025_20250219_Dplus_Kia_vs_Hanwha_Life_Esports_S2,"[""Yone"", ""Vi"", ""Xayah"", ""Rakan"", ""Maokai"", ""Kai'Sa"", ""Nautilus"", ""Twisted Fate"", ""K'Sante"", ""Gnar"", ""Ambessa"", ""Galio"", ""Lillia"", ""Xin Zhao"", ""Pantheon"", ""Camille"", ""Braum"", ""Ezreal"", ""Varus"", ""Karma""]",20,False,25.0,16.0,0.64,25.0,16.0,0.64,5.0,0.6,10.0,0.6,11.0,0.8181818181818182,12.0,0.5833333333333334,5.0,0.4,20.0,14.0,0.7,20.0,14.0,0.7,5.0,0.6,10.0,0.7,10.0,0.4,6.0,0.6666666666666666,5.0,0.6
LOLTMNT02_221094,2025,2025-02-19 10:58:30+00:00,LCK,4,Cup,0,15.03,complete,,,Hanwha Life Esports,oe:team:3a1d18f46bcb3716ebcfcf4ef068934,Dplus Kia,oe:team:ef69efa6acebe94107f0cf1ba716806,BLUE,1,0,BLUE,Hanwha Life Esports,Lee Sin,Skarner,Nidalee,Corki,Jax,Kalista,Ashe,Nocturne,Ahri,Azir,Aatrox,Kennen,LeBlanc,Pyke,Sylas,Shen,Rell,Alistar,Renata Glasc,Viktor,oe:team:3a1d18f46bcb3716ebcfcf4ef068934|oe:team:ef69efa6acebe94107f0cf1ba716806,2025_20250219_Dplus_Kia_vs_Hanwha_Life_Esports_S2,"[""Yone"", ""Vi"", ""Xayah"", ""Rakan"", ""Maokai"", ""Kai'Sa"", ""Nautilus"", ""Twisted Fate"", ""K'Sante"", ""Gnar"", ""Ambessa"", ""Galio"", ""Lillia"", ""Xin Zhao"", ""Pantheon"", ""Camille"", ""Braum"", ""Ezreal"", ""Varus"", ""Karma"", ""Jayce"", ""Rumble"", ""Sejuani"", ""Poppy"", ""Aurora"", ""Zeri"", ""Jhin"", ""Viego"", ""Leona"", ""Ryze""]",30,False,26.0,16.0,0.6153846153846154,26.0,16.0,0.6153846153846154,5.0,0.4,10.0,0.5,12.0,0.75,13.0,0.5384615384615384,6.0,0.3333333333333333,21.0,15.0,0.7142857142857143,21.0,15.0,0.7142857142857143,5.0,0.6,10.0,0.7,11.0,0.45454545454545453,7.0,0.7142857142857143,6.0,0.6666666666666666
LOLTMNT02_221101,2025,2025-02-19 11:52:23+00:00,LCK,5,Cup,0,15.03,complete,,,Dplus Kia,oe:team:ef69efa6acebe94107f0cf1ba716806,Hanwha Life Esports,oe:team:3a1d18f46bcb3716ebcfcf4ef068934,BLUE,0,1,RED,Hanwha Life Esports,Azir,Skarner,Wukong,Jax,Zyra,Kalista,Gragas,Ahri,Diana,LeBlanc,Alistar,Rell,Ivern,Ziggs,Mel,Miss Fortune,Lee Sin,Taliyah,Kled,Olaf,oe:team:3a1d18f46bcb3716ebcfcf4ef068934|oe:team:ef69efa6acebe94107f0cf1ba716806,2025_20250219_Dplus_Kia_vs_Hanwha_Life_Esports_S2,"[""Yone"", ""Vi"", ""Xayah"", ""Rakan"", ""Maokai"", ""Kai'Sa"", ""Nautilus"", ""Twisted Fate"", ""K'Sante"", ""Gnar"", ""Ambessa"", ""Galio"", ""Lillia"", ""Xin Zhao"", ""Pantheon"", ""Camille"", ""Braum"", ""Ezreal"", ""Varus"", ""Karma"", ""Jayce"", ""Rumble"", ""Sejuani"", ""Poppy"", ""Aurora"", ""Zeri"", ""Jhin"", ""Viego"", ""Leona"", ""Ryze"", ""Nidalee"", ""Corki"", ""Ashe"", ""Nocturne"", ""Aatrox"", ""Kennen"", ""Sylas"", ""Shen"", ""Renata Glasc"", ""Viktor""]",40,False,22.0,15.0,0.6818181818181818,22.0,15.0,0.6818181818181818,5.0,0.6,10.0,0.7,10.0,1.0,8.0,0.625,7.0,0.5714285714285714,27.0,17.0,0.6296296296296297,27.0,17.0,0.6296296296296297,5.0,0.6,10.0,0.6,14.0,0.5,14.0,0.5714285714285714,7.0,0.42857142857142855
LOLTMNT02_222394,2025,2025-02-20 08:05:22+00:00,LCK,1,Cup,0,15.03,complete,,,Nongshim RedForce,oe:team:5cd2cd09ec94296f605dd13a2924d6c,Gen.G,oe:team:50f58982d91a36557ec8aec52ab014f,BLUE,0,1,RED,Gen.G,K'Sante,Skarner,Vi,Ezreal,Poppy,Kalista,Rumble,Nidalee,Xayah,Jayce,Yone,Galio,Ambessa,Kai'Sa,Ashe,Leona,Camille,Zeri,Braum,Sett,oe:team:50f58982d91a36557ec8aec52ab014f|oe:team:5cd2cd09ec94296f605dd13a2924d6c,2025_20250220_Gen_G_vs_Nongshim_RedForce_S1,[],0,False,26.0,14.0,0.5384615384615384,26.0,14.0,0.5384615384615384,5.0,0.4,10.0,0.6,10.0,0.6,7.0,0.5714285714285714,0.0,,16.0,9.0,0.5625,16.0,9.0,0.5625,5.0,0.4,10.0,0.5,9.0,0.4444444444444444,5.0,0.4,0.0,
LOLTMNT02_222398,2025,2025-02-20 09:02:48+00:00,LCK,2,Cup,0,15.03,complete,,,Nongshim RedForce,oe:team:5cd2cd09ec94296f605dd13a2924d6c,Gen.G,oe:team:50f58982d91a36557ec8aec52ab014f,BLUE,0,1,RED,Gen.G,K'Sante,Skarner,Ambessa,Kai'Sa,Varus,Kalista,Miss Fortune,Poppy,Xayah,Jayce,Nautilus,Xin Zhao,Karma,Lillia,Mel,Aurora,Sylas,Maokai,Sejuani,Camille,oe:team:50f58982d91a36557ec8aec52ab014f|oe:team:5cd2cd09ec94296f605dd13a2924d6c,2025_20250220_Gen_G_vs_Nongshim_RedForce_S1,"[""Vi"", ""Ezreal"", ""Rumble"", ""Nidalee"", ""Yone"", ""Galio"", ""Ashe"", ""Leona"", ""Braum"", ""Sett""]",10,False,27.0,14.0,0.5185185185185185,27.0,14.0,0.5185185185185185,5.0,0.2,10.0,0.6,11.0,0.5454545454545454,8.0,0.5,1.0,0.0,17.0,10.0,0.5882352941176471,17.0,10.0,0.5882352941176471,5.0,0.6,10.0,0.5,10.0,0.5,6.0,0.5,1.0,1.0
LOLTMNT02_222411,2025,2025-02-20 10:09:08+00:00,LCK,3,Cup,0,15.03,complete,,,Nongshim RedForce,oe:team:5cd2cd09ec94296f605dd13a2924d6c,Gen.G,oe:team:50f58982d91a36557ec8aec52ab014f,BLUE,1,0,BLUE,Nongshim RedForce,K'Sante,Skarner,Jinx,Sylas,Varus,Kalista,Lillia,Wukong,Azir,Jayce,Corki,Rakan,Twitch,Rell,Renata Glasc,Jax,Xayah,Tahm Kench,Anivia,Ziggs,oe:team:50f58982d91a36557ec8aec52ab014f|oe:team:5cd2cd09ec94296f605dd13a2924d6c,2025_20250220_Gen_G_vs_Nongshim_RedForce_S1,"[""Vi"", ""Ezreal"", ""Rumble"", ""Nidalee"", ""Yone"", ""Galio"", ""Ashe"", ""Leona"", ""Braum"", ""Sett"", ""Ambessa"", ""Kai'Sa"", ""Miss Fortune"", ""Poppy"", ""Nautilus"", ""Xin Zhao"", ""Mel"", ""Aurora"", ""Sejuani"", ""Camille""]",20,False,28.0,14.0,0.5,28.0,14.0,0.5,5.0,0.2,10.0,0.5,12.0,0.5,9.0,0.4444444444444444,2.0,0.0,18.0,11.0,0.6111111111111112,18.0,11.0,0.6111111111111112,5.0,0.6,10.0,0.5,11.0,0.5454545454545454,7.0,0.5714285714285714,2.0,1.0
LOLTMNT02_222421,2025,2025-02-20 11:04:59+00:00,LCK,4,Cup,0,15.03,complete,,,Gen.G,oe:team:50f58982d91a36557ec8aec52ab014f,Nongshim RedForce,oe:team:5cd2cd09ec94296f605dd13a2924d6c,BLUE,0,1,RED,Nongshim RedForce,Shen,Skarner,Jayce,K'Sante,Maokai,Kalista,Nocturne,Varus,Lulu,Zyra,Jhin,Alistar,Ahri,Azir,Rell,Orianna,Lee Sin,Taliyah,Viktor,Zac,oe:team:50f58982d91a36557ec8aec52ab014f|oe:team:5cd2cd09ec94296f605dd13a2924d6c,2025_20250220_Gen_G_vs_Nongshim_RedForce_S1,"[""Vi"", ""Ezreal"", ""Rumble"", ""Nidalee"", ""Yone"", ""Galio"", ""Ashe"", ""Leona"", ""Braum"", ""Sett"", ""Ambessa"", ""Kai'Sa"", ""Miss Fortune"", ""Poppy"", ""Nautilus"", ""Xin Zhao"", ""Mel"", ""Aurora"", ""Sejuani"", ""Camille"", ""Jinx"", ""Sylas"", ""Lillia"", ""Wukong"", ""Corki"", ""Rakan"", ""Renata Glasc"", ""Jax"", ""Anivia"", ""Ziggs""]",30,False,19.0,11.0,0.5789473684210527,19.0,11.0,0.5789473684210527,5.0,0.6,10.0,0.5,7.0,0.7142857142857143,8.0,0.5,3.0,0.6666666666666666,29.0,15.0,0.5172413793103449,29.0,15.0,0.5172413793103449,5.0,0.4,10.0,0.5,16.0,0.5,10.0,0.5,3.0,0.3333333333333333
LOLTMNT02_222433,2025,2025-02-20 12:04:46+00:00,LCK,5,Cup,0,15.03,complete,,,Gen.G,oe:team:50f58982d91a36557ec8aec52ab014f,Nongshim RedForce,oe:team:5cd2cd09ec94296f605dd13a2924d6c,BLUE,1,0,BLUE,Gen.G,Lulu,Skarner,Azir,Maokai,Shen,Kalista,Zeri,Lucian,Caitlyn,Zyra,Yuumi,Nami,Taliyah,Viego,Ornn,Smolder,Aatrox,Lee Sin,Pantheon,Gnar,oe:team:50f58982d91a36557ec8aec52ab014f|oe:team:5cd2cd09ec94296f605dd13a2924d6c,2025_20250220_Gen_G_vs_Nongshim_RedForce_S1,"[""Vi"", ""Ezreal"", ""Rumble"", ""Nidalee"", ""Yone"", ""Galio"", ""Ashe"", ""Leona"", ""Braum"", ""Sett"", ""Ambessa"", ""Kai'Sa"", ""Miss Fortune"", ""Poppy"", ""Nautilus"", ""Xin Zhao"", ""Mel"", ""Aurora"", ""Sejuani"", ""Camille"", ""Jinx"", ""Sylas"", ""Lillia"", ""Wukong"", ""Corki"", ""Rakan"", ""Renata Glasc"", ""Jax"", ""Anivia"", ""Ziggs"", ""Jayce"", ""K'Sante"", ""Nocturne"", ""Varus"", ""Jhin"", ""Alistar"", ""Rell"", ""Orianna"", ""Viktor"", ""Zac""]",40,False,20.0,11.0,0.55,20.0,11.0,0.55,5.0,0.4,10.0,0.4,8.0,0.625,9.0,0.4444444444444444,4.0,0.5,30.0,16.0,0.5333333333333333,30.0,16.0,0.5333333333333333,5.0,0.4,10.0,0.5,17.0,0.5294117647058824,11.0,0.5454545454545454,4.0,0.5
LOLTMNT02_222826,2025,2025-02-22 06:07:03+00:00,LCK,1,Cup,0,15.03,complete,,,Dplus Kia,oe:team:ef69efa6acebe94107f0cf1ba716806,Gen.G,oe:team:50f58982d91a36557ec8aec52ab014f,BLUE,0,1,RED,Gen.G,K'Sante,Skarner,Jayce,Rumble,Poppy,Kalista,Xin Zhao,Vi,Xayah,Ambessa,Galio,Ezreal,Yone,Kai'Sa,Zeri,Sylas,Azir,Varus,Rakan,Alistar,oe:team:50f58982d91a36557ec8aec52ab014f|oe:team:ef69efa6acebe94107f0cf1ba716806,2025_20250222_Dplus_Kia_vs_Gen_G_S1,[],0,False,23.0,15.0,0.6521739130434783,23.0,15.0,0.6521739130434783,5.0,0.4,10.0,0.6,11.0,0.9090909090909091,9.0,0.5555555555555556,0.0,,21.0,12.0,0.5714285714285714,21.0,12.0,0.5714285714285714,5.0,0.6,10.0,0.5,12.0,0.5,10.0,0.5,0.0,
LOLTMNT02_222827,2025,2025-02-22 06:51:45+00:00,LCK,2,Cup,0,15.03,complete,,,Dplus Kia,oe:team:ef69efa6acebe94107f0cf1ba716806,Gen.G,oe:team:50f58982d91a36557ec8aec52ab014f,BLUE,0,1,RED,Gen.G,Nidalee,Skarner,Ambessa,K'Sante,Poppy,Kalista,Kai'Sa,Varus,Yone,Lillia,Azir,Maokai,Renata Glasc,Wukong,Sejuani,Aurora,Zyra,Nocturne,Rell,Braum,oe:team:50f58982d91a36557ec8aec52ab014f|oe:team:ef69efa6acebe94107f0cf1ba716806,2025_20250222_Dplus_Kia_vs_Gen_G_S1,"[""Jayce"", ""Rumble"", ""Xin Zhao"", ""Vi"", ""Galio"", ""Ezreal"", ""Zeri"", ""Sylas"", ""Rakan"", ""Alistar""]",10,False,24.0,15.0,0.625,24.0,15.0,0.625,5.0,0.4,10.0,0.5,12.0,0.8333333333333334,10.0,0.5,1.0,0.0,22.0,13.0,0.5909090909090909,22.0,13.0,0.5909090909090909,5.0,0.6,10.0,0.6,13.0,0.5384615384615384,11.0,0.5454545454545454,1.0,1.0
LOLTMNT02_222830,2025,2025-02-22 07:41:41+00:00,LCK,3,Cup,0,15.03,complete,,,Dplus Kia,oe:team:ef69efa6acebe94107f0cf1ba716806,Gen.G,oe:team:50f58982d91a36557ec8aec52ab014f,BLUE,0,1,RED,Gen.G,Lee Sin,Skarner,Lillia,Ashe,Yone,Kalista,Miss Fortune,Poppy,Nocturne,Nidalee,Nautilus,Zyra,Hwei,LeBlanc,Ryze,Ahri,Smolder,Pantheon,Gnar,Gangplank,oe:team:50f58982d91a36557ec8aec52ab014f|oe:team:ef69efa6acebe94107f0cf1ba716806,2025_20250222_Dplus_Kia_vs_Gen_G_S1,"[""Jayce"", ""Rumble"", ""Xin Zhao"", ""Vi"", ""Galio"", ""Ezreal"", ""Zeri"", ""Sylas"", ""Rakan"", ""Alistar"", ""Ambessa"", ""K'Sante"", ""Kai'Sa"", ""Varus"", ""Azir"", ""Maokai"", ""Sejuani"", ""Aurora"", ""Rell"", ""Braum""]",20,False,25.0,15.0,0.6,25.0,15.0,0.6,5.0,0.2,10.0,0.4,13.0,0.7692307692307693,11.0,0.45454545454545453,2.0,0.0,23.0,14.0,0.6086956521739131,23.0,14.0,0.6086956521739131,5.0,0.6,10.0,0.6,14.0,0.5714285714285714,12.0,0.5833333333333334,2.0,1.0
LOLTMNT02_223033,2025,2025-02-23 06:21:15+00:00,LCK,1,Cup,0,15.03,complete,,,Hanwha Life Esports,oe:team:3a1d18f46bcb3716ebcfcf4ef068934,Gen.G,oe:team:50f58982d91a36557ec8aec52ab014f,BLUE,1,0,BLUE,Hanwha Life Esports,Rumble,Skarner,Yone,Ezreal,Poppy,Kalista,Sejuani,Nidalee,K'Sante,Jayce,Kai'Sa,Leona,Jax,Rell,Camille,Ambessa,Renekton,Rakan,Alistar,Mordekaiser,oe:team:3a1d18f46bcb3716ebcfcf4ef068934|oe:team:50f58982d91a36557ec8aec52ab014f,2025_20250223_Gen_G_vs_Hanwha_Life_Esports_S3,[],0,False,28.0,18.0,0.6428571428571429,28.0,18.0,0.6428571428571429,5.0,0.6,10.0,0.6,13.0,0.7692307692307693,15.0,0.6,7.0,0.42857142857142855,24.0,15.0,0.625,24.0,15.0,0.625,5.0,0.8,10.0,0.7,15.0,0.6,13.0,0.6153846153846154,7.0,0.5714285714285714
LOLTMNT02_223039,2025,2025-02-23 07:16:10+00:00,LCK,2,Cup,0,15.03,complete,,,Gen.G,oe:team:50f58982d91a36557ec8aec52ab014f,Hanwha Life Esports,oe:team:3a1d18f46bcb3716ebcfcf4ef068934,BLUE,1,0,BLUE,Gen.G,Maokai,Skarner,Rumble,Poppy,Galio,Kalista,Vi,Azir,Varus,Jayce,Taliyah,K'Sante,Xayah,Jinx,Corki,Ashe,Rakan,Lulu,Nautilus,Xin Zhao,oe:team:3a1d18f46bcb3716ebcfcf4ef068934|oe:team:50f58982d91a36557ec8aec52ab014f,2025_20250223_Gen_G_vs_Hanwha_Life_Esports_S3,"[""Yone"", ""Ezreal"", ""Sejuani"", ""Nidalee"", ""Kai'Sa"", ""Leona"", ""Camille"", ""Ambessa"", ""Alistar"", ""Mordekaiser""]",10,False,25.0,15.0,0.6,25.0,15.0,0.6,5.0,0.8,10.0,0.6,9.0,0.6666666666666666,14.0,0.5714285714285714,8.0,0.5,29.0,19.0,0.6551724137931034,29.0,19.0,0.6551724137931034,5.0,0.6,10.0,0.6,15.0,0.5333333333333333,16.0,0.625,8.0,0.5
LOLTMNT02_223046,2025,2025-02-23 08:02:54+00:00,LCK,3,Cup,0,15.03,complete,,,Hanwha Life Esports,oe:team:3a1d18f46bcb3716ebcfcf4ef068934,Gen.G,oe:team:50f58982d91a36557ec8aec52ab014f,BLUE,1,0,BLUE,Hanwha Life Esports,Aurora,Skarner,Maokai,Lee Sin,Sylas,Kalista,Miss Fortune,Zeri,Varus,Jayce,Rell,Galio,Lulu,Smolder,Aatrox,Rakan,Jax,Gnar,Ahri,Vayne,oe:team:3a1d18f46bcb3716ebcfcf4ef068934|oe:team:50f58982d91a36557ec8aec52ab014f,2025_20250223_Gen_G_vs_Hanwha_Life_Esports_S3,"[""Yone"", ""Ezreal"", ""Sejuani"", ""Nidalee"", ""Kai'Sa"", ""Leona"", ""Camille"", ""Ambessa"", ""Alistar"", ""Mordekaiser"", ""Rumble"", ""Poppy"", ""Vi"", ""Azir"", ""Taliyah"", ""K'Sante"", ""Corki"", ""Ashe"", ""Nautilus"", ""Xin Zhao""]",20,False,30.0,19.0,0.6333333333333333,30.0,19.0,0.6333333333333333,5.0,0.6,10.0,0.6,14.0,0.7857142857142857,17.0,0.5882352941176471,9.0,0.4444444444444444,26.0,16.0,0.6153846153846154,26.0,16.0,0.6153846153846154,5.0,0.8,10.0,0.7,16.0,0.5625,15.0,0.6,9.0,0.5555555555555556
LOLTMNT02_223059,2025,2025-02-23 08:55:52+00:00,LCK,4,Cup,0,15.03,complete,,,Gen.G,oe:team:50f58982d91a36557ec8aec52ab014f,Hanwha Life Esports,oe:team:3a1d18f46bcb3716ebcfcf4ef068934,BLUE,1,0,BLUE,Gen.G,Nocturne,Skarner,Varus,Zyra,Wukong,Kalista,Karthus,Jhin,Aurora,Jayce,Bard,Sylas,Pyke,Jax,Viego,Pantheon,Olaf,Sett,Sion,Gnar,oe:team:3a1d18f46bcb3716ebcfcf4ef068934|oe:team:50f58982d91a36557ec8aec52ab014f,2025_20250223_Gen_G_vs_Hanwha_Life_Esports_S3,"[""Yone"", ""Ezreal"", ""Sejuani"", ""Nidalee"", ""Kai'Sa"", ""Leona"", ""Camille"", ""Ambessa"", ""Alistar"", ""Mordekaiser"", ""Rumble"", ""Poppy"", ""Vi"", ""Azir"", ""Taliyah"", ""K'Sante"", ""Corki"", ""Ashe"", ""Nautilus"", ""Xin Zhao"", ""Maokai"", ""Lee Sin"", ""Miss Fortune"", ""Zeri"", ""Rell"", ""Galio"", ""Aatrox"", ""Rakan"", ""Ahri"", ""Vayne""]",30,False,27.0,16.0,0.5925925925925926,27.0,16.0,0.5925925925925926,5.0,0.6,10.0,0.6,10.0,0.7,16.0,0.5625,10.0,0.5,31.0,20.0,0.6451612903225806,31.0,20.0,0.6451612903225806,5.0,0.8,10.0,0.6,16.0,0.5,18.0,0.6111111111111112,10.0,0.5
LOLTMNT02_223070,2025,2025-02-23 09:50:50+00:00,LCK,5,Cup,0,15.03,complete,,,Hanwha Life Esports,oe:team:3a1d18f46bcb3716ebcfcf4ef068934,Gen.G,oe:team:50f58982d91a36557ec8aec52ab014f,BLUE,1,0,BLUE,Hanwha Life Esports,Lillia,Skarner,Wukong,Jinx,Aurora,Kalista,Caitlyn,Lulu,Jax,Jayce,Karma,Ornn,Kindred,Anivia,Gwen,Trundle,Ryze,Olaf,Viktor,Aurelion Sol,oe:team:3a1d18f46bcb3716ebcfcf4ef068934|oe:team:50f58982d91a36557ec8aec52ab014f,2025_20250223_Gen_G_vs_Hanwha_Life_Esports_S3,"[""Yone"", ""Ezreal"", ""Sejuani"", ""Nidalee"", ""Kai'Sa"", ""Leona"", ""Camille"", ""Ambessa"", ""Alistar"", ""Mordekaiser"", ""Rumble"", ""Poppy"", ""Vi"", ""Azir"", ""Taliyah"", ""K'Sante"", ""Corki"", ""Ashe"", ""Nautilus"", ""Xin Zhao"", ""Maokai"", ""Lee Sin"", ""Miss Fortune"", ""Zeri"", ""Rell"", ""Galio"", ""Aatrox"", ""Rakan"", ""Ahri"", ""Vayne"", ""Varus"", ""Zyra"", ""Karthus"", ""Jhin"", ""Bard"", ""Sylas"", ""Viego"", ""Pantheon"", ""Sion"", ""Gnar""]",40,False,32.0,20.0,0.625,32.0,20.0,0.625,5.0,0.6,10.0,0.6,15.0,0.8,19.0,0.5789473684210527,11.0,0.45454545454545453,28.0,17.0,0.6071428571428571,28.0,17.0,0.6071428571428571,5.0,0.6,10.0,0.6,17.0,0.5294117647058824,17.0,0.5882352941176471,11.0,0.5454545454545454
LOLTMNT02_242547,2025,2025-04-02 08:11:26+00:00,LCK,1,Rounds 1-2,0,15.06,complete,,,Hanwha Life Esports,oe:team:3a1d18f46bcb3716ebcfcf4ef068934,Gen.G,oe:team:50f58982d91a36557ec8aec52ab014f,BLUE,0,1,RED,Gen.G,Varus,Kalista,Naafiri,Jayce,Skarner,Yone,Ambessa,Miss Fortune,Rumble,Gwen,Ezreal,Vi,Rell,Ryze,Aurora,Ahri,Poppy,Sylas,Alistar,Rakan,oe:team:3a1d18f46bcb3716ebcfcf4ef068934|oe:team:50f58982d91a36557ec8aec52ab014f,2025_20250402_Gen_G_vs_Hanwha_Life_Esports_S4,[],0,False,33.0,21.0,0.6363636363636364,33.0,21.0,0.6363636363636364,5.0,0.6,10.0,0.6,16.0,0.8125,0.0,,12.0,0.5,29.0,17.0,0.5862068965517241,29.0,17.0,0.5862068965517241,5.0,0.4,10.0,0.6,18.0,0.5,0.0,,12.0,0.5
LOLTMNT02_241560,2025,2025-04-02 09:01:28+00:00,LCK,2,Rounds 1-2,0,15.06,complete,,,Hanwha Life Esports,oe:team:3a1d18f46bcb3716ebcfcf4ef068934,Gen.G,oe:team:50f58982d91a36557ec8aec52ab014f,BLUE,0,1,RED,Gen.G,Varus,Kalista,Skarner,Corki,Nidalee,Yone,Ashe,Xin Zhao,Rumble,Gwen,Braum,Azir,Rell,Taliyah,Viktor,Nautilus,Bard,Sylas,Aatrox,Gnar,oe:team:3a1d18f46bcb3716ebcfcf4ef068934|oe:team:50f58982d91a36557ec8aec52ab014f,2025_20250402_Gen_G_vs_Hanwha_Life_Esports_S4,"[""Naafiri"", ""Jayce"", ""Ambessa"", ""Miss Fortune"", ""Ezreal"", ""Vi"", ""Aurora"", ""Ahri"", ""Alistar"", ""Rakan""]",10,False,34.0,21.0,0.6176470588235294,34.0,21.0,0.6176470588235294,5.0,0.4,10.0,0.5,17.0,0.7647058823529411,1.0,0.0,13.0,0.46153846153846156,30.0,18.0,0.6,30.0,18.0,0.6,5.0,0.6,10.0,0.7,19.0,0.5263157894736842,1.0,1.0,13.0,0.5384615384615384
LOLTMNT02_242586,2025,2025-04-02 10:17:09+00:00,LCK,1,Rounds 1-2,0,15.06,complete,,,Kiwoom DRX,oe:team:1d0389df0c5eea93b04122ba167c010,DN SOOPers,oe:team:b3c72a20aa56f5d28022ac04a7dc294,BLUE,1,0,BLUE,Kiwoom DRX,Varus,Naafiri,Gwen,Ezreal,Vi,Jayce,Sejuani,Skarner,Kalista,Zyra,Corki,Rumble,Azir,Kai'Sa,Miss Fortune,Aurora,Tristana,Yone,Rell,Alistar,oe:team:1d0389df0c5eea93b04122ba167c010|oe:team:b3c72a20aa56f5d28022ac04a7dc294,2025_20250402_DN_SOOPers_vs_Kiwoom_DRX_S3,[],0,False,21.0,9.0,0.42857142857142855,21.0,9.0,0.42857142857142855,5.0,0.2,10.0,0.3,13.0,0.46153846153846156,0.0,,5.0,0.8,15.0,4.0,0.26666666666666666,15.0,4.0,0.26666666666666666,5.0,0.2,10.0,0.2,6.0,0.0,0.0,,5.0,0.2
LOLTMNT02_241605,2025,2025-04-02 11:16:50+00:00,LCK,2,Rounds 1-2,0,15.06,complete,,,DN SOOPers,oe:team:b3c72a20aa56f5d28022ac04a7dc294,Kiwoom DRX,oe:team:1d0389df0c5eea93b04122ba167c010,BLUE,0,1,RED,Kiwoom DRX,Ryze,Naafiri,Varus,Vi,Poppy,Jayce,Xin Zhao,Taliyah,Yone,Neeko,Galio,Ambessa,Kalista,Renekton,Aatrox,Ashe,Rakan,Camille,Renata Glasc,Braum,oe:team:1d0389df0c5eea93b04122ba167c010|oe:team:b3c72a20aa56f5d28022ac04a7dc294,2025_20250402_DN_SOOPers_vs_Kiwoom_DRX_S3,"[""Gwen"", ""Ezreal"", ""Sejuani"", ""Skarner"", ""Corki"", ""Rumble"", ""Miss Fortune"", ""Aurora"", ""Rell"", ""Alistar""]",10,False,16.0,4.0,0.25,16.0,4.0,0.25,5.0,0.0,10.0,0.1,9.0,0.4444444444444444,1.0,0.0,6.0,0.16666666666666666,22.0,10.0,0.45454545454545453,22.0,10.0,0.45454545454545453,5.0,0.4,10.0,0.4,8.0,0.375,1.0,1.0,6.0,0.8333333333333334
LOLTMNT02_241948,2025,2025-04-03 08:09:21+00:00,LCK,1,Rounds 1-2,0,15.06,complete,,,Nongshim RedForce,oe:team:5cd2cd09ec94296f605dd13a2924d6c,HANJIN BRION,oe:team:b77b3f6068e20a2b3edc0ecd3dc70d4,BLUE,1,0,BLUE,Nongshim RedForce,Ambessa,Kalista,Gwen,Jayce,Azir,Rumble,Sejuani,Vi,Renata Glasc,Varus,Yone,Aurora,Ashe,Shen,Ezreal,Miss Fortune,Poppy,Nautilus,Elise,Rakan,oe:team:5cd2cd09ec94296f605dd13a2924d6c|oe:team:b77b3f6068e20a2b3edc0ecd3dc70d4,2025_20250403_HANJIN_BRION_vs_Nongshim_RedForce_S3,[],0,False,31.0,16.0,0.5161290322580645,31.0,16.0,0.5161290322580645,5.0,0.4,10.0,0.4,13.0,0.5384615384615384,0.0,,4.0,1.0,14.0,4.0,0.2857142857142857,14.0,4.0,0.2857142857142857,5.0,0.2,10.0,0.3,6.0,0.16666666666666666,0.0,,4.0,0.0
LOLTMNT02_241955,2025,2025-04-03 09:06:27+00:00,LCK,2,Rounds 1-2,0,15.06,complete,,,HANJIN BRION,oe:team:b77b3f6068e20a2b3edc0ecd3dc70d4,Nongshim RedForce,oe:team:5cd2cd09ec94296f605dd13a2924d6c,BLUE,0,1,RED,Nongshim RedForce,Rumble,Kalista,Varus,Orianna,Corki,Azir,Naafiri,Nocturne,Skarner,Ambessa,LeBlanc,Kai'Sa,Shen,Renata Glasc,Alistar,Nautilus,Gnar,Renekton,Jax,Gangplank,oe:team:5cd2cd09ec94296f605dd13a2924d6c|oe:team:b77b3f6068e20a2b3edc0ecd3dc70d4,2025_20250403_HANJIN_BRION_vs_Nongshim_RedForce_S3,"[""Gwen"", ""Jayce"", ""Sejuani"", ""Vi"", ""Yone"", ""Aurora"", ""Ezreal"", ""Miss Fortune"", ""Elise"", ""Rakan""]",10,False,15.0,4.0,0.26666666666666666,15.0,4.0,0.26666666666666666,5.0,0.0,10.0,0.3,8.0,0.375,1.0,0.0,5.0,0.0,32.0,17.0,0.53125,32.0,17.0,0.53125,5.0,0.6,10.0,0.4,18.0,0.5,1.0,1.0,5.0,1.0
LOLTMNT02_241987,2025,2025-04-03 10:26:24+00:00,LCK,1,Rounds 1-2,0,15.06,complete,,,BNK FEARX,oe:team:5c2e7e9ea8dfcba0150d9a5619baecf,Dplus Kia,oe:team:ef69efa6acebe94107f0cf1ba716806,BLUE,0,1,RED,Dplus Kia,Varus,Naafiri,Gwen,Rumble,Jayce,Vi,Maokai,Ezreal,Skarner,Sejuani,Yone,Corki,Lillia,Kalista,Miss Fortune,Ivern,Nidalee,Rakan,Rell,Leona,oe:team:5c2e7e9ea8dfcba0150d9a5619baecf|oe:team:ef69efa6acebe94107f0cf1ba716806,2025_20250403_BNK_FEARX_vs_Dplus_Kia_S2,[],0,False,13.0,3.0,0.23076923076923078,13.0,3.0,0.23076923076923078,5.0,0.2,10.0,0.2,7.0,0.42857142857142855,0.0,,3.0,0.3333333333333333,26.0,15.0,0.5769230769230769,26.0,15.0,0.5769230769230769,5.0,0.0,10.0,0.3,12.0,0.4166666666666667,0.0,,3.0,0.6666666666666666
LOLTMNT02_243004,2025,2025-04-03 11:16:53+00:00,LCK,2,Rounds 1-2,0,15.06,complete,,,BNK FEARX,oe:team:5c2e7e9ea8dfcba0150d9a5619baecf,Dplus Kia,oe:team:ef69efa6acebe94107f0cf1ba716806,BLUE,1,0,BLUE,BNK FEARX,Ambessa,Naafiri,Kalista,Skarner,Varus,Vi,Xin Zhao,Gnar,Jayce,Sejuani,Renata Glasc,Cho'Gath,Ashe,Azir,Jax,Senna,Ziggs,Aatrox,Ahri,Taliyah,oe:team:5c2e7e9ea8dfcba0150d9a5619baecf|oe:team:ef69efa6acebe94107f0cf1ba716806,2025_20250403_BNK_FEARX_vs_Dplus_Kia_S2,"[""Gwen"", ""Rumble"", ""Maokai"", ""Ezreal"", ""Yone"", ""Corki"", ""Miss Fortune"", ""Ivern"", ""Rell"", ""Leona""]",10,False,14.0,3.0,0.21428571428571427,14.0,3.0,0.21428571428571427,5.0,0.2,10.0,0.2,8.0,0.375,1.0,0.0,4.0,0.25,27.0,16.0,0.5925925925925926,27.0,16.0,0.5925925925925926,5.0,0.2,10.0,0.4,13.0,0.46153846153846156,1.0,1.0,4.0,0.75
LOLTMNT02_242946,2025,2025-04-03 12:04:23+00:00,LCK,3,Rounds 1-2,0,15.06,complete,,,Dplus Kia,oe:team:ef69efa6acebe94107f0cf1ba716806,BNK FEARX,oe:team:5c2e7e9ea8dfcba0150d9a5619baecf,BLUE,1,0,BLUE,Dplus Kia,Nocturne,Jayce,Naafiri,K'Sante,Renekton,Ambessa,Aatrox,Vi,Poppy,Varus,Aurora,Azir,Rakan,Nautilus,Kai'Sa,Ashe,Zeri,Alistar,Gragas,Braum,oe:team:5c2e7e9ea8dfcba0150d9a5619baecf|oe:team:ef69efa6acebe94107f0cf1ba716806,2025_20250403_BNK_FEARX_vs_Dplus_Kia_S2,"[""Gwen"", ""Rumble"", ""Maokai"", ""Ezreal"", ""Yone"", ""Corki"", ""Miss Fortune"", ""Ivern"", ""Rell"", ""Leona"", ""Kalista"", ""Skarner"", ""Xin Zhao"", ""Gnar"", ""Renata Glasc"", ""Cho'Gath"", ""Jax"", ""Senna"", ""Ahri"", ""Taliyah""]",20,False,28.0,16.0,0.5714285714285714,28.0,16.0,0.5714285714285714,5.0,0.2,10.0,0.3,14.0,0.7142857142857143,2.0,0.5,5.0,0.6,15.0,4.0,0.26666666666666666,15.0,4.0,0.26666666666666666,5.0,0.2,10.0,0.3,6.0,0.0,2.0,0.5,5.0,0.4
LOLTMNT02_243218,2025,2025-04-04 08:09:26+00:00,LCK,1,Rounds 1-2,0,15.06,complete,,,Hanwha Life Esports,oe:team:3a1d18f46bcb3716ebcfcf4ef068934,KT Rolster,oe:team:d723992568441c6bafa2658129eade7,BLUE,1,0,BLUE,Hanwha Life Esports,Varus,Yone,Jayce,Rumble,Vi,Gwen,Taliyah,Azir,Kalista,Naafiri,Xin Zhao,Skarner,Miss Fortune,Ashe,Kai'Sa,Ezreal,Nautilus,Leona,Rakan,Alistar,oe:team:3a1d18f46bcb3716ebcfcf4ef068934|oe:team:d723992568441c6bafa2658129eade7,2025_20250404_Hanwha_Life_Esports_vs_KT_Rolster_S2,[],0,False,35.0,21.0,0.6,35.0,21.0,0.6,5.0,0.4,10.0,0.5,18.0,0.7222222222222222,2.0,0.0,2.0,1.0,16.0,7.0,0.4375,16.0,7.0,0.4375,5.0,0.4,10.0,0.5,7.0,0.42857142857142855,0.0,,2.0,0.0
LOLTMNT02_243219,2025,2025-04-04 09:07:00+00:00,LCK,2,Rounds 1-2,0,15.06,complete,,,KT Rolster,oe:team:d723992568441c6bafa2658129eade7,Hanwha Life Esports,oe:team:3a1d18f46bcb3716ebcfcf4ef068934,BLUE,1,0,BLUE,KT Rolster,Varus,Vi,Gwen,Kalista,Yone,Naafiri,Ashe,Renata Glasc,Sejuani,Corki,Neeko,Sylas,Maokai,Poppy,Nidalee,Wukong,Nocturne,Viego,Tristana,Ambessa,oe:team:3a1d18f46bcb3716ebcfcf4ef068934|oe:team:d723992568441c6bafa2658129eade7,2025_20250404_Hanwha_Life_Esports_vs_KT_Rolster_S2,"[""Jayce"", ""Rumble"", ""Taliyah"", ""Azir"", ""Xin Zhao"", ""Skarner"", ""Kai'Sa"", ""Ezreal"", ""Rakan"", ""Alistar""]",10,False,17.0,7.0,0.4117647058823529,17.0,7.0,0.4117647058823529,5.0,0.2,10.0,0.4,9.0,0.4444444444444444,1.0,0.0,3.0,0.0,36.0,22.0,0.6111111111111112,36.0,22.0,0.6111111111111112,5.0,0.4,10.0,0.6,17.0,0.47058823529411764,3.0,0.3333333333333333,3.0,1.0
LOLTMNT02_244146,2025,2025-04-04 10:04:22+00:00,LCK,3,Rounds 1-2,0,15.06,complete,,,Hanwha Life Esports,oe:team:3a1d18f46bcb3716ebcfcf4ef068934,KT Rolster,oe:team:d723992568441c6bafa2658129eade7,BLUE,1,0,BLUE,Hanwha Life Esports,Poppy,Yone,Varus,Miss Fortune,Ahri,Vi,Sejuani,Naafiri,Corki,Aurora,Jax,K'Sante,Rell,Akali,Pantheon,Leona,Nautilus,Braum,Ryze,Orianna,oe:team:3a1d18f46bcb3716ebcfcf4ef068934|oe:team:d723992568441c6bafa2658129eade7,2025_20250404_Hanwha_Life_Esports_vs_KT_Rolster_S2,"[""Jayce"", ""Rumble"", ""Taliyah"", ""Azir"", ""Xin Zhao"", ""Skarner"", ""Kai'Sa"", ""Ezreal"", ""Rakan"", ""Alistar"", ""Gwen"", ""Kalista"", ""Ashe"", ""Renata Glasc"", ""Neeko"", ""Sylas"", ""Nidalee"", ""Wukong"", ""Tristana"", ""Ambessa""]",20,False,37.0,22.0,0.5945945945945946,37.0,22.0,0.5945945945945946,5.0,0.4,10.0,0.5,19.0,0.7368421052631579,4.0,0.25,4.0,0.75,18.0,8.0,0.4444444444444444,18.0,8.0,0.4444444444444444,5.0,0.2,10.0,0.5,8.0,0.375,2.0,0.5,4.0,0.25
LOLTMNT02_244166,2025,2025-04-04 11:22:00+00:00,LCK,1,Rounds 1-2,0,15.06,complete,,,Kiwoom DRX,oe:team:1d0389df0c5eea93b04122ba167c010,T1,oe:team:ce499dea30cfce118f4fe85da0227e8,BLUE,0,1,RED,T1,Varus,Gwen,Naafiri,Rumble,Vi,Sejuani,Jayce,Azir,Kalista,Taliyah,Aurora,Xin Zhao,Miss Fortune,Ezreal,Corki,Jhin,Ashe,Kai'Sa,Rell,Alistar,oe:team:1d0389df0c5eea93b04122ba167c010|oe:team:ce499dea30cfce118f4fe85da0227e8,2025_20250404_Kiwoom_DRX_vs_T1_S2,[],0,False,23.0,11.0,0.4782608695652174,23.0,11.0,0.4782608695652174,5.0,0.6,10.0,0.5,14.0,0.5,2.0,1.0,2.0,0.0,20.0,13.0,0.65,20.0,13.0,0.65,5.0,0.4,10.0,0.6,11.0,0.36363636363636365,0.0,,2.0,1.0
LOLTMNT02_243267,2025,2025-04-04 12:16:43+00:00,LCK,2,Rounds 1-2,0,15.06,complete,,,Kiwoom DRX,oe:team:1d0389df0c5eea93b04122ba167c010,T1,oe:team:ce499dea30cfce118f4fe85da0227e8,BLUE,0,1,RED,T1,Poppy,Gwen,Vi,Ambessa,Varus,Sejuani,Aatrox,Miss Fortune,Kalista,Ezreal,Ahri,Sylas,Skarner,Kai'Sa,Ashe,Lee Sin,Nocturne,Xayah,Braum,Rakan,oe:team:1d0389df0c5eea93b04122ba167c010|oe:team:ce499dea30cfce118f4fe85da0227e8,2025_20250404_Kiwoom_DRX_vs_T1_S2,"[""Naafiri"", ""Rumble"", ""Jayce"", ""Azir"", ""Aurora"", ""Xin Zhao"", ""Corki"", ""Jhin"", ""Rell"", ""Alistar""]",10,False,24.0,11.0,0.4583333333333333,24.0,11.0,0.4583333333333333,5.0,0.4,10.0,0.4,15.0,0.4666666666666667,3.0,0.6666666666666666,3.0,0.0,21.0,14.0,0.6666666666666666,21.0,14.0,0.6666666666666666,5.0,0.6,10.0,0.6,12.0,0.4166666666666667,1.0,1.0,3.0,1.0
LOLTMNT02_244356,2025,2025-04-05 06:08:15+00:00,LCK,1,Rounds 1-2,0,15.06,complete,,,HANJIN BRION,oe:team:b77b3f6068e20a2b3edc0ecd3dc70d4,BNK FEARX,oe:team:5c2e7e9ea8dfcba0150d9a5619baecf,BLUE,1,0,BLUE,HANJIN BRION,Varus,Yone,Vi,Naafiri,Kalista,Jayce,Renekton,Ambessa,Rumble,Gwen,Taliyah,Ezreal,Azir,Kai'Sa,Corki,Sylas,Poppy,Miss Fortune,Rell,Elise,oe:team:5c2e7e9ea8dfcba0150d9a5619baecf|oe:team:b77b3f6068e20a2b3edc0ecd3dc70d4,2025_20250405_BNK_FEARX_vs_HANJIN_BRION_S1,[],0,False,16.0,4.0,0.25,16.0,4.0,0.25,5.0,0.0,10.0,0.2,9.0,0.3333333333333333,2.0,0.0,0.0,,16.0,4.0,0.25,16.0,4.0,0.25,5.0,0.2,10.0,0.3,7.0,0.0,3.0,0.3333333333333333,0.0,
LOLTMNT02_243459,2025,2025-04-05 07:01:01+00:00,LCK,2,Rounds 1-2,0,15.06,complete,,,BNK FEARX,oe:team:5c2e7e9ea8dfcba0150d9a5619baecf,HANJIN BRION,oe:team:b77b3f6068e20a2b3edc0ecd3dc70d4,BLUE,1,0,BLUE,BNK FEARX,Yone,Kalista,Rumble,Ahri,Aurora,Gwen,Ryze,Xin Zhao,Varus,Azir,Wukong,Jayce,Poppy,Ashe,Xayah,Rakan,Kai'Sa,Miss Fortune,Alistar,Zeri,oe:team:5c2e7e9ea8dfcba0150d9a5619baecf|oe:team:b77b3f6068e20a2b3edc0ecd3dc70d4,2025_20250405_BNK_FEARX_vs_HANJIN_BRION_S1,"[""Vi"", ""Naafiri"", ""Renekton"", ""Ambessa"", ""Taliyah"", ""Ezreal"", ""Corki"", ""Sylas"", ""Rell"", ""Elise""]",10,False,17.0,4.0,0.23529411764705882,17.0,4.0,0.23529411764705882,5.0,0.2,10.0,0.2,9.0,0.4444444444444444,4.0,0.25,1.0,0.0,17.0,5.0,0.29411764705882354,17.0,5.0,0.29411764705882354,5.0,0.2,10.0,0.2,7.0,0.14285714285714285,3.0,0.3333333333333333,1.0,1.0
LOLTMNT02_244383,2025,2025-04-05 07:55:21+00:00,LCK,3,Rounds 1-2,0,15.06,complete,,,HANJIN BRION,oe:team:b77b3f6068e20a2b3edc0ecd3dc70d4,BNK FEARX,oe:team:5c2e7e9ea8dfcba0150d9a5619baecf,BLUE,0,1,RED,BNK FEARX,Varus,Yone,Gwen,Azir,Gnar,Nocturne,Ivern,Skarner,Kalista,Akali,Tristana,Leona,Jax,Braum,Ashe,Kai'Sa,Miss Fortune,Poppy,Nautilus,Fiora,oe:team:5c2e7e9ea8dfcba0150d9a5619baecf|oe:team:b77b3f6068e20a2b3edc0ecd3dc70d4,2025_20250405_BNK_FEARX_vs_HANJIN_BRION_S1,"[""Vi"", ""Naafiri"", ""Renekton"", ""Ambessa"", ""Taliyah"", ""Ezreal"", ""Corki"", ""Sylas"", ""Rell"", ""Elise"", ""Rumble"", ""Ahri"", ""Ryze"", ""Xin Zhao"", ""Wukong"", ""Jayce"", ""Xayah"", ""Rakan"", ""Alistar"", ""Zeri""]",20,False,18.0,5.0,0.2777777777777778,18.0,5.0,0.2777777777777778,5.0,0.2,10.0,0.2,10.0,0.4,4.0,0.25,2.0,0.5,18.0,5.0,0.2777777777777778,18.0,5.0,0.2777777777777778,5.0,0.4,10.0,0.3,8.0,0.0,5.0,0.4,2.0,0.5
LOLTMNT02_243506,2025,2025-04-05 09:06:40+00:00,LCK,1,Rounds 1-2,0,15.06,complete,,,DN SOOPers,oe:team:b3c72a20aa56f5d28022ac04a7dc294,Nongshim RedForce,oe:team:5cd2cd09ec94296f605dd13a2924d6c,BLUE,0,1,RED,Nongshim RedForce,Elise,Kalista,Vi,Rumble,Sejuani,Gwen,Jayce,Azir,Aurora,Varus,Taliyah,Naafiri,Ezreal,Renata Glasc,Corki,Kai'Sa,Nautilus,Xayah,Rakan,Leona,oe:team:5cd2cd09ec94296f605dd13a2924d6c|oe:team:b3c72a20aa56f5d28022ac04a7dc294,2025_20250405_DN_SOOPers_vs_Nongshim_RedForce_S2,[],0,False,17.0,4.0,0.23529411764705882,17.0,4.0,0.23529411764705882,5.0,0.0,10.0,0.1,10.0,0.4,2.0,0.0,3.0,0.6666666666666666,33.0,18.0,0.5454545454545454,33.0,18.0,0.5454545454545454,5.0,0.8,10.0,0.5,19.0,0.5263157894736842,2.0,1.0,3.0,0.3333333333333333
LOLTMNT02_244630,2025,2025-04-06 06:07:19+00:00,LCK,1,Rounds 1-2,0,15.06,complete,,,KT Rolster,oe:team:d723992568441c6bafa2658129eade7,Dplus Kia,oe:team:ef69efa6acebe94107f0cf1ba716806,BLUE,0,1,RED,Dplus Kia,Varus,Kalista,Gwen,Jayce,Vi,Azir,Xin Zhao,Sejuani,Ambessa,Naafiri,Aurora,Ezreal,Rumble,Rakan,Jhin,Ryze,Braum,Nautilus,Rell,Poppy,oe:team:d723992568441c6bafa2658129eade7|oe:team:ef69efa6acebe94107f0cf1ba716806,2025_20250406_Dplus_Kia_vs_KT_Rolster_S1,[],0,False,19.0,8.0,0.42105263157894735,19.0,8.0,0.42105263157894735,5.0,0.2,10.0,0.4,10.0,0.5,3.0,0.3333333333333333,0.0,,29.0,17.0,0.5862068965517241,29.0,17.0,0.5862068965517241,5.0,0.4,10.0,0.4,14.0,0.42857142857142855,3.0,0.6666666666666666,0.0,
LOLTMNT02_243751,2025,2025-04-06 07:07:17+00:00,LCK,2,Rounds 1-2,0,15.06,complete,,,KT Rolster,oe:team:d723992568441c6bafa2658129eade7,Dplus Kia,oe:team:ef69efa6acebe94107f0cf1ba716806,BLUE,0,1,RED,Dplus Kia,Varus,Kalista,Vi,Ahri,Galio,Azir,Taliyah,Naafiri,Ambessa,Rumble,Rakan,Aatrox,Lulu,Xayah,Tristana,Kai'Sa,Alistar,K'Sante,Gnar,Nautilus,oe:team:d723992568441c6bafa2658129eade7|oe:team:ef69efa6acebe94107f0cf1ba716806,2025_20250406_Dplus_Kia_vs_KT_Rolster_S1,"[""Gwen"", ""Jayce"", ""Xin Zhao"", ""Sejuani"", ""Aurora"", ""Ezreal"", ""Jhin"", ""Ryze"", ""Rell"", ""Poppy""]",10,False,20.0,8.0,0.4,20.0,8.0,0.4,5.0,0.2,10.0,0.3,11.0,0.45454545454545453,4.0,0.25,1.0,0.0,30.0,18.0,0.6,30.0,18.0,0.6,5.0,0.6,10.0,0.4,15.0,0.4666666666666667,4.0,0.75,1.0,1.0
LOLTMNT02_243783,2025,2025-04-06 08:29:55+00:00,LCK,1,Rounds 1-2,0,15.06,complete,,,T1,oe:team:ce499dea30cfce118f4fe85da0227e8,Gen.G,oe:team:50f58982d91a36557ec8aec52ab014f,BLUE,1,0,BLUE,T1,Varus,Kalista,Gwen,Azir,Vi,Naafiri,Xin Zhao,Skarner,Jayce,Sejuani,Ahri,Rumble,Nautilus,Ashe,Jhin,Miss Fortune,Poppy,Elise,Alistar,Rakan,oe:team:50f58982d91a36557ec8aec52ab014f|oe:team:ce499dea30cfce118f4fe85da0227e8,2025_20250406_Gen_G_vs_T1_S2,[],0,False,22.0,15.0,0.6818181818181818,22.0,15.0,0.6818181818181818,5.0,0.6,10.0,0.7,9.0,1.0,2.0,1.0,3.0,0.6666666666666666,31.0,19.0,0.6129032258064516,31.0,19.0,0.6129032258064516,5.0,0.6,10.0,0.7,20.0,0.55,2.0,1.0,3.0,0.3333333333333333
LOLTMNT02_244684,2025,2025-04-06 09:29:58+00:00,LCK,2,Rounds 1-2,0,15.06,complete,,,Gen.G,oe:team:50f58982d91a36557ec8aec52ab014f,T1,oe:team:ce499dea30cfce118f4fe85da0227e8,BLUE,1,0,BLUE,Gen.G,Varus,Jayce,Naafiri,Ambessa,Viktor,Vi,Gnar,Corki,Sejuani,Kalista,Ezreal,Nocturne,Orianna,Taliyah,Galio,Ryze,Elise,Leona,Nautilus,Poppy,oe:team:50f58982d91a36557ec8aec52ab014f|oe:team:ce499dea30cfce118f4fe85da0227e8,2025_20250406_Gen_G_vs_T1_S2,"[""Gwen"", ""Azir"", ""Xin Zhao"", ""Skarner"", ""Ahri"", ""Rumble"", ""Jhin"", ""Miss Fortune"", ""Alistar"", ""Rakan""]",10,False,32.0,19.0,0.59375,32.0,19.0,0.59375,5.0,0.6,10.0,0.6,11.0,0.7272727272727273,3.0,0.6666666666666666,4.0,0.25,23.0,16.0,0.6956521739130435,23.0,16.0,0.6956521739130435,5.0,0.8,10.0,0.7,13.0,0.46153846153846156,3.0,1.0,4.0,0.75
LOLTMNT02_243791,2025,2025-04-06 10:34:47+00:00,LCK,3,Rounds 1-2,0,15.06,complete,,,T1,oe:team:ce499dea30cfce118f4fe85da0227e8,Gen.G,oe:team:50f58982d91a36557ec8aec52ab014f,BLUE,0,1,RED,Gen.G,Yone,Vi,Sejuani,Viktor,Ashe,Kalista,Caitlyn,Lillia,Jayce,Varus,Jax,K'Sante,Jinx,Elise,Bard,Xayah,Kai'Sa,Pyke,Taliyah,Blitzcrank,oe:team:50f58982d91a36557ec8aec52ab014f|oe:team:ce499dea30cfce118f4fe85da0227e8,2025_20250406_Gen_G_vs_T1_S2,"[""Gwen"", ""Azir"", ""Xin Zhao"", ""Skarner"", ""Ahri"", ""Rumble"", ""Jhin"", ""Miss Fortune"", ""Alistar"", ""Rakan"", ""Naafiri"", ""Ambessa"", ""Gnar"", ""Corki"", ""Ezreal"", ""Nocturne"", ""Galio"", ""Ryze"", ""Nautilus"", ""Poppy""]",20,False,24.0,16.0,0.6666666666666666,24.0,16.0,0.6666666666666666,5.0,0.6,10.0,0.6,10.0,1.0,4.0,0.75,5.0,0.6,33.0,20.0,0.6060606060606061,33.0,20.0,0.6060606060606061,5.0,0.6,10.0,0.6,21.0,0.5238095238095238,4.0,0.75,5.0,0.4
LOLTMNT03_218043,2025,2025-04-09 08:10:53+00:00,LCK,1,Rounds 1-2,0,15.07,complete,,,DN SOOPers,oe:team:b3c72a20aa56f5d28022ac04a7dc294,Hanwha Life Esports,oe:team:3a1d18f46bcb3716ebcfcf4ef068934,BLUE,0,1,RED,Hanwha Life Esports,Varus,Taliyah,Gwen,Azir,Yone,Sejuani,Naafiri,Xin Zhao,Kalista,Vi,Ahri,Jayce,Ezreal,Miss Fortune,Corki,Kai'Sa,Alistar,Ashe,Rakan,Poppy,oe:team:3a1d18f46bcb3716ebcfcf4ef068934|oe:team:b3c72a20aa56f5d28022ac04a7dc294,2025_20250409_DN_SOOPers_vs_Hanwha_Life_Esports_S1,[],0,False,18.0,4.0,0.2222222222222222,18.0,4.0,0.2222222222222222,5.0,0.0,10.0,0.1,11.0,0.36363636363636365,0.0,,0.0,,38.0,23.0,0.6052631578947368,38.0,23.0,0.6052631578947368,5.0,0.4,10.0,0.5,18.0,0.4444444444444444,0.0,,0.0,
LOLTMNT03_218051,2025,2025-04-09 09:08:54+00:00,LCK,2,Rounds 1-2,0,15.07,complete,,,DN SOOPers,oe:team:b3c72a20aa56f5d28022ac04a7dc294,Hanwha Life Esports,oe:team:3a1d18f46bcb3716ebcfcf4ef068934,BLUE,1,0,BLUE,DN SOOPers,Varus,Vi,Ambessa,Ezreal,Yone,Rumble,Sejuani,Nidalee,Renekton,Kalista,Taliyah,Ryze,Skarner,Miss Fortune,Tristana,Gnar,Leona,Ashe,Nautilus,Rell,oe:team:3a1d18f46bcb3716ebcfcf4ef068934|oe:team:b3c72a20aa56f5d28022ac04a7dc294,2025_20250409_DN_SOOPers_vs_Hanwha_Life_Esports_S1,"[""Gwen"", ""Azir"", ""Naafiri"", ""Xin Zhao"", ""Ahri"", ""Jayce"", ""Corki"", ""Kai'Sa"", ""Rakan"", ""Poppy""]",10,False,19.0,4.0,0.21052631578947367,19.0,4.0,0.21052631578947367,5.0,0.0,10.0,0.1,12.0,0.3333333333333333,1.0,0.0,1.0,0.0,39.0,24.0,0.6153846153846154,39.0,24.0,0.6153846153846154,5.0,0.6,10.0,0.5,19.0,0.47368421052631576,1.0,1.0,1.0,1.0
LOLTMNT03_217087,2025,2025-04-09 10:05:44+00:00,LCK,3,Rounds 1-2,0,15.07,complete,,,Hanwha Life Esports,oe:team:3a1d18f46bcb3716ebcfcf4ef068934,DN SOOPers,oe:team:b3c72a20aa56f5d28022ac04a7dc294,BLUE,1,0,BLUE,Hanwha Life Esports,Ashe,Yone,Vi,Rumble,Skarner,Sylas,Aurora,Miss Fortune,Varus,Kalista,Alistar,Orianna,Nocturne,Jhin,Zeri,Wukong,Lee Sin,Galio,Akali,Taric,oe:team:3a1d18f46bcb3716ebcfcf4ef068934|oe:team:b3c72a20aa56f5d28022ac04a7dc294,2025_20250409_DN_SOOPers_vs_Hanwha_Life_Esports_S1,"[""Gwen"", ""Azir"", ""Naafiri"", ""Xin Zhao"", ""Ahri"", ""Jayce"", ""Corki"", ""Kai'Sa"", ""Rakan"", ""Poppy"", ""Ambessa"", ""Ezreal"", ""Sejuani"", ""Nidalee"", ""Taliyah"", ""Ryze"", ""Tristana"", ""Gnar"", ""Nautilus"", ""Rell""]",20,False,40.0,24.0,0.6,40.0,24.0,0.6,5.0,0.6,10.0,0.5,20.0,0.75,2.0,0.5,2.0,0.5,20.0,5.0,0.25,20.0,5.0,0.25,5.0,0.2,10.0,0.2,7.0,0.0,2.0,0.5,2.0,0.5
LOLTMNT03_218101,2025,2025-04-09 11:19:20+00:00,LCK,1,Rounds 1-2,0,15.07,complete,,,Dplus Kia,oe:team:ef69efa6acebe94107f0cf1ba716806,HANJIN BRION,oe:team:b77b3f6068e20a2b3edc0ecd3dc70d4,BLUE,1,0,BLUE,Dplus Kia,Azir,Gwen,Rumble,Aurora,Sejuani,Vi,Ezreal,Skarner,Kalista,Varus,Naafiri,Yone,Rakan,LeBlanc,Alistar,Kai'Sa,Poppy,Ryze,Ahri,Elise,oe:team:b77b3f6068e20a2b3edc0ecd3dc70d4|oe:team:ef69efa6acebe94107f0cf1ba716806,2025_20250409_Dplus_Kia_vs_HANJIN_BRION_S2,[],0,False,31.0,19.0,0.6129032258064516,31.0,19.0,0.6129032258064516,5.0,0.8,10.0,0.4,15.0,0.7333333333333333,0.0,,3.0,0.6666666666666666,19.0,5.0,0.2631578947368421,19.0,5.0,0.2631578947368421,5.0,0.2,10.0,0.2,8.0,0.125,0.0,,3.0,0.3333333333333333
LOLTMNT03_218134,2025,2025-04-09 12:10:40+00:00,LCK,2,Rounds 1-2,0,15.07,complete,,,HANJIN BRION,oe:team:b77b3f6068e20a2b3edc0ecd3dc70d4,Dplus Kia,oe:team:ef69efa6acebe94107f0cf1ba716806,BLUE,0,1,RED,Dplus Kia,Varus,Kalista,Azir,Taliyah,Jayce,Vi,Poppy,Xin Zhao,Sejuani,Gwen,Ambessa,Renekton,Nautilus,Ashe,Corki,Miss Fortune,Leona,Rakan,Rell,Maokai,oe:team:b77b3f6068e20a2b3edc0ecd3dc70d4|oe:team:ef69efa6acebe94107f0cf1ba716806,2025_20250409_Dplus_Kia_vs_HANJIN_BRION_S2,"[""Rumble"", ""Aurora"", ""Ezreal"", ""Skarner"", ""Naafiri"", ""Yone"", ""Alistar"", ""Kai'Sa"", ""Ahri"", ""Elise""]",10,False,20.0,5.0,0.25,20.0,5.0,0.25,5.0,0.2,10.0,0.1,11.0,0.36363636363636365,1.0,0.0,4.0,0.25,32.0,20.0,0.625,32.0,20.0,0.625,5.0,0.8,10.0,0.5,16.0,0.5,1.0,1.0,4.0,0.75
LOLTMNT03_218624,2025,2025-04-10 08:06:04+00:00,LCK,1,Rounds 1-2,0,15.07,complete,,,BNK FEARX,oe:team:5c2e7e9ea8dfcba0150d9a5619baecf,Kiwoom DRX,oe:team:1d0389df0c5eea93b04122ba167c010,BLUE,1,0,BLUE,BNK FEARX,Aurora,Kalista,Naafiri,Azir,Ambessa,Vi,Taliyah,Xin Zhao,Gwen,Rumble,Jayce,Sion,Varus,Alistar,Xayah,Kai'Sa,Ezreal,Miss Fortune,Rakan,Pantheon,oe:team:1d0389df0c5eea93b04122ba167c010|oe:team:5c2e7e9ea8dfcba0150d9a5619baecf,2025_20250410_BNK_FEARX_vs_Kiwoom_DRX_S2,[],0,False,19.0,6.0,0.3157894736842105,19.0,6.0,0.3157894736842105,5.0,0.6,10.0,0.4,10.0,0.5,0.0,,3.0,0.3333333333333333,25.0,11.0,0.44,25.0,11.0,0.44,5.0,0.4,10.0,0.3,9.0,0.4444444444444444,0.0,,3.0,0.6666666666666666
LOLTMNT03_218633,2025,2025-04-10 09:04:58+00:00,LCK,2,Rounds 1-2,0,15.07,complete,,,Kiwoom DRX,oe:team:1d0389df0c5eea93b04122ba167c010,BNK FEARX,oe:team:5c2e7e9ea8dfcba0150d9a5619baecf,BLUE,0,1,RED,BNK FEARX,Varus,Vi,Corki,Ezreal,Kalista,Aurora,Miss Fortune,Ahri,Rumble,Gwen,Ambessa,Renekton,Alistar,Lillia,Rell,Viego,Skarner,Ivern,Zyra,Leona,oe:team:1d0389df0c5eea93b04122ba167c010|oe:team:5c2e7e9ea8dfcba0150d9a5619baecf,2025_20250410_BNK_FEARX_vs_Kiwoom_DRX_S2,"[""Naafiri"", ""Azir"", ""Taliyah"", ""Xin Zhao"", ""Jayce"", ""Sion"", ""Xayah"", ""Kai'Sa"", ""Rakan"", ""Pantheon""]",10,False,26.0,11.0,0.4230769230769231,26.0,11.0,0.4230769230769231,5.0,0.4,10.0,0.3,16.0,0.4375,1.0,0.0,4.0,0.5,20.0,7.0,0.35,20.0,7.0,0.35,5.0,0.6,10.0,0.4,9.0,0.1111111111111111,1.0,1.0,4.0,0.5
LOLTMNT03_219187,2025,2025-04-10 10:32:59+00:00,LCK,1,Rounds 1-2,0,15.07,complete,,,T1,oe:team:ce499dea30cfce118f4fe85da0227e8,KT Rolster,oe:team:d723992568441c6bafa2658129eade7,BLUE,1,0,BLUE,T1,Varus,Kalista,Vi,Rumble,Taliyah,Azir,Kai'Sa,Ezreal,Jayce,Gwen,Ahri,Xin Zhao,Sylas,Ambessa,Galio,Alistar,Poppy,Rakan,Gragas,Corki,oe:team:ce499dea30cfce118f4fe85da0227e8|oe:team:d723992568441c6bafa2658129eade7,2025_20250410_KT_Rolster_vs_T1_S2,[],0,False,25.0,16.0,0.64,25.0,16.0,0.64,5.0,0.6,10.0,0.5,11.0,0.9090909090909091,0.0,,3.0,0.6666666666666666,21.0,8.0,0.38095238095238093,21.0,8.0,0.38095238095238093,5.0,0.2,10.0,0.3,9.0,0.3333333333333333,0.0,,3.0,0.3333333333333333
LOLTMNT03_218683,2025,2025-04-10 11:20:38+00:00,LCK,2,Rounds 1-2,0,15.07,complete,,,KT Rolster,oe:team:d723992568441c6bafa2658129eade7,T1,oe:team:ce499dea30cfce118f4fe85da0227e8,BLUE,0,1,RED,T1,Varus,Kalista,Ashe,Ambessa,Sejuani,Gwen,Renekton,Miss Fortune,Jayce,Azir,Taliyah,Viktor,Poppy,Braum,Viego,Nocturne,Nidalee,Rell,Leona,Rakan,oe:team:ce499dea30cfce118f4fe85da0227e8|oe:team:d723992568441c6bafa2658129eade7,2025_20250410_KT_Rolster_vs_T1_S2,"[""Vi"", ""Rumble"", ""Kai'Sa"", ""Ezreal"", ""Ahri"", ""Xin Zhao"", ""Galio"", ""Alistar"", ""Gragas"", ""Corki""]",10,False,22.0,8.0,0.36363636363636365,22.0,8.0,0.36363636363636365,5.0,0.2,10.0,0.2,12.0,0.4166666666666667,1.0,0.0,4.0,0.25,26.0,17.0,0.6538461538461539,26.0,17.0,0.6538461538461539,5.0,0.6,10.0,0.6,14.0,0.42857142857142855,1.0,1.0,4.0,0.75
LOLTMNT03_220261,2025,2025-04-11 08:06:10+00:00,LCK,1,Rounds 1-2,0,15.07,complete,,,HANJIN BRION,oe:team:b77b3f6068e20a2b3edc0ecd3dc70d4,DN SOOPers,oe:team:b3c72a20aa56f5d28022ac04a7dc294,BLUE,0,1,RED,DN SOOPers,Sejuani,Gwen,Kalista,Azir,Ezreal,Vi,Renata Glasc,Skarner,Varus,Yone,Xin Zhao,Rumble,Neeko,Ahri,Ambessa,Caitlyn,Rakan,Taliyah,Aurora,Karma,oe:team:b3c72a20aa56f5d28022ac04a7dc294|oe:team:b77b3f6068e20a2b3edc0ecd3dc70d4,2025_20250411_DN_SOOPers_vs_HANJIN_BRION_S1,[],0,False,21.0,5.0,0.23809523809523808,21.0,5.0,0.23809523809523808,5.0,0.2,10.0,0.1,12.0,0.3333333333333333,2.0,0.0,0.0,,21.0,5.0,0.23809523809523808,21.0,5.0,0.23809523809523808,5.0,0.2,10.0,0.1,8.0,0.0,3.0,0.3333333333333333,0.0,
LOLTMNT03_219798,2025,2025-04-11 08:59:22+00:00,LCK,2,Rounds 1-2,0,15.07,complete,,,HANJIN BRION,oe:team:b77b3f6068e20a2b3edc0ecd3dc70d4,DN SOOPers,oe:team:b3c72a20aa56f5d28022ac04a7dc294,BLUE,1,0,BLUE,HANJIN BRION,Sejuani,Gwen,Varus,Naafiri,Ezreal,Vi,Wukong,Ahri,Nocturne,Yone,Taliyah,Corki,Poppy,Nautilus,Renekton,Aatrox,Gnar,Jayce,Alistar,Rell,oe:team:b3c72a20aa56f5d28022ac04a7dc294|oe:team:b77b3f6068e20a2b3edc0ecd3dc70d4,2025_20250411_DN_SOOPers_vs_HANJIN_BRION_S1,"[""Kalista"", ""Azir"", ""Renata Glasc"", ""Skarner"", ""Xin Zhao"", ""Rumble"", ""Ambessa"", ""Caitlyn"", ""Aurora"", ""Karma""]",10,False,22.0,5.0,0.22727272727272727,22.0,5.0,0.22727272727272727,5.0,0.0,10.0,0.1,13.0,0.3076923076923077,3.0,0.0,1.0,0.0,22.0,6.0,0.2727272727272727,22.0,6.0,0.2727272727272727,5.0,0.4,10.0,0.2,9.0,0.1111111111111111,4.0,0.5,1.0,1.0
LOLTMNT03_220286,2025,2025-04-11 09:51:57+00:00,LCK,3,Rounds 1-2,0,15.07,complete,,,DN SOOPers,oe:team:b3c72a20aa56f5d28022ac04a7dc294,HANJIN BRION,oe:team:b77b3f6068e20a2b3edc0ecd3dc70d4,BLUE,0,1,RED,HANJIN BRION,Yone,Gwen,Sejuani,Ezreal,Nocturne,Vi,Kai'Sa,Pantheon,Lillia,Jayce,Viktor,Sylas,Elise,Jax,Nautilus,Poppy,Leona,Gnar,Yorick,Fiora,oe:team:b3c72a20aa56f5d28022ac04a7dc294|oe:team:b77b3f6068e20a2b3edc0ecd3dc70d4,2025_20250411_DN_SOOPers_vs_HANJIN_BRION_S1,"[""Kalista"", ""Azir"", ""Renata Glasc"", ""Skarner"", ""Xin Zhao"", ""Rumble"", ""Ambessa"", ""Caitlyn"", ""Aurora"", ""Karma"", ""Varus"", ""Naafiri"", ""Wukong"", ""Ahri"", ""Taliyah"", ""Corki"", ""Renekton"", ""Aatrox"", ""Alistar"", ""Rell""]",20,False,23.0,6.0,0.2608695652173913,23.0,6.0,0.2608695652173913,5.0,0.4,10.0,0.2,13.0,0.38461538461538464,5.0,0.4,2.0,0.5,23.0,6.0,0.2608695652173913,23.0,6.0,0.2608695652173913,5.0,0.2,10.0,0.2,9.0,0.1111111111111111,4.0,0.25,2.0,0.5
LOLTMNT03_219847,2025,2025-04-11 11:07:09+00:00,LCK,1,Rounds 1-2,0,15.07,complete,,,Gen.G,oe:team:50f58982d91a36557ec8aec52ab014f,Nongshim RedForce,oe:team:5cd2cd09ec94296f605dd13a2924d6c,BLUE,1,0,BLUE,Gen.G,Varus,Kalista,Gwen,Naafiri,Sejuani,Vi,Xin Zhao,Ahri,Rumble,Jayce,Azir,Kai'Sa,Alistar,Xayah,Braum,Nautilus,Jax,Poppy,Miss Fortune,Diana,oe:team:50f58982d91a36557ec8aec52ab014f|oe:team:5cd2cd09ec94296f605dd13a2924d6c,2025_20250411_Gen_G_vs_Nongshim_RedForce_S2,[],0,False,34.0,21.0,0.6176470588235294,34.0,21.0,0.6176470588235294,5.0,0.8,10.0,0.6,12.0,0.75,0.0,,5.0,0.6,34.0,19.0,0.5588235294117647,34.0,19.0,0.5588235294117647,5.0,0.8,10.0,0.6,20.0,0.55,0.0,,5.0,0.4
LOLTMNT03_220342,2025,2025-04-11 11:58:52+00:00,LCK,2,Rounds 1-2,0,15.07,complete,,,Nongshim RedForce,oe:team:5cd2cd09ec94296f605dd13a2924d6c,Gen.G,oe:team:50f58982d91a36557ec8aec52ab014f,BLUE,0,1,RED,Gen.G,Varus,Vi,Jayce,Ezreal,Galio,Sejuani,Aurora,Skarner,Poppy,Kalista,Zeri,Viktor,Leona,Lillia,Wukong,Alistar,Rumble,Nocturne,Rakan,Sion,oe:team:50f58982d91a36557ec8aec52ab014f|oe:team:5cd2cd09ec94296f605dd13a2924d6c,2025_20250411_Gen_G_vs_Nongshim_RedForce_S2,"[""Gwen"", ""Naafiri"", ""Xin Zhao"", ""Ahri"", ""Azir"", ""Kai'Sa"", ""Braum"", ""Nautilus"", ""Miss Fortune"", ""Diana""]",10,False,35.0,19.0,0.5428571428571428,35.0,19.0,0.5428571428571428,5.0,0.6,10.0,0.5,14.0,0.5714285714285714,1.0,0.0,6.0,0.3333333333333333,35.0,22.0,0.6285714285714286,35.0,22.0,0.6285714285714286,5.0,0.8,10.0,0.7,22.0,0.5454545454545454,1.0,1.0,6.0,0.6666666666666666
LOLTMNT03_221513,2025,2025-04-12 06:07:11+00:00,LCK,1,Rounds 1-2,0,15.07,complete,,,Hanwha Life Esports,oe:team:3a1d18f46bcb3716ebcfcf4ef068934,T1,oe:team:ce499dea30cfce118f4fe85da0227e8,BLUE,1,0,BLUE,Hanwha Life Esports,Varus,Gwen,Yone,Rumble,Xin Zhao,Vi,Sejuani,Naafiri,Azir,Kalista,Jayce,Ahri,Poppy,Kai'Sa,Miss Fortune,Corki,Ezreal,Alistar,Rell,Pantheon,oe:team:3a1d18f46bcb3716ebcfcf4ef068934|oe:team:ce499dea30cfce118f4fe85da0227e8,2025_20250412_Hanwha_Life_Esports_vs_T1_S2,[],0,False,41.0,25.0,0.6097560975609756,41.0,25.0,0.6097560975609756,5.0,0.6,10.0,0.5,21.0,0.7619047619047619,3.0,0.6666666666666666,5.0,0.6,27.0,18.0,0.6666666666666666,27.0,18.0,0.6666666666666666,5.0,0.6,10.0,0.6,15.0,0.4666666666666667,2.0,1.0,5.0,0.4
LOLTMNT03_221558,2025,2025-04-12 07:00:01+00:00,LCK,2,Rounds 1-2,0,15.07,complete,,,T1,oe:team:ce499dea30cfce118f4fe85da0227e8,Hanwha Life Esports,oe:team:3a1d18f46bcb3716ebcfcf4ef068934,BLUE,0,1,RED,Hanwha Life Esports,Varus,Gwen,Kalista,Renata Glasc,Skarner,Vi,Ashe,Xin Zhao,Taliyah,Azir,Ambessa,Jax,Akali,Poppy,Viktor,Caitlyn,Xayah,Nocturne,Jarvan IV,Sylas,oe:team:3a1d18f46bcb3716ebcfcf4ef068934|oe:team:ce499dea30cfce118f4fe85da0227e8,2025_20250412_Hanwha_Life_Esports_vs_T1_S2,"[""Yone"", ""Rumble"", ""Sejuani"", ""Naafiri"", ""Jayce"", ""Ahri"", ""Miss Fortune"", ""Corki"", ""Rell"", ""Pantheon""]",10,False,28.0,18.0,0.6428571428571429,28.0,18.0,0.6428571428571429,5.0,0.4,10.0,0.6,12.0,0.9166666666666666,3.0,0.6666666666666666,6.0,0.3333333333333333,42.0,26.0,0.6190476190476191,42.0,26.0,0.6190476190476191,5.0,0.8,10.0,0.6,20.0,0.45,4.0,0.75,6.0,0.6666666666666666
LOLTMNT03_222019,2025,2025-04-12 08:29:02+00:00,LCK,1,Rounds 1-2,0,15.07,complete,,,KT Rolster,oe:team:d723992568441c6bafa2658129eade7,BNK FEARX,oe:team:5c2e7e9ea8dfcba0150d9a5619baecf,BLUE,1,0,BLUE,KT Rolster,Varus,Azir,Kalista,Taliyah,Vi,Yone,Neeko,Xin Zhao,Gwen,Rumble,Jayce,Sion,Karma,Sejuani,Sylas,Rakan,Ashe,Skarner,Nidalee,Xayah,oe:team:5c2e7e9ea8dfcba0150d9a5619baecf|oe:team:d723992568441c6bafa2658129eade7,2025_20250412_BNK_FEARX_vs_KT_Rolster_S2,[],0,False,23.0,8.0,0.34782608695652173,23.0,8.0,0.34782608695652173,5.0,0.0,10.0,0.1,13.0,0.38461538461538464,2.0,0.0,3.0,0.6666666666666666,21.0,8.0,0.38095238095238093,21.0,8.0,0.38095238095238093,5.0,0.8,10.0,0.5,10.0,0.2,2.0,1.0,3.0,0.3333333333333333
LOLTMNT03_221610,2025,2025-04-12 09:21:23+00:00,LCK,2,Rounds 1-2,0,15.07,complete,,,BNK FEARX,oe:team:5c2e7e9ea8dfcba0150d9a5619baecf,KT Rolster,oe:team:d723992568441c6bafa2658129eade7,BLUE,1,0,BLUE,BNK FEARX,Yone,Vi,Azir,Varus,Corki,Gwen,Ezreal,Viktor,Rumble,Naafiri,Leona,Alistar,Sejuani,Nocturne,Zyra,Viego,Ambessa,Skarner,K'Sante,Gnar,oe:team:5c2e7e9ea8dfcba0150d9a5619baecf|oe:team:d723992568441c6bafa2658129eade7,2025_20250412_BNK_FEARX_vs_KT_Rolster_S2,"[""Kalista"", ""Taliyah"", ""Neeko"", ""Xin Zhao"", ""Jayce"", ""Sion"", ""Sylas"", ""Rakan"", ""Nidalee"", ""Xayah""]",10,False,22.0,8.0,0.36363636363636365,22.0,8.0,0.36363636363636365,5.0,0.8,10.0,0.5,11.0,0.5454545454545454,3.0,0.6666666666666666,4.0,0.25,24.0,9.0,0.375,24.0,9.0,0.375,5.0,0.2,10.0,0.2,10.0,0.3,3.0,0.3333333333333333,4.0,0.75
LOLTMNT03_221634,2025,2025-04-12 10:12:46+00:00,LCK,3,Rounds 1-2,0,15.07,complete,,,KT Rolster,oe:team:d723992568441c6bafa2658129eade7,BNK FEARX,oe:team:5c2e7e9ea8dfcba0150d9a5619baecf,BLUE,1,0,BLUE,KT Rolster,Naafiri,Yone,Ahri,Miss Fortune,Rumble,Gwen,Ashe,Lillia,Vi,Corki,Pantheon,Rell,Ryze,Braum,Aatrox,Ambessa,Renekton,Nocturne,Elise,Galio,oe:team:5c2e7e9ea8dfcba0150d9a5619baecf|oe:team:d723992568441c6bafa2658129eade7,2025_20250412_BNK_FEARX_vs_KT_Rolster_S2,"[""Kalista"", ""Taliyah"", ""Neeko"", ""Xin Zhao"", ""Jayce"", ""Sion"", ""Sylas"", ""Rakan"", ""Nidalee"", ""Xayah"", ""Azir"", ""Varus"", ""Ezreal"", ""Viktor"", ""Leona"", ""Alistar"", ""Zyra"", ""Viego"", ""K'Sante"", ""Gnar""]",20,False,25.0,9.0,0.36,25.0,9.0,0.36,5.0,0.2,10.0,0.2,14.0,0.42857142857142855,4.0,0.25,5.0,0.6,23.0,9.0,0.391304347826087,23.0,9.0,0.391304347826087,5.0,0.8,10.0,0.6,11.0,0.18181818181818182,4.0,0.75,5.0,0.4
LOLTMNT03_222610,2025,2025-04-13 06:06:25+00:00,LCK,1,Rounds 1-2,0,15.07,complete,,,Dplus Kia,oe:team:ef69efa6acebe94107f0cf1ba716806,Gen.G,oe:team:50f58982d91a36557ec8aec52ab014f,BLUE,1,0,BLUE,Dplus Kia,Azir,Vi,Jayce,Xin Zhao,Viktor,Kalista,Ryze,Ahri,Sylas,Gwen,Skarner,Sion,Varus,Elise,Xayah,Alistar,Nautilus,Braum,Rakan,Ezreal,oe:team:50f58982d91a36557ec8aec52ab014f|oe:team:ef69efa6acebe94107f0cf1ba716806,2025_20250413_Dplus_Kia_vs_Gen_G_S2,[],0,False,33.0,21.0,0.6363636363636364,33.0,21.0,0.6363636363636364,5.0,1.0,10.0,0.6,16.0,0.75,2.0,1.0,3.0,0.0,36.0,23.0,0.6388888888888888,36.0,23.0,0.6388888888888888,5.0,0.8,10.0,0.7,23.0,0.5652173913043478,2.0,1.0,3.0,1.0
LOLTMNT03_222628,2025,2025-04-13 06:57:19+00:00,LCK,2,Rounds 1-2,0,15.07,complete,,,Gen.G,oe:team:50f58982d91a36557ec8aec52ab014f,Dplus Kia,oe:team:ef69efa6acebe94107f0cf1ba716806,BLUE,1,0,BLUE,Gen.G,Varus,Azir,Gwen,Sejuani,Caitlyn,Vi,Lillia,Miss Fortune,Kalista,Viktor,Corki,Ambessa,Taliyah,Nautilus,Jhin,Poppy,Yone,Braum,Leona,Cho'Gath,oe:team:50f58982d91a36557ec8aec52ab014f|oe:team:ef69efa6acebe94107f0cf1ba716806,2025_20250413_Dplus_Kia_vs_Gen_G_S2,"[""Jayce"", ""Xin Zhao"", ""Ryze"", ""Ahri"", ""Skarner"", ""Sion"", ""Xayah"", ""Alistar"", ""Rakan"", ""Ezreal""]",10,False,37.0,23.0,0.6216216216216216,37.0,23.0,0.6216216216216216,5.0,0.8,10.0,0.7,13.0,0.7692307692307693,3.0,0.6666666666666666,4.0,0.75,34.0,22.0,0.6470588235294118,34.0,22.0,0.6470588235294118,5.0,1.0,10.0,0.7,17.0,0.5294117647058824,3.0,1.0,4.0,0.25
LOLTMNT03_222659,2025,2025-04-13 07:49:14+00:00,LCK,3,Rounds 1-2,0,15.07,complete,,,Dplus Kia,oe:team:ef69efa6acebe94107f0cf1ba716806,Gen.G,oe:team:50f58982d91a36557ec8aec52ab014f,BLUE,0,1,RED,Gen.G,Azir,Vi,Naafiri,Kalista,Viktor,Nocturne,Varus,Renata Glasc,Aurora,Rumble,Neeko,Sylas,Nidalee,Zoe,Vex,Zed,Lee Sin,Taliyah,K'Sante,Camille,oe:team:50f58982d91a36557ec8aec52ab014f|oe:team:ef69efa6acebe94107f0cf1ba716806,2025_20250413_Dplus_Kia_vs_Gen_G_S2,"[""Jayce"", ""Xin Zhao"", ""Ryze"", ""Ahri"", ""Skarner"", ""Sion"", ""Xayah"", ""Alistar"", ""Rakan"", ""Ezreal"", ""Gwen"", ""Sejuani"", ""Lillia"", ""Miss Fortune"", ""Corki"", ""Ambessa"", ""Jhin"", ""Poppy"", ""Leona"", ""Cho'Gath""]",20,False,35.0,22.0,0.6285714285714286,35.0,22.0,0.6285714285714286,5.0,0.8,10.0,0.7,17.0,0.7647058823529411,4.0,0.75,5.0,0.2,38.0,24.0,0.631578947368421,38.0,24.0,0.631578947368421,5.0,0.8,10.0,0.7,24.0,0.5416666666666666,4.0,0.75,5.0,0.8
LOLTMNT03_223223,2025,2025-04-13 09:09:40+00:00,LCK,1,Rounds 1-2,0,15.07,complete,,,Nongshim RedForce,oe:team:5cd2cd09ec94296f605dd13a2924d6c,Kiwoom DRX,oe:team:1d0389df0c5eea93b04122ba167c010,BLUE,1,0,BLUE,Nongshim RedForce,Naafiri,Sejuani,Gwen,Azir,Jayce,Vi,Poppy,Xin Zhao,Taliyah,Kalista,Aurora,Ambessa,Braum,Elise,Ashe,Rakan,Lulu,Nautilus,Renata Glasc,Miss Fortune,oe:team:1d0389df0c5eea93b04122ba167c010|oe:team:5cd2cd09ec94296f605dd13a2924d6c,2025_20250413_Kiwoom_DRX_vs_Nongshim_RedForce_S2,[],0,False,36.0,19.0,0.5277777777777778,36.0,19.0,0.5277777777777778,5.0,0.6,10.0,0.5,15.0,0.5333333333333333,2.0,0.0,4.0,0.75,27.0,11.0,0.4074074074074074,27.0,11.0,0.4074074074074074,5.0,0.2,10.0,0.3,10.0,0.4,2.0,0.0,4.0,0.25
LOLTMNT03_222719,2025,2025-04-13 10:04:04+00:00,LCK,2,Rounds 1-2,0,15.07,complete,,,Kiwoom DRX,oe:team:1d0389df0c5eea93b04122ba167c010,Nongshim RedForce,oe:team:5cd2cd09ec94296f605dd13a2924d6c,BLUE,1,0,BLUE,Kiwoom DRX,Sejuani,Vi,Naafiri,Kalista,Rumble,Jayce,Viktor,Skarner,Ahri,Taliyah,Varus,Yone,Elise,Alistar,Braum,Nautilus,Neeko,Aatrox,Renekton,K'Sante,oe:team:1d0389df0c5eea93b04122ba167c010|oe:team:5cd2cd09ec94296f605dd13a2924d6c,2025_20250413_Kiwoom_DRX_vs_Nongshim_RedForce_S2,"[""Gwen"", ""Azir"", ""Poppy"", ""Xin Zhao"", ""Aurora"", ""Ambessa"", ""Ashe"", ""Rakan"", ""Renata Glasc"", ""Miss Fortune""]",10,False,28.0,11.0,0.39285714285714285,28.0,11.0,0.39285714285714285,5.0,0.0,10.0,0.3,17.0,0.4117647058823529,3.0,0.0,5.0,0.2,37.0,20.0,0.5405405405405406,37.0,20.0,0.5405405405405406,5.0,0.6,10.0,0.6,21.0,0.5238095238095238,3.0,0.3333333333333333,5.0,0.8
LOLTMNT03_223254,2025,2025-04-13 10:57:45+00:00,LCK,3,Rounds 1-2,0,15.07,complete,,,Nongshim RedForce,oe:team:5cd2cd09ec94296f605dd13a2924d6c,Kiwoom DRX,oe:team:1d0389df0c5eea93b04122ba167c010,BLUE,1,0,BLUE,Nongshim RedForce,Taliyah,Ahri,Jayce,Lillia,Sion,Vi,Nocturne,Corki,Ryze,Sejuani,Orianna,Rumble,Ezreal,Elise,Zeri,Kai'Sa,Xayah,Ziggs,Alistar,Rell,oe:team:1d0389df0c5eea93b04122ba167c010|oe:team:5cd2cd09ec94296f605dd13a2924d6c,2025_20250413_Kiwoom_DRX_vs_Nongshim_RedForce_S2,"[""Gwen"", ""Azir"", ""Poppy"", ""Xin Zhao"", ""Aurora"", ""Ambessa"", ""Ashe"", ""Rakan"", ""Renata Glasc"", ""Miss Fortune"", ""Naafiri"", ""Kalista"", ""Viktor"", ""Skarner"", ""Varus"", ""Yone"", ""Braum"", ""Nautilus"", ""Renekton"", ""K'Sante""]",20,False,38.0,20.0,0.5263157894736842,38.0,20.0,0.5263157894736842,5.0,0.4,10.0,0.6,16.0,0.5625,4.0,0.25,6.0,0.6666666666666666,29.0,12.0,0.41379310344827586,29.0,12.0,0.41379310344827586,5.0,0.2,10.0,0.3,11.0,0.36363636363636365,4.0,0.25,6.0,0.3333333333333333
LOLTMNT03_230058,2025,2025-04-16 08:05:15+00:00,LCK,1,Rounds 1-2,0,15.07,complete,,,T1,oe:team:ce499dea30cfce118f4fe85da0227e8,Nongshim RedForce,oe:team:5cd2cd09ec94296f605dd13a2924d6c,BLUE,1,0,BLUE,T1,Sejuani,Kalista,Gwen,Jayce,Rumble,Vi,Skarner,Azir,Xin Zhao,Ryze,Taliyah,Poppy,Nautilus,Renata Glasc,Zeri,Alistar,Rakan,Ezreal,Lulu,Varus,oe:team:5cd2cd09ec94296f605dd13a2924d6c|oe:team:ce499dea30cfce118f4fe85da0227e8,2025_20250416_Nongshim_RedForce_vs_T1_S3,[],0,False,29.0,18.0,0.6206896551724138,29.0,18.0,0.6206896551724138,5.0,0.4,10.0,0.5,13.0,0.8461538461538461,4.0,0.5,4.0,1.0,39.0,21.0,0.5384615384615384,39.0,21.0,0.5384615384615384,5.0,0.4,10.0,0.6,22.0,0.5,5.0,0.4,4.0,0.0
LOLTMNT03_229082,2025,2025-04-16 09:00:40+00:00,LCK,2,Rounds 1-2,0,15.07,complete,,,Nongshim RedForce,oe:team:5cd2cd09ec94296f605dd13a2924d6c,T1,oe:team:ce499dea30cfce118f4fe85da0227e8,BLUE,1,0,BLUE,Nongshim RedForce,Kalista,Yone,Xin Zhao,Sejuani,Viktor,Rumble,Ashe,Gnar,Ambessa,Vi,Sylas,Ryze,Ezreal,Braum,Galio,Miss Fortune,Rakan,Nautilus,Elise,Neeko,oe:team:5cd2cd09ec94296f605dd13a2924d6c|oe:team:ce499dea30cfce118f4fe85da0227e8,2025_20250416_Nongshim_RedForce_vs_T1_S3,"[""Gwen"", ""Jayce"", ""Skarner"", ""Azir"", ""Taliyah"", ""Poppy"", ""Zeri"", ""Alistar"", ""Lulu"", ""Varus""]",10,False,40.0,21.0,0.525,40.0,21.0,0.525,5.0,0.4,10.0,0.5,17.0,0.5882352941176471,6.0,0.3333333333333333,5.0,0.0,30.0,19.0,0.6333333333333333,30.0,19.0,0.6333333333333333,5.0,0.6,10.0,0.6,16.0,0.4375,5.0,0.6,5.0,1.0
LOLTMNT03_229092,2025,2025-04-16 09:52:25+00:00,LCK,3,Rounds 1-2,0,15.07,complete,,,T1,oe:team:ce499dea30cfce118f4fe85da0227e8,Nongshim RedForce,oe:team:5cd2cd09ec94296f605dd13a2924d6c,BLUE,1,0,BLUE,T1,Yone,Vi,Viktor,Kai'Sa,Rumble,Kalista,Sion,Ahri,Corki,Xayah,Viego,Nocturne,Nautilus,Renata Glasc,Jinx,Rakan,Blitzcrank,Ezreal,Tahm Kench,Gangplank,oe:team:5cd2cd09ec94296f605dd13a2924d6c|oe:team:ce499dea30cfce118f4fe85da0227e8,2025_20250416_Nongshim_RedForce_vs_T1_S3,"[""Gwen"", ""Jayce"", ""Skarner"", ""Azir"", ""Taliyah"", ""Poppy"", ""Zeri"", ""Alistar"", ""Lulu"", ""Varus"", ""Xin Zhao"", ""Sejuani"", ""Ashe"", ""Gnar"", ""Sylas"", ""Ryze"", ""Galio"", ""Miss Fortune"", ""Elise"", ""Neeko""]",20,False,31.0,19.0,0.6129032258064516,31.0,19.0,0.6129032258064516,5.0,0.4,10.0,0.5,14.0,0.8571428571428571,6.0,0.5,6.0,0.8333333333333334,41.0,22.0,0.5365853658536586,41.0,22.0,0.5365853658536586,5.0,0.6,10.0,0.6,23.0,0.4782608695652174,7.0,0.42857142857142855,6.0,0.16666666666666666
LOLTMNT03_229121,2025,2025-04-16 11:13:00+00:00,LCK,1,Rounds 1-2,0,15.07,complete,,,BNK FEARX,oe:team:5c2e7e9ea8dfcba0150d9a5619baecf,Gen.G,oe:team:50f58982d91a36557ec8aec52ab014f,BLUE,1,0,BLUE,BNK FEARX,Gwen,Vi,Varus,Azir,Xin Zhao,Kalista,Naafiri,Miss Fortune,Jayce,Rumble,Taliyah,Sejuani,Rakan,Alistar,Nautilus,Gnar,Ambessa,Renekton,Jax,Braum,oe:team:50f58982d91a36557ec8aec52ab014f|oe:team:5c2e7e9ea8dfcba0150d9a5619baecf,2025_20250416_BNK_FEARX_vs_Gen_G_S2,[],0,False,24.0,9.0,0.375,24.0,9.0,0.375,5.0,0.6,10.0,0.6,12.0,0.5833333333333334,5.0,0.6,2.0,0.0,39.0,25.0,0.6410256410256411,39.0,25.0,0.6410256410256411,5.0,0.8,10.0,0.8,25.0,0.56,5.0,0.8,2.0,1.0
LOLTMNT03_229164,2025,2025-04-16 12:09:37+00:00,LCK,2,Rounds 1-2,0,15.07,complete,,,Gen.G,oe:team:50f58982d91a36557ec8aec52ab014f,BNK FEARX,oe:team:5c2e7e9ea8dfcba0150d9a5619baecf,BLUE,1,0,BLUE,Gen.G,Ezreal,Gwen,Xin Zhao,Xayah,Rumble,Vi,Viktor,Rakan,Jayce,Kalista,Ambessa,Renekton,Corki,Lulu,Ashe,Viego,Skarner,Poppy,Renata Glasc,Sylas,oe:team:50f58982d91a36557ec8aec52ab014f|oe:team:5c2e7e9ea8dfcba0150d9a5619baecf,2025_20250416_BNK_FEARX_vs_Gen_G_S2,"[""Varus"", ""Azir"", ""Naafiri"", ""Miss Fortune"", ""Taliyah"", ""Sejuani"", ""Nautilus"", ""Gnar"", ""Jax"", ""Braum""]",10,False,40.0,25.0,0.625,40.0,25.0,0.625,5.0,0.6,10.0,0.7,14.0,0.7857142857142857,6.0,0.6666666666666666,3.0,0.6666666666666666,25.0,10.0,0.4,25.0,10.0,0.4,5.0,0.6,10.0,0.6,12.0,0.16666666666666666,6.0,0.6666666666666666,3.0,0.3333333333333333
LOLTMNT03_229200,2025,2025-04-16 13:02:35+00:00,LCK,3,Rounds 1-2,0,15.07,complete,,,BNK FEARX,oe:team:5c2e7e9ea8dfcba0150d9a5619baecf,Gen.G,oe:team:50f58982d91a36557ec8aec52ab014f,BLUE,0,1,RED,Gen.G,Gwen,Vi,Corki,Nidalee,Jayce,Kalista,Zyra,Jhin,Rumble,Ezreal,K'Sante,Alistar,Yone,Leona,Zeri,Poppy,Ahri,Pantheon,Lulu,Ryze,oe:team:50f58982d91a36557ec8aec52ab014f|oe:team:5c2e7e9ea8dfcba0150d9a5619baecf,2025_20250416_BNK_FEARX_vs_Gen_G_S2,"[""Varus"", ""Azir"", ""Naafiri"", ""Miss Fortune"", ""Taliyah"", ""Sejuani"", ""Nautilus"", ""Gnar"", ""Jax"", ""Braum"", ""Xin Zhao"", ""Xayah"", ""Viktor"", ""Rakan"", ""Ambessa"", ""Renekton"", ""Ashe"", ""Viego"", ""Renata Glasc"", ""Sylas""]",20,False,26.0,10.0,0.38461538461538464,26.0,10.0,0.38461538461538464,5.0,0.4,10.0,0.6,13.0,0.6153846153846154,7.0,0.5714285714285714,4.0,0.25,41.0,26.0,0.6341463414634146,41.0,26.0,0.6341463414634146,5.0,0.6,10.0,0.7,26.0,0.5384615384615384,7.0,0.7142857142857143,4.0,0.75
LOLTMNT03_230485,2025,2025-04-17 08:06:06+00:00,LCK,1,Rounds 1-2,0,15.07,complete,,,Kiwoom DRX,oe:team:1d0389df0c5eea93b04122ba167c010,Hanwha Life Esports,oe:team:3a1d18f46bcb3716ebcfcf4ef068934,BLUE,0,1,RED,Hanwha Life Esports,Yone,Gwen,Jayce,Rumble,Sejuani,Vi,Naafiri,Xin Zhao,Kalista,Varus,Taliyah,Ahri,Ashe,Ezreal,Xayah,Alistar,Rakan,Poppy,Nautilus,Kai'Sa,oe:team:1d0389df0c5eea93b04122ba167c010|oe:team:3a1d18f46bcb3716ebcfcf4ef068934,2025_20250417_Hanwha_Life_Esports_vs_Kiwoom_DRX_S3,[],0,False,30.0,12.0,0.4,30.0,12.0,0.4,5.0,0.2,10.0,0.3,18.0,0.4444444444444444,5.0,0.2,4.0,0.0,43.0,27.0,0.627906976744186,43.0,27.0,0.627906976744186,5.0,0.8,10.0,0.6,21.0,0.47619047619047616,5.0,0.8,4.0,1.0
LOLTMNT03_229500,2025,2025-04-17 08:56:44+00:00,LCK,2,Rounds 1-2,0,15.07,complete,,,Kiwoom DRX,oe:team:1d0389df0c5eea93b04122ba167c010,Hanwha Life Esports,oe:team:3a1d18f46bcb3716ebcfcf4ef068934,BLUE,0,1,RED,Hanwha Life Esports,Yone,Gwen,Skarner,Azir,Sejuani,Vi,Ezreal,Varus,Kalista,Corki,Viktor,Maokai,Elise,Karma,Sion,Nidalee,Ambessa,Renekton,Braum,Blitzcrank,oe:team:1d0389df0c5eea93b04122ba167c010|oe:team:3a1d18f46bcb3716ebcfcf4ef068934,2025_20250417_Hanwha_Life_Esports_vs_Kiwoom_DRX_S3,"[""Jayce"", ""Rumble"", ""Naafiri"", ""Xin Zhao"", ""Taliyah"", ""Ahri"", ""Xayah"", ""Alistar"", ""Nautilus"", ""Kai'Sa""]",10,False,31.0,12.0,0.3870967741935484,31.0,12.0,0.3870967741935484,5.0,0.2,10.0,0.3,19.0,0.42105263157894735,6.0,0.16666666666666666,5.0,0.0,44.0,28.0,0.6363636363636364,44.0,28.0,0.6363636363636364,5.0,0.8,10.0,0.7,22.0,0.5,6.0,0.8333333333333334,5.0,1.0
LOLTMNT03_230518,2025,2025-04-17 10:11:54+00:00,LCK,1,Rounds 1-2,0,15.07,complete,,,HANJIN BRION,oe:team:b77b3f6068e20a2b3edc0ecd3dc70d4,KT Rolster,oe:team:d723992568441c6bafa2658129eade7,BLUE,0,1,RED,KT Rolster,Varus,Kalista,Azir,Rumble,Jayce,Gwen,Sejuani,Yone,Taliyah,Vi,Ambessa,Lillia,Ashe,Ezreal,Xayah,Miss Fortune,Poppy,Jhin,Rakan,Alistar,oe:team:b77b3f6068e20a2b3edc0ecd3dc70d4|oe:team:d723992568441c6bafa2658129eade7,2025_20250417_HANJIN_BRION_vs_KT_Rolster_S2,[],0,False,24.0,7.0,0.2916666666666667,24.0,7.0,0.2916666666666667,5.0,0.4,10.0,0.3,14.0,0.35714285714285715,5.0,0.4,2.0,0.0,26.0,10.0,0.38461538461538464,26.0,10.0,0.38461538461538464,5.0,0.4,10.0,0.3,11.0,0.2727272727272727,5.0,0.4,2.0,1.0
LOLTMNT03_229541,2025,2025-04-17 11:17:08+00:00,LCK,2,Rounds 1-2,0,15.07,complete,,,HANJIN BRION,oe:team:b77b3f6068e20a2b3edc0ecd3dc70d4,KT Rolster,oe:team:d723992568441c6bafa2658129eade7,BLUE,1,0,BLUE,HANJIN BRION,Jayce,Gwen,Varus,Ezreal,Xin Zhao,Vi,Wukong,Taliyah,Nidalee,Kalista,Ahri,Zyra,Renekton,Braum,Rell,Leona,Poppy,Gnar,Yorick,Aatrox,oe:team:b77b3f6068e20a2b3edc0ecd3dc70d4|oe:team:d723992568441c6bafa2658129eade7,2025_20250417_HANJIN_BRION_vs_KT_Rolster_S2,"[""Azir"", ""Rumble"", ""Sejuani"", ""Yone"", ""Ambessa"", ""Lillia"", ""Xayah"", ""Miss Fortune"", ""Rakan"", ""Alistar""]",10,False,25.0,7.0,0.28,25.0,7.0,0.28,5.0,0.4,10.0,0.3,15.0,0.3333333333333333,6.0,0.3333333333333333,3.0,0.0,27.0,11.0,0.4074074074074074,27.0,11.0,0.4074074074074074,5.0,0.6,10.0,0.4,12.0,0.3333333333333333,6.0,0.5,3.0,1.0
LOLTMNT03_230548,2025,2025-04-17 12:08:37+00:00,LCK,3,Rounds 1-2,0,15.07,complete,,,KT Rolster,oe:team:d723992568441c6bafa2658129eade7,HANJIN BRION,oe:team:b77b3f6068e20a2b3edc0ecd3dc70d4,BLUE,0,1,RED,HANJIN BRION,Skarner,Nidalee,Jayce,Naafiri,Vi,Gwen,Xin Zhao,Sion,Kalista,Ashe,Kai'Sa,Sylas,Nautilus,Ryze,Elise,Poppy,Jhin,Aurora,Galio,Draven,oe:team:b77b3f6068e20a2b3edc0ecd3dc70d4|oe:team:d723992568441c6bafa2658129eade7,2025_20250417_HANJIN_BRION_vs_KT_Rolster_S2,"[""Azir"", ""Rumble"", ""Sejuani"", ""Yone"", ""Ambessa"", ""Lillia"", ""Xayah"", ""Miss Fortune"", ""Rakan"", ""Alistar"", ""Varus"", ""Ezreal"", ""Wukong"", ""Taliyah"", ""Ahri"", ""Zyra"", ""Rell"", ""Leona"", ""Yorick"", ""Aatrox""]",20,False,28.0,11.0,0.39285714285714285,28.0,11.0,0.39285714285714285,5.0,0.6,10.0,0.3,15.0,0.4666666666666667,7.0,0.42857142857142855,4.0,0.75,26.0,8.0,0.3076923076923077,26.0,8.0,0.3076923076923077,5.0,0.6,10.0,0.4,10.0,0.2,7.0,0.42857142857142855,4.0,0.25
LOLTMNT03_229809,2025,2025-04-18 08:05:29+00:00,LCK,1,Rounds 1-2,0,15.07,complete,,,BNK FEARX,oe:team:5c2e7e9ea8dfcba0150d9a5619baecf,T1,oe:team:ce499dea30cfce118f4fe85da0227e8,BLUE,0,1,RED,T1,Rumble,Vi,Varus,Azir,Sion,Kalista,Naafiri,Xin Zhao,Gwen,Jayce,Taliyah,Ezreal,Alistar,Nautilus,Jax,Rakan,Ambessa,Renata Glasc,Poppy,Gragas,oe:team:5c2e7e9ea8dfcba0150d9a5619baecf|oe:team:ce499dea30cfce118f4fe85da0227e8,2025_20250418_BNK_FEARX_vs_T1_S1,[],0,False,27.0,10.0,0.37037037037037035,27.0,10.0,0.37037037037037035,5.0,0.4,10.0,0.6,14.0,0.5714285714285714,8.0,0.5,0.0,,32.0,20.0,0.625,32.0,20.0,0.625,5.0,0.4,10.0,0.5,17.0,0.4117647058823529,7.0,0.5714285714285714,0.0,
LOLTMNT03_229822,2025,2025-04-18 09:10:00+00:00,LCK,2,Rounds 1-2,0,15.07,complete,,,BNK FEARX,oe:team:5c2e7e9ea8dfcba0150d9a5619baecf,T1,oe:team:ce499dea30cfce118f4fe85da0227e8,BLUE,1,0,BLUE,BNK FEARX,Viktor,Vi,Jayce,Sejuani,Rumble,Kalista,Skarner,Gwen,Sion,Yone,Ryze,Corki,Alistar,Xayah,Miss Fortune,Ashe,Nautilus,Zeri,Rell,Renata Glasc,oe:team:5c2e7e9ea8dfcba0150d9a5619baecf|oe:team:ce499dea30cfce118f4fe85da0227e8,2025_20250418_BNK_FEARX_vs_T1_S1,"[""Varus"", ""Azir"", ""Naafiri"", ""Xin Zhao"", ""Taliyah"", ""Ezreal"", ""Jax"", ""Rakan"", ""Poppy"", ""Gragas""]",10,False,28.0,10.0,0.35714285714285715,28.0,10.0,0.35714285714285715,5.0,0.2,10.0,0.5,15.0,0.5333333333333333,9.0,0.4444444444444444,1.0,0.0,33.0,21.0,0.6363636363636364,33.0,21.0,0.6363636363636364,5.0,0.6,10.0,0.5,18.0,0.4444444444444444,8.0,0.625,1.0,1.0
LOLTMNT03_230810,2025,2025-04-18 10:05:30+00:00,LCK,3,Rounds 1-2,0,15.07,complete,,,T1,oe:team:ce499dea30cfce118f4fe85da0227e8,BNK FEARX,oe:team:5c2e7e9ea8dfcba0150d9a5619baecf,BLUE,0,1,RED,BNK FEARX,Yone,Vi,Viktor,Sion,Zyra,Rumble,Yorick,Viego,Ambessa,Kalista,Lee Sin,Ahri,Kai'Sa,Caitlyn,Jinx,Alistar,Nautilus,Jhin,Lulu,Zeri,oe:team:5c2e7e9ea8dfcba0150d9a5619baecf|oe:team:ce499dea30cfce118f4fe85da0227e8,2025_20250418_BNK_FEARX_vs_T1_S1,"[""Varus"", ""Azir"", ""Naafiri"", ""Xin Zhao"", ""Taliyah"", ""Ezreal"", ""Jax"", ""Rakan"", ""Poppy"", ""Gragas"", ""Jayce"", ""Sejuani"", ""Skarner"", ""Gwen"", ""Ryze"", ""Corki"", ""Miss Fortune"", ""Ashe"", ""Rell"", ""Renata Glasc""]",20,False,34.0,21.0,0.6176470588235294,34.0,21.0,0.6176470588235294,5.0,0.6,10.0,0.5,15.0,0.8666666666666667,9.0,0.5555555555555556,2.0,0.5,29.0,11.0,0.3793103448275862,29.0,11.0,0.3793103448275862,5.0,0.4,10.0,0.5,13.0,0.15384615384615385,10.0,0.5,2.0,0.5
LOLTMNT03_230842,2025,2025-04-18 11:20:55+00:00,LCK,1,Rounds 1-2,0,15.07,complete,,,DN SOOPers,oe:team:b3c72a20aa56f5d28022ac04a7dc294,Dplus Kia,oe:team:ef69efa6acebe94107f0cf1ba716806,BLUE,0,1,RED,Dplus Kia,Naafiri,Kalista,Varus,Xin Zhao,Ezreal,Vi,Ambessa,Gwen,Sejuani,Skarner,Taliyah,Ahri,Miss Fortune,Poppy,Viego,Alistar,Corki,Nautilus,Rell,Jhin,oe:team:b3c72a20aa56f5d28022ac04a7dc294|oe:team:ef69efa6acebe94107f0cf1ba716806,2025_20250418_DN_SOOPers_vs_Dplus_Kia_S2,[],0,False,24.0,6.0,0.25,24.0,6.0,0.25,5.0,0.4,10.0,0.2,14.0,0.35714285714285715,6.0,0.3333333333333333,2.0,0.0,36.0,22.0,0.6111111111111112,36.0,22.0,0.6111111111111112,5.0,0.6,10.0,0.7,18.0,0.5,5.0,0.6,2.0,1.0
LOLTMNT03_230854,2025,2025-04-18 12:10:51+00:00,LCK,2,Rounds 1-2,0,15.07,complete,,,DN SOOPers,oe:team:b3c72a20aa56f5d28022ac04a7dc294,Dplus Kia,oe:team:ef69efa6acebe94107f0cf1ba716806,BLUE,0,1,RED,Dplus Kia,Naafiri,Kalista,Skarner,Rumble,Ezreal,Vi,K'Sante,Jayce,Lillia,Sejuani,Azir,Miss Fortune,Maokai,Ashe,Caitlyn,Ivern,Nidalee,Kai'Sa,Elise,Leona,oe:team:b3c72a20aa56f5d28022ac04a7dc294|oe:team:ef69efa6acebe94107f0cf1ba716806,2025_20250418_DN_SOOPers_vs_Dplus_Kia_S2,"[""Varus"", ""Xin Zhao"", ""Ambessa"", ""Gwen"", ""Taliyah"", ""Ahri"", ""Viego"", ""Alistar"", ""Rell"", ""Jhin""]",10,False,25.0,6.0,0.24,25.0,6.0,0.24,5.0,0.2,10.0,0.2,15.0,0.3333333333333333,7.0,0.2857142857142857,3.0,0.0,37.0,23.0,0.6216216216216216,37.0,23.0,0.6216216216216216,5.0,0.6,10.0,0.7,19.0,0.5263157894736842,6.0,0.6666666666666666,3.0,1.0
LOLTMNT03_231043,2025,2025-04-19 06:05:24+00:00,LCK,1,Rounds 1-2,0,15.07,complete,,,Gen.G,oe:team:50f58982d91a36557ec8aec52ab014f,HANJIN BRION,oe:team:b77b3f6068e20a2b3edc0ecd3dc70d4,BLUE,1,0,BLUE,Gen.G,Varus,Kalista,Vi,Rumble,Azir,Gwen,Aurora,Wukong,Ambessa,Jayce,Ahri,Taliyah,Xayah,Kai'Sa,Jhin,Alistar,Ezreal,Braum,Rakan,Zeri,oe:team:50f58982d91a36557ec8aec52ab014f|oe:team:b77b3f6068e20a2b3edc0ecd3dc70d4,2025_20250419_Gen_G_vs_HANJIN_BRION_S2,[],0,False,42.0,27.0,0.6428571428571429,42.0,27.0,0.6428571428571429,5.0,0.8,10.0,0.8,15.0,0.8,8.0,0.75,2.0,0.0,27.0,9.0,0.3333333333333333,27.0,9.0,0.3333333333333333,5.0,0.8,10.0,0.4,11.0,0.2727272727272727,8.0,0.5,2.0,1.0
LOLTMNT03_232041,2025,2025-04-19 07:01:15+00:00,LCK,2,Rounds 1-2,0,15.07,complete,,,HANJIN BRION,oe:team:b77b3f6068e20a2b3edc0ecd3dc70d4,Gen.G,oe:team:50f58982d91a36557ec8aec52ab014f,BLUE,0,1,RED,Gen.G,Varus,Kalista,Ashe,Xin Zhao,Jayce,Gwen,Lillia,Miss Fortune,Ezreal,Azir,Yone,Viktor,Gnar,Renekton,Sion,Aatrox,Ambessa,Braum,Rell,Nautilus,oe:team:50f58982d91a36557ec8aec52ab014f|oe:team:b77b3f6068e20a2b3edc0ecd3dc70d4,2025_20250419_Gen_G_vs_HANJIN_BRION_S2,"[""Vi"", ""Rumble"", ""Aurora"", ""Wukong"", ""Ahri"", ""Taliyah"", ""Jhin"", ""Alistar"", ""Rakan"", ""Zeri""]",10,False,28.0,9.0,0.32142857142857145,28.0,9.0,0.32142857142857145,5.0,0.6,10.0,0.4,16.0,0.375,9.0,0.4444444444444444,3.0,0.6666666666666666,43.0,28.0,0.6511627906976745,43.0,28.0,0.6511627906976745,5.0,0.8,10.0,0.8,27.0,0.5555555555555556,9.0,0.7777777777777778,3.0,0.3333333333333333
LOLTMNT03_231086,2025,2025-04-19 08:15:16+00:00,LCK,1,Rounds 1-2,0,15.07,complete,,,Nongshim RedForce,oe:team:5cd2cd09ec94296f605dd13a2924d6c,Hanwha Life Esports,oe:team:3a1d18f46bcb3716ebcfcf4ef068934,BLUE,0,1,RED,Hanwha Life Esports,Yone,Vi,Jayce,Azir,Varus,Sejuani,Kalista,Xin Zhao,Gwen,Taliyah,Elise,Rumble,Ashe,Ahri,Sylas,Rakan,Caitlyn,Corki,Naafiri,Draven,oe:team:3a1d18f46bcb3716ebcfcf4ef068934|oe:team:5cd2cd09ec94296f605dd13a2924d6c,2025_20250419_Hanwha_Life_Esports_vs_Nongshim_RedForce_S2,[],0,False,42.0,22.0,0.5238095238095238,42.0,22.0,0.5238095238095238,5.0,0.4,10.0,0.5,18.0,0.6111111111111112,8.0,0.375,2.0,0.0,45.0,29.0,0.6444444444444445,45.0,29.0,0.6444444444444445,5.0,1.0,10.0,0.8,23.0,0.5217391304347826,7.0,0.8571428571428571,2.0,1.0
LOLTMNT03_232068,2025,2025-04-19 09:02:12+00:00,LCK,2,Rounds 1-2,0,15.07,complete,,,Nongshim RedForce,oe:team:5cd2cd09ec94296f605dd13a2924d6c,Hanwha Life Esports,oe:team:3a1d18f46bcb3716ebcfcf4ef068934,BLUE,0,1,RED,Hanwha Life Esports,Varus,Vi,Yone,Aurora,Akali,Sejuani,Ashe,Skarner,Ambessa,Gwen,Maokai,Jax,Ezreal,Gangplank,Anivia,Jhin,Alistar,Nautilus,Blitzcrank,Leona,oe:team:3a1d18f46bcb3716ebcfcf4ef068934|oe:team:5cd2cd09ec94296f605dd13a2924d6c,2025_20250419_Hanwha_Life_Esports_vs_Nongshim_RedForce_S2,"[""Jayce"", ""Azir"", ""Kalista"", ""Xin Zhao"", ""Elise"", ""Rumble"", ""Sylas"", ""Rakan"", ""Naafiri"", ""Draven""]",10,False,43.0,22.0,0.5116279069767442,43.0,22.0,0.5116279069767442,5.0,0.4,10.0,0.4,19.0,0.5789473684210527,9.0,0.3333333333333333,3.0,0.0,46.0,30.0,0.6521739130434783,46.0,30.0,0.6521739130434783,5.0,1.0,10.0,0.8,24.0,0.5416666666666666,8.0,0.875,3.0,1.0
LOLTMNT03_231270,2025,2025-04-20 06:08:09+00:00,LCK,1,Rounds 1-2,0,15.07,complete,,,Dplus Kia,oe:team:ef69efa6acebe94107f0cf1ba716806,Kiwoom DRX,oe:team:1d0389df0c5eea93b04122ba167c010,BLUE,0,1,RED,Kiwoom DRX,Azir,Vi,Jayce,Rumble,Kalista,Gwen,Ahri,Ezreal,Poppy,Varus,Skarner,Naafiri,Viktor,Rakan,Kai'Sa,Aurora,Karma,Alistar,Neeko,Rell,oe:team:1d0389df0c5eea93b04122ba167c010|oe:team:ef69efa6acebe94107f0cf1ba716806,2025_20250420_Dplus_Kia_vs_Kiwoom_DRX_S1,[],0,False,38.0,24.0,0.631578947368421,38.0,24.0,0.631578947368421,5.0,0.6,10.0,0.8,18.0,0.7222222222222222,7.0,0.7142857142857143,0.0,,32.0,12.0,0.375,32.0,12.0,0.375,5.0,0.2,10.0,0.2,12.0,0.3333333333333333,7.0,0.14285714285714285,0.0,
LOLTMNT03_232248,2025,2025-04-20 07:16:08+00:00,LCK,2,Rounds 1-2,0,15.07,complete,,,Dplus Kia,oe:team:ef69efa6acebe94107f0cf1ba716806,Kiwoom DRX,oe:team:1d0389df0c5eea93b04122ba167c010,BLUE,1,0,BLUE,Dplus Kia,Azir,Gwen,Xin Zhao,Sejuani,Kalista,Vi,Renekton,Ambessa,Poppy,Varus,Taliyah,Viktor,Ashe,Alistar,Miss Fortune,Jhin,Rakan,Nautilus,Leona,Elise,oe:team:1d0389df0c5eea93b04122ba167c010|oe:team:ef69efa6acebe94107f0cf1ba716806,2025_20250420_Dplus_Kia_vs_Kiwoom_DRX_S1,"[""Jayce"", ""Rumble"", ""Ahri"", ""Ezreal"", ""Skarner"", ""Naafiri"", ""Kai'Sa"", ""Aurora"", ""Neeko"", ""Rell""]",10,False,39.0,24.0,0.6153846153846154,39.0,24.0,0.6153846153846154,5.0,0.4,10.0,0.7,19.0,0.6842105263157895,8.0,0.625,1.0,0.0,33.0,13.0,0.3939393939393939,33.0,13.0,0.3939393939393939,5.0,0.4,10.0,0.2,13.0,0.38461538461538464,8.0,0.25,1.0,1.0
LOLTMNT03_232256,2025,2025-04-20 08:08:31+00:00,LCK,3,Rounds 1-2,0,15.07,complete,,,Kiwoom DRX,oe:team:1d0389df0c5eea93b04122ba167c010,Dplus Kia,oe:team:ef69efa6acebe94107f0cf1ba716806,BLUE,0,1,RED,Dplus Kia,Corki,Gwen,Varus,Poppy,Ashe,Kalista,Maokai,Azir,Sylas,Vi,Yone,Jax,Alistar,Nautilus,Braum,Pantheon,Rakan,Renata Glasc,Sion,Zeri,oe:team:1d0389df0c5eea93b04122ba167c010|oe:team:ef69efa6acebe94107f0cf1ba716806,2025_20250420_Dplus_Kia_vs_Kiwoom_DRX_S1,"[""Jayce"", ""Rumble"", ""Ahri"", ""Ezreal"", ""Skarner"", ""Naafiri"", ""Kai'Sa"", ""Aurora"", ""Neeko"", ""Rell"", ""Xin Zhao"", ""Sejuani"", ""Renekton"", ""Ambessa"", ""Taliyah"", ""Viktor"", ""Miss Fortune"", ""Jhin"", ""Leona"", ""Elise""]",20,False,34.0,13.0,0.38235294117647056,34.0,13.0,0.38235294117647056,5.0,0.2,10.0,0.2,20.0,0.4,9.0,0.2222222222222222,2.0,0.5,40.0,25.0,0.625,40.0,25.0,0.625,5.0,0.6,10.0,0.7,20.0,0.55,9.0,0.6666666666666666,2.0,0.5
LOLTMNT03_231299,2025,2025-04-20 09:24:18+00:00,LCK,1,Rounds 1-2,0,15.07,complete,,,KT Rolster,oe:team:d723992568441c6bafa2658129eade7,DN SOOPers,oe:team:b3c72a20aa56f5d28022ac04a7dc294,BLUE,1,0,BLUE,KT Rolster,Varus,Azir,Kalista,Rumble,Naafiri,Gwen,Neeko,Skarner,Jayce,Vi,Galio,Taliyah,Caitlyn,Sejuani,Xin Zhao,Rakan,Ashe,Yone,Ahri,Xayah,oe:team:b3c72a20aa56f5d28022ac04a7dc294|oe:team:d723992568441c6bafa2658129eade7,2025_20250420_DN_SOOPers_vs_KT_Rolster_S2,[],0,False,29.0,11.0,0.3793103448275862,29.0,11.0,0.3793103448275862,5.0,0.4,10.0,0.3,16.0,0.4375,8.0,0.375,3.0,0.6666666666666666,26.0,6.0,0.23076923076923078,26.0,6.0,0.23076923076923078,5.0,0.2,10.0,0.2,10.0,0.1,8.0,0.25,3.0,0.3333333333333333
LOLTMNT03_231301,2025,2025-04-20 10:31:53+00:00,LCK,2,Rounds 1-2,0,15.07,complete,,,DN SOOPers,oe:team:b3c72a20aa56f5d28022ac04a7dc294,KT Rolster,oe:team:d723992568441c6bafa2658129eade7,BLUE,0,1,RED,KT Rolster,Azir,Gwen,Naafiri,Jayce,Yone,Vi,Ryze,Ezreal,Sejuani,Varus,Ambessa,Aurora,Viego,Ashe,Jhin,Poppy,Alistar,Miss Fortune,Leona,Fiddlesticks,oe:team:b3c72a20aa56f5d28022ac04a7dc294|oe:team:d723992568441c6bafa2658129eade7,2025_20250420_DN_SOOPers_vs_KT_Rolster_S2,"[""Kalista"", ""Rumble"", ""Neeko"", ""Skarner"", ""Galio"", ""Taliyah"", ""Xin Zhao"", ""Rakan"", ""Ahri"", ""Xayah""]",10,False,27.0,6.0,0.2222222222222222,27.0,6.0,0.2222222222222222,5.0,0.0,10.0,0.2,16.0,0.3125,9.0,0.2222222222222222,4.0,0.25,30.0,12.0,0.4,30.0,12.0,0.4,5.0,0.6,10.0,0.4,13.0,0.3076923076923077,9.0,0.4444444444444444,4.0,0.75
LOLTMNT01_228752,2025,2025-04-23 08:05:24+00:00,LCK,1,Rounds 1-2,0,15.08,complete,,,Kiwoom DRX,oe:team:1d0389df0c5eea93b04122ba167c010,KT Rolster,oe:team:d723992568441c6bafa2658129eade7,BLUE,0,1,RED,KT Rolster,Yone,Gwen,Jayce,Rumble,Azir,Vi,Naafiri,Xin Zhao,Taliyah,Kalista,Ahri,Ryze,Alistar,Kai'Sa,Xayah,Miss Fortune,Varus,Ezreal,Rakan,Poppy,oe:team:1d0389df0c5eea93b04122ba167c010|oe:team:d723992568441c6bafa2658129eade7,2025_20250423_KT_Rolster_vs_Kiwoom_DRX_S1,[],0,False,35.0,13.0,0.37142857142857144,35.0,13.0,0.37142857142857144,5.0,0.2,10.0,0.2,21.0,0.38095238095238093,0.0,,0.0,,31.0,13.0,0.41935483870967744,31.0,13.0,0.41935483870967744,5.0,0.6,10.0,0.5,14.0,0.35714285714285715,0.0,,0.0,
LOLTMNT01_229352,2025,2025-04-23 09:09:16+00:00,LCK,2,Rounds 1-2,0,15.08,complete,,,Kiwoom DRX,oe:team:1d0389df0c5eea93b04122ba167c010,KT Rolster,oe:team:d723992568441c6bafa2658129eade7,BLUE,0,1,RED,KT Rolster,Yone,Gwen,Skarner,Varus,Azir,Vi,Ezreal,Taliyah,Sylas,Kalista,Aurora,Lillia,Renekton,Braum,Ambessa,Rell,Alistar,Gnar,Bard,Aatrox,oe:team:1d0389df0c5eea93b04122ba167c010|oe:team:d723992568441c6bafa2658129eade7,2025_20250423_KT_Rolster_vs_Kiwoom_DRX_S1,"[""Jayce"", ""Rumble"", ""Naafiri"", ""Xin Zhao"", ""Ahri"", ""Ryze"", ""Xayah"", ""Miss Fortune"", ""Rakan"", ""Poppy""]",10,False,36.0,13.0,0.3611111111111111,36.0,13.0,0.3611111111111111,5.0,0.2,10.0,0.2,22.0,0.36363636363636365,1.0,0.0,1.0,0.0,32.0,14.0,0.4375,32.0,14.0,0.4375,5.0,0.6,10.0,0.6,15.0,0.4,1.0,1.0,1.0,1.0
LOLTMNT01_228803,2025,2025-04-23 10:22:22+00:00,LCK,1,Rounds 1-2,0,15.08,complete,,,Nongshim RedForce,oe:team:5cd2cd09ec94296f605dd13a2924d6c,BNK FEARX,oe:team:5c2e7e9ea8dfcba0150d9a5619baecf,BLUE,1,0,BLUE,Nongshim RedForce,Naafiri,Vi,Xin Zhao,Varus,Kalista,Sejuani,Gwen,Rumble,Taliyah,Azir,Ryze,Skarner,Ahri,Ezreal,Zeri,Yone,Viktor,Nautilus,Alistar,Renata Glasc,oe:team:5c2e7e9ea8dfcba0150d9a5619baecf|oe:team:5cd2cd09ec94296f605dd13a2924d6c,2025_20250423_BNK_FEARX_vs_Nongshim_RedForce_S2,[],0,False,44.0,22.0,0.5,44.0,22.0,0.5,5.0,0.2,10.0,0.3,20.0,0.55,0.0,,2.0,1.0,30.0,12.0,0.4,30.0,12.0,0.4,5.0,0.4,10.0,0.5,14.0,0.21428571428571427,0.0,,2.0,0.0
LOLTMNT01_228821,2025,2025-04-23 11:15:41+00:00,LCK,2,Rounds 1-2,0,15.08,complete,,,BNK FEARX,oe:team:5c2e7e9ea8dfcba0150d9a5619baecf,Nongshim RedForce,oe:team:5cd2cd09ec94296f605dd13a2924d6c,BLUE,0,1,RED,Nongshim RedForce,Sejuani,Vi,Naafiri,Azir,Pantheon,Kalista,Taliyah,Poppy,Nocturne,Jayce,Ezreal,Kai'Sa,Nautilus,Rakan,Rell,Leona,Aatrox,Braum,Sion,Nidalee,oe:team:5c2e7e9ea8dfcba0150d9a5619baecf|oe:team:5cd2cd09ec94296f605dd13a2924d6c,2025_20250423_BNK_FEARX_vs_Nongshim_RedForce_S2,"[""Xin Zhao"", ""Varus"", ""Gwen"", ""Rumble"", ""Ryze"", ""Skarner"", ""Zeri"", ""Yone"", ""Alistar"", ""Renata Glasc""]",10,False,31.0,12.0,0.3870967741935484,31.0,12.0,0.3870967741935484,5.0,0.4,10.0,0.4,16.0,0.5625,1.0,0.0,3.0,0.0,45.0,23.0,0.5111111111111111,45.0,23.0,0.5111111111111111,5.0,0.4,10.0,0.4,24.0,0.4583333333333333,1.0,1.0,3.0,1.0
LOLTMNT01_230375,2025,2025-04-24 08:06:14+00:00,LCK,1,Rounds 1-2,0,15.08,complete,,,Gen.G,oe:team:50f58982d91a36557ec8aec52ab014f,DN SOOPers,oe:team:b3c72a20aa56f5d28022ac04a7dc294,BLUE,1,0,BLUE,Gen.G,Varus,Vi,Gwen,Azir,Rumble,Kalista,Naafiri,Sejuani,Poppy,Jayce,Taliyah,Ambessa,Elise,Kai'Sa,Jhin,Ezreal,Rakan,Alistar,Nautilus,Braum,oe:team:50f58982d91a36557ec8aec52ab014f|oe:team:b3c72a20aa56f5d28022ac04a7dc294,2025_20250424_DN_SOOPers_vs_Gen_G_S2,[],0,False,44.0,29.0,0.6590909090909091,44.0,29.0,0.6590909090909091,5.0,0.8,10.0,0.8,16.0,0.8125,0.0,,2.0,1.0,28.0,6.0,0.21428571428571427,28.0,6.0,0.21428571428571427,5.0,0.0,10.0,0.2,11.0,0.09090909090909091,0.0,,2.0,0.0
LOLTMNT01_229915,2025,2025-04-24 09:03:42+00:00,LCK,2,Rounds 1-2,0,15.08,complete,,,DN SOOPers,oe:team:b3c72a20aa56f5d28022ac04a7dc294,Gen.G,oe:team:50f58982d91a36557ec8aec52ab014f,BLUE,0,1,RED,Gen.G,Viktor,Vi,Xin Zhao,Rumble,Kalista,Varus,Jayce,Pantheon,Miss Fortune,Skarner,Ahri,Sylas,Alistar,Rakan,Zeri,Xayah,Ashe,Kai'Sa,Lulu,Blitzcrank,oe:team:50f58982d91a36557ec8aec52ab014f|oe:team:b3c72a20aa56f5d28022ac04a7dc294,2025_20250424_DN_SOOPers_vs_Gen_G_S2,"[""Gwen"", ""Azir"", ""Naafiri"", ""Sejuani"", ""Taliyah"", ""Ambessa"", ""Jhin"", ""Ezreal"", ""Nautilus"", ""Braum""]",10,False,29.0,6.0,0.20689655172413793,29.0,6.0,0.20689655172413793,5.0,0.0,10.0,0.2,17.0,0.29411764705882354,1.0,0.0,3.0,0.0,45.0,30.0,0.6666666666666666,45.0,30.0,0.6666666666666666,5.0,1.0,10.0,0.8,28.0,0.5714285714285714,1.0,1.0,3.0,1.0
LOLTMNT01_229932,2025,2025-04-24 10:18:06+00:00,LCK,1,Rounds 1-2,0,15.08,complete,,,Hanwha Life Esports,oe:team:3a1d18f46bcb3716ebcfcf4ef068934,HANJIN BRION,oe:team:b77b3f6068e20a2b3edc0ecd3dc70d4,BLUE,1,0,BLUE,Hanwha Life Esports,Varus,Vi,Azir,Rumble,Xin Zhao,Gwen,Poppy,Naafiri,Taliyah,Sejuani,Jayce,Ahri,Kalista,Miss Fortune,Xayah,Jhin,Ezreal,Alistar,Rakan,Nautilus,oe:team:3a1d18f46bcb3716ebcfcf4ef068934|oe:team:b77b3f6068e20a2b3edc0ecd3dc70d4,2025_20250424_HANJIN_BRION_vs_Hanwha_Life_Esports_S1,[],0,False,47.0,31.0,0.6595744680851063,47.0,31.0,0.6595744680851063,5.0,1.0,10.0,0.9,22.0,0.7727272727272727,0.0,,0.0,,29.0,9.0,0.3103448275862069,29.0,9.0,0.3103448275862069,5.0,0.4,10.0,0.4,12.0,0.25,0.0,,0.0,
LOLTMNT01_230468,2025,2025-04-24 11:12:58+00:00,LCK,2,Rounds 1-2,0,15.08,complete,,,HANJIN BRION,oe:team:b77b3f6068e20a2b3edc0ecd3dc70d4,Hanwha Life Esports,oe:team:3a1d18f46bcb3716ebcfcf4ef068934,BLUE,0,1,RED,Hanwha Life Esports,Kalista,Vi,Xin Zhao,Renekton,Sejuani,Gwen,Akali,Yone,Ezreal,Varus,Jax,Nidalee,Alistar,Lulu,Lucian,Kai'Sa,Ashe,Miss Fortune,Braum,Neeko,oe:team:3a1d18f46bcb3716ebcfcf4ef068934|oe:team:b77b3f6068e20a2b3edc0ecd3dc70d4,2025_20250424_HANJIN_BRION_vs_Hanwha_Life_Esports_S1,"[""Azir"", ""Rumble"", ""Poppy"", ""Naafiri"", ""Jayce"", ""Ahri"", ""Xayah"", ""Jhin"", ""Rakan"", ""Nautilus""]",10,False,30.0,9.0,0.3,30.0,9.0,0.3,5.0,0.4,10.0,0.4,17.0,0.35294117647058826,1.0,0.0,1.0,0.0,48.0,32.0,0.6666666666666666,48.0,32.0,0.6666666666666666,5.0,1.0,10.0,0.9,25.0,0.56,1.0,1.0,1.0,1.0
LOLTMNT01_231505,2025,2025-04-25 08:06:28+00:00,LCK,1,Rounds 1-2,0,15.08,complete,,,KT Rolster,oe:team:d723992568441c6bafa2658129eade7,Nongshim RedForce,oe:team:5cd2cd09ec94296f605dd13a2924d6c,BLUE,0,1,RED,Nongshim RedForce,Jayce,Vi,Kalista,Sejuani,Poppy,Xin Zhao,Neeko,Elise,Gwen,Azir,Rumble,Yone,Varus,Skarner,Lillia,Ezreal,Aurora,Viego,Corki,Anivia,oe:team:5cd2cd09ec94296f605dd13a2924d6c|oe:team:d723992568441c6bafa2658129eade7,2025_20250425_KT_Rolster_vs_Nongshim_RedForce_S2,[],0,False,33.0,15.0,0.45454545454545453,33.0,15.0,0.45454545454545453,5.0,0.8,10.0,0.7,17.0,0.47058823529411764,2.0,1.0,3.0,0.0,46.0,24.0,0.5217391304347826,46.0,24.0,0.5217391304347826,5.0,0.4,10.0,0.5,25.0,0.48,2.0,1.0,3.0,1.0
LOLTMNT01_232089,2025,2025-04-25 09:00:02+00:00,LCK,2,Rounds 1-2,0,15.08,complete,,,KT Rolster,oe:team:d723992568441c6bafa2658129eade7,Nongshim RedForce,oe:team:5cd2cd09ec94296f605dd13a2924d6c,BLUE,0,1,RED,Nongshim RedForce,Naafiri,Vi,Jayce,Xin Zhao,Skarner,Azir,Ahri,Taliyah,Gwen,Sion,Pantheon,Ashe,Poppy,Varus,Rakan,Leona,Alistar,Jhin,Kai'Sa,Nidalee,oe:team:5cd2cd09ec94296f605dd13a2924d6c|oe:team:d723992568441c6bafa2658129eade7,2025_20250425_KT_Rolster_vs_Nongshim_RedForce_S2,"[""Kalista"", ""Sejuani"", ""Neeko"", ""Elise"", ""Rumble"", ""Yone"", ""Lillia"", ""Ezreal"", ""Corki"", ""Anivia""]",10,False,34.0,15.0,0.4411764705882353,34.0,15.0,0.4411764705882353,5.0,0.8,10.0,0.6,18.0,0.4444444444444444,3.0,0.6666666666666666,4.0,0.0,47.0,25.0,0.5319148936170213,47.0,25.0,0.5319148936170213,5.0,0.6,10.0,0.5,26.0,0.5,3.0,1.0,4.0,1.0
LOLTMNT01_232113,2025,2025-04-25 10:18:33+00:00,LCK,1,Rounds 1-2,0,15.08,complete,,,T1,oe:team:ce499dea30cfce118f4fe85da0227e8,Dplus Kia,oe:team:ef69efa6acebe94107f0cf1ba716806,BLUE,1,0,BLUE,T1,Ezreal,Kalista,Azir,Rumble,Xin Zhao,Vi,Naafiri,Varus,Jayce,Gwen,Jhin,Taliyah,Alistar,Galio,Ornn,Skarner,Nautilus,Bard,Neeko,Leona,oe:team:ce499dea30cfce118f4fe85da0227e8|oe:team:ef69efa6acebe94107f0cf1ba716806,2025_20250425_Dplus_Kia_vs_T1_S2,[],0,False,35.0,21.0,0.6,35.0,21.0,0.6,5.0,0.4,10.0,0.5,16.0,0.8125,0.0,,3.0,0.3333333333333333,41.0,26.0,0.6341463414634146,41.0,26.0,0.6341463414634146,5.0,0.8,10.0,0.7,21.0,0.5714285714285714,0.0,,3.0,0.6666666666666666
LOLTMNT01_231666,2025,2025-04-25 11:16:32+00:00,LCK,2,Rounds 1-2,0,15.08,complete,,,Dplus Kia,oe:team:ef69efa6acebe94107f0cf1ba716806,T1,oe:team:ce499dea30cfce118f4fe85da0227e8,BLUE,1,0,BLUE,Dplus Kia,Kalista,Ezreal,Gwen,Jayce,Viktor,Vi,Miss Fortune,Yone,Sion,Xin Zhao,Ahri,Sejuani,Alistar,Poppy,Viego,Rakan,Ziggs,Pantheon,Rell,Xayah,oe:team:ce499dea30cfce118f4fe85da0227e8|oe:team:ef69efa6acebe94107f0cf1ba716806,2025_20250425_Dplus_Kia_vs_T1_S2,"[""Azir"", ""Rumble"", ""Naafiri"", ""Varus"", ""Jhin"", ""Taliyah"", ""Ornn"", ""Skarner"", ""Neeko"", ""Leona""]",10,False,42.0,26.0,0.6190476190476191,42.0,26.0,0.6190476190476191,5.0,0.6,10.0,0.6,20.0,0.7,1.0,0.0,4.0,0.5,36.0,22.0,0.6111111111111112,36.0,22.0,0.6111111111111112,5.0,0.6,10.0,0.5,19.0,0.42105263157894735,1.0,1.0,4.0,0.5
LOLTMNT01_231710,2025,2025-04-25 12:04:59+00:00,LCK,3,Rounds 1-2,0,15.08,complete,,,T1,oe:team:ce499dea30cfce118f4fe85da0227e8,Dplus Kia,oe:team:ef69efa6acebe94107f0cf1ba716806,BLUE,1,0,BLUE,T1,Ezreal,Kalista,Viktor,Sylas,Ambessa,Vi,Lillia,Poppy,Sion,Xin Zhao,Renekton,Aatrox,Alistar,Caitlyn,Lucian,Ashe,Kai'Sa,Senna,Braum,Pantheon,oe:team:ce499dea30cfce118f4fe85da0227e8|oe:team:ef69efa6acebe94107f0cf1ba716806,2025_20250425_Dplus_Kia_vs_T1_S2,"[""Azir"", ""Rumble"", ""Naafiri"", ""Varus"", ""Jhin"", ""Taliyah"", ""Ornn"", ""Skarner"", ""Neeko"", ""Leona"", ""Gwen"", ""Jayce"", ""Miss Fortune"", ""Yone"", ""Ahri"", ""Sejuani"", ""Viego"", ""Rakan"", ""Rell"", ""Xayah""]",20,False,37.0,22.0,0.5945945945945946,37.0,22.0,0.5945945945945946,5.0,0.4,10.0,0.4,17.0,0.8235294117647058,2.0,0.5,5.0,0.4,43.0,27.0,0.627906976744186,43.0,27.0,0.627906976744186,5.0,0.6,10.0,0.6,22.0,0.5454545454545454,2.0,0.5,5.0,0.6
LOLTMNT01_232663,2025,2025-04-26 06:07:29+00:00,LCK,1,Rounds 1-2,0,15.08,complete,,,DN SOOPers,oe:team:b3c72a20aa56f5d28022ac04a7dc294,BNK FEARX,oe:team:5c2e7e9ea8dfcba0150d9a5619baecf,BLUE,1,0,BLUE,DN SOOPers,Varus,Vi,Xin Zhao,Jayce,Naafiri,Gwen,Taliyah,Azir,Kalista,Rumble,Ambessa,Ezreal,Sejuani,Miss Fortune,Kai'Sa,Poppy,Skarner,Nautilus,Neeko,Karma,oe:team:5c2e7e9ea8dfcba0150d9a5619baecf|oe:team:b3c72a20aa56f5d28022ac04a7dc294,2025_20250426_BNK_FEARX_vs_DN_SOOPers_S1,[],0,False,30.0,6.0,0.2,30.0,6.0,0.2,5.0,0.0,10.0,0.1,18.0,0.2777777777777778,2.0,0.0,0.0,,32.0,12.0,0.375,32.0,12.0,0.375,5.0,0.4,10.0,0.4,15.0,0.2,2.0,0.0,0.0,
LOLTMNT01_233515,2025,2025-04-26 07:09:50+00:00,LCK,2,Rounds 1-2,0,15.08,complete,,,BNK FEARX,oe:team:5c2e7e9ea8dfcba0150d9a5619baecf,DN SOOPers,oe:team:b3c72a20aa56f5d28022ac04a7dc294,BLUE,1,0,BLUE,BNK FEARX,Varus,Vi,Kalista,Renata Glasc,Sejuani,Naafiri,Ashe,Skarner,Rumble,Gwen,Ryze,Draven,Viktor,Pantheon,Lillia,Ahri,Jax,Gnar,Renekton,K'Sante,oe:team:5c2e7e9ea8dfcba0150d9a5619baecf|oe:team:b3c72a20aa56f5d28022ac04a7dc294,2025_20250426_BNK_FEARX_vs_DN_SOOPers_S1,"[""Xin Zhao"", ""Jayce"", ""Taliyah"", ""Azir"", ""Ambessa"", ""Ezreal"", ""Kai'Sa"", ""Poppy"", ""Neeko"", ""Karma""]",10,False,33.0,12.0,0.36363636363636365,33.0,12.0,0.36363636363636365,5.0,0.4,10.0,0.3,17.0,0.5294117647058824,3.0,0.0,1.0,0.0,31.0,7.0,0.22580645161290322,31.0,7.0,0.22580645161290322,5.0,0.2,10.0,0.2,12.0,0.08333333333333333,3.0,0.3333333333333333,1.0,1.0
LOLTMNT01_233535,2025,2025-04-26 07:59:46+00:00,LCK,3,Rounds 1-2,0,15.08,complete,,,DN SOOPers,oe:team:b3c72a20aa56f5d28022ac04a7dc294,BNK FEARX,oe:team:5c2e7e9ea8dfcba0150d9a5619baecf,BLUE,0,1,RED,BNK FEARX,Sejuani,Vi,Naafiri,Viktor,Varus,Gwen,Miss Fortune,Pantheon,Viego,Rumble,Orianna,Jax,Xayah,Aatrox,Gragas,Alistar,Jhin,Sion,Rakan,Lucian,oe:team:5c2e7e9ea8dfcba0150d9a5619baecf|oe:team:b3c72a20aa56f5d28022ac04a7dc294,2025_20250426_BNK_FEARX_vs_DN_SOOPers_S1,"[""Xin Zhao"", ""Jayce"", ""Taliyah"", ""Azir"", ""Ambessa"", ""Ezreal"", ""Kai'Sa"", ""Poppy"", ""Neeko"", ""Karma"", ""Kalista"", ""Renata Glasc"", ""Ashe"", ""Skarner"", ""Ryze"", ""Draven"", ""Lillia"", ""Ahri"", ""Renekton"", ""K'Sante""]",20,False,32.0,7.0,0.21875,32.0,7.0,0.21875,5.0,0.2,10.0,0.1,19.0,0.3157894736842105,4.0,0.25,2.0,0.5,34.0,13.0,0.38235294117647056,34.0,13.0,0.38235294117647056,5.0,0.4,10.0,0.4,16.0,0.1875,4.0,0.25,2.0,0.5
LOLTMNT01_233579,2025,2025-04-26 09:17:00+00:00,LCK,1,Rounds 1-2,0,15.08,complete,,,Kiwoom DRX,oe:team:1d0389df0c5eea93b04122ba167c010,Gen.G,oe:team:50f58982d91a36557ec8aec52ab014f,BLUE,0,1,RED,Gen.G,Varus,Vi,Azir,Naafiri,Taliyah,Gwen,Skarner,Rumble,Xin Zhao,Kalista,Jayce,Ahri,Rell,Alistar,Ezreal,Jhin,Nautilus,Rakan,Leona,Poppy,oe:team:1d0389df0c5eea93b04122ba167c010|oe:team:50f58982d91a36557ec8aec52ab014f,2025_20250426_Gen_G_vs_Kiwoom_DRX_S1,[],0,False,37.0,13.0,0.35135135135135137,37.0,13.0,0.35135135135135137,5.0,0.2,10.0,0.2,23.0,0.34782608695652173,2.0,0.0,0.0,,46.0,31.0,0.6739130434782609,46.0,31.0,0.6739130434782609,5.0,1.0,10.0,0.8,29.0,0.5862068965517241,2.0,1.0,0.0,
LOLTMNT01_232817,2025,2025-04-26 10:06:26+00:00,LCK,2,Rounds 1-2,0,15.08,complete,,,Kiwoom DRX,oe:team:1d0389df0c5eea93b04122ba167c010,Gen.G,oe:team:50f58982d91a36557ec8aec52ab014f,BLUE,0,1,RED,Gen.G,Viktor,Gwen,Varus,Renekton,Xin Zhao,Vi,Lillia,Nidalee,Nocturne,Kalista,Ryze,Miss Fortune,Hwei,Nautilus,Yorick,Alistar,Rell,Jax,Braum,Galio,oe:team:1d0389df0c5eea93b04122ba167c010|oe:team:50f58982d91a36557ec8aec52ab014f,2025_20250426_Gen_G_vs_Kiwoom_DRX_S1,"[""Azir"", ""Naafiri"", ""Skarner"", ""Rumble"", ""Jayce"", ""Ahri"", ""Ezreal"", ""Jhin"", ""Leona"", ""Poppy""]",10,False,38.0,13.0,0.34210526315789475,38.0,13.0,0.34210526315789475,5.0,0.0,10.0,0.2,24.0,0.3333333333333333,3.0,0.0,1.0,0.0,47.0,32.0,0.6808510638297872,47.0,32.0,0.6808510638297872,5.0,1.0,10.0,0.9,30.0,0.6,3.0,1.0,1.0,1.0
LOLTMNT01_234523,2025,2025-04-27 06:05:50+00:00,LCK,1,Rounds 1-2,0,15.08,complete,,,HANJIN BRION,oe:team:b77b3f6068e20a2b3edc0ecd3dc70d4,T1,oe:team:ce499dea30cfce118f4fe85da0227e8,BLUE,1,0,BLUE,HANJIN BRION,Xin Zhao,Vi,Rumble,Viktor,Azir,Gwen,Sejuani,Skarner,Kalista,Taliyah,Yone,Varus,Jayce,Kai'Sa,Jhin,Aurora,Alistar,Miss Fortune,Rakan,Poppy,oe:team:b77b3f6068e20a2b3edc0ecd3dc70d4|oe:team:ce499dea30cfce118f4fe85da0227e8,2025_20250427_HANJIN_BRION_vs_T1_S1,[],0,False,31.0,9.0,0.2903225806451613,31.0,9.0,0.2903225806451613,5.0,0.2,10.0,0.4,18.0,0.3333333333333333,2.0,0.0,0.0,,38.0,23.0,0.6052631578947368,38.0,23.0,0.6052631578947368,5.0,0.4,10.0,0.5,20.0,0.4,3.0,0.6666666666666666,0.0,
LOLTMNT01_234559,2025,2025-04-27 07:05:30+00:00,LCK,2,Rounds 1-2,0,15.08,complete,,,T1,oe:team:ce499dea30cfce118f4fe85da0227e8,HANJIN BRION,oe:team:b77b3f6068e20a2b3edc0ecd3dc70d4,BLUE,1,0,BLUE,T1,Taliyah,Kalista,Gwen,Ahri,Xin Zhao,Vi,Pantheon,Naafiri,Alistar,Azir,Sylas,Ambessa,Miss Fortune,Caitlyn,Xayah,Ezreal,Ashe,Lucian,Elise,Rell,oe:team:b77b3f6068e20a2b3edc0ecd3dc70d4|oe:team:ce499dea30cfce118f4fe85da0227e8,2025_20250427_HANJIN_BRION_vs_T1_S1,"[""Rumble"", ""Viktor"", ""Sejuani"", ""Skarner"", ""Yone"", ""Varus"", ""Jhin"", ""Aurora"", ""Rakan"", ""Poppy""]",10,False,39.0,23.0,0.5897435897435898,39.0,23.0,0.5897435897435898,5.0,0.4,10.0,0.5,18.0,0.8333333333333334,4.0,0.5,1.0,0.0,32.0,10.0,0.3125,32.0,10.0,0.3125,5.0,0.2,10.0,0.5,13.0,0.23076923076923078,3.0,0.3333333333333333,1.0,1.0
LOLTMNT01_234587,2025,2025-04-27 07:50:45+00:00,LCK,3,Rounds 1-2,0,15.08,complete,,,HANJIN BRION,oe:team:b77b3f6068e20a2b3edc0ecd3dc70d4,T1,oe:team:ce499dea30cfce118f4fe85da0227e8,BLUE,1,0,BLUE,HANJIN BRION,Nocturne,Vi,Taliyah,Viego,Kalista,Xin Zhao,Wukong,Sion,Lillia,Azir,Miss Fortune,Galio,Caitlyn,Renekton,Yorick,Alistar,Jinx,Aatrox,Nautilus,Lucian,oe:team:b77b3f6068e20a2b3edc0ecd3dc70d4|oe:team:ce499dea30cfce118f4fe85da0227e8,2025_20250427_HANJIN_BRION_vs_T1_S1,"[""Rumble"", ""Viktor"", ""Sejuani"", ""Skarner"", ""Yone"", ""Varus"", ""Jhin"", ""Aurora"", ""Rakan"", ""Poppy"", ""Gwen"", ""Ahri"", ""Pantheon"", ""Naafiri"", ""Sylas"", ""Ambessa"", ""Xayah"", ""Ezreal"", ""Elise"", ""Rell""]",20,False,33.0,10.0,0.30303030303030304,33.0,10.0,0.30303030303030304,5.0,0.2,10.0,0.4,19.0,0.3684210526315789,4.0,0.25,2.0,0.5,40.0,24.0,0.6,40.0,24.0,0.6,5.0,0.6,10.0,0.5,21.0,0.38095238095238093,5.0,0.6,2.0,0.5
LOLTMNT01_235231,2025,2025-04-27 09:10:52+00:00,LCK,1,Rounds 1-2,0,15.08,complete,,,Dplus Kia,oe:team:ef69efa6acebe94107f0cf1ba716806,Hanwha Life Esports,oe:team:3a1d18f46bcb3716ebcfcf4ef068934,BLUE,1,0,BLUE,Dplus Kia,Yone,Vi,Azir,Rumble,Xin Zhao,Gwen,Poppy,Naafiri,Jayce,Taliyah,Ambessa,Ahri,Kalista,Miss Fortune,Rell,Varus,Alistar,Rakan,Ezreal,Nautilus,oe:team:3a1d18f46bcb3716ebcfcf4ef068934|oe:team:ef69efa6acebe94107f0cf1ba716806,2025_20250427_Dplus_Kia_vs_Hanwha_Life_Esports_S3,[],0,False,44.0,27.0,0.6136363636363636,44.0,27.0,0.6136363636363636,5.0,0.6,10.0,0.5,21.0,0.7142857142857143,3.0,0.3333333333333333,8.0,0.5,49.0,33.0,0.673469387755102,49.0,33.0,0.673469387755102,5.0,1.0,10.0,0.9,26.0,0.5769230769230769,2.0,1.0,8.0,0.5
LOLTMNT01_235270,2025,2025-04-27 10:09:36+00:00,LCK,2,Rounds 1-2,0,15.08,complete,,,Hanwha Life Esports,oe:team:3a1d18f46bcb3716ebcfcf4ef068934,Dplus Kia,oe:team:ef69efa6acebe94107f0cf1ba716806,BLUE,1,0,BLUE,Hanwha Life Esports,Taliyah,Vi,Kalista,Nidalee,Xin Zhao,Gwen,Sejuani,Renekton,Lillia,Jayce,Yone,Corki,Alistar,Renata Glasc,Jax,Pantheon,Rakan,Neeko,Gragas,Braum,oe:team:3a1d18f46bcb3716ebcfcf4ef068934|oe:team:ef69efa6acebe94107f0cf1ba716806,2025_20250427_Dplus_Kia_vs_Hanwha_Life_Esports_S3,"[""Azir"", ""Rumble"", ""Poppy"", ""Naafiri"", ""Ambessa"", ""Ahri"", ""Rell"", ""Varus"", ""Ezreal"", ""Nautilus""]",10,False,50.0,33.0,0.66,50.0,33.0,0.66,5.0,0.8,10.0,0.9,23.0,0.782608695652174,3.0,0.6666666666666666,9.0,0.4444444444444444,45.0,28.0,0.6222222222222222,45.0,28.0,0.6222222222222222,5.0,0.6,10.0,0.6,23.0,0.5217391304347826,4.0,0.5,9.0,0.5555555555555556
LOLTMNT01_235289,2025,2025-04-27 11:06:05+00:00,LCK,3,Rounds 1-2,0,15.08,complete,,,Dplus Kia,oe:team:ef69efa6acebe94107f0cf1ba716806,Hanwha Life Esports,oe:team:3a1d18f46bcb3716ebcfcf4ef068934,BLUE,0,1,RED,Hanwha Life Esports,Sylas,Vi,Miss Fortune,Alistar,Xin Zhao,Lillia,Viego,Taliyah,Jayce,Gwen,Leona,Gnar,Kai'Sa,Aatrox,Viktor,Jhin,Skarner,Camille,Sion,Wukong,oe:team:3a1d18f46bcb3716ebcfcf4ef068934|oe:team:ef69efa6acebe94107f0cf1ba716806,2025_20250427_Dplus_Kia_vs_Hanwha_Life_Esports_S3,"[""Azir"", ""Rumble"", ""Poppy"", ""Naafiri"", ""Ambessa"", ""Ahri"", ""Rell"", ""Varus"", ""Ezreal"", ""Nautilus"", ""Kalista"", ""Nidalee"", ""Sejuani"", ""Renekton"", ""Yone"", ""Corki"", ""Jax"", ""Pantheon"", ""Gragas"", ""Braum""]",20,False,46.0,28.0,0.6086956521739131,46.0,28.0,0.6086956521739131,5.0,0.4,10.0,0.6,22.0,0.7272727272727273,5.0,0.4,10.0,0.5,51.0,34.0,0.6666666666666666,51.0,34.0,0.6666666666666666,5.0,0.8,10.0,0.9,27.0,0.5555555555555556,4.0,0.75,10.0,0.5
LOLTMNT01_237491,2025,2025-04-30 08:06:00+00:00,LCK,1,Rounds 1-2,0,15.08,complete,,,Nongshim RedForce,oe:team:5cd2cd09ec94296f605dd13a2924d6c,Dplus Kia,oe:team:ef69efa6acebe94107f0cf1ba716806,BLUE,0,1,RED,Dplus Kia,Ambessa,Vi,Rumble,Xin Zhao,Jayce,Gwen,Sejuani,Ryze,Galio,Azir,Yone,Aurora,Kalista,Varus,Kai'Sa,Alistar,Braum,Elise,Nautilus,Xayah,oe:team:5cd2cd09ec94296f605dd13a2924d6c|oe:team:ef69efa6acebe94107f0cf1ba716806,2025_20250430_Dplus_Kia_vs_Nongshim_RedForce_S2,[],0,False,48.0,26.0,0.5416666666666666,48.0,26.0,0.5416666666666666,5.0,0.8,10.0,0.6,21.0,0.5714285714285714,4.0,1.0,4.0,0.25,47.0,28.0,0.5957446808510638,47.0,28.0,0.5957446808510638,5.0,0.4,10.0,0.5,24.0,0.5,6.0,0.3333333333333333,4.0,0.75
LOLTMNT01_237499,2025,2025-04-30 09:05:59+00:00,LCK,2,Rounds 1-2,0,15.08,complete,,,Nongshim RedForce,oe:team:5cd2cd09ec94296f605dd13a2924d6c,Dplus Kia,oe:team:ef69efa6acebe94107f0cf1ba716806,BLUE,1,0,BLUE,Nongshim RedForce,Lillia,Vi,Jayce,Ahri,Naafiri,Azir,Elise,Kalista,Sion,Gwen,Poppy,Neeko,Skarner,Sylas,Varus,Wukong,Nocturne,Ezreal,Taliyah,Yorick,oe:team:5cd2cd09ec94296f605dd13a2924d6c|oe:team:ef69efa6acebe94107f0cf1ba716806,2025_20250430_Dplus_Kia_vs_Nongshim_RedForce_S2,"[""Rumble"", ""Xin Zhao"", ""Sejuani"", ""Ryze"", ""Yone"", ""Aurora"", ""Kai'Sa"", ""Alistar"", ""Nautilus"", ""Xayah""]",10,False,49.0,26.0,0.5306122448979592,49.0,26.0,0.5306122448979592,5.0,0.8,10.0,0.5,22.0,0.5454545454545454,5.0,0.8,5.0,0.2,48.0,29.0,0.6041666666666666,48.0,29.0,0.6041666666666666,5.0,0.4,10.0,0.5,25.0,0.52,7.0,0.42857142857142855,5.0,0.8
LOLTMNT01_238025,2025,2025-04-30 10:01:26+00:00,LCK,3,Rounds 1-2,0,15.08,complete,,,Dplus Kia,oe:team:ef69efa6acebe94107f0cf1ba716806,Nongshim RedForce,oe:team:5cd2cd09ec94296f605dd13a2924d6c,BLUE,0,1,RED,Nongshim RedForce,Nocturne,Vi,Gwen,Ambessa,Azir,Braum,Ezreal,Miss Fortune,Renekton,Naafiri,Skarner,Lillia,Rell,Corki,Syndra,Lulu,Leona,Rakan,Bard,Sylas,oe:team:5cd2cd09ec94296f605dd13a2924d6c|oe:team:ef69efa6acebe94107f0cf1ba716806,2025_20250430_Dplus_Kia_vs_Nongshim_RedForce_S2,"[""Rumble"", ""Xin Zhao"", ""Sejuani"", ""Ryze"", ""Yone"", ""Aurora"", ""Kai'Sa"", ""Alistar"", ""Nautilus"", ""Xayah"", ""Jayce"", ""Ahri"", ""Elise"", ""Kalista"", ""Poppy"", ""Neeko"", ""Varus"", ""Wukong"", ""Taliyah"", ""Yorick""]",20,False,49.0,29.0,0.5918367346938775,49.0,29.0,0.5918367346938775,5.0,0.4,10.0,0.5,23.0,0.6956521739130435,8.0,0.375,6.0,0.6666666666666666,50.0,27.0,0.54,50.0,27.0,0.54,5.0,0.8,10.0,0.6,27.0,0.5185185185185185,6.0,0.8333333333333334,6.0,0.3333333333333333
LOLTMNT01_237541,2025,2025-04-30 11:18:31+00:00,LCK,1,Rounds 1-2,0,15.08,complete,,,BNK FEARX,oe:team:5c2e7e9ea8dfcba0150d9a5619baecf,Hanwha Life Esports,oe:team:3a1d18f46bcb3716ebcfcf4ef068934,BLUE,0,1,RED,Hanwha Life Esports,Yone,Vi,Jayce,Gwen,Rumble,Poppy,Taliyah,Xin Zhao,Azir,Naafiri,Sejuani,Varus,Sylas,Kalista,Kai'Sa,Ryze,Ahri,Ezreal,Alistar,Rakan,oe:team:3a1d18f46bcb3716ebcfcf4ef068934|oe:team:5c2e7e9ea8dfcba0150d9a5619baecf,2025_20250430_BNK_FEARX_vs_Hanwha_Life_Esports_S1,[],0,False,35.0,14.0,0.4,35.0,14.0,0.4,5.0,0.4,10.0,0.4,18.0,0.5555555555555556,5.0,0.4,0.0,,52.0,35.0,0.6730769230769231,52.0,35.0,0.6730769230769231,5.0,0.8,10.0,0.9,28.0,0.5714285714285714,5.0,0.8,0.0,
LOLTMNT01_238088,2025,2025-04-30 12:15:07+00:00,LCK,2,Rounds 1-2,0,15.08,complete,,,BNK FEARX,oe:team:5c2e7e9ea8dfcba0150d9a5619baecf,Hanwha Life Esports,oe:team:3a1d18f46bcb3716ebcfcf4ef068934,BLUE,0,1,RED,Hanwha Life Esports,Yone,Vi,Kalista,Renata Glasc,Rumble,Naafiri,Neeko,Ashe,Ambessa,Azir,Jax,Poppy,Gnar,Nocturne,Viktor,Kennen,Nidalee,Lillia,Skarner,Sylas,oe:team:3a1d18f46bcb3716ebcfcf4ef068934|oe:team:5c2e7e9ea8dfcba0150d9a5619baecf,2025_20250430_BNK_FEARX_vs_Hanwha_Life_Esports_S1,"[""Jayce"", ""Gwen"", ""Taliyah"", ""Xin Zhao"", ""Sejuani"", ""Varus"", ""Kai'Sa"", ""Ryze"", ""Alistar"", ""Rakan""]",10,False,36.0,14.0,0.3888888888888889,36.0,14.0,0.3888888888888889,5.0,0.4,10.0,0.4,19.0,0.5263157894736842,6.0,0.3333333333333333,1.0,0.0,53.0,36.0,0.6792452830188679,53.0,36.0,0.6792452830188679,5.0,0.8,10.0,0.9,29.0,0.5862068965517241,6.0,0.8333333333333334,1.0,1.0
LOLTMNT01_238405,2025,2025-05-01 08:05:45+00:00,LCK,1,Rounds 1-2,0,15.08,complete,,,Gen.G,oe:team:50f58982d91a36557ec8aec52ab014f,KT Rolster,oe:team:d723992568441c6bafa2658129eade7,BLUE,1,0,BLUE,Gen.G,Varus,Kalista,Jayce,Azir,Neeko,Vi,Xin Zhao,Naafiri,Rumble,Gwen,Taliyah,Sion,Elise,Ezreal,Xayah,Jhin,Miss Fortune,Alistar,Rakan,Poppy,oe:team:50f58982d91a36557ec8aec52ab014f|oe:team:d723992568441c6bafa2658129eade7,2025_20250501_Gen_G_vs_KT_Rolster_S1,[],0,False,48.0,33.0,0.6875,48.0,33.0,0.6875,5.0,1.0,10.0,0.9,17.0,0.8235294117647058,4.0,1.0,0.0,,35.0,15.0,0.42857142857142855,35.0,15.0,0.42857142857142855,5.0,0.6,10.0,0.6,16.0,0.4375,4.0,0.5,0.0,
LOLTMNT01_237861,2025,2025-05-01 08:56:50+00:00,LCK,2,Rounds 1-2,0,15.08,complete,,,KT Rolster,oe:team:d723992568441c6bafa2658129eade7,Gen.G,oe:team:50f58982d91a36557ec8aec52ab014f,BLUE,0,1,RED,Gen.G,Varus,Vi,Rumble,Viktor,Sejuani,Gwen,Lillia,Skarner,Aurora,Kalista,Yone,Ryze,Neeko,Miss Fortune,Ezreal,Ashe,Alistar,Kai'Sa,Rell,Braum,oe:team:50f58982d91a36557ec8aec52ab014f|oe:team:d723992568441c6bafa2658129eade7,2025_20250501_Gen_G_vs_KT_Rolster_S1,"[""Jayce"", ""Azir"", ""Xin Zhao"", ""Naafiri"", ""Taliyah"", ""Sion"", ""Xayah"", ""Jhin"", ""Rakan"", ""Poppy""]",10,False,36.0,15.0,0.4166666666666667,36.0,15.0,0.4166666666666667,5.0,0.4,10.0,0.5,19.0,0.42105263157894735,5.0,0.4,1.0,0.0,49.0,34.0,0.6938775510204082,49.0,34.0,0.6938775510204082,5.0,1.0,10.0,0.9,31.0,0.6129032258064516,5.0,1.0,1.0,1.0
LOLTMNT01_238430,2025,2025-05-01 10:16:03+00:00,LCK,1,Rounds 1-2,0,15.08,complete,,,HANJIN BRION,oe:team:b77b3f6068e20a2b3edc0ecd3dc70d4,Kiwoom DRX,oe:team:1d0389df0c5eea93b04122ba167c010,BLUE,0,1,RED,Kiwoom DRX,Varus,Vi,Xin Zhao,Kalista,Jayce,Gwen,Rumble,Taliyah,Naafiri,Yone,Azir,Aurora,Neeko,Rakan,Jhin,Alistar,Renata Glasc,Poppy,Nautilus,Nocturne,oe:team:1d0389df0c5eea93b04122ba167c010|oe:team:b77b3f6068e20a2b3edc0ecd3dc70d4,2025_20250501_HANJIN_BRION_vs_Kiwoom_DRX_S2,[],0,False,34.0,11.0,0.3235294117647059,34.0,11.0,0.3235294117647059,5.0,0.4,10.0,0.4,20.0,0.4,5.0,0.4,3.0,0.3333333333333333,39.0,13.0,0.3333333333333333,39.0,13.0,0.3333333333333333,5.0,0.0,10.0,0.1,14.0,0.35714285714285715,4.0,0.0,3.0,0.6666666666666666
LOLTMNT01_237894,2025,2025-05-01 11:04:25+00:00,LCK,2,Rounds 1-2,0,15.08,complete,,,HANJIN BRION,oe:team:b77b3f6068e20a2b3edc0ecd3dc70d4,Kiwoom DRX,oe:team:1d0389df0c5eea93b04122ba167c010,BLUE,1,0,BLUE,HANJIN BRION,Jayce,Vi,Varus,Renekton,Poppy,Gwen,Wukong,Lillia,Pantheon,Naafiri,Ahri,Miss Fortune,Viktor,Rakan,Sion,Rell,Corki,Neeko,Braum,Ryze,oe:team:1d0389df0c5eea93b04122ba167c010|oe:team:b77b3f6068e20a2b3edc0ecd3dc70d4,2025_20250501_HANJIN_BRION_vs_Kiwoom_DRX_S2,"[""Xin Zhao"", ""Kalista"", ""Rumble"", ""Taliyah"", ""Azir"", ""Aurora"", ""Jhin"", ""Alistar"", ""Nautilus"", ""Nocturne""]",10,False,35.0,11.0,0.3142857142857143,35.0,11.0,0.3142857142857143,5.0,0.4,10.0,0.4,21.0,0.38095238095238093,6.0,0.3333333333333333,4.0,0.25,40.0,14.0,0.35,40.0,14.0,0.35,5.0,0.2,10.0,0.2,15.0,0.4,5.0,0.2,4.0,0.75
LOLTMNT01_237909,2025,2025-05-01 11:55:26+00:00,LCK,3,Rounds 1-2,0,15.08,complete,,,Kiwoom DRX,oe:team:1d0389df0c5eea93b04122ba167c010,HANJIN BRION,oe:team:b77b3f6068e20a2b3edc0ecd3dc70d4,BLUE,1,0,BLUE,Kiwoom DRX,Yone,Vi,Viktor,Ambessa,Sylas,Gwen,Poppy,Sejuani,Ashe,Naafiri,Jayce,Orianna,Kai'Sa,Xayah,Elise,Rakan,Ezreal,Zeri,Caitlyn,Jinx,oe:team:1d0389df0c5eea93b04122ba167c010|oe:team:b77b3f6068e20a2b3edc0ecd3dc70d4,2025_20250501_HANJIN_BRION_vs_Kiwoom_DRX_S2,"[""Xin Zhao"", ""Kalista"", ""Rumble"", ""Taliyah"", ""Azir"", ""Aurora"", ""Jhin"", ""Alistar"", ""Nautilus"", ""Nocturne"", ""Varus"", ""Renekton"", ""Wukong"", ""Lillia"", ""Ahri"", ""Miss Fortune"", ""Sion"", ""Rell"", ""Braum"", ""Ryze""]",20,False,41.0,14.0,0.34146341463414637,41.0,14.0,0.34146341463414637,5.0,0.2,10.0,0.2,25.0,0.32,6.0,0.16666666666666666,5.0,0.6,36.0,12.0,0.3333333333333333,36.0,12.0,0.3333333333333333,5.0,0.6,10.0,0.4,14.0,0.21428571428571427,7.0,0.42857142857142855,5.0,0.4
LOLTMNT01_238751,2025,2025-05-02 08:05:32+00:00,LCK,1,Rounds 1-2,0,15.08,complete,,,T1,oe:team:ce499dea30cfce118f4fe85da0227e8,DN SOOPers,oe:team:b3c72a20aa56f5d28022ac04a7dc294,BLUE,1,0,BLUE,T1,Taliyah,Vi,Azir,Gwen,Sejuani,Kalista,Xin Zhao,Naafiri,Varus,Jayce,Rumble,Orianna,Miss Fortune,Jhin,Xayah,Alistar,Ezreal,Poppy,Rakan,Tristana,oe:team:b3c72a20aa56f5d28022ac04a7dc294|oe:team:ce499dea30cfce118f4fe85da0227e8,2025_20250502_DN_SOOPers_vs_T1_S1,[],0,False,41.0,24.0,0.5853658536585366,41.0,24.0,0.5853658536585366,5.0,0.4,10.0,0.5,19.0,0.8421052631578947,6.0,0.5,0.0,,33.0,7.0,0.21212121212121213,33.0,7.0,0.21212121212121213,5.0,0.2,10.0,0.1,13.0,0.07692307692307693,5.0,0.2,0.0,
LOLTMNT01_238758,2025,2025-05-02 08:59:08+00:00,LCK,2,Rounds 1-2,0,15.08,complete,,,DN SOOPers,oe:team:b3c72a20aa56f5d28022ac04a7dc294,T1,oe:team:ce499dea30cfce118f4fe85da0227e8,BLUE,0,1,RED,T1,Kalista,Taliyah,Varus,Viktor,Sion,Vi,Ryze,Jhin,Sejuani,Jayce,Viego,Pantheon,Elise,Nautilus,Rell,Leona,Neeko,Ambessa,Jax,Gnar,oe:team:b3c72a20aa56f5d28022ac04a7dc294|oe:team:ce499dea30cfce118f4fe85da0227e8,2025_20250502_DN_SOOPers_vs_T1_S1,"[""Azir"", ""Gwen"", ""Xin Zhao"", ""Naafiri"", ""Rumble"", ""Orianna"", ""Xayah"", ""Alistar"", ""Rakan"", ""Tristana""]",10,False,34.0,7.0,0.20588235294117646,34.0,7.0,0.20588235294117646,5.0,0.2,10.0,0.1,20.0,0.3,6.0,0.16666666666666666,1.0,0.0,42.0,25.0,0.5952380952380952,42.0,25.0,0.5952380952380952,5.0,0.6,10.0,0.5,22.0,0.36363636363636365,7.0,0.5714285714285714,1.0,1.0
LOLTMNT01_239267,2025,2025-05-02 10:12:25+00:00,LCK,1,Rounds 1-2,0,15.08,complete,,,Hanwha Life Esports,oe:team:3a1d18f46bcb3716ebcfcf4ef068934,Nongshim RedForce,oe:team:5cd2cd09ec94296f605dd13a2924d6c,BLUE,1,0,BLUE,Hanwha Life Esports,Poppy,Vi,Jayce,Gwen,Xin Zhao,Azir,Sejuani,Skarner,Yone,Kalista,Taliyah,Ryze,Alistar,Rakan,Varus,Elise,Nautilus,Braum,Pantheon,Caitlyn,oe:team:3a1d18f46bcb3716ebcfcf4ef068934|oe:team:5cd2cd09ec94296f605dd13a2924d6c,2025_20250502_Hanwha_Life_Esports_vs_Nongshim_RedForce_S3,[],0,False,54.0,37.0,0.6851851851851852,54.0,37.0,0.6851851851851852,5.0,0.8,10.0,0.9,24.0,0.7916666666666666,7.0,0.8571428571428571,4.0,1.0,51.0,28.0,0.5490196078431373,51.0,28.0,0.5490196078431373,5.0,0.8,10.0,0.6,28.0,0.5357142857142857,7.0,0.8571428571428571,4.0,0.0
LOLTMNT01_239278,2025,2025-05-02 11:01:02+00:00,LCK,2,Rounds 1-2,0,15.08,complete,,,Nongshim RedForce,oe:team:5cd2cd09ec94296f605dd13a2924d6c,Hanwha Life Esports,oe:team:3a1d18f46bcb3716ebcfcf4ef068934,BLUE,0,1,RED,Hanwha Life Esports,Poppy,Vi,Xin Zhao,Nidalee,Naafiri,Rumble,Ahri,Yone,Kalista,Azir,Alistar,Maokai,Blitzcrank,Jax,Zeri,Xayah,Braum,Kai'Sa,Ambessa,Rakan,oe:team:3a1d18f46bcb3716ebcfcf4ef068934|oe:team:5cd2cd09ec94296f605dd13a2924d6c,2025_20250502_Hanwha_Life_Esports_vs_Nongshim_RedForce_S3,"[""Jayce"", ""Gwen"", ""Sejuani"", ""Skarner"", ""Taliyah"", ""Ryze"", ""Varus"", ""Elise"", ""Pantheon"", ""Caitlyn""]",10,False,52.0,28.0,0.5384615384615384,52.0,28.0,0.5384615384615384,5.0,0.6,10.0,0.6,23.0,0.5652173913043478,8.0,0.75,5.0,0.0,55.0,38.0,0.6909090909090909,55.0,38.0,0.6909090909090909,5.0,1.0,10.0,0.9,30.0,0.6,8.0,0.875,5.0,1.0
LOLTMNT01_239481,2025,2025-05-03 06:07:27+00:00,LCK,1,Rounds 1-2,0,15.08,complete,,,Gen.G,oe:team:50f58982d91a36557ec8aec52ab014f,Dplus Kia,oe:team:ef69efa6acebe94107f0cf1ba716806,BLUE,1,0,BLUE,Gen.G,Varus,Vi,Rumble,Azir,Ambessa,Gwen,Naafiri,Xin Zhao,Kalista,Jayce,Taliyah,Ornn,Ezreal,Nautilus,Jhin,Alistar,Kai'Sa,Braum,Rell,Miss Fortune,oe:team:50f58982d91a36557ec8aec52ab014f|oe:team:ef69efa6acebe94107f0cf1ba716806,2025_20250503_Dplus_Kia_vs_Gen_G_S3,[],0,False,50.0,35.0,0.7,50.0,35.0,0.7,5.0,1.0,10.0,1.0,18.0,0.8333333333333334,6.0,1.0,6.0,0.8333333333333334,50.0,29.0,0.58,50.0,29.0,0.58,5.0,0.2,10.0,0.4,26.0,0.5,9.0,0.3333333333333333,6.0,0.16666666666666666
LOLTMNT01_239496,2025,2025-05-03 07:14:56+00:00,LCK,2,Rounds 1-2,0,15.08,complete,,,Gen.G,oe:team:50f58982d91a36557ec8aec52ab014f,Dplus Kia,oe:team:ef69efa6acebe94107f0cf1ba716806,BLUE,1,0,BLUE,Gen.G,Varus,Vi,Gwen,Jayce,Ambessa,Viktor,Skarner,Sejuani,Kalista,Lillia,Corki,Ryze,Ezreal,Rakan,Kai'Sa,Ashe,Lulu,Nautilus,Leona,Renata Glasc,oe:team:50f58982d91a36557ec8aec52ab014f|oe:team:ef69efa6acebe94107f0cf1ba716806,2025_20250503_Dplus_Kia_vs_Gen_G_S3,"[""Rumble"", ""Azir"", ""Naafiri"", ""Xin Zhao"", ""Taliyah"", ""Ornn"", ""Jhin"", ""Alistar"", ""Rell"", ""Miss Fortune""]",10,False,51.0,36.0,0.7058823529411765,51.0,36.0,0.7058823529411765,5.0,1.0,10.0,1.0,19.0,0.8421052631578947,7.0,1.0,7.0,0.8571428571428571,51.0,29.0,0.5686274509803921,51.0,29.0,0.5686274509803921,5.0,0.2,10.0,0.3,27.0,0.48148148148148145,10.0,0.3,7.0,0.14285714285714285
LOLTMNT01_239535,2025,2025-05-03 08:29:23+00:00,LCK,1,Rounds 1-2,0,15.08,complete,,,Kiwoom DRX,oe:team:1d0389df0c5eea93b04122ba167c010,BNK FEARX,oe:team:5c2e7e9ea8dfcba0150d9a5619baecf,BLUE,1,0,BLUE,Kiwoom DRX,Varus,Vi,Naafiri,Azir,Poppy,Kalista,Gwen,Xin Zhao,Alistar,Taliyah,Aurora,Rumble,Rakan,Rell,Nautilus,Leona,Ezreal,Braum,Jhin,Kai'Sa,oe:team:1d0389df0c5eea93b04122ba167c010|oe:team:5c2e7e9ea8dfcba0150d9a5619baecf,2025_20250503_BNK_FEARX_vs_Kiwoom_DRX_S3,[],0,False,42.0,15.0,0.35714285714285715,42.0,15.0,0.35714285714285715,5.0,0.4,10.0,0.3,26.0,0.34615384615384615,7.0,0.2857142857142857,5.0,0.4,37.0,14.0,0.3783783783783784,37.0,14.0,0.3783783783783784,5.0,0.4,10.0,0.4,17.0,0.23529411764705882,7.0,0.2857142857142857,5.0,0.6
LOLTMNT01_240045,2025,2025-05-03 09:27:45+00:00,LCK,2,Rounds 1-2,0,15.08,complete,,,BNK FEARX,oe:team:5c2e7e9ea8dfcba0150d9a5619baecf,Kiwoom DRX,oe:team:1d0389df0c5eea93b04122ba167c010,BLUE,0,1,RED,Kiwoom DRX,Nocturne,Vi,Jayce,Ezreal,Lillia,Kalista,Skarner,Taliyah,Yorick,Varus,Ahri,Sion,Poppy,Rakan,Lucian,Rell,Alistar,Ashe,Milio,Viego,oe:team:1d0389df0c5eea93b04122ba167c010|oe:team:5c2e7e9ea8dfcba0150d9a5619baecf,2025_20250503_BNK_FEARX_vs_Kiwoom_DRX_S3,"[""Naafiri"", ""Azir"", ""Gwen"", ""Xin Zhao"", ""Aurora"", ""Rumble"", ""Nautilus"", ""Leona"", ""Jhin"", ""Kai'Sa""]",10,False,38.0,14.0,0.3684210526315789,38.0,14.0,0.3684210526315789,5.0,0.4,10.0,0.4,20.0,0.5,8.0,0.25,6.0,0.5,43.0,16.0,0.37209302325581395,43.0,16.0,0.37209302325581395,5.0,0.6,10.0,0.3,16.0,0.375,8.0,0.375,6.0,0.5
LOLTMNT01_240296,2025,2025-05-04 06:06:00+00:00,LCK,1,Rounds 1-2,0,15.08,complete,,,KT Rolster,oe:team:d723992568441c6bafa2658129eade7,T1,oe:team:ce499dea30cfce118f4fe85da0227e8,BLUE,0,1,RED,T1,Varus,Yone,Azir,Rumble,Taliyah,Vi,Jhin,Xin Zhao,Gwen,Kalista,Galio,Ahri,Rakan,Poppy,Rell,Lucian,Alistar,Naafiri,Viego,Braum,oe:team:ce499dea30cfce118f4fe85da0227e8|oe:team:d723992568441c6bafa2658129eade7,2025_20250504_KT_Rolster_vs_T1_S3,[],0,False,37.0,15.0,0.40540540540540543,37.0,15.0,0.40540540540540543,5.0,0.2,10.0,0.4,20.0,0.4,6.0,0.3333333333333333,5.0,0.2,43.0,26.0,0.6046511627906976,43.0,26.0,0.6046511627906976,5.0,0.6,10.0,0.5,23.0,0.391304347826087,8.0,0.625,5.0,0.8
LOLTMNT01_240300,2025,2025-05-04 06:59:50+00:00,LCK,2,Rounds 1-2,0,15.08,complete,,,KT Rolster,oe:team:d723992568441c6bafa2658129eade7,T1,oe:team:ce499dea30cfce118f4fe85da0227e8,BLUE,0,1,RED,T1,Varus,Yone,Kalista,Renata Glasc,Alistar,Taliyah,Elise,Vi,Gwen,Neeko,Sejuani,Ashe,Aurora,Sylas,Hwei,Viktor,Jayce,Yorick,Aatrox,Renekton,oe:team:ce499dea30cfce118f4fe85da0227e8|oe:team:d723992568441c6bafa2658129eade7,2025_20250504_KT_Rolster_vs_T1_S3,"[""Azir"", ""Rumble"", ""Jhin"", ""Xin Zhao"", ""Galio"", ""Ahri"", ""Rell"", ""Lucian"", ""Viego"", ""Braum""]",10,False,38.0,15.0,0.39473684210526316,38.0,15.0,0.39473684210526316,5.0,0.0,10.0,0.4,21.0,0.38095238095238093,7.0,0.2857142857142857,6.0,0.16666666666666666,44.0,27.0,0.6136363636363636,44.0,27.0,0.6136363636363636,5.0,0.8,10.0,0.6,24.0,0.4166666666666667,9.0,0.6666666666666666,6.0,0.8333333333333334
LOLTMNT01_239787,2025,2025-05-04 08:20:59+00:00,LCK,1,Rounds 1-2,0,15.08,complete,,,DN SOOPers,oe:team:b3c72a20aa56f5d28022ac04a7dc294,HANJIN BRION,oe:team:b77b3f6068e20a2b3edc0ecd3dc70d4,BLUE,0,1,RED,HANJIN BRION,Varus,Vi,Azir,Taliyah,Yone,Gwen,Pantheon,Xin Zhao,Rumble,Kalista,Jayce,Sion,Nautilus,Rakan,Kai'Sa,Braum,Ezreal,Alistar,Neeko,Ashe,oe:team:b3c72a20aa56f5d28022ac04a7dc294|oe:team:b77b3f6068e20a2b3edc0ecd3dc70d4,2025_20250504_DN_SOOPers_vs_HANJIN_BRION_S2,[],0,False,35.0,7.0,0.2,35.0,7.0,0.2,5.0,0.2,10.0,0.1,21.0,0.2857142857142857,7.0,0.14285714285714285,3.0,0.3333333333333333,37.0,12.0,0.32432432432432434,37.0,12.0,0.32432432432432434,5.0,0.4,10.0,0.3,15.0,0.2,8.0,0.375,3.0,0.6666666666666666
LOLTMNT01_240332,2025,2025-05-04 09:15:31+00:00,LCK,2,Rounds 1-2,0,15.08,complete,,,DN SOOPers,oe:team:b3c72a20aa56f5d28022ac04a7dc294,HANJIN BRION,oe:team:b77b3f6068e20a2b3edc0ecd3dc70d4,BLUE,1,0,BLUE,DN SOOPers,Yone,Vi,Rumble,Aurora,Naafiri,Gwen,Wukong,Nocturne,Varus,Kalista,Ahri,Yorick,Ezreal,Alistar,Xayah,Rakan,Poppy,Lulu,Rell,Zeri,oe:team:b3c72a20aa56f5d28022ac04a7dc294|oe:team:b77b3f6068e20a2b3edc0ecd3dc70d4,2025_20250504_DN_SOOPers_vs_HANJIN_BRION_S2,"[""Azir"", ""Taliyah"", ""Pantheon"", ""Xin Zhao"", ""Jayce"", ""Sion"", ""Kai'Sa"", ""Braum"", ""Neeko"", ""Ashe""]",10,False,36.0,7.0,0.19444444444444445,36.0,7.0,0.19444444444444445,5.0,0.0,10.0,0.1,22.0,0.2727272727272727,8.0,0.125,4.0,0.25,38.0,13.0,0.34210526315789475,38.0,13.0,0.34210526315789475,5.0,0.6,10.0,0.4,16.0,0.25,9.0,0.4444444444444444,4.0,0.75
LOLTMNT01_240336,2025,2025-05-04 10:11:37+00:00,LCK,3,Rounds 1-2,0,15.08,complete,,,HANJIN BRION,oe:team:b77b3f6068e20a2b3edc0ecd3dc70d4,DN SOOPers,oe:team:b3c72a20aa56f5d28022ac04a7dc294,BLUE,1,0,BLUE,HANJIN BRION,Kalista,Vi,Naafiri,Lillia,Orianna,Yone,Viktor,Renekton,Varus,Gwen,Miss Fortune,Hwei,Jhin,Ornn,Poppy,Alistar,Caitlyn,Nautilus,Aatrox,Ezreal,oe:team:b3c72a20aa56f5d28022ac04a7dc294|oe:team:b77b3f6068e20a2b3edc0ecd3dc70d4,2025_20250504_DN_SOOPers_vs_HANJIN_BRION_S2,"[""Azir"", ""Taliyah"", ""Pantheon"", ""Xin Zhao"", ""Jayce"", ""Sion"", ""Kai'Sa"", ""Braum"", ""Neeko"", ""Ashe"", ""Rumble"", ""Aurora"", ""Wukong"", ""Nocturne"", ""Ahri"", ""Yorick"", ""Xayah"", ""Rakan"", ""Rell"", ""Zeri""]",20,False,39.0,13.0,0.3333333333333333,39.0,13.0,0.3333333333333333,5.0,0.4,10.0,0.4,22.0,0.4090909090909091,10.0,0.4,5.0,0.6,37.0,8.0,0.21621621621621623,37.0,8.0,0.21621621621621623,5.0,0.2,10.0,0.2,14.0,0.07142857142857142,9.0,0.2222222222222222,5.0,0.4
LOLTMNT02_257604,2025,2025-05-07 08:03:23+00:00,LCK,1,Rounds 1-2,0,15.09,complete,,,BNK FEARX,oe:team:5c2e7e9ea8dfcba0150d9a5619baecf,HANJIN BRION,oe:team:b77b3f6068e20a2b3edc0ecd3dc70d4,BLUE,1,0,BLUE,BNK FEARX,Yone,Vi,Naafiri,Gwen,Taliyah,Ryze,Rumble,Ahri,Xin Zhao,Azir,Annie,Wukong,Poppy,Xayah,Ezreal,Varus,Alistar,Kalista,Leona,Braum,oe:team:5c2e7e9ea8dfcba0150d9a5619baecf|oe:team:b77b3f6068e20a2b3edc0ecd3dc70d4,2025_20250507_BNK_FEARX_vs_HANJIN_BRION_S2,[],0,False,39.0,14.0,0.358974358974359,39.0,14.0,0.358974358974359,5.0,0.2,10.0,0.3,21.0,0.47619047619047616,0.0,,3.0,0.6666666666666666,40.0,14.0,0.35,40.0,14.0,0.35,5.0,0.6,10.0,0.5,17.0,0.23529411764705882,0.0,,3.0,0.3333333333333333
LOLTMNT02_258642,2025,2025-05-07 08:53:24+00:00,LCK,2,Rounds 1-2,0,15.09,complete,,,HANJIN BRION,oe:team:b77b3f6068e20a2b3edc0ecd3dc70d4,BNK FEARX,oe:team:5c2e7e9ea8dfcba0150d9a5619baecf,BLUE,1,0,BLUE,HANJIN BRION,Kalista,Yone,Vi,Taliyah,Lucian,Aurora,Viktor,Xin Zhao,Skarner,Azir,Sion,Xayah,Shen,Poppy,Miss Fortune,Alistar,Rakan,Lulu,Nautilus,Ambessa,oe:team:5c2e7e9ea8dfcba0150d9a5619baecf|oe:team:b77b3f6068e20a2b3edc0ecd3dc70d4,2025_20250507_BNK_FEARX_vs_HANJIN_BRION_S2,"[""Naafiri"", ""Gwen"", ""Rumble"", ""Ahri"", ""Annie"", ""Wukong"", ""Ezreal"", ""Varus"", ""Leona"", ""Braum""]",10,False,41.0,14.0,0.34146341463414637,41.0,14.0,0.34146341463414637,5.0,0.4,10.0,0.5,23.0,0.43478260869565216,1.0,0.0,4.0,0.25,40.0,15.0,0.375,40.0,15.0,0.375,5.0,0.2,10.0,0.3,18.0,0.2222222222222222,1.0,1.0,4.0,0.75
LOLTMNT02_258663,2025,2025-05-07 09:44:51+00:00,LCK,3,Rounds 1-2,0,15.09,complete,,,BNK FEARX,oe:team:5c2e7e9ea8dfcba0150d9a5619baecf,HANJIN BRION,oe:team:b77b3f6068e20a2b3edc0ecd3dc70d4,BLUE,1,0,BLUE,BNK FEARX,Yone,Kalista,Ryze,Nocturne,Aurora,Lucian,Jayce,Orianna,Ashe,Azir,Skarner,Yorick,Jhin,Lulu,Jinx,Kai'Sa,Rakan,Elise,Tahm Kench,Neeko,oe:team:5c2e7e9ea8dfcba0150d9a5619baecf|oe:team:b77b3f6068e20a2b3edc0ecd3dc70d4,2025_20250507_BNK_FEARX_vs_HANJIN_BRION_S2,"[""Naafiri"", ""Gwen"", ""Rumble"", ""Ahri"", ""Annie"", ""Wukong"", ""Ezreal"", ""Varus"", ""Leona"", ""Braum"", ""Vi"", ""Taliyah"", ""Viktor"", ""Xin Zhao"", ""Sion"", ""Xayah"", ""Miss Fortune"", ""Alistar"", ""Nautilus"", ""Ambessa""]",20,False,41.0,15.0,0.36585365853658536,41.0,15.0,0.36585365853658536,5.0,0.2,10.0,0.3,22.0,0.5,2.0,0.5,5.0,0.6,42.0,15.0,0.35714285714285715,42.0,15.0,0.35714285714285715,5.0,0.6,10.0,0.5,18.0,0.2222222222222222,2.0,0.5,5.0,0.4
LOLTMNT02_258702,2025,2025-05-07 11:02:40+00:00,LCK,1,Rounds 1-2,0,15.09,complete,,,Dplus Kia,oe:team:ef69efa6acebe94107f0cf1ba716806,KT Rolster,oe:team:d723992568441c6bafa2658129eade7,BLUE,0,1,RED,KT Rolster,Kalista,Vi,Azir,Rumble,Taliyah,Xin Zhao,Ambessa,Yone,Gwen,Naafiri,Pantheon,Nidalee,Jhin,Poppy,Miss Fortune,Alistar,Neeko,Ezreal,Rakan,Varus,oe:team:d723992568441c6bafa2658129eade7|oe:team:ef69efa6acebe94107f0cf1ba716806,2025_20250507_Dplus_Kia_vs_KT_Rolster_S2,[],0,False,52.0,29.0,0.5576923076923077,52.0,29.0,0.5576923076923077,5.0,0.2,10.0,0.3,24.0,0.6666666666666666,0.0,,2.0,1.0,39.0,15.0,0.38461538461538464,39.0,15.0,0.38461538461538464,5.0,0.0,10.0,0.4,17.0,0.4117647058823529,0.0,,2.0,0.0
LOLTMNT02_258765,2025,2025-05-07 12:07:43+00:00,LCK,2,Rounds 1-2,0,15.09,complete,,,Dplus Kia,oe:team:ef69efa6acebe94107f0cf1ba716806,KT Rolster,oe:team:d723992568441c6bafa2658129eade7,BLUE,0,1,RED,KT Rolster,Kalista,Vi,Lillia,Gwen,Nocturne,Xin Zhao,Jayce,Ryze,Galio,Naafiri,Corki,Wukong,Ashe,Ezreal,Kai'Sa,Leona,Braum,Poppy,Rell,Jhin,oe:team:d723992568441c6bafa2658129eade7|oe:team:ef69efa6acebe94107f0cf1ba716806,2025_20250507_Dplus_Kia_vs_KT_Rolster_S2,"[""Azir"", ""Rumble"", ""Ambessa"", ""Yone"", ""Pantheon"", ""Nidalee"", ""Miss Fortune"", ""Alistar"", ""Rakan"", ""Varus""]",10,False,53.0,29.0,0.5471698113207547,53.0,29.0,0.5471698113207547,5.0,0.0,10.0,0.2,25.0,0.64,1.0,0.0,3.0,0.6666666666666666,40.0,16.0,0.4,40.0,16.0,0.4,5.0,0.2,10.0,0.4,18.0,0.4444444444444444,1.0,1.0,3.0,0.3333333333333333
LOLTMNT02_260233,2025,2025-05-08 08:06:11+00:00,LCK,1,Rounds 1-2,0,15.09,complete,,,T1,oe:team:ce499dea30cfce118f4fe85da0227e8,Kiwoom DRX,oe:team:1d0389df0c5eea93b04122ba167c010,BLUE,1,0,BLUE,T1,Taliyah,Vi,Viktor,Naafiri,Gwen,Xin Zhao,Pantheon,Rumble,Kalista,Azir,Jayce,Annie,Varus,Tahm Kench,Xayah,Alistar,Miss Fortune,Rakan,Gragas,Jhin,oe:team:1d0389df0c5eea93b04122ba167c010|oe:team:ce499dea30cfce118f4fe85da0227e8,2025_20250508_Kiwoom_DRX_vs_T1_S3,[],0,False,45.0,28.0,0.6222222222222222,45.0,28.0,0.6222222222222222,5.0,0.8,10.0,0.7,20.0,0.85,0.0,,4.0,1.0,44.0,17.0,0.38636363636363635,44.0,17.0,0.38636363636363635,5.0,0.8,10.0,0.4,17.0,0.4117647058823529,0.0,,4.0,0.0
LOLTMNT02_259265,2025,2025-05-08 09:02:20+00:00,LCK,2,Rounds 1-2,0,15.09,complete,,,Kiwoom DRX,oe:team:1d0389df0c5eea93b04122ba167c010,T1,oe:team:ce499dea30cfce118f4fe85da0227e8,BLUE,0,1,RED,T1,Azir,Gwen,Taliyah,Ahri,Kalista,Vi,Ezreal,Miss Fortune,Varus,Xin Zhao,Leona,Nocturne,Rakan,Ambessa,Viego,Nautilus,Rell,Wukong,Sion,Camille,oe:team:1d0389df0c5eea93b04122ba167c010|oe:team:ce499dea30cfce118f4fe85da0227e8,2025_20250508_Kiwoom_DRX_vs_T1_S3,"[""Viktor"", ""Naafiri"", ""Pantheon"", ""Rumble"", ""Jayce"", ""Annie"", ""Xayah"", ""Alistar"", ""Gragas"", ""Jhin""]",10,False,45.0,17.0,0.37777777777777777,45.0,17.0,0.37777777777777777,5.0,0.6,10.0,0.4,27.0,0.37037037037037035,1.0,0.0,5.0,0.0,46.0,29.0,0.6304347826086957,46.0,29.0,0.6304347826086957,5.0,1.0,10.0,0.7,25.0,0.44,1.0,1.0,5.0,1.0
LOLTMNT02_260299,2025,2025-05-08 10:16:11+00:00,LCK,1,Rounds 1-2,0,15.09,complete,,,Nongshim RedForce,oe:team:5cd2cd09ec94296f605dd13a2924d6c,Gen.G,oe:team:50f58982d91a36557ec8aec52ab014f,BLUE,0,1,RED,Gen.G,Varus,Vi,Azir,Xin Zhao,Taliyah,Gwen,Poppy,Jayce,Viktor,Sejuani,Rumble,Ahri,Miss Fortune,Kalista,Zeri,Ezreal,Braum,Rakan,Alistar,Nautilus,oe:team:50f58982d91a36557ec8aec52ab014f|oe:team:5cd2cd09ec94296f605dd13a2924d6c,2025_20250508_Gen_G_vs_Nongshim_RedForce_S3,[],0,False,53.0,28.0,0.5283018867924528,53.0,28.0,0.5283018867924528,5.0,0.4,10.0,0.6,24.0,0.5416666666666666,0.0,,7.0,0.2857142857142857,52.0,37.0,0.7115384615384616,52.0,37.0,0.7115384615384616,5.0,1.0,10.0,1.0,32.0,0.625,0.0,,7.0,0.7142857142857143
LOLTMNT02_259331,2025,2025-05-08 11:06:28+00:00,LCK,2,Rounds 1-2,0,15.09,complete,,,Nongshim RedForce,oe:team:5cd2cd09ec94296f605dd13a2924d6c,Gen.G,oe:team:50f58982d91a36557ec8aec52ab014f,BLUE,0,1,RED,Gen.G,Naafiri,Vi,Varus,Renata Glasc,Taliyah,Gwen,Elise,Kalista,Nidalee,Yone,Viktor,Galio,Skarner,Sion,Sejuani,Pantheon,Nocturne,Renekton,Yorick,Camille,oe:team:50f58982d91a36557ec8aec52ab014f|oe:team:5cd2cd09ec94296f605dd13a2924d6c,2025_20250508_Gen_G_vs_Nongshim_RedForce_S3,"[""Azir"", ""Xin Zhao"", ""Poppy"", ""Jayce"", ""Rumble"", ""Ahri"", ""Zeri"", ""Ezreal"", ""Alistar"", ""Nautilus""]",10,False,54.0,28.0,0.5185185185185185,54.0,28.0,0.5185185185185185,5.0,0.4,10.0,0.6,25.0,0.52,1.0,0.0,8.0,0.25,53.0,38.0,0.7169811320754716,53.0,38.0,0.7169811320754716,5.0,1.0,10.0,1.0,33.0,0.6363636363636364,1.0,1.0,8.0,0.75
LOLTMNT02_259995,2025,2025-05-09 08:06:29+00:00,LCK,1,Rounds 1-2,0,15.09,complete,,,DN SOOPers,oe:team:b3c72a20aa56f5d28022ac04a7dc294,KT Rolster,oe:team:d723992568441c6bafa2658129eade7,BLUE,0,1,RED,KT Rolster,Azir,Vi,Rumble,Jayce,Neeko,Naafiri,Pantheon,Yone,Xin Zhao,Kalista,Taliyah,Nidalee,Varus,Ezreal,Xayah,Alistar,Nautilus,Jhin,Rakan,Ashe,oe:team:b3c72a20aa56f5d28022ac04a7dc294|oe:team:d723992568441c6bafa2658129eade7,2025_20250509_DN_SOOPers_vs_KT_Rolster_S3,[],0,False,38.0,8.0,0.21052631578947367,38.0,8.0,0.21052631578947367,5.0,0.2,10.0,0.2,23.0,0.30434782608695654,0.0,,5.0,0.2,41.0,17.0,0.4146341463414634,41.0,17.0,0.4146341463414634,5.0,0.4,10.0,0.4,19.0,0.47368421052631576,2.0,1.0,5.0,0.8
LOLTMNT02_261033,2025,2025-05-09 08:56:03+00:00,LCK,2,Rounds 1-2,0,15.09,complete,,,DN SOOPers,oe:team:b3c72a20aa56f5d28022ac04a7dc294,KT Rolster,oe:team:d723992568441c6bafa2658129eade7,BLUE,0,1,RED,KT Rolster,Azir,Vi,Varus,Yorick,Neeko,Naafiri,Viktor,Ryze,Gwen,Xin Zhao,Aatrox,Wukong,Miss Fortune,Sejuani,Nautilus,Jhin,Kalista,Lillia,Skarner,Leona,oe:team:b3c72a20aa56f5d28022ac04a7dc294|oe:team:d723992568441c6bafa2658129eade7,2025_20250509_DN_SOOPers_vs_KT_Rolster_S3,"[""Rumble"", ""Jayce"", ""Pantheon"", ""Yone"", ""Taliyah"", ""Nidalee"", ""Xayah"", ""Alistar"", ""Rakan"", ""Ashe""]",10,False,39.0,8.0,0.20512820512820512,39.0,8.0,0.20512820512820512,5.0,0.2,10.0,0.2,24.0,0.2916666666666667,1.0,0.0,6.0,0.16666666666666666,42.0,18.0,0.42857142857142855,42.0,18.0,0.42857142857142855,5.0,0.6,10.0,0.4,20.0,0.5,3.0,1.0,6.0,0.8333333333333334
LOLTMNT02_260974,2025,2025-05-09 10:06:12+00:00,LCK,1,Rounds 1-2,0,15.09,complete,,,HANJIN BRION,oe:team:b77b3f6068e20a2b3edc0ecd3dc70d4,Hanwha Life Esports,oe:team:3a1d18f46bcb3716ebcfcf4ef068934,BLUE,0,1,RED,Hanwha Life Esports,Jayce,Vi,Azir,Gwen,Xin Zhao,Rumble,Ambessa,Pantheon,Yone,Poppy,Varus,Taliyah,Alistar,Braum,Trundle,Kalista,Rakan,Sejuani,Neeko,Renata Glasc,oe:team:3a1d18f46bcb3716ebcfcf4ef068934|oe:team:b77b3f6068e20a2b3edc0ecd3dc70d4,2025_20250509_HANJIN_BRION_vs_Hanwha_Life_Esports_S2,[],0,False,43.0,15.0,0.3488372093023256,43.0,15.0,0.3488372093023256,5.0,0.4,10.0,0.5,24.0,0.4583333333333333,3.0,0.3333333333333333,2.0,0.0,56.0,39.0,0.6964285714285714,56.0,39.0,0.6964285714285714,5.0,1.0,10.0,0.9,31.0,0.6129032258064516,0.0,,2.0,1.0
LOLTMNT02_260988,2025,2025-05-09 10:58:34+00:00,LCK,2,Rounds 1-2,0,15.09,complete,,,HANJIN BRION,oe:team:b77b3f6068e20a2b3edc0ecd3dc70d4,Hanwha Life Esports,oe:team:3a1d18f46bcb3716ebcfcf4ef068934,BLUE,0,1,RED,Hanwha Life Esports,Xin Zhao,Vi,Naafiri,Sejuani,Jayce,Rumble,Ahri,Nidalee,Wukong,Poppy,Miss Fortune,Yone,Rakan,Sion,Braum,Ezreal,Alistar,Rell,Yorick,Karma,oe:team:3a1d18f46bcb3716ebcfcf4ef068934|oe:team:b77b3f6068e20a2b3edc0ecd3dc70d4,2025_20250509_HANJIN_BRION_vs_Hanwha_Life_Esports_S2,"[""Azir"", ""Gwen"", ""Ambessa"", ""Pantheon"", ""Varus"", ""Taliyah"", ""Trundle"", ""Kalista"", ""Neeko"", ""Renata Glasc""]",10,False,44.0,15.0,0.3409090909090909,44.0,15.0,0.3409090909090909,5.0,0.4,10.0,0.4,25.0,0.44,4.0,0.25,3.0,0.0,57.0,40.0,0.7017543859649122,57.0,40.0,0.7017543859649122,5.0,1.0,10.0,0.9,32.0,0.625,1.0,1.0,3.0,1.0
LOLTMNT02_262700,2025,2025-05-10 06:05:23+00:00,LCK,1,Rounds 1-2,0,15.09,complete,,,Dplus Kia,oe:team:ef69efa6acebe94107f0cf1ba716806,T1,oe:team:ce499dea30cfce118f4fe85da0227e8,BLUE,0,1,RED,T1,Kalista,Vi,Naafiri,Pantheon,Poppy,Xin Zhao,Ahri,Azir,Varus,Taliyah,Rumble,Jhin,Neeko,Ezreal,Kai'Sa,Gwen,Alistar,Rakan,Leona,Rell,oe:team:ce499dea30cfce118f4fe85da0227e8|oe:team:ef69efa6acebe94107f0cf1ba716806,2025_20250510_Dplus_Kia_vs_T1_S3,[],0,False,54.0,29.0,0.5370370370370371,54.0,29.0,0.5370370370370371,5.0,0.0,10.0,0.2,26.0,0.6153846153846154,2.0,0.0,6.0,0.5,47.0,30.0,0.6382978723404256,47.0,30.0,0.6382978723404256,5.0,1.0,10.0,0.8,26.0,0.46153846153846156,2.0,1.0,6.0,0.5
LOLTMNT02_261703,2025,2025-05-10 06:57:01+00:00,LCK,2,Rounds 1-2,0,15.09,complete,,,Dplus Kia,oe:team:ef69efa6acebe94107f0cf1ba716806,T1,oe:team:ce499dea30cfce118f4fe85da0227e8,BLUE,0,1,RED,T1,Kalista,Vi,Varus,Taliyah,Viktor,Xin Zhao,Ryze,Sejuani,Lillia,Jayce,Wukong,Camille,Xayah,Jax,K'Sante,Alistar,Lucian,Poppy,Braum,Miss Fortune,oe:team:ce499dea30cfce118f4fe85da0227e8|oe:team:ef69efa6acebe94107f0cf1ba716806,2025_20250510_Dplus_Kia_vs_T1_S3,"[""Naafiri"", ""Pantheon"", ""Ahri"", ""Azir"", ""Rumble"", ""Jhin"", ""Kai'Sa"", ""Gwen"", ""Leona"", ""Rell""]",10,False,55.0,29.0,0.5272727272727272,55.0,29.0,0.5272727272727272,5.0,0.0,10.0,0.1,27.0,0.5925925925925926,3.0,0.0,7.0,0.42857142857142855,48.0,31.0,0.6458333333333334,48.0,31.0,0.6458333333333334,5.0,1.0,10.0,0.8,27.0,0.48148148148148145,3.0,1.0,7.0,0.5714285714285714
LOLTMNT02_262780,2025,2025-05-10 08:12:35+00:00,LCK,1,Rounds 1-2,0,15.09,complete,,,Gen.G,oe:team:50f58982d91a36557ec8aec52ab014f,BNK FEARX,oe:team:5c2e7e9ea8dfcba0150d9a5619baecf,BLUE,1,0,BLUE,Gen.G,Varus,Vi,Pantheon,Azir,Naafiri,Xin Zhao,Ahri,Gwen,Kalista,Taliyah,Jayce,Ezreal,Skarner,Jhin,Xayah,Wukong,Karma,Miss Fortune,Rakan,Leona,oe:team:50f58982d91a36557ec8aec52ab014f|oe:team:5c2e7e9ea8dfcba0150d9a5619baecf,2025_20250510_BNK_FEARX_vs_Gen_G_S3,[],0,False,54.0,39.0,0.7222222222222222,54.0,39.0,0.7222222222222222,5.0,1.0,10.0,1.0,20.0,0.85,2.0,1.0,5.0,0.8,42.0,16.0,0.38095238095238093,42.0,16.0,0.38095238095238093,5.0,0.4,10.0,0.4,19.0,0.21052631578947367,3.0,0.6666666666666666,5.0,0.2
LOLTMNT02_262815,2025,2025-05-10 09:10:05+00:00,LCK,2,Rounds 1-2,0,15.09,complete,,,BNK FEARX,oe:team:5c2e7e9ea8dfcba0150d9a5619baecf,Gen.G,oe:team:50f58982d91a36557ec8aec52ab014f,BLUE,0,1,RED,Gen.G,Viktor,Vi,Naafiri,Rumble,Xin Zhao,Taliyah,Lucian,Zed,Nidalee,Kalista,Nami,Galio,Varus,Ornn,Sylas,Zeri,Miss Fortune,Sion,Aurora,Lulu,oe:team:50f58982d91a36557ec8aec52ab014f|oe:team:5c2e7e9ea8dfcba0150d9a5619baecf,2025_20250510_BNK_FEARX_vs_Gen_G_S3,"[""Pantheon"", ""Azir"", ""Ahri"", ""Gwen"", ""Jayce"", ""Ezreal"", ""Xayah"", ""Wukong"", ""Rakan"", ""Leona""]",10,False,43.0,16.0,0.37209302325581395,43.0,16.0,0.37209302325581395,5.0,0.4,10.0,0.4,23.0,0.5217391304347826,4.0,0.5,6.0,0.16666666666666666,55.0,40.0,0.7272727272727273,55.0,40.0,0.7272727272727273,5.0,1.0,10.0,1.0,34.0,0.6470588235294118,3.0,1.0,6.0,0.8333333333333334
LOLTMNT02_263347,2025,2025-05-11 06:05:43+00:00,LCK,1,Rounds 1-2,0,15.09,complete,,,Nongshim RedForce,oe:team:5cd2cd09ec94296f605dd13a2924d6c,DN SOOPers,oe:team:b3c72a20aa56f5d28022ac04a7dc294,BLUE,1,0,BLUE,Nongshim RedForce,Rumble,Vi,Taliyah,Yone,Kalista,Poppy,Pantheon,Sejuani,Varus,Jayce,Gwen,Ambessa,Kai'Sa,Alistar,Ezreal,Miss Fortune,Braum,Elise,Leona,Neeko,oe:team:5cd2cd09ec94296f605dd13a2924d6c|oe:team:b3c72a20aa56f5d28022ac04a7dc294,2025_20250511_DN_SOOPers_vs_Nongshim_RedForce_S3,[],0,False,55.0,28.0,0.509090909090909,55.0,28.0,0.509090909090909,5.0,0.2,10.0,0.5,26.0,0.5,2.0,0.0,4.0,0.5,40.0,8.0,0.2,40.0,8.0,0.2,5.0,0.2,10.0,0.2,15.0,0.06666666666666667,2.0,0.0,4.0,0.5
LOLTMNT02_263369,2025,2025-05-11 07:10:44+00:00,LCK,2,Rounds 1-2,0,15.09,complete,,,DN SOOPers,oe:team:b3c72a20aa56f5d28022ac04a7dc294,Nongshim RedForce,oe:team:5cd2cd09ec94296f605dd13a2924d6c,BLUE,1,0,BLUE,DN SOOPers,Varus,Kalista,Rumble,Xin Zhao,Jayce,Vi,Wukong,Kai'Sa,Azir,Xayah,Ryze,Ahri,Elise,Braum,Lucian,Nautilus,Aurora,Renata Glasc,Sett,Anivia,oe:team:5cd2cd09ec94296f605dd13a2924d6c|oe:team:b3c72a20aa56f5d28022ac04a7dc294,2025_20250511_DN_SOOPers_vs_Nongshim_RedForce_S3,"[""Taliyah"", ""Yone"", ""Pantheon"", ""Sejuani"", ""Gwen"", ""Ambessa"", ""Ezreal"", ""Miss Fortune"", ""Leona"", ""Neeko""]",10,False,41.0,8.0,0.1951219512195122,41.0,8.0,0.1951219512195122,5.0,0.2,10.0,0.1,25.0,0.28,3.0,0.0,5.0,0.4,56.0,29.0,0.5178571428571429,56.0,29.0,0.5178571428571429,5.0,0.2,10.0,0.5,29.0,0.5172413793103449,3.0,0.3333333333333333,5.0,0.6
LOLTMNT02_263396,2025,2025-05-11 07:59:03+00:00,LCK,3,Rounds 1-2,0,15.09,complete,,,Nongshim RedForce,oe:team:5cd2cd09ec94296f605dd13a2924d6c,DN SOOPers,oe:team:b3c72a20aa56f5d28022ac04a7dc294,BLUE,0,1,RED,DN SOOPers,Kalista,Vi,Jayce,Xayah,Hwei,Azir,Lulu,Rakan,Alistar,Varus,Jinx,Nocturne,Orianna,Poppy,Sylas,Annie,Aurora,Galio,Maokai,Sion,oe:team:5cd2cd09ec94296f605dd13a2924d6c|oe:team:b3c72a20aa56f5d28022ac04a7dc294,2025_20250511_DN_SOOPers_vs_Nongshim_RedForce_S3,"[""Taliyah"", ""Yone"", ""Pantheon"", ""Sejuani"", ""Gwen"", ""Ambessa"", ""Ezreal"", ""Miss Fortune"", ""Leona"", ""Neeko"", ""Rumble"", ""Xin Zhao"", ""Wukong"", ""Kai'Sa"", ""Ryze"", ""Ahri"", ""Lucian"", ""Nautilus"", ""Sett"", ""Anivia""]",20,False,57.0,29.0,0.5087719298245614,57.0,29.0,0.5087719298245614,5.0,0.2,10.0,0.4,27.0,0.5185185185185185,4.0,0.25,6.0,0.5,42.0,9.0,0.21428571428571427,42.0,9.0,0.21428571428571427,5.0,0.2,10.0,0.2,16.0,0.0625,4.0,0.25,6.0,0.5
LOLTMNT02_264288,2025,2025-05-11 09:23:56+00:00,LCK,1,Rounds 1-2,0,15.09,complete,,,Hanwha Life Esports,oe:team:3a1d18f46bcb3716ebcfcf4ef068934,Kiwoom DRX,oe:team:1d0389df0c5eea93b04122ba167c010,BLUE,1,0,BLUE,Hanwha Life Esports,Naafiri,Vi,Xin Zhao,Pantheon,Taliyah,Yone,Gwen,Ryze,Poppy,Azir,Ahri,Aurora,Kalista,Varus,Jhin,Miss Fortune,Alistar,Rakan,Rell,Neeko,oe:team:1d0389df0c5eea93b04122ba167c010|oe:team:3a1d18f46bcb3716ebcfcf4ef068934,2025_20250511_Hanwha_Life_Esports_vs_Kiwoom_DRX_S4,[],0,False,58.0,41.0,0.7068965517241379,58.0,41.0,0.7068965517241379,5.0,1.0,10.0,0.9,25.0,0.8,2.0,1.0,6.0,1.0,46.0,17.0,0.3695652173913043,46.0,17.0,0.3695652173913043,5.0,0.6,10.0,0.4,18.0,0.3888888888888889,2.0,0.0,6.0,0.0
LOLTMNT02_263459,2025,2025-05-11 10:14:45+00:00,LCK,2,Rounds 1-2,0,15.09,complete,,,Kiwoom DRX,oe:team:1d0389df0c5eea93b04122ba167c010,Hanwha Life Esports,oe:team:3a1d18f46bcb3716ebcfcf4ef068934,BLUE,0,1,RED,Hanwha Life Esports,Yone,Vi,Azir,Kalista,Rumble,Naafiri,Jayce,Renata Glasc,Sylas,Taliyah,Varus,Viktor,Sejuani,Viego,Poppy,Skarner,Nocturne,Elise,Karma,Nidalee,oe:team:1d0389df0c5eea93b04122ba167c010|oe:team:3a1d18f46bcb3716ebcfcf4ef068934,2025_20250511_Hanwha_Life_Esports_vs_Kiwoom_DRX_S4,"[""Xin Zhao"", ""Pantheon"", ""Gwen"", ""Ryze"", ""Ahri"", ""Aurora"", ""Jhin"", ""Miss Fortune"", ""Rell"", ""Neeko""]",10,False,47.0,17.0,0.3617021276595745,47.0,17.0,0.3617021276595745,5.0,0.4,10.0,0.4,28.0,0.35714285714285715,3.0,0.0,7.0,0.0,59.0,42.0,0.711864406779661,59.0,42.0,0.711864406779661,5.0,1.0,10.0,0.9,33.0,0.6363636363636364,3.0,1.0,7.0,1.0
LOLTMNT02_265983,2025,2025-05-14 08:04:35+00:00,LCK,1,Rounds 1-2,0,15.09,complete,,,BNK FEARX,oe:team:5c2e7e9ea8dfcba0150d9a5619baecf,Nongshim RedForce,oe:team:5cd2cd09ec94296f605dd13a2924d6c,BLUE,1,0,BLUE,BNK FEARX,Yone,Vi,Azir,Jayce,Taliyah,Sion,Rumble,Pantheon,Gwen,Varus,Xin Zhao,Ahri,Elise,Xayah,Kai'Sa,Kalista,Alistar,Ezreal,Neeko,Shen,oe:team:5c2e7e9ea8dfcba0150d9a5619baecf|oe:team:5cd2cd09ec94296f605dd13a2924d6c,2025_20250514_BNK_FEARX_vs_Nongshim_RedForce_S3,[],0,False,44.0,16.0,0.36363636363636365,44.0,16.0,0.36363636363636365,5.0,0.4,10.0,0.3,24.0,0.5,5.0,0.4,4.0,0.0,58.0,29.0,0.5,58.0,29.0,0.5,5.0,0.2,10.0,0.3,30.0,0.5,5.0,0.2,4.0,1.0
LOLTMNT02_265989,2025,2025-05-14 08:57:26+00:00,LCK,2,Rounds 1-2,0,15.09,complete,,,Nongshim RedForce,oe:team:5cd2cd09ec94296f605dd13a2924d6c,BNK FEARX,oe:team:5c2e7e9ea8dfcba0150d9a5619baecf,BLUE,1,0,BLUE,Nongshim RedForce,Naafiri,Vi,Yone,Sion,Ryze,Gwen,Sejuani,Lucian,Ashe,Varus,Elise,Milio,Lillia,Camille,Miss Fortune,Maokai,Annie,Jax,Aatrox,Tristana,oe:team:5c2e7e9ea8dfcba0150d9a5619baecf|oe:team:5cd2cd09ec94296f605dd13a2924d6c,2025_20250514_BNK_FEARX_vs_Nongshim_RedForce_S3,"[""Azir"", ""Jayce"", ""Rumble"", ""Pantheon"", ""Xin Zhao"", ""Ahri"", ""Kai'Sa"", ""Kalista"", ""Neeko"", ""Shen""]",10,False,59.0,29.0,0.4915254237288136,59.0,29.0,0.4915254237288136,5.0,0.2,10.0,0.3,28.0,0.5,6.0,0.16666666666666666,5.0,0.8,45.0,17.0,0.37777777777777777,45.0,17.0,0.37777777777777777,5.0,0.4,10.0,0.3,20.0,0.2,6.0,0.5,5.0,0.2
LOLTMNT02_265995,2025,2025-05-14 09:46:11+00:00,LCK,3,Rounds 1-2,0,15.09,complete,,,BNK FEARX,oe:team:5c2e7e9ea8dfcba0150d9a5619baecf,Nongshim RedForce,oe:team:5cd2cd09ec94296f605dd13a2924d6c,BLUE,0,1,RED,Nongshim RedForce,Nidalee,Vi,Gwen,Poppy,Yorick,Naafiri,Nocturne,Ryze,Taliyah,Varus,Annie,Ambessa,Alistar,Zeri,Jinx,Xayah,Ezreal,Ashe,Lulu,Blitzcrank,oe:team:5c2e7e9ea8dfcba0150d9a5619baecf|oe:team:5cd2cd09ec94296f605dd13a2924d6c,2025_20250514_BNK_FEARX_vs_Nongshim_RedForce_S3,"[""Azir"", ""Jayce"", ""Rumble"", ""Pantheon"", ""Xin Zhao"", ""Ahri"", ""Kai'Sa"", ""Kalista"", ""Neeko"", ""Shen"", ""Yone"", ""Sion"", ""Sejuani"", ""Lucian"", ""Elise"", ""Milio"", ""Miss Fortune"", ""Maokai"", ""Aatrox"", ""Tristana""]",20,False,46.0,17.0,0.3695652173913043,46.0,17.0,0.3695652173913043,5.0,0.4,10.0,0.3,25.0,0.52,7.0,0.42857142857142855,6.0,0.16666666666666666,60.0,30.0,0.5,60.0,30.0,0.5,5.0,0.4,10.0,0.3,31.0,0.4838709677419355,7.0,0.2857142857142857,6.0,0.8333333333333334
LOLTMNT02_266810,2025,2025-05-14 10:57:54+00:00,LCK,1,Rounds 1-2,0,15.09,complete,,,Kiwoom DRX,oe:team:1d0389df0c5eea93b04122ba167c010,Dplus Kia,oe:team:ef69efa6acebe94107f0cf1ba716806,BLUE,0,1,RED,Dplus Kia,Rumble,Vi,Pantheon,Gwen,Poppy,Naafiri,Gnar,Sejuani,Xin Zhao,Aurora,Azir,Yone,Alistar,Varus,Kai'Sa,Miss Fortune,Ezreal,Kalista,Neeko,Fiddlesticks,oe:team:1d0389df0c5eea93b04122ba167c010|oe:team:ef69efa6acebe94107f0cf1ba716806,2025_20250514_Dplus_Kia_vs_Kiwoom_DRX_S2,[],0,False,48.0,17.0,0.3541666666666667,48.0,17.0,0.3541666666666667,5.0,0.2,10.0,0.4,29.0,0.3448275862068966,4.0,0.0,3.0,0.3333333333333333,56.0,29.0,0.5178571428571429,56.0,29.0,0.5178571428571429,5.0,0.0,10.0,0.1,28.0,0.4642857142857143,4.0,0.0,3.0,0.6666666666666666
LOLTMNT02_267069,2025,2025-05-14 12:02:24+00:00,LCK,2,Rounds 1-2,0,15.09,complete,,,Kiwoom DRX,oe:team:1d0389df0c5eea93b04122ba167c010,Dplus Kia,oe:team:ef69efa6acebe94107f0cf1ba716806,BLUE,1,0,BLUE,Kiwoom DRX,Rumble,Vi,Xin Zhao,Jayce,Poppy,Naafiri,Sion,Annie,Nidalee,Kalista,Taliyah,Lee Sin,Varus,Rakan,Lucian,Ezreal,Alistar,Nautilus,Braum,Rell,oe:team:1d0389df0c5eea93b04122ba167c010|oe:team:ef69efa6acebe94107f0cf1ba716806,2025_20250514_Dplus_Kia_vs_Kiwoom_DRX_S2,"[""Pantheon"", ""Gwen"", ""Gnar"", ""Sejuani"", ""Azir"", ""Yone"", ""Kai'Sa"", ""Miss Fortune"", ""Neeko"", ""Fiddlesticks""]",10,False,49.0,17.0,0.3469387755102041,49.0,17.0,0.3469387755102041,5.0,0.0,10.0,0.4,30.0,0.3333333333333333,5.0,0.0,4.0,0.25,57.0,30.0,0.5263157894736842,57.0,30.0,0.5263157894736842,5.0,0.2,10.0,0.2,29.0,0.4827586206896552,5.0,0.2,4.0,0.75
LOLTMNT02_267104,2025,2025-05-14 13:03:21+00:00,LCK,3,Rounds 1-2,0,15.09,complete,,,Dplus Kia,oe:team:ef69efa6acebe94107f0cf1ba716806,Kiwoom DRX,oe:team:1d0389df0c5eea93b04122ba167c010,BLUE,1,0,BLUE,Dplus Kia,Kalista,Vi,Naafiri,Rumble,Ryze,Poppy,Varus,Ahri,Aurora,Sylas,Alistar,Wukong,Jhin,Ambessa,Galio,Gragas,Rakan,Viktor,Camille,Xayah,oe:team:1d0389df0c5eea93b04122ba167c010|oe:team:ef69efa6acebe94107f0cf1ba716806,2025_20250514_Dplus_Kia_vs_Kiwoom_DRX_S2,"[""Pantheon"", ""Gwen"", ""Gnar"", ""Sejuani"", ""Azir"", ""Yone"", ""Kai'Sa"", ""Miss Fortune"", ""Neeko"", ""Fiddlesticks"", ""Xin Zhao"", ""Jayce"", ""Sion"", ""Annie"", ""Taliyah"", ""Lee Sin"", ""Lucian"", ""Ezreal"", ""Braum"", ""Rell""]",20,False,58.0,30.0,0.5172413793103449,58.0,30.0,0.5172413793103449,5.0,0.2,10.0,0.1,28.0,0.5714285714285714,6.0,0.16666666666666666,5.0,0.6,50.0,18.0,0.36,50.0,18.0,0.36,5.0,0.2,10.0,0.4,19.0,0.3684210526315789,6.0,0.16666666666666666,5.0,0.4
LOLTMNT02_268237,2025,2025-05-15 08:06:53+00:00,LCK,1,Rounds 1-2,0,15.09,complete,,,KT Rolster,oe:team:d723992568441c6bafa2658129eade7,Hanwha Life Esports,oe:team:3a1d18f46bcb3716ebcfcf4ef068934,BLUE,0,1,RED,Hanwha Life Esports,Poppy,Vi,Gwen,Taliyah,Yone,Xin Zhao,Wukong,Pantheon,Jayce,Neeko,Ahri,Kennen,Kalista,Varus,Jhin,Ezreal,Alistar,Rakan,Leona,Rell,oe:team:3a1d18f46bcb3716ebcfcf4ef068934|oe:team:d723992568441c6bafa2658129eade7,2025_20250515_Hanwha_Life_Esports_vs_KT_Rolster_S3,[],0,False,43.0,19.0,0.4418604651162791,43.0,19.0,0.4418604651162791,5.0,0.8,10.0,0.4,22.0,0.36363636363636365,4.0,1.0,5.0,0.2,60.0,43.0,0.7166666666666667,60.0,43.0,0.7166666666666667,5.0,1.0,10.0,1.0,34.0,0.6470588235294118,4.0,1.0,5.0,0.8
LOLTMNT02_268242,2025,2025-05-15 09:01:56+00:00,LCK,2,Rounds 1-2,0,15.09,complete,,,KT Rolster,oe:team:d723992568441c6bafa2658129eade7,Hanwha Life Esports,oe:team:3a1d18f46bcb3716ebcfcf4ef068934,BLUE,1,0,BLUE,KT Rolster,Yone,Vi,Nidalee,Jayce,Rumble,Azir,Sion,Viktor,Sejuani,Xin Zhao,Corki,Skarner,Kalista,Miss Fortune,Ashe,Varus,Alistar,Rakan,Braum,Bard,oe:team:3a1d18f46bcb3716ebcfcf4ef068934|oe:team:d723992568441c6bafa2658129eade7,2025_20250515_Hanwha_Life_Esports_vs_KT_Rolster_S3,"[""Gwen"", ""Taliyah"", ""Wukong"", ""Pantheon"", ""Ahri"", ""Kennen"", ""Jhin"", ""Ezreal"", ""Leona"", ""Rell""]",10,False,44.0,19.0,0.4318181818181818,44.0,19.0,0.4318181818181818,5.0,0.8,10.0,0.4,23.0,0.34782608695652173,5.0,0.8,6.0,0.16666666666666666,61.0,44.0,0.7213114754098361,61.0,44.0,0.7213114754098361,5.0,1.0,10.0,1.0,35.0,0.6571428571428571,5.0,1.0,6.0,0.8333333333333334
LOLTMNT02_268252,2025,2025-05-15 09:54:38+00:00,LCK,3,Rounds 1-2,0,15.09,complete,,,Hanwha Life Esports,oe:team:3a1d18f46bcb3716ebcfcf4ef068934,KT Rolster,oe:team:d723992568441c6bafa2658129eade7,BLUE,0,1,RED,KT Rolster,Lillia,Vi,Azir,Kalista,Rumble,Xin Zhao,Sejuani,Annie,Viego,Yone,Ambessa,Yorick,Renata Glasc,Miss Fortune,Lucian,Neeko,Alistar,Xayah,Elise,Jarvan IV,oe:team:3a1d18f46bcb3716ebcfcf4ef068934|oe:team:d723992568441c6bafa2658129eade7,2025_20250515_Hanwha_Life_Esports_vs_KT_Rolster_S3,"[""Gwen"", ""Taliyah"", ""Wukong"", ""Pantheon"", ""Ahri"", ""Kennen"", ""Jhin"", ""Ezreal"", ""Leona"", ""Rell"", ""Nidalee"", ""Jayce"", ""Sion"", ""Viktor"", ""Corki"", ""Skarner"", ""Ashe"", ""Varus"", ""Braum"", ""Bard""]",20,False,62.0,44.0,0.7096774193548387,62.0,44.0,0.7096774193548387,5.0,0.8,10.0,0.9,26.0,0.8076923076923077,6.0,0.8333333333333334,7.0,0.7142857142857143,45.0,20.0,0.4444444444444444,45.0,20.0,0.4444444444444444,5.0,0.8,10.0,0.5,21.0,0.5238095238095238,6.0,0.8333333333333334,7.0,0.2857142857142857
LOLTMNT02_268294,2025,2025-05-15 11:18:14+00:00,LCK,1,Rounds 1-2,0,15.09,complete,,,T1,oe:team:ce499dea30cfce118f4fe85da0227e8,HANJIN BRION,oe:team:b77b3f6068e20a2b3edc0ecd3dc70d4,BLUE,1,0,BLUE,T1,Taliyah,Vi,Gwen,Viktor,Varus,Kalista,Xin Zhao,Pantheon,Rumble,Azir,Sylas,Ambessa,Kai'Sa,Xayah,Jhin,Miss Fortune,Poppy,Lucian,Rell,Braum,oe:team:b77b3f6068e20a2b3edc0ecd3dc70d4|oe:team:ce499dea30cfce118f4fe85da0227e8,2025_20250515_HANJIN_BRION_vs_T1_S2,[],0,False,49.0,32.0,0.6530612244897959,49.0,32.0,0.6530612244897959,5.0,1.0,10.0,0.9,21.0,0.8571428571428571,4.0,1.0,3.0,0.3333333333333333,45.0,15.0,0.3333333333333333,45.0,15.0,0.3333333333333333,5.0,0.2,10.0,0.4,19.0,0.21052631578947367,5.0,0.2,3.0,0.6666666666666666
LOLTMNT02_268312,2025,2025-05-15 12:18:56+00:00,LCK,2,Rounds 1-2,0,15.09,complete,,,HANJIN BRION,oe:team:b77b3f6068e20a2b3edc0ecd3dc70d4,T1,oe:team:ce499dea30cfce118f4fe85da0227e8,BLUE,1,0,BLUE,HANJIN BRION,Kalista,Vi,Taliyah,Ahri,Varus,Rumble,Yorick,Jayce,Annie,Sion,Wukong,Naafiri,Lucian,Nautilus,Ashe,Alistar,Xayah,Kai'Sa,Poppy,Ezreal,oe:team:b77b3f6068e20a2b3edc0ecd3dc70d4|oe:team:ce499dea30cfce118f4fe85da0227e8,2025_20250515_HANJIN_BRION_vs_T1_S2,"[""Gwen"", ""Viktor"", ""Xin Zhao"", ""Pantheon"", ""Sylas"", ""Ambessa"", ""Jhin"", ""Miss Fortune"", ""Rell"", ""Braum""]",10,False,46.0,15.0,0.32608695652173914,46.0,15.0,0.32608695652173914,5.0,0.2,10.0,0.3,26.0,0.4230769230769231,6.0,0.16666666666666666,4.0,0.5,50.0,33.0,0.66,50.0,33.0,0.66,5.0,1.0,10.0,0.9,28.0,0.5,5.0,1.0,4.0,0.5
LOLTMNT02_268334,2025,2025-05-15 13:15:17+00:00,LCK,3,Rounds 1-2,0,15.09,complete,,,T1,oe:team:ce499dea30cfce118f4fe85da0227e8,HANJIN BRION,oe:team:b77b3f6068e20a2b3edc0ecd3dc70d4,BLUE,1,0,BLUE,T1,Yone,Kalista,Azir,Lucian,Varus,Vi,Xayah,Nami,Sion,Rumble,Rakan,Trundle,Annie,Nocturne,Jax,Zoe,Renekton,Gnar,Talon,Shen,oe:team:b77b3f6068e20a2b3edc0ecd3dc70d4|oe:team:ce499dea30cfce118f4fe85da0227e8,2025_20250515_HANJIN_BRION_vs_T1_S2,"[""Gwen"", ""Viktor"", ""Xin Zhao"", ""Pantheon"", ""Sylas"", ""Ambessa"", ""Jhin"", ""Miss Fortune"", ""Rell"", ""Braum"", ""Taliyah"", ""Ahri"", ""Yorick"", ""Jayce"", ""Wukong"", ""Naafiri"", ""Ashe"", ""Alistar"", ""Poppy"", ""Ezreal""]",20,False,51.0,33.0,0.6470588235294118,51.0,33.0,0.6470588235294118,5.0,0.8,10.0,0.9,22.0,0.8636363636363636,6.0,0.8333333333333334,5.0,0.4,47.0,16.0,0.3404255319148936,47.0,16.0,0.3404255319148936,5.0,0.2,10.0,0.4,20.0,0.2,7.0,0.2857142857142857,5.0,0.6
LOLTMNT02_268539,2025,2025-05-16 08:07:23+00:00,LCK,1,Rounds 1-2,0,15.09,complete,,,Dplus Kia,oe:team:ef69efa6acebe94107f0cf1ba716806,BNK FEARX,oe:team:5c2e7e9ea8dfcba0150d9a5619baecf,BLUE,1,0,BLUE,Dplus Kia,Kalista,Vi,Naafiri,Rumble,Azir,Xin Zhao,Ahri,Taliyah,Pantheon,Gwen,Ambessa,Wukong,Rakan,Miss Fortune,Lucian,Ezreal,Poppy,Alistar,Braum,Neeko,oe:team:5c2e7e9ea8dfcba0150d9a5619baecf|oe:team:ef69efa6acebe94107f0cf1ba716806,2025_20250516_BNK_FEARX_vs_Dplus_Kia_S3,[],0,False,59.0,31.0,0.5254237288135594,59.0,31.0,0.5254237288135594,5.0,0.4,10.0,0.2,29.0,0.5862068965517241,7.0,0.2857142857142857,6.0,0.6666666666666666,47.0,17.0,0.3617021276595745,47.0,17.0,0.3617021276595745,5.0,0.2,10.0,0.3,21.0,0.19047619047619047,8.0,0.375,6.0,0.3333333333333333
LOLTMNT02_267792,2025,2025-05-16 09:02:03+00:00,LCK,2,Rounds 1-2,0,15.09,complete,,,BNK FEARX,oe:team:5c2e7e9ea8dfcba0150d9a5619baecf,Dplus Kia,oe:team:ef69efa6acebe94107f0cf1ba716806,BLUE,0,1,RED,Dplus Kia,Sejuani,Vi,Gwen,Azir,Nidalee,Kalista,Skarner,Pantheon,Xin Zhao,Poppy,Ryze,Jax,Miss Fortune,Rakan,Xayah,Alistar,Varus,Jinx,Nautilus,Zeri,oe:team:5c2e7e9ea8dfcba0150d9a5619baecf|oe:team:ef69efa6acebe94107f0cf1ba716806,2025_20250516_BNK_FEARX_vs_Dplus_Kia_S3,"[""Naafiri"", ""Rumble"", ""Ahri"", ""Taliyah"", ""Ambessa"", ""Wukong"", ""Lucian"", ""Ezreal"", ""Braum"", ""Neeko""]",10,False,48.0,17.0,0.3541666666666667,48.0,17.0,0.3541666666666667,5.0,0.2,10.0,0.3,26.0,0.5,9.0,0.3333333333333333,7.0,0.2857142857142857,60.0,32.0,0.5333333333333333,60.0,32.0,0.5333333333333333,5.0,0.6,10.0,0.3,30.0,0.4666666666666667,8.0,0.375,7.0,0.7142857142857143
LOLTMNT02_267812,2025,2025-05-16 10:15:50+00:00,LCK,1,Rounds 1-2,0,15.09,complete,,,DN SOOPers,oe:team:b3c72a20aa56f5d28022ac04a7dc294,Gen.G,oe:team:50f58982d91a36557ec8aec52ab014f,BLUE,0,1,RED,Gen.G,Jayce,Vi,Xin Zhao,Skarner,Pantheon,Sejuani,Ambessa,Gwen,Rumble,Kalista,Taliyah,Corki,Nautilus,Miss Fortune,Zeri,Xayah,Ezreal,Varus,Rakan,Alistar,oe:team:50f58982d91a36557ec8aec52ab014f|oe:team:b3c72a20aa56f5d28022ac04a7dc294,2025_20250516_DN_SOOPers_vs_Gen_G_S3,[],0,False,43.0,10.0,0.23255813953488372,43.0,10.0,0.23255813953488372,5.0,0.4,10.0,0.3,26.0,0.3076923076923077,5.0,0.4,4.0,0.0,56.0,41.0,0.7321428571428571,56.0,41.0,0.7321428571428571,5.0,1.0,10.0,1.0,35.0,0.6571428571428571,4.0,1.0,4.0,1.0
LOLTMNT02_267818,2025,2025-05-16 11:02:23+00:00,LCK,2,Rounds 1-2,0,15.09,complete,,,DN SOOPers,oe:team:b3c72a20aa56f5d28022ac04a7dc294,Gen.G,oe:team:50f58982d91a36557ec8aec52ab014f,BLUE,0,1,RED,Gen.G,Jayce,Vi,Azir,Naafiri,Rumble,Sejuani,Wukong,Ahri,Pantheon,Kalista,Sion,Nidalee,Nautilus,Kai'Sa,Lucian,Ezreal,Varus,Poppy,Braum,Rell,oe:team:50f58982d91a36557ec8aec52ab014f|oe:team:b3c72a20aa56f5d28022ac04a7dc294,2025_20250516_DN_SOOPers_vs_Gen_G_S3,"[""Xin Zhao"", ""Skarner"", ""Ambessa"", ""Gwen"", ""Taliyah"", ""Corki"", ""Zeri"", ""Xayah"", ""Rakan"", ""Alistar""]",10,False,44.0,10.0,0.22727272727272727,44.0,10.0,0.22727272727272727,5.0,0.4,10.0,0.3,27.0,0.2962962962962963,6.0,0.3333333333333333,5.0,0.0,57.0,42.0,0.7368421052631579,57.0,42.0,0.7368421052631579,5.0,1.0,10.0,1.0,36.0,0.6666666666666666,5.0,1.0,5.0,1.0
LOLTMNT02_267967,2025,2025-05-17 06:06:29+00:00,LCK,1,Rounds 1-2,0,15.09,complete,,,Kiwoom DRX,oe:team:1d0389df0c5eea93b04122ba167c010,Nongshim RedForce,oe:team:5cd2cd09ec94296f605dd13a2924d6c,BLUE,0,1,RED,Nongshim RedForce,Yone,Vi,Xin Zhao,Pantheon,Gwen,Naafiri,Kalista,Ryze,Azir,Taliyah,Renata Glasc,Elise,Varus,Viktor,Yorick,Jayce,Rumble,Sion,Ahri,Draven,oe:team:1d0389df0c5eea93b04122ba167c010|oe:team:5cd2cd09ec94296f605dd13a2924d6c,2025_20250517_Kiwoom_DRX_vs_Nongshim_RedForce_S3,[],0,False,51.0,18.0,0.35294117647058826,51.0,18.0,0.35294117647058826,5.0,0.2,10.0,0.4,31.0,0.3548387096774194,7.0,0.14285714285714285,7.0,0.2857142857142857,61.0,31.0,0.5081967213114754,61.0,31.0,0.5081967213114754,5.0,0.4,10.0,0.3,32.0,0.5,8.0,0.375,7.0,0.7142857142857143
LOLTMNT02_267969,2025,2025-05-17 06:58:31+00:00,LCK,2,Rounds 1-2,0,15.09,complete,,,Kiwoom DRX,oe:team:1d0389df0c5eea93b04122ba167c010,Nongshim RedForce,oe:team:5cd2cd09ec94296f605dd13a2924d6c,BLUE,1,0,BLUE,Kiwoom DRX,Yone,Vi,Poppy,Gwen,Azir,Naafiri,Gnar,Varus,Sejuani,Taliyah,Viktor,Nocturne,Alistar,Ezreal,Lucian,Sylas,Orianna,Xayah,Braum,Shen,oe:team:1d0389df0c5eea93b04122ba167c010|oe:team:5cd2cd09ec94296f605dd13a2924d6c,2025_20250517_Kiwoom_DRX_vs_Nongshim_RedForce_S3,"[""Xin Zhao"", ""Pantheon"", ""Kalista"", ""Ryze"", ""Renata Glasc"", ""Elise"", ""Yorick"", ""Jayce"", ""Ahri"", ""Draven""]",10,False,52.0,18.0,0.34615384615384615,52.0,18.0,0.34615384615384615,5.0,0.2,10.0,0.3,32.0,0.34375,8.0,0.125,8.0,0.25,62.0,32.0,0.5161290322580645,62.0,32.0,0.5161290322580645,5.0,0.6,10.0,0.4,33.0,0.5151515151515151,9.0,0.4444444444444444,8.0,0.75
LOLTMNT02_268713,2025,2025-05-17 07:47:44+00:00,LCK,3,Rounds 1-2,0,15.09,complete,,,Nongshim RedForce,oe:team:5cd2cd09ec94296f605dd13a2924d6c,Kiwoom DRX,oe:team:1d0389df0c5eea93b04122ba167c010,BLUE,1,0,BLUE,Nongshim RedForce,Naafiri,Vi,Rumble,Taliyah,Sion,Yone,Azir,Alistar,Annie,Sejuani,Miss Fortune,Aurora,Ezreal,Nautilus,Viego,Skarner,Wukong,Rell,Leona,Jhin,oe:team:1d0389df0c5eea93b04122ba167c010|oe:team:5cd2cd09ec94296f605dd13a2924d6c,2025_20250517_Kiwoom_DRX_vs_Nongshim_RedForce_S3,"[""Xin Zhao"", ""Pantheon"", ""Kalista"", ""Ryze"", ""Renata Glasc"", ""Elise"", ""Yorick"", ""Jayce"", ""Ahri"", ""Draven"", ""Poppy"", ""Gwen"", ""Gnar"", ""Varus"", ""Viktor"", ""Nocturne"", ""Lucian"", ""Sylas"", ""Braum"", ""Shen""]",20,False,63.0,32.0,0.5079365079365079,63.0,32.0,0.5079365079365079,5.0,0.6,10.0,0.4,29.0,0.5172413793103449,10.0,0.4,9.0,0.6666666666666666,53.0,19.0,0.3584905660377358,53.0,19.0,0.3584905660377358,5.0,0.4,10.0,0.3,20.0,0.35,9.0,0.2222222222222222,9.0,0.3333333333333333
LOLTMNT02_268769,2025,2025-05-17 09:01:31+00:00,LCK,1,Rounds 1-2,0,15.09,complete,,,KT Rolster,oe:team:d723992568441c6bafa2658129eade7,HANJIN BRION,oe:team:b77b3f6068e20a2b3edc0ecd3dc70d4,BLUE,1,0,BLUE,KT Rolster,Poppy,Vi,Rumble,Xin Zhao,Pantheon,Nidalee,Wukong,Ambessa,Yone,Gwen,Taliyah,Ahri,Alistar,Neeko,Xayah,Renata Glasc,Varus,Ashe,Rakan,Kalista,oe:team:b77b3f6068e20a2b3edc0ecd3dc70d4|oe:team:d723992568441c6bafa2658129eade7,2025_20250517_HANJIN_BRION_vs_KT_Rolster_S3,[],0,False,46.0,21.0,0.45652173913043476,46.0,21.0,0.45652173913043476,5.0,0.8,10.0,0.6,24.0,0.375,7.0,0.8571428571428571,5.0,0.6,48.0,16.0,0.3333333333333333,48.0,16.0,0.3333333333333333,5.0,0.2,10.0,0.3,21.0,0.19047619047619047,8.0,0.25,5.0,0.4
LOLTMNT02_268811,2025,2025-05-17 09:53:30+00:00,LCK,2,Rounds 1-2,0,15.09,complete,,,HANJIN BRION,oe:team:b77b3f6068e20a2b3edc0ecd3dc70d4,KT Rolster,oe:team:d723992568441c6bafa2658129eade7,BLUE,1,0,BLUE,HANJIN BRION,Nidalee,Vi,Azir,Varus,Yone,Poppy,Sion,Annie,Gwen,Naafiri,Jhin,Viego,Neeko,Sejuani,Nocturne,Alistar,Yorick,Pantheon,Nautilus,Gnar,oe:team:b77b3f6068e20a2b3edc0ecd3dc70d4|oe:team:d723992568441c6bafa2658129eade7,2025_20250517_HANJIN_BRION_vs_KT_Rolster_S3,"[""Rumble"", ""Xin Zhao"", ""Wukong"", ""Ambessa"", ""Taliyah"", ""Ahri"", ""Xayah"", ""Renata Glasc"", ""Rakan"", ""Kalista""]",10,False,49.0,16.0,0.32653061224489793,49.0,16.0,0.32653061224489793,5.0,0.2,10.0,0.3,27.0,0.4444444444444444,9.0,0.2222222222222222,6.0,0.3333333333333333,47.0,22.0,0.46808510638297873,47.0,22.0,0.46808510638297873,5.0,0.8,10.0,0.7,22.0,0.5454545454545454,8.0,0.875,6.0,0.6666666666666666
LOLTMNT02_269084,2025,2025-05-17 10:41:19+00:00,LCK,3,Rounds 1-2,0,15.09,complete,,,KT Rolster,oe:team:d723992568441c6bafa2658129eade7,HANJIN BRION,oe:team:b77b3f6068e20a2b3edc0ecd3dc70d4,BLUE,1,0,BLUE,KT Rolster,Poppy,Vi,Jayce,Viktor,Yone,Gwen,Ryze,Pantheon,Yorick,Nidalee,Trundle,Ornn,Ezreal,Neeko,Leona,Braum,Lulu,Ashe,Caitlyn,Miss Fortune,oe:team:b77b3f6068e20a2b3edc0ecd3dc70d4|oe:team:d723992568441c6bafa2658129eade7,2025_20250517_HANJIN_BRION_vs_KT_Rolster_S3,"[""Rumble"", ""Xin Zhao"", ""Wukong"", ""Ambessa"", ""Taliyah"", ""Ahri"", ""Xayah"", ""Renata Glasc"", ""Rakan"", ""Kalista"", ""Azir"", ""Varus"", ""Sion"", ""Annie"", ""Jhin"", ""Viego"", ""Nocturne"", ""Alistar"", ""Nautilus"", ""Gnar""]",20,False,48.0,22.0,0.4583333333333333,48.0,22.0,0.4583333333333333,5.0,0.6,10.0,0.7,25.0,0.4,9.0,0.7777777777777778,7.0,0.5714285714285714,50.0,17.0,0.34,50.0,17.0,0.34,5.0,0.4,10.0,0.3,22.0,0.18181818181818182,10.0,0.3,7.0,0.42857142857142855
LOLTMNT02_269294,2025,2025-05-18 06:04:32+00:00,LCK,1,Rounds 1-2,0,15.09,complete,,,Hanwha Life Esports,oe:team:3a1d18f46bcb3716ebcfcf4ef068934,DN SOOPers,oe:team:b3c72a20aa56f5d28022ac04a7dc294,BLUE,1,0,BLUE,Hanwha Life Esports,Rumble,Vi,Azir,Gwen,Kalista,Yone,Poppy,Pantheon,Taliyah,Jayce,Kennen,Ahri,Alistar,Rakan,Jhin,Miss Fortune,Varus,Lucian,Rell,Neeko,oe:team:3a1d18f46bcb3716ebcfcf4ef068934|oe:team:b3c72a20aa56f5d28022ac04a7dc294,2025_20250518_DN_SOOPers_vs_Hanwha_Life_Esports_S2,[],0,False,63.0,44.0,0.6984126984126984,63.0,44.0,0.6984126984126984,5.0,0.6,10.0,0.8,27.0,0.7777777777777778,7.0,0.7142857142857143,3.0,0.6666666666666666,45.0,10.0,0.2222222222222222,45.0,10.0,0.2222222222222222,5.0,0.4,10.0,0.3,17.0,0.11764705882352941,7.0,0.2857142857142857,3.0,0.3333333333333333
LOLTMNT02_270047,2025,2025-05-18 07:02:00+00:00,LCK,2,Rounds 1-2,0,15.09,complete,,,DN SOOPers,oe:team:b3c72a20aa56f5d28022ac04a7dc294,Hanwha Life Esports,oe:team:3a1d18f46bcb3716ebcfcf4ef068934,BLUE,0,1,RED,Hanwha Life Esports,Yone,Vi,Sion,Kalista,Nidalee,Taliyah,Varus,Xin Zhao,Jayce,Rumble,Renata Glasc,Soraka,Ambessa,Annie,Viktor,Vladimir,Aatrox,Orianna,Wukong,Galio,oe:team:3a1d18f46bcb3716ebcfcf4ef068934|oe:team:b3c72a20aa56f5d28022ac04a7dc294,2025_20250518_DN_SOOPers_vs_Hanwha_Life_Esports_S2,"[""Azir"", ""Gwen"", ""Poppy"", ""Pantheon"", ""Kennen"", ""Ahri"", ""Jhin"", ""Miss Fortune"", ""Rell"", ""Neeko""]",10,False,46.0,10.0,0.21739130434782608,46.0,10.0,0.21739130434782608,5.0,0.4,10.0,0.3,28.0,0.2857142857142857,8.0,0.25,4.0,0.25,64.0,45.0,0.703125,64.0,45.0,0.703125,5.0,0.6,10.0,0.8,36.0,0.6388888888888888,8.0,0.75,4.0,0.75
LOLTMNT02_269313,2025,2025-05-18 08:21:01+00:00,LCK,1,Rounds 1-2,0,15.09,complete,,,Gen.G,oe:team:50f58982d91a36557ec8aec52ab014f,T1,oe:team:ce499dea30cfce118f4fe85da0227e8,BLUE,1,0,BLUE,Gen.G,Kalista,Vi,Azir,Xin Zhao,Pantheon,Taliyah,Skarner,Ahri,Gwen,Rumble,Jayce,Sion,Miss Fortune,Ezreal,Xayah,Varus,Jhin,Poppy,Rakan,Renata Glasc,oe:team:50f58982d91a36557ec8aec52ab014f|oe:team:ce499dea30cfce118f4fe85da0227e8,2025_20250518_Gen_G_vs_T1_S3,[],0,False,58.0,43.0,0.7413793103448276,58.0,43.0,0.7413793103448276,5.0,1.0,10.0,1.0,21.0,0.8571428571428571,6.0,1.0,6.0,0.5,52.0,34.0,0.6538461538461539,52.0,34.0,0.6538461538461539,5.0,0.8,10.0,0.9,29.0,0.4827586206896552,7.0,0.8571428571428571,6.0,0.5
LOLTMNT02_270074,2025,2025-05-18 09:22:19+00:00,LCK,2,Rounds 1-2,0,15.09,complete,,,T1,oe:team:ce499dea30cfce118f4fe85da0227e8,Gen.G,oe:team:50f58982d91a36557ec8aec52ab014f,BLUE,0,1,RED,Gen.G,Yone,Vi,Rumble,Pantheon,Taliyah,Kalista,Orianna,Ornn,Viktor,Gwen,Wukong,Galio,Kai'Sa,Miss Fortune,Ashe,Jhin,Ezreal,Lucian,Braum,Alistar,oe:team:50f58982d91a36557ec8aec52ab014f|oe:team:ce499dea30cfce118f4fe85da0227e8,2025_20250518_Gen_G_vs_T1_S3,"[""Azir"", ""Xin Zhao"", ""Skarner"", ""Ahri"", ""Jayce"", ""Sion"", ""Xayah"", ""Varus"", ""Rakan"", ""Renata Glasc""]",10,False,53.0,34.0,0.6415094339622641,53.0,34.0,0.6415094339622641,5.0,0.6,10.0,0.8,23.0,0.8695652173913043,8.0,0.75,7.0,0.42857142857142855,59.0,44.0,0.7457627118644068,59.0,44.0,0.7457627118644068,5.0,1.0,10.0,1.0,37.0,0.6756756756756757,7.0,1.0,7.0,0.5714285714285714
LOLTMNT03_241129,2025,2025-05-21 08:06:27+00:00,LCK,1,Rounds 1-2,0,15.1,complete,,,Gen.G,oe:team:50f58982d91a36557ec8aec52ab014f,Hanwha Life Esports,oe:team:3a1d18f46bcb3716ebcfcf4ef068934,BLUE,1,0,BLUE,Gen.G,Kalista,Vi,Azir,Xin Zhao,Yone,Pantheon,Skarner,Gwen,Taliyah,Rumble,Nidalee,Ahri,Jhin,Poppy,Lucian,Alistar,Ezreal,Xayah,Braum,Senna,oe:team:3a1d18f46bcb3716ebcfcf4ef068934|oe:team:50f58982d91a36557ec8aec52ab014f,2025_20250521_Gen_G_vs_Hanwha_Life_Esports_S5,[],0,False,60.0,45.0,0.75,60.0,45.0,0.75,5.0,1.0,10.0,1.0,22.0,0.8636363636363636,0.0,,14.0,0.5714285714285714,65.0,46.0,0.7076923076923077,65.0,46.0,0.7076923076923077,5.0,0.6,10.0,0.8,37.0,0.6486486486486487,0.0,,14.0,0.42857142857142855
LOLTMNT03_241144,2025,2025-05-21 08:57:00+00:00,LCK,2,Rounds 1-2,0,15.1,complete,,,Hanwha Life Esports,oe:team:3a1d18f46bcb3716ebcfcf4ef068934,Gen.G,oe:team:50f58982d91a36557ec8aec52ab014f,BLUE,1,0,BLUE,Hanwha Life Esports,Viktor,Vi,Taliyah,Naafiri,Corki,Kalista,Sejuani,Hwei,Pantheon,Yone,Jayce,Ornn,Varus,Kai'Sa,Ezreal,Miss Fortune,Jhin,Rakan,Rell,Nautilus,oe:team:3a1d18f46bcb3716ebcfcf4ef068934|oe:team:50f58982d91a36557ec8aec52ab014f,2025_20250521_Gen_G_vs_Hanwha_Life_Esports_S5,"[""Azir"", ""Xin Zhao"", ""Skarner"", ""Gwen"", ""Nidalee"", ""Ahri"", ""Lucian"", ""Alistar"", ""Braum"", ""Senna""]",10,False,66.0,46.0,0.696969696969697,66.0,46.0,0.696969696969697,5.0,0.4,10.0,0.7,28.0,0.7857142857142857,1.0,0.0,15.0,0.4,61.0,46.0,0.7540983606557377,61.0,46.0,0.7540983606557377,5.0,1.0,10.0,1.0,38.0,0.6842105263157895,1.0,1.0,15.0,0.6
LOLTMNT03_241162,2025,2025-05-21 10:07:37+00:00,LCK,3,Rounds 1-2,0,15.1,complete,,,Gen.G,oe:team:50f58982d91a36557ec8aec52ab014f,Hanwha Life Esports,oe:team:3a1d18f46bcb3716ebcfcf4ef068934,BLUE,1,0,BLUE,Gen.G,Yone,Rumble,Vi,Xayah,Maokai,Viktor,Varus,Rakan,Kalista,Lulu,Renata Glasc,Pantheon,Jax,Sion,Renekton,Galio,Kennen,Sylas,Aurora,Gnar,oe:team:3a1d18f46bcb3716ebcfcf4ef068934|oe:team:50f58982d91a36557ec8aec52ab014f,2025_20250521_Gen_G_vs_Hanwha_Life_Esports_S5,"[""Azir"", ""Xin Zhao"", ""Skarner"", ""Gwen"", ""Nidalee"", ""Ahri"", ""Lucian"", ""Alistar"", ""Braum"", ""Senna"", ""Taliyah"", ""Naafiri"", ""Sejuani"", ""Hwei"", ""Jayce"", ""Ornn"", ""Ezreal"", ""Miss Fortune"", ""Rell"", ""Nautilus""]",20,False,62.0,46.0,0.7419354838709677,62.0,46.0,0.7419354838709677,5.0,0.8,10.0,0.9,23.0,0.8695652173913043,2.0,0.5,16.0,0.5625,67.0,47.0,0.7014925373134329,67.0,47.0,0.7014925373134329,5.0,0.6,10.0,0.7,38.0,0.631578947368421,2.0,0.5,16.0,0.4375
LOLTMNT03_241226,2025,2025-05-21 11:23:37+00:00,LCK,1,Rounds 1-2,0,15.1,complete,,,DN SOOPers,oe:team:b3c72a20aa56f5d28022ac04a7dc294,Kiwoom DRX,oe:team:1d0389df0c5eea93b04122ba167c010,BLUE,0,1,RED,Kiwoom DRX,Naafiri,Vi,Taliyah,Xin Zhao,Rumble,Yone,Wukong,Ryze,Pantheon,Kalista,Gwen,Jayce,Varus,Rakan,Lucian,Alistar,Neeko,Poppy,Braum,Senna,oe:team:1d0389df0c5eea93b04122ba167c010|oe:team:b3c72a20aa56f5d28022ac04a7dc294,2025_20250521_DN_SOOPers_vs_Kiwoom_DRX_S4,[],0,False,47.0,10.0,0.2127659574468085,47.0,10.0,0.2127659574468085,5.0,0.2,10.0,0.2,29.0,0.27586206896551724,0.0,,7.0,0.14285714285714285,54.0,19.0,0.35185185185185186,54.0,19.0,0.35185185185185186,5.0,0.4,10.0,0.2,21.0,0.3333333333333333,0.0,,7.0,0.8571428571428571
LOLTMNT03_240814,2025,2025-05-21 12:20:07+00:00,LCK,2,Rounds 1-2,0,15.1,complete,,,Kiwoom DRX,oe:team:1d0389df0c5eea93b04122ba167c010,DN SOOPers,oe:team:b3c72a20aa56f5d28022ac04a7dc294,BLUE,1,0,BLUE,Kiwoom DRX,Yone,Vi,Azir,Kalista,Rumble,Naafiri,Pantheon,Renata Glasc,Ahri,Poppy,Neeko,Ambessa,Nocturne,Renekton,Ezreal,Hwei,Viktor,Varus,Sion,Trundle,oe:team:1d0389df0c5eea93b04122ba167c010|oe:team:b3c72a20aa56f5d28022ac04a7dc294,2025_20250521_DN_SOOPers_vs_Kiwoom_DRX_S4,"[""Taliyah"", ""Xin Zhao"", ""Wukong"", ""Ryze"", ""Gwen"", ""Jayce"", ""Lucian"", ""Alistar"", ""Braum"", ""Senna""]",10,False,55.0,20.0,0.36363636363636365,55.0,20.0,0.36363636363636365,5.0,0.4,10.0,0.3,33.0,0.36363636363636365,1.0,1.0,8.0,0.875,48.0,10.0,0.20833333333333334,48.0,10.0,0.20833333333333334,5.0,0.0,10.0,0.2,18.0,0.1111111111111111,1.0,0.0,8.0,0.125
LOLTMNT03_242206,2025,2025-05-22 08:07:11+00:00,LCK,1,Rounds 1-2,0,15.1,complete,,,HANJIN BRION,oe:team:b77b3f6068e20a2b3edc0ecd3dc70d4,Dplus Kia,oe:team:ef69efa6acebe94107f0cf1ba716806,BLUE,1,0,BLUE,HANJIN BRION,Xin Zhao,Vi,Rumble,Naafiri,Gwen,Kalista,Sejuani,Taliyah,Pantheon,Azir,Yone,Ambessa,Alistar,Rakan,Varus,Miss Fortune,Xayah,Braum,Poppy,Nautilus,oe:team:b77b3f6068e20a2b3edc0ecd3dc70d4|oe:team:ef69efa6acebe94107f0cf1ba716806,2025_20250522_Dplus_Kia_vs_HANJIN_BRION_S3,[],0,False,51.0,17.0,0.3333333333333333,51.0,17.0,0.3333333333333333,5.0,0.4,10.0,0.3,28.0,0.4642857142857143,0.0,,5.0,0.2,61.0,33.0,0.5409836065573771,61.0,33.0,0.5409836065573771,5.0,0.8,10.0,0.4,31.0,0.4838709677419355,0.0,,5.0,0.8
LOLTMNT03_242218,2025,2025-05-22 08:56:33+00:00,LCK,2,Rounds 1-2,0,15.1,complete,,,Dplus Kia,oe:team:ef69efa6acebe94107f0cf1ba716806,HANJIN BRION,oe:team:b77b3f6068e20a2b3edc0ecd3dc70d4,BLUE,0,1,RED,HANJIN BRION,Kalista,Vi,Azir,Sion,Viktor,Gwen,Skarner,Wukong,Yorick,Pantheon,Aatrox,Ahri,Alistar,Xayah,Lucian,Rell,Kai'Sa,Braum,Rakan,Ezreal,oe:team:b77b3f6068e20a2b3edc0ecd3dc70d4|oe:team:ef69efa6acebe94107f0cf1ba716806,2025_20250522_Dplus_Kia_vs_HANJIN_BRION_S3,"[""Rumble"", ""Naafiri"", ""Sejuani"", ""Taliyah"", ""Yone"", ""Ambessa"", ""Varus"", ""Miss Fortune"", ""Poppy"", ""Nautilus""]",10,False,62.0,33.0,0.532258064516129,62.0,33.0,0.532258064516129,5.0,0.6,10.0,0.4,30.0,0.6,1.0,0.0,6.0,0.6666666666666666,52.0,18.0,0.34615384615384615,52.0,18.0,0.34615384615384615,5.0,0.4,10.0,0.3,23.0,0.17391304347826086,1.0,1.0,6.0,0.3333333333333333
LOLTMNT03_241674,2025,2025-05-22 10:12:41+00:00,LCK,1,Rounds 1-2,0,15.1,complete,,,T1,oe:team:ce499dea30cfce118f4fe85da0227e8,BNK FEARX,oe:team:5c2e7e9ea8dfcba0150d9a5619baecf,BLUE,1,0,BLUE,T1,Taliyah,Vi,Viktor,Xin Zhao,Rumble,Gwen,Kalista,Neeko,Pantheon,Azir,Renata Glasc,Ezreal,Sion,Skarner,Yorick,Annie,Galio,Sejuani,Nocturne,Olaf,oe:team:5c2e7e9ea8dfcba0150d9a5619baecf|oe:team:ce499dea30cfce118f4fe85da0227e8,2025_20250522_BNK_FEARX_vs_T1_S2,[],0,False,54.0,34.0,0.6296296296296297,54.0,34.0,0.6296296296296297,5.0,0.4,10.0,0.7,24.0,0.8333333333333334,0.0,,3.0,0.3333333333333333,49.0,17.0,0.3469387755102041,49.0,17.0,0.3469387755102041,5.0,0.2,10.0,0.3,22.0,0.18181818181818182,0.0,,3.0,0.6666666666666666
LOLTMNT03_242254,2025,2025-05-22 11:01:39+00:00,LCK,2,Rounds 1-2,0,15.1,complete,,,BNK FEARX,oe:team:5c2e7e9ea8dfcba0150d9a5619baecf,T1,oe:team:ce499dea30cfce118f4fe85da0227e8,BLUE,0,1,RED,T1,Taliyah,Vi,Azir,Rumble,Gwen,Pantheon,Poppy,Skarner,Varus,Wukong,Jayce,Smolder,Jhin,Alistar,Lucian,Senna,Miss Fortune,Xayah,Braum,Nautilus,oe:team:5c2e7e9ea8dfcba0150d9a5619baecf|oe:team:ce499dea30cfce118f4fe85da0227e8,2025_20250522_BNK_FEARX_vs_T1_S2,"[""Viktor"", ""Xin Zhao"", ""Kalista"", ""Neeko"", ""Renata Glasc"", ""Ezreal"", ""Yorick"", ""Annie"", ""Nocturne"", ""Olaf""]",10,False,50.0,17.0,0.34,50.0,17.0,0.34,5.0,0.0,10.0,0.2,27.0,0.48148148148148145,1.0,0.0,4.0,0.5,55.0,35.0,0.6363636363636364,55.0,35.0,0.6363636363636364,5.0,0.4,10.0,0.7,30.0,0.4666666666666667,1.0,1.0,4.0,0.5
LOLTMNT03_243096,2025,2025-05-23 08:07:24+00:00,LCK,1,Rounds 1-2,0,15.1,complete,,,Gen.G,oe:team:50f58982d91a36557ec8aec52ab014f,Kiwoom DRX,oe:team:1d0389df0c5eea93b04122ba167c010,BLUE,1,0,BLUE,Gen.G,Pantheon,Vi,Xin Zhao,Ryze,Taliyah,Azir,Jayce,Trundle,Kalista,Viktor,Ahri,Yorick,Ezreal,Jhin,Lucian,Varus,Rakan,Alistar,Braum,Rell,oe:team:1d0389df0c5eea93b04122ba167c010|oe:team:50f58982d91a36557ec8aec52ab014f,2025_20250523_Gen_G_vs_Kiwoom_DRX_S2,[],0,False,63.0,47.0,0.746031746031746,63.0,47.0,0.746031746031746,5.0,0.8,10.0,0.9,24.0,0.875,3.0,0.6666666666666666,2.0,1.0,56.0,21.0,0.375,56.0,21.0,0.375,5.0,0.6,10.0,0.4,22.0,0.36363636363636365,2.0,1.0,2.0,0.0
LOLTMNT03_242638,2025,2025-05-23 08:55:39+00:00,LCK,2,Rounds 1-2,0,15.1,complete,,,Kiwoom DRX,oe:team:1d0389df0c5eea93b04122ba167c010,Gen.G,oe:team:50f58982d91a36557ec8aec52ab014f,BLUE,0,1,RED,Gen.G,Rumble,Vi,Viktor,Gwen,Azir,Kalista,Poppy,Galio,Taliyah,Pantheon,Gnar,Nocturne,Jhin,Ezreal,Gragas,Alistar,Rakan,Kai'Sa,Senna,Tristana,oe:team:1d0389df0c5eea93b04122ba167c010|oe:team:50f58982d91a36557ec8aec52ab014f,2025_20250523_Gen_G_vs_Kiwoom_DRX_S2,"[""Xin Zhao"", ""Ryze"", ""Jayce"", ""Trundle"", ""Ahri"", ""Yorick"", ""Lucian"", ""Varus"", ""Braum"", ""Rell""]",10,False,57.0,21.0,0.3684210526315789,57.0,21.0,0.3684210526315789,5.0,0.6,10.0,0.4,34.0,0.38235294117647056,3.0,0.6666666666666666,3.0,0.0,64.0,48.0,0.75,64.0,48.0,0.75,5.0,0.8,10.0,0.9,39.0,0.6666666666666666,4.0,0.75,3.0,1.0
LOLTMNT03_243145,2025,2025-05-23 10:20:15+00:00,LCK,1,Rounds 1-2,0,15.1,complete,,,Nongshim RedForce,oe:team:5cd2cd09ec94296f605dd13a2924d6c,KT Rolster,oe:team:d723992568441c6bafa2658129eade7,BLUE,0,1,RED,KT Rolster,Neeko,Vi,Pantheon,Rumble,Kalista,Poppy,Galio,Taliyah,Yone,Gwen,Nidalee,Xin Zhao,Braum,Elise,Ezreal,Alistar,Varus,Xayah,Leona,Jhin,oe:team:5cd2cd09ec94296f605dd13a2924d6c|oe:team:d723992568441c6bafa2658129eade7,2025_20250523_KT_Rolster_vs_Nongshim_RedForce_S3,[],0,False,64.0,33.0,0.515625,64.0,33.0,0.515625,5.0,0.8,10.0,0.5,30.0,0.5333333333333333,0.0,,5.0,1.0,49.0,23.0,0.46938775510204084,49.0,23.0,0.46938775510204084,5.0,0.8,10.0,0.8,23.0,0.5217391304347826,0.0,,5.0,0.0
LOLTMNT03_243166,2025,2025-05-23 11:16:42+00:00,LCK,2,Rounds 1-2,0,15.1,complete,,,Nongshim RedForce,oe:team:5cd2cd09ec94296f605dd13a2924d6c,KT Rolster,oe:team:d723992568441c6bafa2658129eade7,BLUE,1,0,BLUE,Nongshim RedForce,Neeko,Vi,Azir,Sion,Yone,Gwen,Sejuani,Ahri,Kalista,Poppy,Varus,Wukong,Rakan,Elise,Camille,Miss Fortune,Ashe,Renata Glasc,Shen,Rell,oe:team:5cd2cd09ec94296f605dd13a2924d6c|oe:team:d723992568441c6bafa2658129eade7,2025_20250523_KT_Rolster_vs_Nongshim_RedForce_S3,"[""Pantheon"", ""Rumble"", ""Galio"", ""Taliyah"", ""Nidalee"", ""Xin Zhao"", ""Ezreal"", ""Alistar"", ""Leona"", ""Jhin""]",10,False,65.0,33.0,0.5076923076923077,65.0,33.0,0.5076923076923077,5.0,0.6,10.0,0.5,31.0,0.5161290322580645,1.0,0.0,6.0,0.8333333333333334,50.0,24.0,0.48,50.0,24.0,0.48,5.0,0.8,10.0,0.8,24.0,0.5416666666666666,1.0,1.0,6.0,0.16666666666666666
LOLTMNT03_242726,2025,2025-05-23 12:06:13+00:00,LCK,3,Rounds 1-2,0,15.1,complete,,,KT Rolster,oe:team:d723992568441c6bafa2658129eade7,Nongshim RedForce,oe:team:5cd2cd09ec94296f605dd13a2924d6c,BLUE,1,0,BLUE,KT Rolster,Poppy,Vi,Ryze,Viego,Gwen,Kalista,Yorick,Orianna,Yone,Jayce,Trundle,Xayah,Rakan,Ashe,Jinx,Braum,Blitzcrank,Neeko,Lulu,Aurora,oe:team:5cd2cd09ec94296f605dd13a2924d6c|oe:team:d723992568441c6bafa2658129eade7,2025_20250523_KT_Rolster_vs_Nongshim_RedForce_S3,"[""Pantheon"", ""Rumble"", ""Galio"", ""Taliyah"", ""Nidalee"", ""Xin Zhao"", ""Ezreal"", ""Alistar"", ""Leona"", ""Jhin"", ""Azir"", ""Sion"", ""Sejuani"", ""Ahri"", ""Varus"", ""Wukong"", ""Camille"", ""Miss Fortune"", ""Shen"", ""Rell""]",20,False,51.0,24.0,0.47058823529411764,51.0,24.0,0.47058823529411764,5.0,0.6,10.0,0.7,26.0,0.4230769230769231,2.0,0.5,7.0,0.14285714285714285,66.0,34.0,0.5151515151515151,66.0,34.0,0.5151515151515151,5.0,0.6,10.0,0.5,34.0,0.5,2.0,0.5,7.0,0.8571428571428571
LOLTMNT03_244183,2025,2025-05-24 06:04:59+00:00,LCK,1,Rounds 1-2,0,15.1,complete,,,Hanwha Life Esports,oe:team:3a1d18f46bcb3716ebcfcf4ef068934,Dplus Kia,oe:team:ef69efa6acebe94107f0cf1ba716806,BLUE,0,1,RED,Dplus Kia,Pantheon,Vi,Azir,Gwen,Rumble,Yone,Sejuani,Xin Zhao,Taliyah,Poppy,Jayce,Ahri,Kalista,Braum,Varus,Senna,Alistar,Rakan,Rell,Nautilus,oe:team:3a1d18f46bcb3716ebcfcf4ef068934|oe:team:ef69efa6acebe94107f0cf1ba716806,2025_20250524_Dplus_Kia_vs_Hanwha_Life_Esports_S4,[],0,False,68.0,47.0,0.6911764705882353,68.0,47.0,0.6911764705882353,5.0,0.6,10.0,0.6,29.0,0.7931034482758621,3.0,0.3333333333333333,11.0,0.5454545454545454,63.0,33.0,0.5238095238095238,63.0,33.0,0.5238095238095238,5.0,0.6,10.0,0.4,32.0,0.46875,2.0,0.0,11.0,0.45454545454545453
LOLTMNT03_243654,2025,2025-05-24 06:57:37+00:00,LCK,2,Rounds 1-2,0,15.1,complete,,,Hanwha Life Esports,oe:team:3a1d18f46bcb3716ebcfcf4ef068934,Dplus Kia,oe:team:ef69efa6acebe94107f0cf1ba716806,BLUE,1,0,BLUE,Hanwha Life Esports,Rumble,Vi,Taliyah,Pantheon,Naafiri,Yone,Wukong,Ryze,Kalista,Poppy,Sion,Cho'Gath,Alistar,Xayah,Jhin,Ezreal,Braum,Miss Fortune,Leona,Neeko,oe:team:3a1d18f46bcb3716ebcfcf4ef068934|oe:team:ef69efa6acebe94107f0cf1ba716806,2025_20250524_Dplus_Kia_vs_Hanwha_Life_Esports_S4,"[""Azir"", ""Gwen"", ""Sejuani"", ""Xin Zhao"", ""Jayce"", ""Ahri"", ""Varus"", ""Senna"", ""Rell"", ""Nautilus""]",10,False,69.0,47.0,0.6811594202898551,69.0,47.0,0.6811594202898551,5.0,0.4,10.0,0.5,30.0,0.7666666666666667,4.0,0.25,12.0,0.5,64.0,34.0,0.53125,64.0,34.0,0.53125,5.0,0.6,10.0,0.5,33.0,0.48484848484848486,3.0,0.3333333333333333,12.0,0.5
LOLTMNT03_243679,2025,2025-05-24 07:49:35+00:00,LCK,3,Rounds 1-2,0,15.1,complete,,,Hanwha Life Esports,oe:team:3a1d18f46bcb3716ebcfcf4ef068934,Dplus Kia,oe:team:ef69efa6acebe94107f0cf1ba716806,BLUE,0,1,RED,Dplus Kia,Annie,Vi,Nidalee,Yorick,Naafiri,Yone,Corki,Kindred,Rumble,Kalista,K'Sante,Alistar,Miss Fortune,Braum,Xayah,Viktor,Ashe,Poppy,Rakan,Jinx,oe:team:3a1d18f46bcb3716ebcfcf4ef068934|oe:team:ef69efa6acebe94107f0cf1ba716806,2025_20250524_Dplus_Kia_vs_Hanwha_Life_Esports_S4,"[""Azir"", ""Gwen"", ""Sejuani"", ""Xin Zhao"", ""Jayce"", ""Ahri"", ""Varus"", ""Senna"", ""Rell"", ""Nautilus"", ""Taliyah"", ""Pantheon"", ""Wukong"", ""Ryze"", ""Sion"", ""Cho'Gath"", ""Jhin"", ""Ezreal"", ""Leona"", ""Neeko""]",20,False,70.0,48.0,0.6857142857142857,70.0,48.0,0.6857142857142857,5.0,0.4,10.0,0.5,31.0,0.7741935483870968,5.0,0.4,13.0,0.5384615384615384,65.0,34.0,0.5230769230769231,65.0,34.0,0.5230769230769231,5.0,0.4,10.0,0.5,34.0,0.47058823529411764,4.0,0.25,13.0,0.46153846153846156
LOLTMNT03_244289,2025,2025-05-24 09:07:30+00:00,LCK,1,Rounds 1-2,0,15.1,complete,,,DN SOOPers,oe:team:b3c72a20aa56f5d28022ac04a7dc294,T1,oe:team:ce499dea30cfce118f4fe85da0227e8,BLUE,0,1,RED,T1,Pantheon,Vi,Rumble,Gwen,Ahri,Kalista,Sejuani,Taliyah,Varus,Azir,Yone,Skarner,Alistar,Neeko,Senna,Miss Fortune,Xayah,Braum,Nautilus,Rell,oe:team:b3c72a20aa56f5d28022ac04a7dc294|oe:team:ce499dea30cfce118f4fe85da0227e8,2025_20250524_DN_SOOPers_vs_T1_S2,[],0,False,49.0,10.0,0.20408163265306123,49.0,10.0,0.20408163265306123,5.0,0.0,10.0,0.2,30.0,0.26666666666666666,2.0,0.0,2.0,0.0,56.0,36.0,0.6428571428571429,56.0,36.0,0.6428571428571429,5.0,0.6,10.0,0.7,31.0,0.4838709677419355,2.0,1.0,2.0,1.0
LOLTMNT03_243757,2025,2025-05-24 09:55:14+00:00,LCK,2,Rounds 1-2,0,15.1,complete,,,DN SOOPers,oe:team:b3c72a20aa56f5d28022ac04a7dc294,T1,oe:team:ce499dea30cfce118f4fe85da0227e8,BLUE,0,1,RED,T1,Pantheon,Vi,Viktor,Orianna,Ahri,Azir,Trundle,Nocturne,Kalista,Xin Zhao,Sion,Nidalee,Varus,Xayah,Ezreal,Lucian,Jhin,Alistar,Braum,Bard,oe:team:b3c72a20aa56f5d28022ac04a7dc294|oe:team:ce499dea30cfce118f4fe85da0227e8,2025_20250524_DN_SOOPers_vs_T1_S2,"[""Rumble"", ""Gwen"", ""Sejuani"", ""Taliyah"", ""Yone"", ""Skarner"", ""Senna"", ""Miss Fortune"", ""Nautilus"", ""Rell""]",10,False,50.0,10.0,0.2,50.0,10.0,0.2,5.0,0.0,10.0,0.2,31.0,0.25806451612903225,3.0,0.0,3.0,0.0,57.0,37.0,0.6491228070175439,57.0,37.0,0.6491228070175439,5.0,0.6,10.0,0.7,32.0,0.5,3.0,1.0,3.0,1.0
LOLTMNT03_245295,2025,2025-05-25 06:04:05+00:00,LCK,1,Rounds 1-2,0,15.1,complete,,,HANJIN BRION,oe:team:b77b3f6068e20a2b3edc0ecd3dc70d4,Nongshim RedForce,oe:team:5cd2cd09ec94296f605dd13a2924d6c,BLUE,1,0,BLUE,HANJIN BRION,Elise,Vi,Rumble,Azir,Gwen,Yorick,Wukong,Sejuani,Pantheon,Trundle,Taliyah,Jayce,Shen,Braum,Jhin,Varus,Alistar,Poppy,Rell,Nautilus,oe:team:5cd2cd09ec94296f605dd13a2924d6c|oe:team:b77b3f6068e20a2b3edc0ecd3dc70d4,2025_20250525_HANJIN_BRION_vs_Nongshim_RedForce_S4,[],0,False,53.0,19.0,0.3584905660377358,53.0,19.0,0.3584905660377358,5.0,0.6,10.0,0.4,29.0,0.4827586206896552,2.0,1.0,6.0,0.0,67.0,34.0,0.5074626865671642,67.0,34.0,0.5074626865671642,5.0,0.4,10.0,0.5,35.0,0.4857142857142857,3.0,0.3333333333333333,6.0,1.0
LOLTMNT03_244865,2025,2025-05-25 06:59:30+00:00,LCK,2,Rounds 1-2,0,15.1,complete,,,Nongshim RedForce,oe:team:5cd2cd09ec94296f605dd13a2924d6c,HANJIN BRION,oe:team:b77b3f6068e20a2b3edc0ecd3dc70d4,BLUE,1,0,BLUE,Nongshim RedForce,Yorick,Elise,Kalista,Sion,Trundle,Gwen,Xin Zhao,Viktor,Poppy,Vi,Akali,Ezreal,Skarner,Shen,Rakan,Alistar,Pantheon,Renata Glasc,Camille,Naafiri,oe:team:5cd2cd09ec94296f605dd13a2924d6c|oe:team:b77b3f6068e20a2b3edc0ecd3dc70d4,2025_20250525_HANJIN_BRION_vs_Nongshim_RedForce_S4,"[""Rumble"", ""Azir"", ""Wukong"", ""Sejuani"", ""Taliyah"", ""Jayce"", ""Jhin"", ""Varus"", ""Rell"", ""Nautilus""]",10,False,68.0,34.0,0.5,68.0,34.0,0.5,5.0,0.4,10.0,0.5,32.0,0.53125,4.0,0.25,7.0,0.8571428571428571,54.0,20.0,0.37037037037037035,54.0,20.0,0.37037037037037035,5.0,0.8,10.0,0.5,24.0,0.20833333333333334,3.0,1.0,7.0,0.14285714285714285
LOLTMNT03_245333,2025,2025-05-25 07:47:29+00:00,LCK,3,Rounds 1-2,0,15.1,complete,,,HANJIN BRION,oe:team:b77b3f6068e20a2b3edc0ecd3dc70d4,Nongshim RedForce,oe:team:5cd2cd09ec94296f605dd13a2924d6c,BLUE,0,1,RED,Nongshim RedForce,Elise,Vi,Yone,Nidalee,Pantheon,Yorick,Lillia,Corki,Gwen,Braum,Poppy,Leona,Ashe,Tristana,Miss Fortune,Renekton,Nocturne,Ornn,Aatrox,Senna,oe:team:5cd2cd09ec94296f605dd13a2924d6c|oe:team:b77b3f6068e20a2b3edc0ecd3dc70d4,2025_20250525_HANJIN_BRION_vs_Nongshim_RedForce_S4,"[""Rumble"", ""Azir"", ""Wukong"", ""Sejuani"", ""Taliyah"", ""Jayce"", ""Jhin"", ""Varus"", ""Rell"", ""Nautilus"", ""Kalista"", ""Sion"", ""Xin Zhao"", ""Viktor"", ""Akali"", ""Ezreal"", ""Rakan"", ""Alistar"", ""Camille"", ""Naafiri""]",20,False,55.0,20.0,0.36363636363636365,55.0,20.0,0.36363636363636365,5.0,0.6,10.0,0.5,30.0,0.5,4.0,0.75,8.0,0.125,69.0,35.0,0.5072463768115942,69.0,35.0,0.5072463768115942,5.0,0.4,10.0,0.6,36.0,0.4722222222222222,5.0,0.4,8.0,0.875
LOLTMNT03_244928,2025,2025-05-25 09:10:27+00:00,LCK,1,Rounds 1-2,0,15.1,complete,,,BNK FEARX,oe:team:5c2e7e9ea8dfcba0150d9a5619baecf,KT Rolster,oe:team:d723992568441c6bafa2658129eade7,BLUE,1,0,BLUE,BNK FEARX,Yone,Vi,Rumble,Nidalee,Gwen,Kalista,Varus,Azir,Taliyah,Pantheon,Ahri,Jayce,Alistar,Xin Zhao,Nautilus,Jhin,Leona,Wukong,Naafiri,Rell,oe:team:5c2e7e9ea8dfcba0150d9a5619baecf|oe:team:d723992568441c6bafa2658129eade7,2025_20250525_BNK_FEARX_vs_KT_Rolster_S3,[],0,False,51.0,17.0,0.3333333333333333,51.0,17.0,0.3333333333333333,5.0,0.0,10.0,0.2,28.0,0.4642857142857143,2.0,0.0,6.0,0.3333333333333333,52.0,25.0,0.4807692307692308,52.0,25.0,0.4807692307692308,5.0,0.6,10.0,0.7,25.0,0.52,3.0,0.6666666666666666,6.0,0.6666666666666666
LOLTMNT03_244951,2025,2025-05-25 10:01:46+00:00,LCK,2,Rounds 1-2,0,15.1,complete,,,KT Rolster,oe:team:d723992568441c6bafa2658129eade7,BNK FEARX,oe:team:5c2e7e9ea8dfcba0150d9a5619baecf,BLUE,1,0,BLUE,KT Rolster,Kalista,Yone,Ryze,Yorick,Sion,Taliyah,Trundle,Xin Zhao,Vi,Gwen,Jax,Akali,Ezreal,Rakan,Ashe,Leona,Alistar,Braum,Poppy,Kai'Sa,oe:team:5c2e7e9ea8dfcba0150d9a5619baecf|oe:team:d723992568441c6bafa2658129eade7,2025_20250525_BNK_FEARX_vs_KT_Rolster_S3,"[""Rumble"", ""Nidalee"", ""Varus"", ""Azir"", ""Ahri"", ""Jayce"", ""Nautilus"", ""Jhin"", ""Naafiri"", ""Rell""]",10,False,53.0,25.0,0.4716981132075472,53.0,25.0,0.4716981132075472,5.0,0.6,10.0,0.6,27.0,0.4444444444444444,4.0,0.5,7.0,0.5714285714285714,52.0,18.0,0.34615384615384615,52.0,18.0,0.34615384615384615,5.0,0.2,10.0,0.2,23.0,0.17391304347826086,3.0,0.3333333333333333,7.0,0.42857142857142855
LOLTMNT03_244968,2025,2025-05-25 11:00:15+00:00,LCK,3,Rounds 1-2,0,15.1,complete,,,BNK FEARX,oe:team:5c2e7e9ea8dfcba0150d9a5619baecf,KT Rolster,oe:team:d723992568441c6bafa2658129eade7,BLUE,0,1,RED,KT Rolster,Yone,Vi,Taliyah,Wukong,Sion,Kalista,Pantheon,Renekton,Gwen,Neeko,K'Sante,Alistar,Miss Fortune,Lulu,Lucian,Ezreal,Senna,Xayah,Braum,Syndra,oe:team:5c2e7e9ea8dfcba0150d9a5619baecf|oe:team:d723992568441c6bafa2658129eade7,2025_20250525_BNK_FEARX_vs_KT_Rolster_S3,"[""Rumble"", ""Nidalee"", ""Varus"", ""Azir"", ""Ahri"", ""Jayce"", ""Nautilus"", ""Jhin"", ""Naafiri"", ""Rell"", ""Ryze"", ""Yorick"", ""Trundle"", ""Xin Zhao"", ""Jax"", ""Akali"", ""Ashe"", ""Leona"", ""Poppy"", ""Kai'Sa""]",20,False,53.0,18.0,0.33962264150943394,53.0,18.0,0.33962264150943394,5.0,0.2,10.0,0.2,29.0,0.4827586206896552,4.0,0.25,8.0,0.375,54.0,26.0,0.48148148148148145,54.0,26.0,0.48148148148148145,5.0,0.6,10.0,0.7,26.0,0.5,5.0,0.6,8.0,0.625
LOLTMNT03_248140,2025,2025-05-28 08:03:32+00:00,LCK,1,Rounds 1-2,0,15.1,complete,,,BNK FEARX,oe:team:5c2e7e9ea8dfcba0150d9a5619baecf,DN SOOPers,oe:team:b3c72a20aa56f5d28022ac04a7dc294,BLUE,1,0,BLUE,BNK FEARX,Yone,Vi,Rumble,Azir,Gwen,Kalista,Xin Zhao,Pantheon,Taliyah,Varus,Ahri,Ambessa,Braum,Neeko,Kai'Sa,Miss Fortune,Senna,Rakan,Alistar,Gragas,oe:team:5c2e7e9ea8dfcba0150d9a5619baecf|oe:team:b3c72a20aa56f5d28022ac04a7dc294,2025_20250528_BNK_FEARX_vs_DN_SOOPers_S2,[],0,False,54.0,18.0,0.3333333333333333,54.0,18.0,0.3333333333333333,5.0,0.2,10.0,0.2,30.0,0.4666666666666667,5.0,0.2,3.0,0.6666666666666666,51.0,10.0,0.19607843137254902,51.0,10.0,0.19607843137254902,5.0,0.0,10.0,0.2,19.0,0.10526315789473684,4.0,0.0,3.0,0.3333333333333333
LOLTMNT03_248153,2025,2025-05-28 09:00:47+00:00,LCK,2,Rounds 1-2,0,15.1,complete,,,DN SOOPers,oe:team:b3c72a20aa56f5d28022ac04a7dc294,BNK FEARX,oe:team:5c2e7e9ea8dfcba0150d9a5619baecf,BLUE,1,0,BLUE,DN SOOPers,Kalista,Taliyah,Vi,Ryze,Gwen,Sion,Orianna,Yorick,Varus,Viktor,Jax,Wukong,Ezreal,Senna,Ashe,Rakan,Xayah,Neeko,Renata Glasc,Jhin,oe:team:5c2e7e9ea8dfcba0150d9a5619baecf|oe:team:b3c72a20aa56f5d28022ac04a7dc294,2025_20250528_BNK_FEARX_vs_DN_SOOPers_S2,"[""Rumble"", ""Azir"", ""Xin Zhao"", ""Pantheon"", ""Ahri"", ""Ambessa"", ""Kai'Sa"", ""Miss Fortune"", ""Alistar"", ""Gragas""]",10,False,52.0,10.0,0.19230769230769232,52.0,10.0,0.19230769230769232,5.0,0.0,10.0,0.1,32.0,0.25,5.0,0.0,4.0,0.25,55.0,19.0,0.34545454545454546,55.0,19.0,0.34545454545454546,5.0,0.4,10.0,0.2,24.0,0.16666666666666666,6.0,0.3333333333333333,4.0,0.75
LOLTMNT03_247772,2025,2025-05-28 09:51:09+00:00,LCK,3,Rounds 1-2,0,15.1,complete,,,BNK FEARX,oe:team:5c2e7e9ea8dfcba0150d9a5619baecf,DN SOOPers,oe:team:b3c72a20aa56f5d28022ac04a7dc294,BLUE,1,0,BLUE,BNK FEARX,Yone,Kalista,Varus,Lucian,Sion,Gwen,Naafiri,Jayce,Viktor,Taliyah,Annie,Galio,Trundle,Neeko,Rell,Braum,Nocturne,Nautilus,K'Sante,Kindred,oe:team:5c2e7e9ea8dfcba0150d9a5619baecf|oe:team:b3c72a20aa56f5d28022ac04a7dc294,2025_20250528_BNK_FEARX_vs_DN_SOOPers_S2,"[""Rumble"", ""Azir"", ""Xin Zhao"", ""Pantheon"", ""Ahri"", ""Ambessa"", ""Kai'Sa"", ""Miss Fortune"", ""Alistar"", ""Gragas"", ""Vi"", ""Ryze"", ""Orianna"", ""Yorick"", ""Jax"", ""Wukong"", ""Ashe"", ""Rakan"", ""Renata Glasc"", ""Jhin""]",20,False,56.0,19.0,0.3392857142857143,56.0,19.0,0.3392857142857143,5.0,0.4,10.0,0.2,31.0,0.4838709677419355,7.0,0.2857142857142857,5.0,0.6,53.0,11.0,0.20754716981132076,53.0,11.0,0.20754716981132076,5.0,0.2,10.0,0.1,20.0,0.1,6.0,0.16666666666666666,5.0,0.4
LOLTMNT03_248249,2025,2025-05-28 11:13:02+00:00,LCK,1,Rounds 1-2,0,15.1,complete,,,T1,oe:team:ce499dea30cfce118f4fe85da0227e8,Hanwha Life Esports,oe:team:3a1d18f46bcb3716ebcfcf4ef068934,BLUE,0,1,RED,Hanwha Life Esports,Taliyah,Vi,Viktor,Xin Zhao,Yone,Azir,Miss Fortune,Kalista,Gwen,Rumble,Neeko,Sylas,Elise,Poppy,Yorick,Leona,Rell,Sion,Pantheon,Jax,oe:team:3a1d18f46bcb3716ebcfcf4ef068934|oe:team:ce499dea30cfce118f4fe85da0227e8,2025_20250528_Hanwha_Life_Esports_vs_T1_S3,[],0,False,58.0,38.0,0.6551724137931034,58.0,38.0,0.6551724137931034,5.0,0.8,10.0,0.7,25.0,0.84,4.0,1.0,7.0,0.2857142857142857,71.0,48.0,0.676056338028169,71.0,48.0,0.676056338028169,5.0,0.4,10.0,0.4,39.0,0.6153846153846154,6.0,0.3333333333333333,7.0,0.7142857142857143
LOLTMNT03_250029,2025,2025-05-28 12:09:20+00:00,LCK,2,Rounds 1-2,0,15.1,complete,,,T1,oe:team:ce499dea30cfce118f4fe85da0227e8,Hanwha Life Esports,oe:team:3a1d18f46bcb3716ebcfcf4ef068934,BLUE,0,1,RED,Hanwha Life Esports,Taliyah,Vi,Rumble,Naafiri,Yone,Azir,Senna,Ahri,Jayce,Gwen,Alistar,Ornn,Lucian,Wukong,Galio,Smolder,Rakan,Trundle,Kindred,Poppy,oe:team:3a1d18f46bcb3716ebcfcf4ef068934|oe:team:ce499dea30cfce118f4fe85da0227e8,2025_20250528_Hanwha_Life_Esports_vs_T1_S3,"[""Viktor"", ""Xin Zhao"", ""Miss Fortune"", ""Kalista"", ""Neeko"", ""Sylas"", ""Yorick"", ""Leona"", ""Pantheon"", ""Jax""]",10,False,59.0,38.0,0.6440677966101694,59.0,38.0,0.6440677966101694,5.0,0.8,10.0,0.6,26.0,0.8076923076923077,5.0,0.8,8.0,0.25,72.0,49.0,0.6805555555555556,72.0,49.0,0.6805555555555556,5.0,0.4,10.0,0.5,40.0,0.625,7.0,0.42857142857142855,8.0,0.75
LOLTMNT03_250487,2025,2025-05-29 08:06:13+00:00,LCK,1,Rounds 1-2,0,15.1,complete,,,Kiwoom DRX,oe:team:1d0389df0c5eea93b04122ba167c010,HANJIN BRION,oe:team:b77b3f6068e20a2b3edc0ecd3dc70d4,BLUE,1,0,BLUE,Kiwoom DRX,Yone,Vi,Taliyah,Azir,Rumble,Pantheon,Wukong,Xin Zhao,Ahri,Gwen,Sion,Yorick,Alistar,Senna,Neeko,Kalista,Varus,Braum,Kai'Sa,Renata Glasc,oe:team:1d0389df0c5eea93b04122ba167c010|oe:team:b77b3f6068e20a2b3edc0ecd3dc70d4,2025_20250529_HANJIN_BRION_vs_Kiwoom_DRX_S3,[],0,False,58.0,21.0,0.3620689655172414,58.0,21.0,0.3620689655172414,5.0,0.4,10.0,0.4,35.0,0.37142857142857144,4.0,0.5,6.0,0.6666666666666666,56.0,20.0,0.35714285714285715,56.0,20.0,0.35714285714285715,5.0,0.6,10.0,0.5,25.0,0.2,5.0,0.6,6.0,0.3333333333333333
LOLTMNT03_251392,2025,2025-05-29 09:05:43+00:00,LCK,2,Rounds 1-2,0,15.1,complete,,,HANJIN BRION,oe:team:b77b3f6068e20a2b3edc0ecd3dc70d4,Kiwoom DRX,oe:team:1d0389df0c5eea93b04122ba167c010,BLUE,1,0,BLUE,HANJIN BRION,Pantheon,Vi,Viktor,Trundle,Ryze,Yone,Rumble,Jayce,Poppy,Ahri,Varus,Sylas,Alistar,Nocturne,Rell,Ezreal,Senna,Braum,Zed,Leona,oe:team:1d0389df0c5eea93b04122ba167c010|oe:team:b77b3f6068e20a2b3edc0ecd3dc70d4,2025_20250529_HANJIN_BRION_vs_Kiwoom_DRX_S3,"[""Taliyah"", ""Azir"", ""Wukong"", ""Xin Zhao"", ""Sion"", ""Yorick"", ""Neeko"", ""Kalista"", ""Kai'Sa"", ""Renata Glasc""]",10,False,57.0,20.0,0.3508771929824561,57.0,20.0,0.3508771929824561,5.0,0.4,10.0,0.4,31.0,0.4838709677419355,6.0,0.5,7.0,0.2857142857142857,59.0,22.0,0.3728813559322034,59.0,22.0,0.3728813559322034,5.0,0.6,10.0,0.5,23.0,0.34782608695652173,5.0,0.6,7.0,0.7142857142857143
LOLTMNT03_250553,2025,2025-05-29 10:13:03+00:00,LCK,3,Rounds 1-2,0,15.1,complete,,,Kiwoom DRX,oe:team:1d0389df0c5eea93b04122ba167c010,HANJIN BRION,oe:team:b77b3f6068e20a2b3edc0ecd3dc70d4,BLUE,1,0,BLUE,Kiwoom DRX,Yone,Vi,Ahri,Gwen,Annie,Ryze,Nocturne,Poppy,Orianna,Pantheon,Senna,Draven,Alistar,Gnar,Ambessa,Corki,Aurora,Jax,Nautilus,Sejuani,oe:team:1d0389df0c5eea93b04122ba167c010|oe:team:b77b3f6068e20a2b3edc0ecd3dc70d4,2025_20250529_HANJIN_BRION_vs_Kiwoom_DRX_S3,"[""Taliyah"", ""Azir"", ""Wukong"", ""Xin Zhao"", ""Sion"", ""Yorick"", ""Neeko"", ""Kalista"", ""Kai'Sa"", ""Renata Glasc"", ""Viktor"", ""Trundle"", ""Rumble"", ""Jayce"", ""Varus"", ""Sylas"", ""Rell"", ""Ezreal"", ""Zed"", ""Leona""]",20,False,60.0,22.0,0.36666666666666664,60.0,22.0,0.36666666666666664,5.0,0.4,10.0,0.4,36.0,0.3888888888888889,6.0,0.5,8.0,0.625,58.0,21.0,0.3620689655172414,58.0,21.0,0.3620689655172414,5.0,0.4,10.0,0.5,26.0,0.19230769230769232,7.0,0.5714285714285714,8.0,0.375
LOLTMNT03_251520,2025,2025-05-29 11:54:37+00:00,LCK,1,Rounds 1-2,0,15.1,complete,,,KT Rolster,oe:team:d723992568441c6bafa2658129eade7,Gen.G,oe:team:50f58982d91a36557ec8aec52ab014f,BLUE,0,1,RED,Gen.G,Pantheon,Vi,Nidalee,Xin Zhao,Azir,Kalista,Ornn,Rumble,Gwen,Poppy,Yone,Ahri,Alistar,Kai'Sa,Xayah,Jhin,Braum,Ezreal,Rakan,Rell,oe:team:50f58982d91a36557ec8aec52ab014f|oe:team:d723992568441c6bafa2658129eade7,2025_20250529_Gen_G_vs_KT_Rolster_S2,[],0,False,55.0,27.0,0.4909090909090909,55.0,27.0,0.4909090909090909,5.0,0.6,10.0,0.7,28.0,0.4642857142857143,6.0,0.6666666666666666,2.0,0.0,65.0,49.0,0.7538461538461538,65.0,49.0,0.7538461538461538,5.0,0.8,10.0,0.9,40.0,0.675,5.0,0.8,2.0,1.0
LOLTMNT03_251552,2025,2025-05-29 12:41:11+00:00,LCK,2,Rounds 1-2,0,15.1,complete,,,KT Rolster,oe:team:d723992568441c6bafa2658129eade7,Gen.G,oe:team:50f58982d91a36557ec8aec52ab014f,BLUE,1,0,BLUE,KT Rolster,Pantheon,Vi,Ryze,Jayce,Azir,Kalista,Trundle,Sejuani,Gwen,Taliyah,Sion,Corki,Alistar,Senna,Neeko,Kai'Sa,Renata Glasc,Braum,Ezreal,Nautilus,oe:team:50f58982d91a36557ec8aec52ab014f|oe:team:d723992568441c6bafa2658129eade7,2025_20250529_Gen_G_vs_KT_Rolster_S2,"[""Nidalee"", ""Xin Zhao"", ""Ornn"", ""Rumble"", ""Yone"", ""Ahri"", ""Xayah"", ""Jhin"", ""Rakan"", ""Rell""]",10,False,56.0,27.0,0.48214285714285715,56.0,27.0,0.48214285714285715,5.0,0.6,10.0,0.6,29.0,0.4482758620689655,7.0,0.5714285714285714,3.0,0.0,66.0,50.0,0.7575757575757576,66.0,50.0,0.7575757575757576,5.0,0.8,10.0,0.9,41.0,0.6829268292682927,6.0,0.8333333333333334,3.0,1.0
LOLTMNT03_250721,2025,2025-05-29 13:33:57+00:00,LCK,3,Rounds 1-2,0,15.1,complete,,,Gen.G,oe:team:50f58982d91a36557ec8aec52ab014f,KT Rolster,oe:team:d723992568441c6bafa2658129eade7,BLUE,1,0,BLUE,Gen.G,Kalista,Vi,Viktor,Yorick,Taliyah,Gwen,Skarner,Wukong,Orianna,Azir,Alistar,Sylas,Braum,Jax,Renekton,Varus,Lulu,Senna,Lucian,Renata Glasc,oe:team:50f58982d91a36557ec8aec52ab014f|oe:team:d723992568441c6bafa2658129eade7,2025_20250529_Gen_G_vs_KT_Rolster_S2,"[""Nidalee"", ""Xin Zhao"", ""Ornn"", ""Rumble"", ""Yone"", ""Ahri"", ""Xayah"", ""Jhin"", ""Rakan"", ""Rell"", ""Ryze"", ""Jayce"", ""Trundle"", ""Sejuani"", ""Sion"", ""Corki"", ""Neeko"", ""Kai'Sa"", ""Ezreal"", ""Nautilus""]",20,False,67.0,50.0,0.746268656716418,67.0,50.0,0.746268656716418,5.0,0.8,10.0,0.8,25.0,0.88,7.0,0.7142857142857143,4.0,0.75,57.0,28.0,0.49122807017543857,57.0,28.0,0.49122807017543857,5.0,0.6,10.0,0.6,27.0,0.5185185185185185,8.0,0.625,4.0,0.25
LOLTMNT03_251983,2025,2025-05-30 08:06:20+00:00,LCK,1,Rounds 1-2,0,15.1,complete,,,Nongshim RedForce,oe:team:5cd2cd09ec94296f605dd13a2924d6c,T1,oe:team:ce499dea30cfce118f4fe85da0227e8,BLUE,1,0,BLUE,Nongshim RedForce,Kalista,Vi,Rumble,Ornn,Taliyah,Azir,Sejuani,Pantheon,Viktor,Gwen,Yone,Akali,Renata Glasc,Elise,Xayah,Alistar,Neeko,Nautilus,Rakan,Jhin,oe:team:5cd2cd09ec94296f605dd13a2924d6c|oe:team:ce499dea30cfce118f4fe85da0227e8,2025_20250530_Nongshim_RedForce_vs_T1_S4,[],0,False,70.0,36.0,0.5142857142857142,70.0,36.0,0.5142857142857142,5.0,0.6,10.0,0.6,33.0,0.5454545454545454,6.0,0.5,7.0,0.14285714285714285,60.0,38.0,0.6333333333333333,60.0,38.0,0.6333333333333333,5.0,0.6,10.0,0.5,33.0,0.5151515151515151,6.0,0.6666666666666666,7.0,0.8571428571428571
LOLTMNT03_251998,2025,2025-05-30 08:56:17+00:00,LCK,2,Rounds 1-2,0,15.1,complete,,,T1,oe:team:ce499dea30cfce118f4fe85da0227e8,Nongshim RedForce,oe:team:5cd2cd09ec94296f605dd13a2924d6c,BLUE,0,1,RED,Nongshim RedForce,Elise,Kalista,Gwen,Jayce,Taliyah,Azir,Skarner,Poppy,Sion,Vi,Viktor,Ryze,Senna,Neeko,Lucian,Nautilus,Lulu,Renata Glasc,Braum,Varus,oe:team:5cd2cd09ec94296f605dd13a2924d6c|oe:team:ce499dea30cfce118f4fe85da0227e8,2025_20250530_Nongshim_RedForce_vs_T1_S4,"[""Rumble"", ""Ornn"", ""Sejuani"", ""Pantheon"", ""Yone"", ""Akali"", ""Xayah"", ""Alistar"", ""Rakan"", ""Jhin""]",10,False,61.0,38.0,0.6229508196721312,61.0,38.0,0.6229508196721312,5.0,0.4,10.0,0.5,27.0,0.7777777777777778,7.0,0.5714285714285714,8.0,0.75,71.0,37.0,0.5211267605633803,71.0,37.0,0.5211267605633803,5.0,0.6,10.0,0.6,37.0,0.4864864864864865,7.0,0.5714285714285714,8.0,0.25
LOLTMNT03_253051,2025,2025-05-30 10:17:54+00:00,LCK,1,Rounds 1-2,0,15.1,complete,,,Dplus Kia,oe:team:ef69efa6acebe94107f0cf1ba716806,DN SOOPers,oe:team:b3c72a20aa56f5d28022ac04a7dc294,BLUE,1,0,BLUE,Dplus Kia,Kalista,Vi,Gwen,Azir,Taliyah,Xin Zhao,Sejuani,Poppy,Pantheon,Naafiri,Yone,Ambessa,Xayah,Miss Fortune,Senna,Lucian,Alistar,Ezreal,Braum,Rell,oe:team:b3c72a20aa56f5d28022ac04a7dc294|oe:team:ef69efa6acebe94107f0cf1ba716806,2025_20250530_DN_SOOPers_vs_Dplus_Kia_S3,[],0,False,66.0,35.0,0.5303030303030303,66.0,35.0,0.5303030303030303,5.0,0.4,10.0,0.6,31.0,0.5806451612903226,5.0,0.4,4.0,1.0,54.0,11.0,0.2037037037037037,54.0,11.0,0.2037037037037037,5.0,0.2,10.0,0.1,21.0,0.09523809523809523,7.0,0.14285714285714285,4.0,0.0
LOLTMNT03_252111,2025,2025-05-30 11:22:37+00:00,LCK,2,Rounds 1-2,0,15.1,complete,,,DN SOOPers,oe:team:b3c72a20aa56f5d28022ac04a7dc294,Dplus Kia,oe:team:ef69efa6acebe94107f0cf1ba716806,BLUE,1,0,BLUE,DN SOOPers,Xin Zhao,Vi,Taliyah,Wukong,Naafiri,Kalista,Trundle,Yorick,Pantheon,Rumble,Sion,Ahri,Ezreal,Xayah,Kai'Sa,Leona,Alistar,Renata Glasc,Nautilus,Miss Fortune,oe:team:b3c72a20aa56f5d28022ac04a7dc294|oe:team:ef69efa6acebe94107f0cf1ba716806,2025_20250530_DN_SOOPers_vs_Dplus_Kia_S3,"[""Gwen"", ""Azir"", ""Sejuani"", ""Poppy"", ""Yone"", ""Ambessa"", ""Senna"", ""Lucian"", ""Braum"", ""Rell""]",10,False,55.0,11.0,0.2,55.0,11.0,0.2,5.0,0.2,10.0,0.1,33.0,0.2727272727272727,8.0,0.125,5.0,0.0,67.0,36.0,0.5373134328358209,67.0,36.0,0.5373134328358209,5.0,0.6,10.0,0.6,35.0,0.4857142857142857,6.0,0.5,5.0,1.0
LOLTMNT03_252143,2025,2025-05-30 12:17:09+00:00,LCK,3,Rounds 1-2,0,15.1,complete,,,Dplus Kia,oe:team:ef69efa6acebe94107f0cf1ba716806,DN SOOPers,oe:team:b3c72a20aa56f5d28022ac04a7dc294,BLUE,1,0,BLUE,Dplus Kia,Kalista,Vi,Jayce,Alistar,Ornn,Rumble,Skarner,Xin Zhao,Pantheon,Sylas,Ryze,K'Sante,Orianna,Xayah,Varus,Hwei,Viktor,Ezreal,Renata Glasc,Zeri,oe:team:b3c72a20aa56f5d28022ac04a7dc294|oe:team:ef69efa6acebe94107f0cf1ba716806,2025_20250530_DN_SOOPers_vs_Dplus_Kia_S3,"[""Gwen"", ""Azir"", ""Sejuani"", ""Poppy"", ""Yone"", ""Ambessa"", ""Senna"", ""Lucian"", ""Braum"", ""Rell"", ""Taliyah"", ""Wukong"", ""Trundle"", ""Yorick"", ""Sion"", ""Ahri"", ""Kai'Sa"", ""Leona"", ""Nautilus"", ""Miss Fortune""]",20,False,68.0,36.0,0.5294117647058824,68.0,36.0,0.5294117647058824,5.0,0.6,10.0,0.6,32.0,0.59375,7.0,0.42857142857142855,6.0,0.8333333333333334,56.0,12.0,0.21428571428571427,56.0,12.0,0.21428571428571427,5.0,0.4,10.0,0.2,22.0,0.09090909090909091,9.0,0.2222222222222222,6.0,0.16666666666666666
LOLTMNT03_253463,2025,2025-05-31 06:05:53+00:00,LCK,1,Rounds 1-2,0,15.1,complete,,,KT Rolster,oe:team:d723992568441c6bafa2658129eade7,Kiwoom DRX,oe:team:1d0389df0c5eea93b04122ba167c010,BLUE,1,0,BLUE,KT Rolster,Neeko,Vi,Gwen,Azir,Poppy,Rumble,Taliyah,Trundle,Pantheon,Jayce,Xin Zhao,Gnar,Alistar,Rakan,Jhin,Varus,Senna,Kalista,Leona,Rell,oe:team:1d0389df0c5eea93b04122ba167c010|oe:team:d723992568441c6bafa2658129eade7,2025_20250531_KT_Rolster_vs_Kiwoom_DRX_S2,[],0,False,58.0,28.0,0.4827586206896552,58.0,28.0,0.4827586206896552,5.0,0.6,10.0,0.6,30.0,0.4666666666666667,9.0,0.5555555555555556,2.0,1.0,61.0,23.0,0.3770491803278688,61.0,23.0,0.3770491803278688,5.0,0.4,10.0,0.5,24.0,0.3333333333333333,7.0,0.5714285714285714,2.0,0.0
LOLTMNT03_252517,2025,2025-05-31 06:59:05+00:00,LCK,2,Rounds 1-2,0,15.1,complete,,,Kiwoom DRX,oe:team:1d0389df0c5eea93b04122ba167c010,KT Rolster,oe:team:d723992568441c6bafa2658129eade7,BLUE,0,1,RED,KT Rolster,Ryze,Vi,Sion,Ornn,Rumble,Kalista,Viktor,Ahri,Nidalee,Neeko,Poppy,Wukong,Lulu,Xayah,Zeri,Senna,Alistar,Braum,Nautilus,Rakan,oe:team:1d0389df0c5eea93b04122ba167c010|oe:team:d723992568441c6bafa2658129eade7,2025_20250531_KT_Rolster_vs_Kiwoom_DRX_S2,"[""Gwen"", ""Azir"", ""Taliyah"", ""Trundle"", ""Xin Zhao"", ""Gnar"", ""Jhin"", ""Varus"", ""Leona"", ""Rell""]",10,False,62.0,23.0,0.3709677419354839,62.0,23.0,0.3709677419354839,5.0,0.4,10.0,0.5,37.0,0.40540540540540543,8.0,0.5,3.0,0.0,59.0,29.0,0.4915254237288136,59.0,29.0,0.4915254237288136,5.0,0.6,10.0,0.6,28.0,0.5,10.0,0.6,3.0,1.0
LOLTMNT03_252540,2025,2025-05-31 08:16:20+00:00,LCK,1,Rounds 1-2,0,15.1,complete,,,HANJIN BRION,oe:team:b77b3f6068e20a2b3edc0ecd3dc70d4,Gen.G,oe:team:50f58982d91a36557ec8aec52ab014f,BLUE,0,1,RED,Gen.G,Pantheon,Vi,Rumble,Nidalee,Xin Zhao,Kalista,Sejuani,K'Sante,Skarner,Wukong,Yone,Sett,Alistar,Rakan,Poppy,Rell,Senna,Braum,Varus,Ezreal,oe:team:50f58982d91a36557ec8aec52ab014f|oe:team:b77b3f6068e20a2b3edc0ecd3dc70d4,2025_20250531_Gen_G_vs_HANJIN_BRION_S3,[],0,False,59.0,21.0,0.3559322033898305,59.0,21.0,0.3559322033898305,5.0,0.2,10.0,0.5,32.0,0.5,8.0,0.5,4.0,0.5,68.0,51.0,0.75,68.0,51.0,0.75,5.0,0.8,10.0,0.8,42.0,0.6666666666666666,8.0,0.75,4.0,0.5
LOLTMNT03_253497,2025,2025-05-31 09:12:30+00:00,LCK,2,Rounds 1-2,0,15.1,complete,,,HANJIN BRION,oe:team:b77b3f6068e20a2b3edc0ecd3dc70d4,Gen.G,oe:team:50f58982d91a36557ec8aec52ab014f,BLUE,0,1,RED,Gen.G,Pantheon,Vi,Taliyah,Gwen,Xin Zhao,Kalista,Jax,Wukong,Azir,Trundle,Nocturne,Ahri,Xayah,Miss Fortune,Nautilus,Neeko,Senna,Alistar,Lucian,Kai'Sa,oe:team:50f58982d91a36557ec8aec52ab014f|oe:team:b77b3f6068e20a2b3edc0ecd3dc70d4,2025_20250531_Gen_G_vs_HANJIN_BRION_S3,"[""Rumble"", ""Nidalee"", ""Sejuani"", ""K'Sante"", ""Yone"", ""Sett"", ""Poppy"", ""Rell"", ""Varus"", ""Ezreal""]",10,False,60.0,21.0,0.35,60.0,21.0,0.35,5.0,0.2,10.0,0.4,33.0,0.48484848484848486,9.0,0.4444444444444444,5.0,0.4,69.0,52.0,0.7536231884057971,69.0,52.0,0.7536231884057971,5.0,0.8,10.0,0.8,43.0,0.6744186046511628,9.0,0.7777777777777778,5.0,0.6
LOLTMNT03_253707,2025,2025-06-01 06:05:16+00:00,LCK,1,Rounds 1-2,0,15.1,complete,,,Hanwha Life Esports,oe:team:3a1d18f46bcb3716ebcfcf4ef068934,BNK FEARX,oe:team:5c2e7e9ea8dfcba0150d9a5619baecf,BLUE,1,0,BLUE,Hanwha Life Esports,Rumble,Vi,Azir,Xin Zhao,Taliyah,Yone,Sion,Varus,Kalista,Gwen,Trundle,Ahri,Neeko,Senna,Lucian,Ambessa,Alistar,Jhin,Braum,Renata Glasc,oe:team:3a1d18f46bcb3716ebcfcf4ef068934|oe:team:5c2e7e9ea8dfcba0150d9a5619baecf,2025_20250601_BNK_FEARX_vs_Hanwha_Life_Esports_S2,[],0,False,73.0,50.0,0.684931506849315,73.0,50.0,0.684931506849315,5.0,0.6,10.0,0.6,32.0,0.75,8.0,0.5,2.0,1.0,57.0,20.0,0.3508771929824561,57.0,20.0,0.3508771929824561,5.0,0.4,10.0,0.3,25.0,0.16,8.0,0.375,2.0,0.0
LOLTMNT03_253709,2025,2025-06-01 06:54:26+00:00,LCK,2,Rounds 1-2,0,15.1,complete,,,BNK FEARX,oe:team:5c2e7e9ea8dfcba0150d9a5619baecf,Hanwha Life Esports,oe:team:3a1d18f46bcb3716ebcfcf4ef068934,BLUE,0,1,RED,Hanwha Life Esports,Yone,Vi,Wukong,Gwen,Poppy,Kalista,Rumble,Pantheon,Sylas,Taliyah,Alistar,Viktor,Rakan,Akali,Kai'Sa,Shen,Senna,Annie,Galio,Xayah,oe:team:3a1d18f46bcb3716ebcfcf4ef068934|oe:team:5c2e7e9ea8dfcba0150d9a5619baecf,2025_20250601_BNK_FEARX_vs_Hanwha_Life_Esports_S2,"[""Azir"", ""Xin Zhao"", ""Sion"", ""Varus"", ""Trundle"", ""Ahri"", ""Lucian"", ""Ambessa"", ""Braum"", ""Renata Glasc""]",10,False,58.0,20.0,0.3448275862068966,58.0,20.0,0.3448275862068966,5.0,0.4,10.0,0.3,32.0,0.5,9.0,0.3333333333333333,3.0,0.0,74.0,51.0,0.6891891891891891,74.0,51.0,0.6891891891891891,5.0,0.8,10.0,0.6,41.0,0.6341463414634146,9.0,0.5555555555555556,3.0,1.0
LOLTMNT03_252905,2025,2025-06-01 08:07:40+00:00,LCK,1,Rounds 1-2,0,15.1,complete,,,Dplus Kia,oe:team:ef69efa6acebe94107f0cf1ba716806,Nongshim RedForce,oe:team:5cd2cd09ec94296f605dd13a2924d6c,BLUE,1,0,BLUE,Dplus Kia,Poppy,Vi,Taliyah,Rumble,Yone,Gwen,Xin Zhao,Wukong,Pantheon,Braum,Ornn,Sylas,Varus,Ezreal,Kalista,Nautilus,Alistar,Xayah,Renata Glasc,Senna,oe:team:5cd2cd09ec94296f605dd13a2924d6c|oe:team:ef69efa6acebe94107f0cf1ba716806,2025_20250601_Dplus_Kia_vs_Nongshim_RedForce_S3,[],0,False,69.0,37.0,0.5362318840579711,69.0,37.0,0.5362318840579711,5.0,0.6,10.0,0.6,33.0,0.6060606060606061,8.0,0.5,7.0,0.5714285714285714,72.0,38.0,0.5277777777777778,72.0,38.0,0.5277777777777778,5.0,0.8,10.0,0.6,38.0,0.5,8.0,0.625,7.0,0.42857142857142855
LOLTMNT03_253750,2025,2025-06-01 09:00:11+00:00,LCK,2,Rounds 1-2,0,15.1,complete,,,Nongshim RedForce,oe:team:5cd2cd09ec94296f605dd13a2924d6c,Dplus Kia,oe:team:ef69efa6acebe94107f0cf1ba716806,BLUE,1,0,BLUE,Nongshim RedForce,Sion,Vi,Azir,Ahri,Pantheon,Gwen,Sejuani,Yorick,Alistar,Poppy,Jayce,Trundle,Braum,Elise,Miss Fortune,Rakan,Varus,Shen,Morgana,Kai'Sa,oe:team:5cd2cd09ec94296f605dd13a2924d6c|oe:team:ef69efa6acebe94107f0cf1ba716806,2025_20250601_Dplus_Kia_vs_Nongshim_RedForce_S3,"[""Taliyah"", ""Rumble"", ""Xin Zhao"", ""Wukong"", ""Ornn"", ""Sylas"", ""Kalista"", ""Nautilus"", ""Renata Glasc"", ""Senna""]",10,False,73.0,38.0,0.5205479452054794,73.0,38.0,0.5205479452054794,5.0,0.8,10.0,0.6,34.0,0.5588235294117647,9.0,0.5555555555555556,8.0,0.375,70.0,38.0,0.5428571428571428,70.0,38.0,0.5428571428571428,5.0,0.8,10.0,0.6,36.0,0.4722222222222222,9.0,0.5555555555555556,8.0,0.625
LOLTMNT03_252965,2025,2025-06-01 09:49:07+00:00,LCK,3,Rounds 1-2,0,15.1,complete,,,Dplus Kia,oe:team:ef69efa6acebe94107f0cf1ba716806,Nongshim RedForce,oe:team:5cd2cd09ec94296f605dd13a2924d6c,BLUE,1,0,BLUE,Dplus Kia,Poppy,Vi,Pantheon,Nidalee,Camille,Gwen,Braum,Corki,Yone,Sion,Lucian,Alistar,Ezreal,Ryze,Gnar,Renekton,Ziggs,Jax,Annie,Nilah,oe:team:5cd2cd09ec94296f605dd13a2924d6c|oe:team:ef69efa6acebe94107f0cf1ba716806,2025_20250601_Dplus_Kia_vs_Nongshim_RedForce_S3,"[""Taliyah"", ""Rumble"", ""Xin Zhao"", ""Wukong"", ""Ornn"", ""Sylas"", ""Kalista"", ""Nautilus"", ""Renata Glasc"", ""Senna"", ""Azir"", ""Ahri"", ""Sejuani"", ""Yorick"", ""Jayce"", ""Trundle"", ""Miss Fortune"", ""Rakan"", ""Morgana"", ""Kai'Sa""]",20,False,71.0,38.0,0.5352112676056338,71.0,38.0,0.5352112676056338,5.0,0.6,10.0,0.5,34.0,0.6176470588235294,10.0,0.5,9.0,0.5555555555555556,74.0,39.0,0.527027027027027,74.0,39.0,0.527027027027027,5.0,0.8,10.0,0.6,39.0,0.48717948717948717,10.0,0.6,9.0,0.4444444444444444
LOLTMNT03_255081,2025,2025-06-04 08:08:19+00:00,LCK,1,Rounds 1-2,0,15.1,complete,,,Dplus Kia,oe:team:ef69efa6acebe94107f0cf1ba716806,KT Rolster,oe:team:d723992568441c6bafa2658129eade7,BLUE,1,0,BLUE,Dplus Kia,Yone,Vi,Taliyah,Sion,Trundle,Xin Zhao,Poppy,Wukong,Rumble,Gwen,Ambessa,Ryze,Rakan,Lucian,Kai'Sa,Ezreal,Senna,Kalista,Neeko,Alistar,oe:team:d723992568441c6bafa2658129eade7|oe:team:ef69efa6acebe94107f0cf1ba716806,2025_20250604_Dplus_Kia_vs_KT_Rolster_S3,[],0,False,72.0,39.0,0.5416666666666666,72.0,39.0,0.5416666666666666,5.0,0.6,10.0,0.6,35.0,0.6285714285714286,11.0,0.5454545454545454,4.0,0.5,60.0,30.0,0.5,60.0,30.0,0.5,5.0,0.6,10.0,0.6,29.0,0.5172413793103449,11.0,0.6363636363636364,4.0,0.5
LOLTMNT03_255086,2025,2025-06-04 09:11:25+00:00,LCK,2,Rounds 1-2,0,15.1,complete,,,KT Rolster,oe:team:d723992568441c6bafa2658129eade7,Dplus Kia,oe:team:ef69efa6acebe94107f0cf1ba716806,BLUE,1,0,BLUE,KT Rolster,Kalista,Vi,Rumble,Ornn,Xin Zhao,Yone,Trundle,Naafiri,Pantheon,Gwen,Azir,Ahri,Senna,Xayah,Varus,Jhin,Lucian,Braum,Leona,Rell,oe:team:d723992568441c6bafa2658129eade7|oe:team:ef69efa6acebe94107f0cf1ba716806,2025_20250604_Dplus_Kia_vs_KT_Rolster_S3,"[""Taliyah"", ""Sion"", ""Poppy"", ""Wukong"", ""Ambessa"", ""Ryze"", ""Kai'Sa"", ""Ezreal"", ""Neeko"", ""Alistar""]",10,False,61.0,30.0,0.4918032786885246,61.0,30.0,0.4918032786885246,5.0,0.6,10.0,0.6,31.0,0.4838709677419355,12.0,0.5833333333333334,5.0,0.4,73.0,40.0,0.547945205479452,73.0,40.0,0.547945205479452,5.0,0.8,10.0,0.7,37.0,0.4594594594594595,12.0,0.5833333333333334,5.0,0.6
LOLTMNT03_254398,2025,2025-06-04 10:08:43+00:00,LCK,3,Rounds 1-2,0,15.1,complete,,,Dplus Kia,oe:team:ef69efa6acebe94107f0cf1ba716806,KT Rolster,oe:team:d723992568441c6bafa2658129eade7,BLUE,0,1,RED,KT Rolster,Yone,Vi,Gwen,Viktor,Yorick,Xin Zhao,Senna,Jayce,Kalista,Pantheon,Nautilus,Caitlyn,Sejuani,Lillia,Nocturne,Jarvan IV,Skarner,Lee Sin,Annie,Tahm Kench,oe:team:d723992568441c6bafa2658129eade7|oe:team:ef69efa6acebe94107f0cf1ba716806,2025_20250604_Dplus_Kia_vs_KT_Rolster_S3,"[""Taliyah"", ""Sion"", ""Poppy"", ""Wukong"", ""Ambessa"", ""Ryze"", ""Kai'Sa"", ""Ezreal"", ""Neeko"", ""Alistar"", ""Rumble"", ""Ornn"", ""Trundle"", ""Naafiri"", ""Azir"", ""Ahri"", ""Varus"", ""Jhin"", ""Leona"", ""Rell""]",20,False,74.0,40.0,0.5405405405405406,74.0,40.0,0.5405405405405406,5.0,0.6,10.0,0.6,36.0,0.6388888888888888,13.0,0.5384615384615384,6.0,0.5,62.0,31.0,0.5,62.0,31.0,0.5,5.0,0.6,10.0,0.6,30.0,0.5,13.0,0.6153846153846154,6.0,0.5
LOLTMNT01_250089,2025,2025-06-07 06:06:28+00:00,LCK,1,Rounds 1-2,1,15.11,complete,,,KT Rolster,oe:team:d723992568441c6bafa2658129eade7,Dplus Kia,oe:team:ef69efa6acebe94107f0cf1ba716806,BLUE,1,0,BLUE,KT Rolster,Pantheon,Vi,Rumble,Gwen,Neeko,Yone,Jarvan IV,Trundle,Taliyah,Azir,Ryze,Galio,Senna,Rakan,Varus,Lucian,Alistar,Kalista,Braum,Milio,oe:team:d723992568441c6bafa2658129eade7|oe:team:ef69efa6acebe94107f0cf1ba716806,2025_20250607_Dplus_Kia_vs_KT_Rolster_S4,[],0,False,63.0,32.0,0.5079365079365079,63.0,32.0,0.5079365079365079,5.0,0.8,10.0,0.7,32.0,0.5,0.0,,7.0,0.5714285714285714,75.0,40.0,0.5333333333333333,75.0,40.0,0.5333333333333333,5.0,0.4,10.0,0.6,38.0,0.4473684210526316,0.0,,7.0,0.42857142857142855
LOLTMNT01_249121,2025,2025-06-07 07:16:41+00:00,LCK,2,Rounds 1-2,1,15.11,complete,,,Dplus Kia,oe:team:ef69efa6acebe94107f0cf1ba716806,KT Rolster,oe:team:d723992568441c6bafa2658129eade7,BLUE,0,1,RED,KT Rolster,Yone,Vi,Azir,Ahri,Neeko,Poppy,Kalista,Pantheon,Sion,Taliyah,Renata Glasc,Yorick,Elise,Renekton,Sejuani,Rakan,Karma,Xin Zhao,Jax,Xayah,oe:team:d723992568441c6bafa2658129eade7|oe:team:ef69efa6acebe94107f0cf1ba716806,2025_20250607_Dplus_Kia_vs_KT_Rolster_S4,"[""Rumble"", ""Gwen"", ""Jarvan IV"", ""Trundle"", ""Ryze"", ""Galio"", ""Varus"", ""Lucian"", ""Braum"", ""Milio""]",10,False,76.0,40.0,0.5263157894736842,76.0,40.0,0.5263157894736842,5.0,0.4,10.0,0.5,37.0,0.6216216216216216,1.0,0.0,8.0,0.375,64.0,33.0,0.515625,64.0,33.0,0.515625,5.0,0.8,10.0,0.7,31.0,0.5161290322580645,1.0,1.0,8.0,0.625
LOLTMNT01_249126,2025,2025-06-07 08:07:34+00:00,LCK,3,Rounds 1-2,1,15.11,complete,,,Dplus Kia,oe:team:ef69efa6acebe94107f0cf1ba716806,KT Rolster,oe:team:d723992568441c6bafa2658129eade7,BLUE,0,1,RED,KT Rolster,Yone,Vi,Viktor,Senna,Neeko,Taliyah,Smolder,Xin Zhao,Nocturne,Poppy,Nautilus,Sion,Orianna,Wukong,Ornn,Alistar,Gnar,Skarner,Kindred,Cassiopeia,oe:team:d723992568441c6bafa2658129eade7|oe:team:ef69efa6acebe94107f0cf1ba716806,2025_20250607_Dplus_Kia_vs_KT_Rolster_S4,"[""Rumble"", ""Gwen"", ""Jarvan IV"", ""Trundle"", ""Ryze"", ""Galio"", ""Varus"", ""Lucian"", ""Braum"", ""Milio"", ""Azir"", ""Ahri"", ""Kalista"", ""Pantheon"", ""Renata Glasc"", ""Yorick"", ""Sejuani"", ""Rakan"", ""Jax"", ""Xayah""]",20,False,77.0,40.0,0.5194805194805194,77.0,40.0,0.5194805194805194,5.0,0.2,10.0,0.4,38.0,0.6052631578947368,2.0,0.0,9.0,0.3333333333333333,65.0,34.0,0.5230769230769231,65.0,34.0,0.5230769230769231,5.0,0.8,10.0,0.7,32.0,0.53125,2.0,1.0,9.0,0.6666666666666666
LOLTMNT01_249476,2025,2025-06-08 06:07:06+00:00,LCK,1,Rounds 1-2,1,15.11,complete,,,Nongshim RedForce,oe:team:5cd2cd09ec94296f605dd13a2924d6c,KT Rolster,oe:team:d723992568441c6bafa2658129eade7,BLUE,0,1,RED,KT Rolster,Ryze,Vi,Gwen,Taliyah,Azir,Pantheon,Sejuani,Trundle,Sion,Poppy,Yone,Rumble,Xayah,Senna,Jhin,Varus,Kalista,Elise,Rell,Alistar,oe:team:5cd2cd09ec94296f605dd13a2924d6c|oe:team:d723992568441c6bafa2658129eade7,2025_20250608_KT_Rolster_vs_Nongshim_RedForce_S4,[],0,False,75.0,39.0,0.52,75.0,39.0,0.52,5.0,0.6,10.0,0.6,35.0,0.5714285714285714,0.0,,8.0,0.75,66.0,35.0,0.5303030303030303,66.0,35.0,0.5303030303030303,5.0,1.0,10.0,0.8,33.0,0.5454545454545454,3.0,1.0,8.0,0.25
LOLTMNT01_250305,2025,2025-06-08 06:57:09+00:00,LCK,2,Rounds 1-2,1,15.11,complete,,,Nongshim RedForce,oe:team:5cd2cd09ec94296f605dd13a2924d6c,KT Rolster,oe:team:d723992568441c6bafa2658129eade7,BLUE,0,1,RED,KT Rolster,Pantheon,Vi,Viktor,Sion,Kalista,Poppy,Wukong,Xin Zhao,Nidalee,Azir,Camille,Ryze,Neeko,Shen,Caitlyn,Senna,Braum,Kai'Sa,Morgana,Tahm Kench,oe:team:5cd2cd09ec94296f605dd13a2924d6c|oe:team:d723992568441c6bafa2658129eade7,2025_20250608_KT_Rolster_vs_Nongshim_RedForce_S4,"[""Gwen"", ""Taliyah"", ""Sejuani"", ""Trundle"", ""Yone"", ""Rumble"", ""Jhin"", ""Varus"", ""Rell"", ""Alistar""]",10,False,76.0,39.0,0.5131578947368421,76.0,39.0,0.5131578947368421,5.0,0.4,10.0,0.5,36.0,0.5555555555555556,1.0,0.0,9.0,0.6666666666666666,67.0,36.0,0.5373134328358209,67.0,36.0,0.5373134328358209,5.0,1.0,10.0,0.8,34.0,0.5588235294117647,4.0,1.0,9.0,0.3333333333333333
LOLTMNT01_250311,2025,2025-06-08 07:46:53+00:00,LCK,3,Rounds 1-2,1,15.11,complete,,,Nongshim RedForce,oe:team:5cd2cd09ec94296f605dd13a2924d6c,KT Rolster,oe:team:d723992568441c6bafa2658129eade7,BLUE,0,1,RED,KT Rolster,Kalista,Vi,Pantheon,Renekton,Yorick,Jayce,Annie,Ahri,Nidalee,Azir,Elise,Nocturne,Neeko,Gnar,Ezreal,Xayah,Lucian,Kai'Sa,Kennen,Rakan,oe:team:5cd2cd09ec94296f605dd13a2924d6c|oe:team:d723992568441c6bafa2658129eade7,2025_20250608_KT_Rolster_vs_Nongshim_RedForce_S4,"[""Gwen"", ""Taliyah"", ""Sejuani"", ""Trundle"", ""Yone"", ""Rumble"", ""Jhin"", ""Varus"", ""Rell"", ""Alistar"", ""Viktor"", ""Sion"", ""Wukong"", ""Xin Zhao"", ""Camille"", ""Ryze"", ""Caitlyn"", ""Senna"", ""Morgana"", ""Tahm Kench""]",20,False,77.0,39.0,0.5064935064935064,77.0,39.0,0.5064935064935064,5.0,0.2,10.0,0.5,37.0,0.5405405405405406,2.0,0.0,10.0,0.6,68.0,37.0,0.5441176470588235,68.0,37.0,0.5441176470588235,5.0,1.0,10.0,0.9,35.0,0.5714285714285714,5.0,1.0,10.0,0.4
LOLTMNT01_251602,2025,2025-06-13 08:18:23+00:00,LCK,1,Rounds 1-2,1,15.11,complete,,,Gen.G,oe:team:50f58982d91a36557ec8aec52ab014f,Hanwha Life Esports,oe:team:3a1d18f46bcb3716ebcfcf4ef068934,BLUE,0,1,RED,Hanwha Life Esports,Yone,Vi,Taliyah,Rumble,Neeko,Pantheon,Xin Zhao,Azir,Ahri,Kalista,Gwen,Poppy,Senna,Braum,Jhin,Varus,Alistar,Rakan,Nautilus,Rell,oe:team:3a1d18f46bcb3716ebcfcf4ef068934|oe:team:50f58982d91a36557ec8aec52ab014f,2025_20250613_Gen_G_vs_Hanwha_Life_Esports_S6,[],0,False,70.0,53.0,0.7571428571428571,70.0,53.0,0.7571428571428571,5.0,0.8,10.0,0.8,26.0,0.8846153846153846,0.0,,17.0,0.5882352941176471,75.0,52.0,0.6933333333333334,75.0,52.0,0.6933333333333334,5.0,0.8,10.0,0.6,42.0,0.6428571428571429,0.0,,17.0,0.4117647058823529
LOLTMNT01_252424,2025,2025-06-13 09:32:05+00:00,LCK,2,Rounds 1-2,1,15.11,complete,,,Gen.G,oe:team:50f58982d91a36557ec8aec52ab014f,Hanwha Life Esports,oe:team:3a1d18f46bcb3716ebcfcf4ef068934,BLUE,0,1,RED,Hanwha Life Esports,Yone,Vi,Trundle,Kalista,Neeko,Nidalee,Sion,Renata Glasc,Wukong,Viktor,Ryze,Ahri,Nocturne,Xayah,Ezreal,Jarvan IV,Aatrox,Lucian,Karma,Camille,oe:team:3a1d18f46bcb3716ebcfcf4ef068934|oe:team:50f58982d91a36557ec8aec52ab014f,2025_20250613_Gen_G_vs_Hanwha_Life_Esports_S6,"[""Taliyah"", ""Rumble"", ""Xin Zhao"", ""Azir"", ""Gwen"", ""Poppy"", ""Jhin"", ""Varus"", ""Nautilus"", ""Rell""]",10,False,71.0,53.0,0.7464788732394366,71.0,53.0,0.7464788732394366,5.0,0.6,10.0,0.7,27.0,0.8518518518518519,1.0,0.0,18.0,0.5555555555555556,76.0,53.0,0.6973684210526315,76.0,53.0,0.6973684210526315,5.0,1.0,10.0,0.7,43.0,0.6511627906976745,1.0,1.0,18.0,0.4444444444444444
LOLTMNT01_252430,2025,2025-06-13 10:26:58+00:00,LCK,3,Rounds 1-2,1,15.11,complete,,,Gen.G,oe:team:50f58982d91a36557ec8aec52ab014f,Hanwha Life Esports,oe:team:3a1d18f46bcb3716ebcfcf4ef068934,BLUE,1,0,BLUE,Gen.G,Yone,Vi,Neeko,Jax,Jayce,Nidalee,Skarner,Sejuani,Alistar,Viktor,Kai'Sa,Sylas,Rakan,Renekton,K'Sante,Corki,Braum,Galio,Aurora,Leona,oe:team:3a1d18f46bcb3716ebcfcf4ef068934|oe:team:50f58982d91a36557ec8aec52ab014f,2025_20250613_Gen_G_vs_Hanwha_Life_Esports_S6,"[""Taliyah"", ""Rumble"", ""Xin Zhao"", ""Azir"", ""Gwen"", ""Poppy"", ""Jhin"", ""Varus"", ""Nautilus"", ""Rell"", ""Trundle"", ""Kalista"", ""Sion"", ""Renata Glasc"", ""Ryze"", ""Ahri"", ""Ezreal"", ""Jarvan IV"", ""Karma"", ""Camille""]",20,False,72.0,53.0,0.7361111111111112,72.0,53.0,0.7361111111111112,5.0,0.6,10.0,0.7,28.0,0.8214285714285714,2.0,0.0,19.0,0.5263157894736842,77.0,54.0,0.7012987012987013,77.0,54.0,0.7012987012987013,5.0,1.0,10.0,0.7,44.0,0.6590909090909091,2.0,1.0,19.0,0.47368421052631576
LOLTMNT01_252434,2025,2025-06-13 11:19:23+00:00,LCK,4,Rounds 1-2,1,15.11,complete,,,Hanwha Life Esports,oe:team:3a1d18f46bcb3716ebcfcf4ef068934,Gen.G,oe:team:50f58982d91a36557ec8aec52ab014f,BLUE,0,1,RED,Gen.G,Galio,Vi,Yone,Twisted Fate,Nidalee,Jayce,Maokai,Alistar,Renekton,Viktor,Yorick,Senna,Zed,Braum,Jinx,Cho'Gath,Naafiri,Rakan,Lulu,Lee Sin,oe:team:3a1d18f46bcb3716ebcfcf4ef068934|oe:team:50f58982d91a36557ec8aec52ab014f,2025_20250613_Gen_G_vs_Hanwha_Life_Esports_S6,"[""Taliyah"", ""Rumble"", ""Xin Zhao"", ""Azir"", ""Gwen"", ""Poppy"", ""Jhin"", ""Varus"", ""Nautilus"", ""Rell"", ""Trundle"", ""Kalista"", ""Sion"", ""Renata Glasc"", ""Ryze"", ""Ahri"", ""Ezreal"", ""Jarvan IV"", ""Karma"", ""Camille"", ""Neeko"", ""Jax"", ""Skarner"", ""Sejuani"", ""Kai'Sa"", ""Sylas"", ""K'Sante"", ""Corki"", ""Aurora"", ""Leona""]",30,False,78.0,54.0,0.6923076923076923,78.0,54.0,0.6923076923076923,5.0,0.8,10.0,0.7,33.0,0.7575757575757576,3.0,0.6666666666666666,20.0,0.45,73.0,54.0,0.7397260273972602,73.0,54.0,0.7397260273972602,5.0,0.6,10.0,0.7,44.0,0.6818181818181818,3.0,0.3333333333333333,20.0,0.55
LOLTMNT01_252445,2025,2025-06-13 12:18:27+00:00,LCK,5,Rounds 1-2,1,15.11,complete,,,Hanwha Life Esports,oe:team:3a1d18f46bcb3716ebcfcf4ef068934,Gen.G,oe:team:50f58982d91a36557ec8aec52ab014f,BLUE,0,1,RED,Gen.G,Galio,Vi,Jayce,Lucian,Renekton,Viktor,Xayah,Wukong,Ornn,Nidalee,Rakan,Braum,Annie,Pantheon,Lillia,Aatrox,Orianna,Akali,Gnar,Zoe,oe:team:3a1d18f46bcb3716ebcfcf4ef068934|oe:team:50f58982d91a36557ec8aec52ab014f,2025_20250613_Gen_G_vs_Hanwha_Life_Esports_S6,"[""Taliyah"", ""Rumble"", ""Xin Zhao"", ""Azir"", ""Gwen"", ""Poppy"", ""Jhin"", ""Varus"", ""Nautilus"", ""Rell"", ""Trundle"", ""Kalista"", ""Sion"", ""Renata Glasc"", ""Ryze"", ""Ahri"", ""Ezreal"", ""Jarvan IV"", ""Karma"", ""Camille"", ""Neeko"", ""Jax"", ""Skarner"", ""Sejuani"", ""Kai'Sa"", ""Sylas"", ""K'Sante"", ""Corki"", ""Aurora"", ""Leona"", ""Yone"", ""Twisted Fate"", ""Maokai"", ""Alistar"", ""Yorick"", ""Senna"", ""Jinx"", ""Cho'Gath"", ""Lulu"", ""Lee Sin""]",40,False,79.0,54.0,0.6835443037974683,79.0,54.0,0.6835443037974683,5.0,0.6,10.0,0.7,34.0,0.7352941176470589,4.0,0.5,21.0,0.42857142857142855,74.0,55.0,0.7432432432432432,74.0,55.0,0.7432432432432432,5.0,0.6,10.0,0.7,45.0,0.6888888888888889,4.0,0.5,21.0,0.5714285714285714
LOLTMNT01_252598,2025,2025-06-14 06:20:04+00:00,LCK,1,Rounds 1-2,1,15.11,complete,,,T1,oe:team:ce499dea30cfce118f4fe85da0227e8,KT Rolster,oe:team:d723992568441c6bafa2658129eade7,BLUE,0,1,RED,KT Rolster,Taliyah,Vi,Sion,Neeko,Trundle,Azir,Xin Zhao,Ryze,Rumble,Gwen,Viktor,Ornn,Kai'Sa,Xayah,Corki,Kalista,Varus,Alistar,Elise,Wukong,oe:team:ce499dea30cfce118f4fe85da0227e8|oe:team:d723992568441c6bafa2658129eade7,2025_20250614_KT_Rolster_vs_T1_S4,[],0,False,62.0,38.0,0.6129032258064516,62.0,38.0,0.6129032258064516,5.0,0.2,10.0,0.4,28.0,0.75,0.0,,7.0,0.8571428571428571,69.0,38.0,0.5507246376811594,69.0,38.0,0.5507246376811594,5.0,1.0,10.0,0.9,36.0,0.5833333333333334,6.0,1.0,7.0,0.14285714285714285
LOLTMNT01_252614,2025,2025-06-14 07:41:08+00:00,LCK,2,Rounds 1-2,1,15.11,complete,,,T1,oe:team:ce499dea30cfce118f4fe85da0227e8,KT Rolster,oe:team:d723992568441c6bafa2658129eade7,BLUE,1,0,BLUE,T1,Taliyah,Vi,Gwen,Rumble,Trundle,Azir,Jhin,Varus,Yone,Pantheon,Nocturne,Ahri,Tahm Kench,Annie,Akali,Alistar,Poppy,Sylas,Rakan,Jarvan IV,oe:team:ce499dea30cfce118f4fe85da0227e8|oe:team:d723992568441c6bafa2658129eade7,2025_20250614_KT_Rolster_vs_T1_S4,"[""Sion"", ""Neeko"", ""Xin Zhao"", ""Ryze"", ""Viktor"", ""Ornn"", ""Corki"", ""Kalista"", ""Elise"", ""Wukong""]",10,False,63.0,38.0,0.6031746031746031,63.0,38.0,0.6031746031746031,5.0,0.0,10.0,0.4,29.0,0.7241379310344828,1.0,0.0,8.0,0.75,70.0,39.0,0.5571428571428572,70.0,39.0,0.5571428571428572,5.0,1.0,10.0,0.9,37.0,0.5945945945945946,7.0,1.0,8.0,0.25
LOLTMNT01_252626,2025,2025-06-14 08:38:50+00:00,LCK,3,Rounds 1-2,1,15.11,complete,,,KT Rolster,oe:team:d723992568441c6bafa2658129eade7,T1,oe:team:ce499dea30cfce118f4fe85da0227e8,BLUE,0,1,RED,T1,Poppy,Yone,Taliyah,Azir,Pantheon,Vi,Yorick,Skarner,Senna,Trundle,Sejuani,Renekton,Braum,Rell,Leona,Lucian,Caitlyn,Nautilus,Ezreal,Bard,oe:team:ce499dea30cfce118f4fe85da0227e8|oe:team:d723992568441c6bafa2658129eade7,2025_20250614_KT_Rolster_vs_T1_S4,"[""Sion"", ""Neeko"", ""Xin Zhao"", ""Ryze"", ""Viktor"", ""Ornn"", ""Corki"", ""Kalista"", ""Elise"", ""Wukong"", ""Gwen"", ""Rumble"", ""Jhin"", ""Varus"", ""Nocturne"", ""Ahri"", ""Akali"", ""Alistar"", ""Rakan"", ""Jarvan IV""]",20,False,71.0,39.0,0.5492957746478874,71.0,39.0,0.5492957746478874,5.0,0.8,10.0,0.9,33.0,0.5151515151515151,8.0,0.875,9.0,0.2222222222222222,64.0,39.0,0.609375,64.0,39.0,0.609375,5.0,0.2,10.0,0.5,34.0,0.5,2.0,0.5,9.0,0.7777777777777778
LOLTMNT01_251863,2025,2025-06-14 09:34:19+00:00,LCK,4,Rounds 1-2,1,15.11,complete,,,KT Rolster,oe:team:d723992568441c6bafa2658129eade7,T1,oe:team:ce499dea30cfce118f4fe85da0227e8,BLUE,0,1,RED,T1,Poppy,Yone,Ambessa,Twisted Fate,Jayce,Vi,Pantheon,Trundle,Senna,Nidalee,Aurora,Camille,Caitlyn,Nautilus,Xayah,Rell,Ashe,Miss Fortune,Braum,Ziggs,oe:team:ce499dea30cfce118f4fe85da0227e8|oe:team:d723992568441c6bafa2658129eade7,2025_20250614_KT_Rolster_vs_T1_S4,"[""Sion"", ""Neeko"", ""Xin Zhao"", ""Ryze"", ""Viktor"", ""Ornn"", ""Corki"", ""Kalista"", ""Elise"", ""Wukong"", ""Gwen"", ""Rumble"", ""Jhin"", ""Varus"", ""Nocturne"", ""Ahri"", ""Akali"", ""Alistar"", ""Rakan"", ""Jarvan IV"", ""Taliyah"", ""Azir"", ""Yorick"", ""Skarner"", ""Sejuani"", ""Renekton"", ""Leona"", ""Lucian"", ""Ezreal"", ""Bard""]",30,False,72.0,39.0,0.5416666666666666,72.0,39.0,0.5416666666666666,5.0,0.6,10.0,0.8,34.0,0.5,9.0,0.7777777777777778,10.0,0.2,65.0,40.0,0.6153846153846154,65.0,40.0,0.6153846153846154,5.0,0.4,10.0,0.5,35.0,0.5142857142857142,3.0,0.6666666666666666,10.0,0.8
LOLTMNT01_252766,2025,2025-06-15 06:17:37+00:00,LCK,1,Rounds 1-2,1,15.11,complete,,,Hanwha Life Esports,oe:team:3a1d18f46bcb3716ebcfcf4ef068934,T1,oe:team:ce499dea30cfce118f4fe85da0227e8,BLUE,0,1,RED,T1,Pantheon,Yone,Vi,Gwen,Rumble,Poppy,Ahri,Neeko,Azir,Taliyah,Jayce,Kalista,Nocturne,Varus,Miss Fortune,Wukong,Xin Zhao,Xayah,Rell,Sylas,oe:team:3a1d18f46bcb3716ebcfcf4ef068934|oe:team:ce499dea30cfce118f4fe85da0227e8,2025_20250615_Hanwha_Life_Esports_vs_T1_S4,[],0,False,80.0,54.0,0.675,80.0,54.0,0.675,5.0,0.4,10.0,0.6,35.0,0.7142857142857143,5.0,0.4,9.0,0.7777777777777778,66.0,41.0,0.6212121212121212,66.0,41.0,0.6212121212121212,5.0,0.6,10.0,0.5,36.0,0.5277777777777778,4.0,0.75,9.0,0.2222222222222222
LOLTMNT01_253007,2025,2025-06-15 07:20:05+00:00,LCK,2,Rounds 1-2,1,15.11,complete,,,Hanwha Life Esports,oe:team:3a1d18f46bcb3716ebcfcf4ef068934,T1,oe:team:ce499dea30cfce118f4fe85da0227e8,BLUE,0,1,RED,T1,Azir,Yone,Sion,Ryze,Ornn,Taliyah,Xin Zhao,Varus,Trundle,Rumble,Viktor,Pantheon,Camille,Xayah,Jhin,Poppy,Renata Glasc,Ezreal,Nautilus,Ambessa,oe:team:3a1d18f46bcb3716ebcfcf4ef068934|oe:team:ce499dea30cfce118f4fe85da0227e8,2025_20250615_Hanwha_Life_Esports_vs_T1_S4,"[""Vi"", ""Gwen"", ""Ahri"", ""Neeko"", ""Jayce"", ""Kalista"", ""Miss Fortune"", ""Wukong"", ""Rell"", ""Sylas""]",10,False,81.0,54.0,0.6666666666666666,81.0,54.0,0.6666666666666666,5.0,0.2,10.0,0.6,36.0,0.6944444444444444,6.0,0.3333333333333333,10.0,0.7,67.0,42.0,0.6268656716417911,67.0,42.0,0.6268656716417911,5.0,0.8,10.0,0.5,37.0,0.5405405405405406,5.0,0.8,10.0,0.3
LOLTMNT01_252771,2025,2025-06-15 08:16:26+00:00,LCK,3,Rounds 1-2,1,15.11,complete,,,T1,oe:team:ce499dea30cfce118f4fe85da0227e8,Hanwha Life Esports,oe:team:3a1d18f46bcb3716ebcfcf4ef068934,BLUE,1,0,BLUE,T1,Yone,Yorick,Annie,Nidalee,Taliyah,Azir,Xayah,Lucian,Ornn,Rumble,Rakan,Braum,Twisted Fate,Nocturne,K'Sante,Galio,Trundle,Zed,Lee Sin,Gnar,oe:team:3a1d18f46bcb3716ebcfcf4ef068934|oe:team:ce499dea30cfce118f4fe85da0227e8,2025_20250615_Hanwha_Life_Esports_vs_T1_S4,"[""Vi"", ""Gwen"", ""Ahri"", ""Neeko"", ""Jayce"", ""Kalista"", ""Miss Fortune"", ""Wukong"", ""Rell"", ""Sylas"", ""Sion"", ""Ryze"", ""Xin Zhao"", ""Varus"", ""Viktor"", ""Pantheon"", ""Jhin"", ""Poppy"", ""Nautilus"", ""Ambessa""]",20,False,68.0,43.0,0.6323529411764706,68.0,43.0,0.6323529411764706,5.0,1.0,10.0,0.5,30.0,0.7333333333333333,6.0,0.8333333333333334,11.0,0.36363636363636365,82.0,54.0,0.6585365853658537,82.0,54.0,0.6585365853658537,5.0,0.0,10.0,0.5,45.0,0.6444444444444445,7.0,0.2857142857142857,11.0,0.6363636363636364
LOLTMNT01_265680,2025,2025-07-23 08:07:58+00:00,LCK,1,Rounds 3-5,0,15.14,complete,,,Dplus Kia,oe:team:ef69efa6acebe94107f0cf1ba716806,HANJIN BRION,oe:team:b77b3f6068e20a2b3edc0ecd3dc70d4,BLUE,1,0,BLUE,Dplus Kia,Varus,Pantheon,Gwen,Wukong,Yone,Vi,Taliyah,Aurora,Trundle,Xin Zhao,Poppy,Ahri,Nautilus,Rakan,Sivir,Ezreal,Kai'Sa,Alistar,Karma,Neeko,oe:team:b77b3f6068e20a2b3edc0ecd3dc70d4|oe:team:ef69efa6acebe94107f0cf1ba716806,2025_20250723_Dplus_Kia_vs_HANJIN_BRION_S4,[],0,False,78.0,40.0,0.5128205128205128,78.0,40.0,0.5128205128205128,5.0,0.0,10.0,0.4,39.0,0.5897435897435898,0.0,,7.0,0.5714285714285714,61.0,21.0,0.3442622950819672,61.0,21.0,0.3442622950819672,5.0,0.2,10.0,0.4,27.0,0.18518518518518517,0.0,,7.0,0.42857142857142855
LOLTMNT01_265707,2025,2025-07-23 09:05:20+00:00,LCK,2,Rounds 3-5,0,15.14,complete,,,HANJIN BRION,oe:team:b77b3f6068e20a2b3edc0ecd3dc70d4,Dplus Kia,oe:team:ef69efa6acebe94107f0cf1ba716806,BLUE,1,0,BLUE,HANJIN BRION,Alistar,Varus,Xin Zhao,Sion,Trundle,Azir,Annie,Zed,Vi,Pantheon,Rell,Syndra,Xayah,Ambessa,Cho'Gath,Senna,Lucian,Kai'Sa,Corki,Braum,oe:team:b77b3f6068e20a2b3edc0ecd3dc70d4|oe:team:ef69efa6acebe94107f0cf1ba716806,2025_20250723_Dplus_Kia_vs_HANJIN_BRION_S4,"[""Gwen"", ""Wukong"", ""Taliyah"", ""Aurora"", ""Poppy"", ""Ahri"", ""Sivir"", ""Ezreal"", ""Karma"", ""Neeko""]",10,False,62.0,21.0,0.3387096774193548,62.0,21.0,0.3387096774193548,5.0,0.2,10.0,0.3,34.0,0.47058823529411764,1.0,0.0,8.0,0.375,79.0,41.0,0.5189873417721519,79.0,41.0,0.5189873417721519,5.0,0.2,10.0,0.4,39.0,0.4358974358974359,1.0,1.0,8.0,0.625
LOLTMNT01_264713,2025,2025-07-23 10:05:33+00:00,LCK,3,Rounds 3-5,0,15.14,complete,,,Dplus Kia,oe:team:ef69efa6acebe94107f0cf1ba716806,HANJIN BRION,oe:team:b77b3f6068e20a2b3edc0ecd3dc70d4,BLUE,0,1,RED,HANJIN BRION,Yone,Azir,Ambessa,Rumble,Varus,Pantheon,Miss Fortune,Trundle,Renekton,Vi,Nautilus,Alistar,Jhin,Sylas,Ryze,Lucian,Kai'Sa,Nocturne,Lee Sin,Cassiopeia,oe:team:b77b3f6068e20a2b3edc0ecd3dc70d4|oe:team:ef69efa6acebe94107f0cf1ba716806,2025_20250723_Dplus_Kia_vs_HANJIN_BRION_S4,"[""Gwen"", ""Wukong"", ""Taliyah"", ""Aurora"", ""Poppy"", ""Ahri"", ""Sivir"", ""Ezreal"", ""Karma"", ""Neeko"", ""Xin Zhao"", ""Sion"", ""Annie"", ""Zed"", ""Rell"", ""Syndra"", ""Cho'Gath"", ""Senna"", ""Corki"", ""Braum""]",20,False,80.0,41.0,0.5125,80.0,41.0,0.5125,5.0,0.2,10.0,0.3,40.0,0.6,2.0,0.5,9.0,0.5555555555555556,63.0,22.0,0.3492063492063492,63.0,22.0,0.3492063492063492,5.0,0.2,10.0,0.3,28.0,0.17857142857142858,2.0,0.5,9.0,0.4444444444444444
LOLTMNT01_264750,2025,2025-07-23 11:17:36+00:00,LCK,1,Rounds 3-5,0,15.14,complete,,,Gen.G,oe:team:50f58982d91a36557ec8aec52ab014f,Hanwha Life Esports,oe:team:3a1d18f46bcb3716ebcfcf4ef068934,BLUE,1,0,BLUE,Gen.G,Yone,Pantheon,Annie,Gwen,Jayce,Varus,Wukong,Neeko,Taliyah,Azir,Aurora,Xin Zhao,Galio,Lucian,Senna,Ryze,Kai'Sa,Rakan,Alistar,Jhin,oe:team:3a1d18f46bcb3716ebcfcf4ef068934|oe:team:50f58982d91a36557ec8aec52ab014f,2025_20250723_Gen_G_vs_Hanwha_Life_Esports_S7,[],0,False,75.0,56.0,0.7466666666666667,75.0,56.0,0.7466666666666667,5.0,0.6,10.0,0.7,29.0,0.8275862068965517,0.0,,22.0,0.5909090909090909,83.0,54.0,0.6506024096385542,83.0,54.0,0.6506024096385542,5.0,0.0,10.0,0.4,46.0,0.6304347826086957,0.0,,22.0,0.4090909090909091
LOLTMNT01_264776,2025,2025-07-23 12:09:23+00:00,LCK,2,Rounds 3-5,0,15.14,complete,,,Hanwha Life Esports,oe:team:3a1d18f46bcb3716ebcfcf4ef068934,Gen.G,oe:team:50f58982d91a36557ec8aec52ab014f,BLUE,0,1,RED,Gen.G,Rumble,Varus,Lucian,Azir,Vi,Pantheon,Taliyah,Corki,Rakan,Yone,Braum,Rell,Skarner,Trundle,Sejuani,Jarvan IV,Renekton,Poppy,Ambessa,K'Sante,oe:team:3a1d18f46bcb3716ebcfcf4ef068934|oe:team:50f58982d91a36557ec8aec52ab014f,2025_20250723_Gen_G_vs_Hanwha_Life_Esports_S7,"[""Annie"", ""Gwen"", ""Wukong"", ""Neeko"", ""Aurora"", ""Xin Zhao"", ""Senna"", ""Ryze"", ""Alistar"", ""Jhin""]",10,False,84.0,54.0,0.6428571428571429,84.0,54.0,0.6428571428571429,5.0,0.0,10.0,0.3,37.0,0.6756756756756757,1.0,0.0,23.0,0.391304347826087,76.0,57.0,0.75,76.0,57.0,0.75,5.0,0.8,10.0,0.7,46.0,0.6956521739130435,1.0,1.0,23.0,0.6086956521739131
LOLTMNT01_266226,2025,2025-07-24 08:05:02+00:00,LCK,1,Rounds 3-5,0,15.14,complete,,,DN SOOPers,oe:team:b3c72a20aa56f5d28022ac04a7dc294,BNK FEARX,oe:team:5c2e7e9ea8dfcba0150d9a5619baecf,BLUE,0,1,RED,BNK FEARX,Lucian,Pantheon,Gwen,Taliyah,Neeko,Varus,Nocturne,Vi,Xin Zhao,Poppy,Orianna,Rumble,Xayah,Bard,Zeri,Alistar,Tahm Kench,Rakan,Lulu,Kai'Sa,oe:team:5c2e7e9ea8dfcba0150d9a5619baecf|oe:team:b3c72a20aa56f5d28022ac04a7dc294,2025_20250724_BNK_FEARX_vs_DN_SOOPers_S3,[],0,False,57.0,12.0,0.21052631578947367,57.0,12.0,0.21052631578947367,5.0,0.4,10.0,0.2,34.0,0.29411764705882354,0.0,,6.0,0.3333333333333333,59.0,20.0,0.3389830508474576,59.0,20.0,0.3389830508474576,5.0,0.4,10.0,0.3,26.0,0.15384615384615385,0.0,,6.0,0.6666666666666666
LOLTMNT01_266234,2025,2025-07-24 08:56:45+00:00,LCK,2,Rounds 3-5,0,15.14,complete,,,DN SOOPers,oe:team:b3c72a20aa56f5d28022ac04a7dc294,BNK FEARX,oe:team:5c2e7e9ea8dfcba0150d9a5619baecf,BLUE,0,1,RED,BNK FEARX,Neeko,Pantheon,Trundle,Annie,Yone,Azir,Aatrox,Wukong,Varus,Lucian,Aurora,Yorick,Rakan,Senna,Jinx,Sivir,Ezreal,Bard,Nautilus,Rell,oe:team:5c2e7e9ea8dfcba0150d9a5619baecf|oe:team:b3c72a20aa56f5d28022ac04a7dc294,2025_20250724_BNK_FEARX_vs_DN_SOOPers_S3,"[""Gwen"", ""Taliyah"", ""Nocturne"", ""Vi"", ""Orianna"", ""Rumble"", ""Zeri"", ""Alistar"", ""Lulu"", ""Kai'Sa""]",10,False,58.0,12.0,0.20689655172413793,58.0,12.0,0.20689655172413793,5.0,0.2,10.0,0.2,35.0,0.2857142857142857,1.0,0.0,7.0,0.2857142857142857,60.0,21.0,0.35,60.0,21.0,0.35,5.0,0.4,10.0,0.4,27.0,0.18518518518518517,1.0,1.0,7.0,0.7142857142857143
LOLTMNT01_266276,2025,2025-07-24 10:11:20+00:00,LCK,1,Rounds 3-5,0,15.14,complete,,,KT Rolster,oe:team:d723992568441c6bafa2658129eade7,Nongshim RedForce,oe:team:5cd2cd09ec94296f605dd13a2924d6c,BLUE,1,0,BLUE,KT Rolster,Varus,Trundle,Gwen,Azir,Poppy,Aurora,Wukong,Xin Zhao,Vi,Pantheon,Taliyah,Rumble,Alistar,Lucian,Rakan,Senna,Sivir,Neeko,Corki,Leona,oe:team:5cd2cd09ec94296f605dd13a2924d6c|oe:team:d723992568441c6bafa2658129eade7,2025_20250724_KT_Rolster_vs_Nongshim_RedForce_S5,[],0,False,73.0,39.0,0.5342465753424658,73.0,39.0,0.5342465753424658,5.0,0.4,10.0,0.7,35.0,0.4857142857142857,0.0,,11.0,0.45454545454545453,78.0,39.0,0.5,78.0,39.0,0.5,5.0,0.2,10.0,0.5,40.0,0.475,0.0,,11.0,0.5454545454545454
LOLTMNT01_266288,2025,2025-07-24 11:15:19+00:00,LCK,2,Rounds 3-5,0,15.14,complete,,,Nongshim RedForce,oe:team:5cd2cd09ec94296f605dd13a2924d6c,KT Rolster,oe:team:d723992568441c6bafa2658129eade7,BLUE,0,1,RED,KT Rolster,Nocturne,Pantheon,Varus,Ziggs,Renekton,Vi,Sejuani,Zed,Jarvan IV,Trundle,Yone,Aurora,Nautilus,Elise,Camille,Alistar,Sion,Ambessa,Shen,Yorick,oe:team:5cd2cd09ec94296f605dd13a2924d6c|oe:team:d723992568441c6bafa2658129eade7,2025_20250724_KT_Rolster_vs_Nongshim_RedForce_S5,"[""Gwen"", ""Azir"", ""Wukong"", ""Xin Zhao"", ""Taliyah"", ""Rumble"", ""Rakan"", ""Senna"", ""Corki"", ""Leona""]",10,False,79.0,39.0,0.4936708860759494,79.0,39.0,0.4936708860759494,5.0,0.0,10.0,0.4,38.0,0.5263157894736842,1.0,0.0,12.0,0.5,74.0,40.0,0.5405405405405406,74.0,40.0,0.5405405405405406,5.0,0.4,10.0,0.7,38.0,0.5789473684210527,1.0,1.0,12.0,0.5
LOLTMNT01_266736,2025,2025-07-25 08:11:59+00:00,LCK,1,Rounds 3-5,0,15.14,complete,,,T1,oe:team:ce499dea30cfce118f4fe85da0227e8,Gen.G,oe:team:50f58982d91a36557ec8aec52ab014f,BLUE,0,1,RED,Gen.G,Taliyah,Pantheon,Annie,Gwen,Aurora,Varus,Rumble,Wukong,Galio,Azir,Vi,Orianna,Kai'Sa,Rakan,Corki,Jhin,Alistar,Poppy,Neeko,Bard,oe:team:50f58982d91a36557ec8aec52ab014f|oe:team:ce499dea30cfce118f4fe85da0227e8,2025_20250725_Gen_G_vs_T1_S4,[],0,False,69.0,44.0,0.6376811594202898,69.0,44.0,0.6376811594202898,5.0,1.0,10.0,0.6,31.0,0.7419354838709677,0.0,,8.0,0.375,77.0,58.0,0.7532467532467533,77.0,58.0,0.7532467532467533,5.0,1.0,10.0,0.8,47.0,0.7021276595744681,2.0,1.0,8.0,0.625
LOLTMNT01_266753,2025,2025-07-25 09:06:04+00:00,LCK,2,Rounds 3-5,0,15.14,complete,,,T1,oe:team:ce499dea30cfce118f4fe85da0227e8,Gen.G,oe:team:50f58982d91a36557ec8aec52ab014f,BLUE,1,0,BLUE,T1,Taliyah,Pantheon,Azir,Lucian,Xin Zhao,Varus,Xayah,Braum,Senna,Jarvan IV,Rakan,Skarner,Aurora,Trundle,Sejuani,Twisted Fate,Hwei,Nocturne,Jayce,K'Sante,oe:team:50f58982d91a36557ec8aec52ab014f|oe:team:ce499dea30cfce118f4fe85da0227e8,2025_20250725_Gen_G_vs_T1_S4,"[""Annie"", ""Gwen"", ""Rumble"", ""Wukong"", ""Vi"", ""Orianna"", ""Corki"", ""Jhin"", ""Neeko"", ""Bard""]",10,False,70.0,44.0,0.6285714285714286,70.0,44.0,0.6285714285714286,5.0,0.8,10.0,0.6,32.0,0.71875,1.0,0.0,9.0,0.3333333333333333,78.0,59.0,0.7564102564102564,78.0,59.0,0.7564102564102564,5.0,1.0,10.0,0.8,48.0,0.7083333333333334,3.0,1.0,9.0,0.6666666666666666
LOLTMNT01_266767,2025,2025-07-25 10:00:20+00:00,LCK,3,Rounds 3-5,0,15.14,complete,,,Gen.G,oe:team:50f58982d91a36557ec8aec52ab014f,T1,oe:team:ce499dea30cfce118f4fe85da0227e8,BLUE,0,1,RED,T1,Nocturne,Taliyah,Senna,Ryze,Jarvan IV,Maokai,Alistar,Xin Zhao,Pantheon,Varus,Trundle,Gragas,Caitlyn,Galio,Renekton,Aphelios,Poppy,Aurora,Viktor,Thresh,oe:team:50f58982d91a36557ec8aec52ab014f|oe:team:ce499dea30cfce118f4fe85da0227e8,2025_20250725_Gen_G_vs_T1_S4,"[""Annie"", ""Gwen"", ""Rumble"", ""Wukong"", ""Vi"", ""Orianna"", ""Corki"", ""Jhin"", ""Neeko"", ""Bard"", ""Azir"", ""Lucian"", ""Xayah"", ""Braum"", ""Rakan"", ""Skarner"", ""Sejuani"", ""Twisted Fate"", ""Jayce"", ""K'Sante""]",20,False,79.0,59.0,0.7468354430379747,79.0,59.0,0.7468354430379747,5.0,0.8,10.0,0.7,30.0,0.8333333333333334,4.0,0.75,10.0,0.6,71.0,45.0,0.6338028169014085,71.0,45.0,0.6338028169014085,5.0,0.8,10.0,0.7,38.0,0.5526315789473685,2.0,0.5,10.0,0.4
LOLTMNT01_266798,2025,2025-07-25 11:15:42+00:00,LCK,1,Rounds 3-5,0,15.14,complete,,,HANJIN BRION,oe:team:b77b3f6068e20a2b3edc0ecd3dc70d4,Kiwoom DRX,oe:team:1d0389df0c5eea93b04122ba167c010,BLUE,0,1,RED,Kiwoom DRX,Neeko,Pantheon,Annie,Wukong,Gwen,Azir,Xin Zhao,Aurora,Varus,Taliyah,Alistar,Poppy,Orianna,Sivir,Sion,Miss Fortune,Rumble,Senna,Corki,Ambessa,oe:team:1d0389df0c5eea93b04122ba167c010|oe:team:b77b3f6068e20a2b3edc0ecd3dc70d4,2025_20250725_HANJIN_BRION_vs_Kiwoom_DRX_S4,[],0,False,64.0,23.0,0.359375,64.0,23.0,0.359375,5.0,0.4,10.0,0.3,35.0,0.4857142857142857,3.0,0.6666666666666666,9.0,0.3333333333333333,63.0,23.0,0.36507936507936506,63.0,23.0,0.36507936507936506,5.0,0.4,10.0,0.4,25.0,0.32,0.0,,9.0,0.6666666666666666
LOLTMNT01_266815,2025,2025-07-25 12:09:55+00:00,LCK,2,Rounds 3-5,0,15.14,complete,,,HANJIN BRION,oe:team:b77b3f6068e20a2b3edc0ecd3dc70d4,Kiwoom DRX,oe:team:1d0389df0c5eea93b04122ba167c010,BLUE,1,0,BLUE,HANJIN BRION,Neeko,Pantheon,Vi,Rumble,Varus,Rell,Ahri,Azir,Gwen,Taliyah,Aatrox,Trundle,Xayah,Rakan,Ezreal,Lucian,Tahm Kench,Kai'Sa,Braum,Leona,oe:team:1d0389df0c5eea93b04122ba167c010|oe:team:b77b3f6068e20a2b3edc0ecd3dc70d4,2025_20250725_HANJIN_BRION_vs_Kiwoom_DRX_S4,"[""Annie"", ""Wukong"", ""Xin Zhao"", ""Aurora"", ""Alistar"", ""Poppy"", ""Sion"", ""Miss Fortune"", ""Corki"", ""Ambessa""]",10,False,65.0,23.0,0.35384615384615387,65.0,23.0,0.35384615384615387,5.0,0.4,10.0,0.3,36.0,0.4722222222222222,4.0,0.5,10.0,0.3,64.0,24.0,0.375,64.0,24.0,0.375,5.0,0.4,10.0,0.5,26.0,0.34615384615384615,1.0,1.0,10.0,0.7
LOLTMNT01_266848,2025,2025-07-25 13:10:25+00:00,LCK,3,Rounds 3-5,0,15.14,complete,,,Kiwoom DRX,oe:team:1d0389df0c5eea93b04122ba167c010,HANJIN BRION,oe:team:b77b3f6068e20a2b3edc0ecd3dc70d4,BLUE,0,1,RED,HANJIN BRION,Nocturne,Pantheon,Ryze,Rell,Yone,Gwen,Rakan,Cassiopeia,Varus,Taliyah,Jarvan IV,Renekton,Zed,Jayce,Sivir,Nidalee,Lee Sin,Xayah,K'Sante,Kai'Sa,oe:team:1d0389df0c5eea93b04122ba167c010|oe:team:b77b3f6068e20a2b3edc0ecd3dc70d4,2025_20250725_HANJIN_BRION_vs_Kiwoom_DRX_S4,"[""Annie"", ""Wukong"", ""Xin Zhao"", ""Aurora"", ""Alistar"", ""Poppy"", ""Sion"", ""Miss Fortune"", ""Corki"", ""Ambessa"", ""Vi"", ""Rumble"", ""Ahri"", ""Azir"", ""Aatrox"", ""Trundle"", ""Ezreal"", ""Lucian"", ""Braum"", ""Leona""]",20,False,65.0,24.0,0.36923076923076925,65.0,24.0,0.36923076923076925,5.0,0.4,10.0,0.4,38.0,0.39473684210526316,2.0,0.5,11.0,0.6363636363636364,66.0,24.0,0.36363636363636365,66.0,24.0,0.36363636363636365,5.0,0.6,10.0,0.4,29.0,0.20689655172413793,5.0,0.6,11.0,0.36363636363636365
LOLTMNT01_268648,2025,2025-07-26 06:07:12+00:00,LCK,1,Rounds 3-5,0,15.14,complete,,,Dplus Kia,oe:team:ef69efa6acebe94107f0cf1ba716806,BNK FEARX,oe:team:5c2e7e9ea8dfcba0150d9a5619baecf,BLUE,1,0,BLUE,Dplus Kia,Rumble,Pantheon,Trundle,Lucian,Wukong,Gwen,Senna,Taliyah,Poppy,Vi,Alistar,Braum,Zed,Orianna,Twisted Fate,Ambessa,Renekton,Azir,Jayce,Jarvan IV,oe:team:5c2e7e9ea8dfcba0150d9a5619baecf|oe:team:ef69efa6acebe94107f0cf1ba716806,2025_20250726_BNK_FEARX_vs_Dplus_Kia_S4,[],0,False,81.0,41.0,0.5061728395061729,81.0,41.0,0.5061728395061729,5.0,0.2,10.0,0.3,41.0,0.5853658536585366,3.0,0.3333333333333333,8.0,0.75,61.0,22.0,0.36065573770491804,61.0,22.0,0.36065573770491804,5.0,0.6,10.0,0.5,28.0,0.21428571428571427,2.0,1.0,8.0,0.25
LOLTMNT01_268653,2025,2025-07-26 07:03:38+00:00,LCK,2,Rounds 3-5,0,15.14,complete,,,BNK FEARX,oe:team:5c2e7e9ea8dfcba0150d9a5619baecf,Dplus Kia,oe:team:ef69efa6acebe94107f0cf1ba716806,BLUE,0,1,RED,Dplus Kia,Poppy,Pantheon,Gwen,Wukong,Vi,Azir,Xin Zhao,Rumble,Aurora,Annie,Varus,Orianna,Sivir,Galio,Rakan,Jhin,Rell,Nautilus,Ahri,Maokai,oe:team:5c2e7e9ea8dfcba0150d9a5619baecf|oe:team:ef69efa6acebe94107f0cf1ba716806,2025_20250726_BNK_FEARX_vs_Dplus_Kia_S4,"[""Trundle"", ""Lucian"", ""Senna"", ""Taliyah"", ""Alistar"", ""Braum"", ""Twisted Fate"", ""Ambessa"", ""Jayce"", ""Jarvan IV""]",10,False,62.0,22.0,0.3548387096774194,62.0,22.0,0.3548387096774194,5.0,0.4,10.0,0.4,33.0,0.48484848484848486,3.0,0.6666666666666666,9.0,0.2222222222222222,82.0,42.0,0.5121951219512195,82.0,42.0,0.5121951219512195,5.0,0.4,10.0,0.3,40.0,0.425,4.0,0.5,9.0,0.7777777777777778
LOLTMNT01_269192,2025,2025-07-26 08:31:59+00:00,LCK,1,Rounds 3-5,0,15.14,complete,,,Hanwha Life Esports,oe:team:3a1d18f46bcb3716ebcfcf4ef068934,KT Rolster,oe:team:d723992568441c6bafa2658129eade7,BLUE,1,0,BLUE,Hanwha Life Esports,Taliyah,Vi,Varus,Gwen,Aurora,Pantheon,Wukong,Trundle,Ryze,Azir,Annie,Jhin,Orianna,Rakan,Poppy,Rell,Alistar,Bard,Rumble,Malzahar,oe:team:3a1d18f46bcb3716ebcfcf4ef068934|oe:team:d723992568441c6bafa2658129eade7,2025_20250726_Hanwha_Life_Esports_vs_KT_Rolster_S4,[],0,False,85.0,54.0,0.6352941176470588,85.0,54.0,0.6352941176470588,5.0,0.0,10.0,0.2,38.0,0.6578947368421053,2.0,0.0,8.0,0.625,75.0,41.0,0.5466666666666666,75.0,41.0,0.5466666666666666,5.0,0.4,10.0,0.7,39.0,0.5897435897435898,2.0,1.0,8.0,0.375
LOLTMNT01_269211,2025,2025-07-26 09:30:22+00:00,LCK,2,Rounds 3-5,0,15.14,complete,,,KT Rolster,oe:team:d723992568441c6bafa2658129eade7,Hanwha Life Esports,oe:team:3a1d18f46bcb3716ebcfcf4ef068934,BLUE,0,1,RED,Hanwha Life Esports,Ambessa,Pantheon,Taliyah,Azir,Yone,Ryze,Jarvan IV,Xin Zhao,Vi,Sion,Alistar,Rakan,Xayah,Yorick,Sivir,Corki,Ezreal,Senna,Jayce,K'Sante,oe:team:3a1d18f46bcb3716ebcfcf4ef068934|oe:team:d723992568441c6bafa2658129eade7,2025_20250726_Hanwha_Life_Esports_vs_KT_Rolster_S4,"[""Varus"", ""Gwen"", ""Wukong"", ""Trundle"", ""Annie"", ""Jhin"", ""Poppy"", ""Rell"", ""Rumble"", ""Malzahar""]",10,False,76.0,41.0,0.5394736842105263,76.0,41.0,0.5394736842105263,5.0,0.4,10.0,0.6,36.0,0.5,3.0,0.6666666666666666,9.0,0.3333333333333333,86.0,55.0,0.6395348837209303,86.0,55.0,0.6395348837209303,5.0,0.2,10.0,0.2,47.0,0.6170212765957447,3.0,0.3333333333333333,9.0,0.6666666666666666
LOLTMNT01_268996,2025,2025-07-27 06:05:40+00:00,LCK,1,Rounds 3-5,0,15.14,complete,,,DN SOOPers,oe:team:b3c72a20aa56f5d28022ac04a7dc294,Kiwoom DRX,oe:team:1d0389df0c5eea93b04122ba167c010,BLUE,0,1,RED,Kiwoom DRX,Aurora,Pantheon,Rumble,Taliyah,Wukong,Vi,Nocturne,Xin Zhao,Gwen,Varus,Orianna,Ornn,Xayah,Neeko,Zeri,Lucian,Alistar,Rakan,Lulu,Nautilus,oe:team:1d0389df0c5eea93b04122ba167c010|oe:team:b3c72a20aa56f5d28022ac04a7dc294,2025_20250727_DN_SOOPers_vs_Kiwoom_DRX_S5,[],0,False,59.0,12.0,0.2033898305084746,59.0,12.0,0.2033898305084746,5.0,0.2,10.0,0.2,36.0,0.2777777777777778,2.0,0.0,9.0,0.1111111111111111,66.0,24.0,0.36363636363636365,66.0,24.0,0.36363636363636365,5.0,0.2,10.0,0.3,27.0,0.3333333333333333,3.0,0.3333333333333333,9.0,0.8888888888888888
LOLTMNT01_270006,2025,2025-07-27 07:06:53+00:00,LCK,2,Rounds 3-5,0,15.14,complete,,,DN SOOPers,oe:team:b3c72a20aa56f5d28022ac04a7dc294,Kiwoom DRX,oe:team:1d0389df0c5eea93b04122ba167c010,BLUE,1,0,BLUE,DN SOOPers,Wukong,Pantheon,Azir,Vi,Varus,Gwen,Trundle,Aurora,Jayce,Ahri,Sion,Ambessa,Neeko,Poppy,Sivir,Rakan,Alistar,Xayah,Rell,Kai'Sa,oe:team:1d0389df0c5eea93b04122ba167c010|oe:team:b3c72a20aa56f5d28022ac04a7dc294,2025_20250727_DN_SOOPers_vs_Kiwoom_DRX_S5,"[""Rumble"", ""Taliyah"", ""Nocturne"", ""Xin Zhao"", ""Orianna"", ""Ornn"", ""Zeri"", ""Lucian"", ""Lulu"", ""Nautilus""]",10,False,60.0,12.0,0.2,60.0,12.0,0.2,5.0,0.2,10.0,0.2,37.0,0.2702702702702703,3.0,0.0,10.0,0.1,67.0,25.0,0.373134328358209,67.0,25.0,0.373134328358209,5.0,0.4,10.0,0.4,28.0,0.35714285714285715,4.0,0.5,10.0,0.9
LOLTMNT01_269548,2025,2025-07-27 08:04:07+00:00,LCK,3,Rounds 3-5,0,15.14,complete,,,Kiwoom DRX,oe:team:1d0389df0c5eea93b04122ba167c010,DN SOOPers,oe:team:b3c72a20aa56f5d28022ac04a7dc294,BLUE,1,0,BLUE,Kiwoom DRX,Alistar,Pantheon,Ryze,Corki,Varus,Wukong,Ezreal,Skarner,Gwen,Jayce,Neeko,Cassiopeia,Leona,Jarvan IV,K'Sante,Bard,Karma,Lee Sin,Viego,Aatrox,oe:team:1d0389df0c5eea93b04122ba167c010|oe:team:b3c72a20aa56f5d28022ac04a7dc294,2025_20250727_DN_SOOPers_vs_Kiwoom_DRX_S5,"[""Rumble"", ""Taliyah"", ""Nocturne"", ""Xin Zhao"", ""Orianna"", ""Ornn"", ""Zeri"", ""Lucian"", ""Lulu"", ""Nautilus"", ""Azir"", ""Vi"", ""Trundle"", ""Aurora"", ""Sion"", ""Ambessa"", ""Sivir"", ""Rakan"", ""Rell"", ""Kai'Sa""]",20,False,68.0,25.0,0.36764705882352944,68.0,25.0,0.36764705882352944,5.0,0.4,10.0,0.4,39.0,0.38461538461538464,5.0,0.4,11.0,0.8181818181818182,61.0,13.0,0.21311475409836064,61.0,13.0,0.21311475409836064,5.0,0.2,10.0,0.3,23.0,0.08695652173913043,4.0,0.25,11.0,0.18181818181818182
LOLTMNT01_270043,2025,2025-07-27 09:29:10+00:00,LCK,1,Rounds 3-5,0,15.14,complete,,,T1,oe:team:ce499dea30cfce118f4fe85da0227e8,Nongshim RedForce,oe:team:5cd2cd09ec94296f605dd13a2924d6c,BLUE,1,0,BLUE,T1,Yone,Pantheon,Varus,Rumble,Taliyah,Vi,Gwen,Wukong,Maokai,Azir,Ryze,Ahri,Jhin,Xin Zhao,Jarvan IV,Sivir,Alistar,Renata Glasc,Poppy,Nautilus,oe:team:5cd2cd09ec94296f605dd13a2924d6c|oe:team:ce499dea30cfce118f4fe85da0227e8,2025_20250727_Nongshim_RedForce_vs_T1_S5,[],0,False,72.0,46.0,0.6388888888888888,72.0,46.0,0.6388888888888888,5.0,0.8,10.0,0.8,33.0,0.7272727272727273,3.0,0.6666666666666666,9.0,0.6666666666666666,80.0,39.0,0.4875,80.0,39.0,0.4875,5.0,0.0,10.0,0.3,41.0,0.4634146341463415,2.0,0.0,9.0,0.3333333333333333
LOLTMNT01_270056,2025,2025-07-27 10:26:37+00:00,LCK,2,Rounds 3-5,0,15.14,complete,,,Nongshim RedForce,oe:team:5cd2cd09ec94296f605dd13a2924d6c,T1,oe:team:ce499dea30cfce118f4fe85da0227e8,BLUE,0,1,RED,T1,Xin Zhao,Pantheon,Senna,Nocturne,Vi,Sejuani,Galio,Orianna,Trundle,Azir,Viego,Ambessa,Caitlyn,Camille,K'Sante,Jhin,Thresh,Alistar,Tahm Kench,Bard,oe:team:5cd2cd09ec94296f605dd13a2924d6c|oe:team:ce499dea30cfce118f4fe85da0227e8,2025_20250727_Nongshim_RedForce_vs_T1_S5,"[""Varus"", ""Rumble"", ""Gwen"", ""Wukong"", ""Ryze"", ""Ahri"", ""Jarvan IV"", ""Sivir"", ""Poppy"", ""Nautilus""]",10,False,81.0,39.0,0.48148148148148145,81.0,39.0,0.48148148148148145,5.0,0.0,10.0,0.2,39.0,0.5128205128205128,3.0,0.0,10.0,0.3,73.0,47.0,0.6438356164383562,73.0,47.0,0.6438356164383562,5.0,0.8,10.0,0.9,39.0,0.5641025641025641,4.0,0.75,10.0,0.7
LOLTMNT01_271620,2025,2025-07-30 08:07:21+00:00,LCK,1,Rounds 3-5,0,15.14,complete,,,Kiwoom DRX,oe:team:1d0389df0c5eea93b04122ba167c010,Dplus Kia,oe:team:ef69efa6acebe94107f0cf1ba716806,BLUE,1,0,BLUE,Kiwoom DRX,Vi,Pantheon,Wukong,Xin Zhao,Varus,Poppy,Taliyah,Aurora,Trundle,Annie,Gwen,Twisted Fate,Alistar,Lucian,Miss Fortune,Ezreal,Corki,Kai'Sa,Rell,Braum,oe:team:1d0389df0c5eea93b04122ba167c010|oe:team:ef69efa6acebe94107f0cf1ba716806,2025_20250730_Dplus_Kia_vs_Kiwoom_DRX_S3,[],0,False,69.0,26.0,0.37681159420289856,69.0,26.0,0.37681159420289856,5.0,0.4,10.0,0.4,40.0,0.4,6.0,0.5,6.0,0.3333333333333333,83.0,43.0,0.5180722891566265,83.0,43.0,0.5180722891566265,5.0,0.6,10.0,0.3,41.0,0.43902439024390244,5.0,0.6,6.0,0.6666666666666666
LOLTMNT01_272131,2025,2025-07-30 09:19:17+00:00,LCK,2,Rounds 3-5,0,15.14,complete,,,Dplus Kia,oe:team:ef69efa6acebe94107f0cf1ba716806,Kiwoom DRX,oe:team:1d0389df0c5eea93b04122ba167c010,BLUE,1,0,BLUE,Dplus Kia,Poppy,Pantheon,Azir,Rumble,Nocturne,Varus,Skarner,Sejuani,Trundle,Vi,Ambessa,Yone,Jhin,Senna,Sivir,Neeko,Rakan,Alistar,Karma,Corki,oe:team:1d0389df0c5eea93b04122ba167c010|oe:team:ef69efa6acebe94107f0cf1ba716806,2025_20250730_Dplus_Kia_vs_Kiwoom_DRX_S3,"[""Wukong"", ""Xin Zhao"", ""Taliyah"", ""Aurora"", ""Gwen"", ""Twisted Fate"", ""Miss Fortune"", ""Ezreal"", ""Rell"", ""Braum""]",10,False,84.0,43.0,0.5119047619047619,84.0,43.0,0.5119047619047619,5.0,0.4,10.0,0.3,42.0,0.5952380952380952,6.0,0.5,7.0,0.5714285714285714,70.0,27.0,0.38571428571428573,70.0,27.0,0.38571428571428573,5.0,0.6,10.0,0.5,29.0,0.3448275862068966,7.0,0.5714285714285714,7.0,0.42857142857142855
LOLTMNT01_272144,2025,2025-07-30 10:17:32+00:00,LCK,3,Rounds 3-5,0,15.14,complete,,,Kiwoom DRX,oe:team:1d0389df0c5eea93b04122ba167c010,Dplus Kia,oe:team:ef69efa6acebe94107f0cf1ba716806,BLUE,0,1,RED,Dplus Kia,Senna,Pantheon,Varus,Nautilus,Nocturne,Annie,Alistar,Jhin,Vi,Trundle,Jarvan IV,Sylas,Lee Sin,Orianna,Cassiopeia,Viego,Zed,Ryze,Sion,Cho'Gath,oe:team:1d0389df0c5eea93b04122ba167c010|oe:team:ef69efa6acebe94107f0cf1ba716806,2025_20250730_Dplus_Kia_vs_Kiwoom_DRX_S3,"[""Wukong"", ""Xin Zhao"", ""Taliyah"", ""Aurora"", ""Gwen"", ""Twisted Fate"", ""Miss Fortune"", ""Ezreal"", ""Rell"", ""Braum"", ""Azir"", ""Rumble"", ""Skarner"", ""Sejuani"", ""Ambessa"", ""Yone"", ""Sivir"", ""Neeko"", ""Karma"", ""Corki""]",20,False,71.0,27.0,0.38028169014084506,71.0,27.0,0.38028169014084506,5.0,0.6,10.0,0.4,41.0,0.4146341463414634,8.0,0.5,8.0,0.375,85.0,44.0,0.5176470588235295,85.0,44.0,0.5176470588235295,5.0,0.6,10.0,0.4,42.0,0.42857142857142855,7.0,0.5714285714285714,8.0,0.625
LOLTMNT01_271687,2025,2025-07-30 11:48:43+00:00,LCK,1,Rounds 3-5,0,15.14,complete,,,KT Rolster,oe:team:d723992568441c6bafa2658129eade7,T1,oe:team:ce499dea30cfce118f4fe85da0227e8,BLUE,0,1,RED,T1,Varus,Pantheon,Wukong,Xin Zhao,Annie,Gwen,Rumble,Ryze,Taliyah,Azir,Cassiopeia,Ornn,Poppy,Rakan,Corki,Neeko,Bard,Alistar,Nautilus,Sivir,oe:team:ce499dea30cfce118f4fe85da0227e8|oe:team:d723992568441c6bafa2658129eade7,2025_20250730_KT_Rolster_vs_T1_S5,[],0,False,77.0,41.0,0.5324675324675324,77.0,41.0,0.5324675324675324,5.0,0.4,10.0,0.5,37.0,0.4864864864864865,4.0,0.5,11.0,0.18181818181818182,74.0,48.0,0.6486486486486487,74.0,48.0,0.6486486486486487,5.0,0.8,10.0,0.9,40.0,0.575,5.0,0.8,11.0,0.8181818181818182
LOLTMNT01_271704,2025,2025-07-30 12:38:20+00:00,LCK,2,Rounds 3-5,0,15.14,complete,,,KT Rolster,oe:team:d723992568441c6bafa2658129eade7,T1,oe:team:ce499dea30cfce118f4fe85da0227e8,BLUE,0,1,RED,T1,Annie,Pantheon,Varus,Gwen,Taliyah,Azir,Viktor,Nocturne,Aurora,Trundle,Jax,Galio,Bard,Alistar,Skarner,Rakan,Jhin,Jarvan IV,Poppy,Xayah,oe:team:ce499dea30cfce118f4fe85da0227e8|oe:team:d723992568441c6bafa2658129eade7,2025_20250730_KT_Rolster_vs_T1_S5,"[""Wukong"", ""Xin Zhao"", ""Rumble"", ""Ryze"", ""Cassiopeia"", ""Ornn"", ""Corki"", ""Neeko"", ""Nautilus"", ""Sivir""]",10,False,78.0,41.0,0.5256410256410257,78.0,41.0,0.5256410256410257,5.0,0.4,10.0,0.4,38.0,0.47368421052631576,5.0,0.4,12.0,0.16666666666666666,75.0,49.0,0.6533333333333333,75.0,49.0,0.6533333333333333,5.0,1.0,10.0,0.9,41.0,0.5853658536585366,6.0,0.8333333333333334,12.0,0.8333333333333334
LOLTMNT01_272461,2025,2025-07-31 08:06:28+00:00,LCK,1,Rounds 3-5,0,15.14,complete,,,BNK FEARX,oe:team:5c2e7e9ea8dfcba0150d9a5619baecf,HANJIN BRION,oe:team:b77b3f6068e20a2b3edc0ecd3dc70d4,BLUE,1,0,BLUE,BNK FEARX,Yone,Pantheon,Azir,Gwen,Taliyah,Varus,Wukong,Vi,Aurora,Xin Zhao,Rumble,Ahri,Corki,Rakan,Sivir,Lucian,Poppy,Alistar,Braum,Rell,oe:team:5c2e7e9ea8dfcba0150d9a5619baecf|oe:team:b77b3f6068e20a2b3edc0ecd3dc70d4,2025_20250731_BNK_FEARX_vs_HANJIN_BRION_S3,[],0,False,63.0,22.0,0.3492063492063492,63.0,22.0,0.3492063492063492,5.0,0.4,10.0,0.4,34.0,0.47058823529411764,4.0,0.5,6.0,0.6666666666666666,67.0,25.0,0.373134328358209,67.0,25.0,0.373134328358209,5.0,0.8,10.0,0.5,30.0,0.23333333333333334,6.0,0.6666666666666666,6.0,0.3333333333333333
LOLTMNT01_272463,2025,2025-07-31 09:09:20+00:00,LCK,2,Rounds 3-5,0,15.14,complete,,,HANJIN BRION,oe:team:b77b3f6068e20a2b3edc0ecd3dc70d4,BNK FEARX,oe:team:5c2e7e9ea8dfcba0150d9a5619baecf,BLUE,0,1,RED,BNK FEARX,Varus,Pantheon,Xin Zhao,Renekton,Ambessa,Sion,Akali,Orianna,Taliyah,Trundle,Poppy,Nocturne,Neeko,Aatrox,Corki,Alistar,Rakan,K'Sante,Ornn,Kai'Sa,oe:team:5c2e7e9ea8dfcba0150d9a5619baecf|oe:team:b77b3f6068e20a2b3edc0ecd3dc70d4,2025_20250731_BNK_FEARX_vs_HANJIN_BRION_S3,"[""Azir"", ""Gwen"", ""Wukong"", ""Vi"", ""Rumble"", ""Ahri"", ""Sivir"", ""Lucian"", ""Braum"", ""Rell""]",10,False,68.0,25.0,0.36764705882352944,68.0,25.0,0.36764705882352944,5.0,0.6,10.0,0.4,37.0,0.4864864864864865,7.0,0.5714285714285714,7.0,0.2857142857142857,64.0,23.0,0.359375,64.0,23.0,0.359375,5.0,0.6,10.0,0.5,29.0,0.20689655172413793,5.0,0.6,7.0,0.7142857142857143
LOLTMNT01_273014,2025,2025-07-31 10:31:25+00:00,LCK,1,Rounds 3-5,0,15.14,complete,,,Nongshim RedForce,oe:team:5cd2cd09ec94296f605dd13a2924d6c,Hanwha Life Esports,oe:team:3a1d18f46bcb3716ebcfcf4ef068934,BLUE,0,1,RED,Hanwha Life Esports,Taliyah,Azir,Gwen,Aurora,Vi,Pantheon,Ryze,Wukong,Rakan,Varus,Xin Zhao,Orianna,Alistar,Nautilus,Corki,Lucian,Sivir,Leona,Rell,Braum,oe:team:3a1d18f46bcb3716ebcfcf4ef068934|oe:team:5cd2cd09ec94296f605dd13a2924d6c,2025_20250731_Hanwha_Life_Esports_vs_Nongshim_RedForce_S4,[],0,False,82.0,39.0,0.47560975609756095,82.0,39.0,0.47560975609756095,5.0,0.0,10.0,0.1,40.0,0.5,4.0,0.0,6.0,0.0,87.0,56.0,0.6436781609195402,87.0,56.0,0.6436781609195402,5.0,0.4,10.0,0.2,48.0,0.625,4.0,0.5,6.0,1.0
LOLTMNT01_273023,2025,2025-07-31 11:20:55+00:00,LCK,2,Rounds 3-5,0,15.14,complete,,,Nongshim RedForce,oe:team:5cd2cd09ec94296f605dd13a2924d6c,Hanwha Life Esports,oe:team:3a1d18f46bcb3716ebcfcf4ef068934,BLUE,0,1,RED,Hanwha Life Esports,Taliyah,Pantheon,Azir,Rumble,Vi,Varus,Trundle,Sejuani,Ornn,Poppy,Sivir,Yone,Alistar,K'Sante,Leona,Kai'Sa,Rakan,Nautilus,Sylas,Bard,oe:team:3a1d18f46bcb3716ebcfcf4ef068934|oe:team:5cd2cd09ec94296f605dd13a2924d6c,2025_20250731_Hanwha_Life_Esports_vs_Nongshim_RedForce_S4,"[""Gwen"", ""Aurora"", ""Ryze"", ""Wukong"", ""Xin Zhao"", ""Orianna"", ""Corki"", ""Lucian"", ""Rell"", ""Braum""]",10,False,83.0,39.0,0.46987951807228917,83.0,39.0,0.46987951807228917,5.0,0.0,10.0,0.1,41.0,0.4878048780487805,5.0,0.0,7.0,0.0,88.0,57.0,0.6477272727272727,88.0,57.0,0.6477272727272727,5.0,0.6,10.0,0.3,49.0,0.6326530612244898,5.0,0.6,7.0,1.0
LOLTMNT01_272688,2025,2025-08-01 08:04:50+00:00,LCK,1,Rounds 3-5,0,15.14,complete,,,Gen.G,oe:team:50f58982d91a36557ec8aec52ab014f,KT Rolster,oe:team:d723992568441c6bafa2658129eade7,BLUE,1,0,BLUE,Gen.G,Taliyah,Pantheon,Wukong,Annie,Neeko,Azir,Gwen,Xin Zhao,Trundle,Varus,Galio,Aurora,Poppy,Lucian,Kai'Sa,Sivir,Alistar,Rakan,Rell,Nautilus,oe:team:50f58982d91a36557ec8aec52ab014f|oe:team:d723992568441c6bafa2658129eade7,2025_20250801_Gen_G_vs_KT_Rolster_S3,[],0,False,80.0,59.0,0.7375,80.0,59.0,0.7375,5.0,0.6,10.0,0.6,31.0,0.8064516129032258,5.0,0.6,5.0,0.8,79.0,41.0,0.5189873417721519,79.0,41.0,0.5189873417721519,5.0,0.2,10.0,0.3,40.0,0.575,6.0,0.3333333333333333,5.0,0.2
LOLTMNT01_272695,2025,2025-08-01 09:03:41+00:00,LCK,2,Rounds 3-5,0,15.14,complete,,,KT Rolster,oe:team:d723992568441c6bafa2658129eade7,Gen.G,oe:team:50f58982d91a36557ec8aec52ab014f,BLUE,0,1,RED,Gen.G,Neeko,Varus,Trundle,Ryze,Renekton,Pantheon,Yorick,Vi,Jayce,Azir,Taliyah,Ambessa,Rakan,Poppy,Ziggs,Senna,Alistar,Lucian,Leona,Bard,oe:team:50f58982d91a36557ec8aec52ab014f|oe:team:d723992568441c6bafa2658129eade7,2025_20250801_Gen_G_vs_KT_Rolster_S3,"[""Wukong"", ""Annie"", ""Gwen"", ""Xin Zhao"", ""Galio"", ""Aurora"", ""Kai'Sa"", ""Sivir"", ""Rell"", ""Nautilus""]",10,False,80.0,41.0,0.5125,80.0,41.0,0.5125,5.0,0.0,10.0,0.2,39.0,0.46153846153846156,7.0,0.2857142857142857,6.0,0.16666666666666666,81.0,60.0,0.7407407407407407,81.0,60.0,0.7407407407407407,5.0,0.6,10.0,0.7,49.0,0.6938775510204082,6.0,0.6666666666666666,6.0,0.8333333333333334
LOLTMNT01_273235,2025,2025-08-01 10:25:35+00:00,LCK,1,Rounds 3-5,0,15.14,complete,,,Dplus Kia,oe:team:ef69efa6acebe94107f0cf1ba716806,DN SOOPers,oe:team:b3c72a20aa56f5d28022ac04a7dc294,BLUE,1,0,BLUE,Dplus Kia,Trundle,Pantheon,Vi,Azir,Orianna,Twisted Fate,Taliyah,Poppy,Aurora,Gwen,Varus,Sivir,Neeko,Nautilus,Sion,Rell,Alistar,Ambessa,Karma,Cho'Gath,oe:team:b3c72a20aa56f5d28022ac04a7dc294|oe:team:ef69efa6acebe94107f0cf1ba716806,2025_20250801_DN_SOOPers_vs_Dplus_Kia_S4,[],0,False,86.0,45.0,0.5232558139534884,86.0,45.0,0.5232558139534884,5.0,0.8,10.0,0.5,43.0,0.6046511627906976,8.0,0.625,7.0,0.8571428571428571,62.0,13.0,0.20967741935483872,62.0,13.0,0.20967741935483872,5.0,0.2,10.0,0.3,24.0,0.08333333333333333,5.0,0.2,7.0,0.14285714285714285
LOLTMNT01_272717,2025,2025-08-01 11:17:00+00:00,LCK,2,Rounds 3-5,0,15.14,complete,,,DN SOOPers,oe:team:b3c72a20aa56f5d28022ac04a7dc294,Dplus Kia,oe:team:ef69efa6acebe94107f0cf1ba716806,BLUE,0,1,RED,Dplus Kia,Twisted Fate,Pantheon,Trundle,Ryze,Gwen,Orianna,Lucian,Zed,Wukong,Annie,Braum,Senna,Alistar,Ambessa,Viktor,Aurora,Nautilus,Cassiopeia,Rumble,Galio,oe:team:b3c72a20aa56f5d28022ac04a7dc294|oe:team:ef69efa6acebe94107f0cf1ba716806,2025_20250801_DN_SOOPers_vs_Dplus_Kia_S4,"[""Vi"", ""Azir"", ""Taliyah"", ""Poppy"", ""Varus"", ""Sivir"", ""Sion"", ""Rell"", ""Karma"", ""Cho'Gath""]",10,False,63.0,13.0,0.20634920634920634,63.0,13.0,0.20634920634920634,5.0,0.2,10.0,0.2,38.0,0.2894736842105263,6.0,0.16666666666666666,8.0,0.125,87.0,46.0,0.5287356321839081,87.0,46.0,0.5287356321839081,5.0,0.8,10.0,0.6,43.0,0.4418604651162791,9.0,0.6666666666666666,8.0,0.875
LOLTMNT01_273344,2025,2025-08-02 06:07:06+00:00,LCK,1,Rounds 3-5,0,15.14,complete,,,T1,oe:team:ce499dea30cfce118f4fe85da0227e8,Hanwha Life Esports,oe:team:3a1d18f46bcb3716ebcfcf4ef068934,BLUE,1,0,BLUE,T1,Yone,Pantheon,Gwen,Orianna,Taliyah,Varus,Galio,Wukong,Aurora,Azir,Jarvan IV,Ambessa,Alistar,Neeko,Bard,Rakan,Sivir,Poppy,Jhin,Lucian,oe:team:3a1d18f46bcb3716ebcfcf4ef068934|oe:team:ce499dea30cfce118f4fe85da0227e8,2025_20250802_Hanwha_Life_Esports_vs_T1_S5,[],0,False,76.0,50.0,0.6578947368421053,76.0,50.0,0.6578947368421053,5.0,1.0,10.0,0.9,34.0,0.7352941176470589,7.0,0.8571428571428571,12.0,0.4166666666666667,89.0,58.0,0.651685393258427,89.0,58.0,0.651685393258427,5.0,0.8,10.0,0.4,50.0,0.64,6.0,0.6666666666666666,12.0,0.5833333333333334
LOLTMNT01_272834,2025,2025-08-02 06:59:14+00:00,LCK,2,Rounds 3-5,0,15.14,complete,,,Hanwha Life Esports,oe:team:3a1d18f46bcb3716ebcfcf4ef068934,T1,oe:team:ce499dea30cfce118f4fe85da0227e8,BLUE,0,1,RED,T1,Rumble,Pantheon,Azir,Taliyah,Ryze,Varus,Senna,Trundle,Nocturne,Aurora,Alistar,K'Sante,Aphelios,Jayce,Aatrox,Neeko,Corki,Xin Zhao,Maokai,Sivir,oe:team:3a1d18f46bcb3716ebcfcf4ef068934|oe:team:ce499dea30cfce118f4fe85da0227e8,2025_20250802_Hanwha_Life_Esports_vs_T1_S5,"[""Gwen"", ""Orianna"", ""Galio"", ""Wukong"", ""Jarvan IV"", ""Ambessa"", ""Bard"", ""Rakan"", ""Jhin"", ""Lucian""]",10,False,90.0,58.0,0.6444444444444445,90.0,58.0,0.6444444444444445,5.0,0.8,10.0,0.4,39.0,0.6666666666666666,7.0,0.5714285714285714,13.0,0.5384615384615384,77.0,51.0,0.6623376623376623,77.0,51.0,0.6623376623376623,5.0,1.0,10.0,0.9,42.0,0.5952380952380952,8.0,0.875,13.0,0.46153846153846156
LOLTMNT01_273361,2025,2025-08-02 08:31:55+00:00,LCK,1,Rounds 3-5,0,15.14,complete,,,BNK FEARX,oe:team:5c2e7e9ea8dfcba0150d9a5619baecf,Kiwoom DRX,oe:team:1d0389df0c5eea93b04122ba167c010,BLUE,1,0,BLUE,BNK FEARX,Taliyah,Pantheon,Varus,Rumble,Aurora,Azir,Nocturne,Trundle,Wukong,Gwen,Orianna,Jhin,Akali,Ambessa,Aatrox,Alistar,Galio,Neeko,Rell,Ahri,oe:team:1d0389df0c5eea93b04122ba167c010|oe:team:5c2e7e9ea8dfcba0150d9a5619baecf,2025_20250802_BNK_FEARX_vs_Kiwoom_DRX_S4,[],0,False,65.0,24.0,0.36923076923076925,65.0,24.0,0.36923076923076925,5.0,0.6,10.0,0.5,35.0,0.4857142857142857,6.0,0.6666666666666666,7.0,0.42857142857142855,72.0,27.0,0.375,72.0,27.0,0.375,5.0,0.4,10.0,0.4,30.0,0.3333333333333333,9.0,0.4444444444444444,7.0,0.5714285714285714
LOLTMNT01_273365,2025,2025-08-02 09:27:00+00:00,LCK,2,Rounds 3-5,0,15.14,complete,,,Kiwoom DRX,oe:team:1d0389df0c5eea93b04122ba167c010,BNK FEARX,oe:team:5c2e7e9ea8dfcba0150d9a5619baecf,BLUE,1,0,BLUE,Kiwoom DRX,Taliyah,Azir,Xin Zhao,Vi,Aurora,Gwen,Viktor,Ryze,Wukong,Pantheon,Renekton,Neeko,Sivir,Karma,Senna,Corki,Kai'Sa,Rakan,Nautilus,K'Sante,oe:team:1d0389df0c5eea93b04122ba167c010|oe:team:5c2e7e9ea8dfcba0150d9a5619baecf,2025_20250802_BNK_FEARX_vs_Kiwoom_DRX_S4,"[""Varus"", ""Rumble"", ""Nocturne"", ""Trundle"", ""Orianna"", ""Jhin"", ""Aatrox"", ""Alistar"", ""Rell"", ""Ahri""]",10,False,73.0,27.0,0.3698630136986301,73.0,27.0,0.3698630136986301,5.0,0.4,10.0,0.4,42.0,0.40476190476190477,10.0,0.4,8.0,0.5,66.0,25.0,0.3787878787878788,66.0,25.0,0.3787878787878788,5.0,0.6,10.0,0.6,30.0,0.23333333333333334,7.0,0.7142857142857143,8.0,0.5
LOLTMNT01_273370,2025,2025-08-02 10:24:29+00:00,LCK,3,Rounds 3-5,0,15.14,complete,,,BNK FEARX,oe:team:5c2e7e9ea8dfcba0150d9a5619baecf,Kiwoom DRX,oe:team:1d0389df0c5eea93b04122ba167c010,BLUE,0,1,RED,Kiwoom DRX,Taliyah,Azir,Gwen,Aurora,Wukong,Pantheon,Sivir,Jarvan IV,Sion,Lucian,Galio,Ambessa,Miss Fortune,Poppy,Naafiri,Lulu,Rakan,Karma,Leona,Zeri,oe:team:1d0389df0c5eea93b04122ba167c010|oe:team:5c2e7e9ea8dfcba0150d9a5619baecf,2025_20250802_BNK_FEARX_vs_Kiwoom_DRX_S4,"[""Varus"", ""Rumble"", ""Nocturne"", ""Trundle"", ""Orianna"", ""Jhin"", ""Aatrox"", ""Alistar"", ""Rell"", ""Ahri"", ""Xin Zhao"", ""Vi"", ""Viktor"", ""Ryze"", ""Renekton"", ""Neeko"", ""Senna"", ""Corki"", ""Nautilus"", ""K'Sante""]",20,False,67.0,25.0,0.373134328358209,67.0,25.0,0.373134328358209,5.0,0.6,10.0,0.5,36.0,0.5,8.0,0.625,9.0,0.4444444444444444,74.0,28.0,0.3783783783783784,74.0,28.0,0.3783783783783784,5.0,0.4,10.0,0.4,31.0,0.3225806451612903,11.0,0.45454545454545453,9.0,0.5555555555555556
LOLTMNT01_273420,2025,2025-08-03 06:07:00+00:00,LCK,1,Rounds 3-5,0,15.14,complete,,,DN SOOPers,oe:team:b3c72a20aa56f5d28022ac04a7dc294,HANJIN BRION,oe:team:b77b3f6068e20a2b3edc0ecd3dc70d4,BLUE,0,1,RED,HANJIN BRION,Gwen,Pantheon,Trundle,Varus,Yone,Orianna,Rumble,Wukong,Taliyah,Azir,Ryze,Cassiopeia,Ornn,Sivir,Corki,Aurora,Alistar,Lucian,Rell,Poppy,oe:team:b3c72a20aa56f5d28022ac04a7dc294|oe:team:b77b3f6068e20a2b3edc0ecd3dc70d4,2025_20250803_DN_SOOPers_vs_HANJIN_BRION_S3,[],0,False,64.0,13.0,0.203125,64.0,13.0,0.203125,5.0,0.2,10.0,0.2,39.0,0.28205128205128205,7.0,0.14285714285714285,6.0,0.3333333333333333,69.0,25.0,0.36231884057971014,69.0,25.0,0.36231884057971014,5.0,0.4,10.0,0.4,31.0,0.22580645161290322,8.0,0.5,6.0,0.6666666666666666
LOLTMNT01_272915,2025,2025-08-03 07:03:34+00:00,LCK,2,Rounds 3-5,0,15.14,complete,,,DN SOOPers,oe:team:b3c72a20aa56f5d28022ac04a7dc294,HANJIN BRION,oe:team:b77b3f6068e20a2b3edc0ecd3dc70d4,BLUE,0,1,RED,HANJIN BRION,Gwen,Pantheon,Azir,Yone,Taliyah,Orianna,Xin Zhao,Maokai,Vi,Lucian,Sion,Cho'Gath,Jhin,Rakan,Senna,Neeko,Sivir,Alistar,Nautilus,Kai'Sa,oe:team:b3c72a20aa56f5d28022ac04a7dc294|oe:team:b77b3f6068e20a2b3edc0ecd3dc70d4,2025_20250803_DN_SOOPers_vs_HANJIN_BRION_S3,"[""Trundle"", ""Varus"", ""Rumble"", ""Wukong"", ""Ryze"", ""Cassiopeia"", ""Corki"", ""Aurora"", ""Rell"", ""Poppy""]",10,False,65.0,13.0,0.2,65.0,13.0,0.2,5.0,0.2,10.0,0.2,40.0,0.275,8.0,0.125,7.0,0.2857142857142857,70.0,26.0,0.37142857142857144,70.0,26.0,0.37142857142857144,5.0,0.6,10.0,0.5,32.0,0.25,9.0,0.5555555555555556,7.0,0.7142857142857143
LOLTMNT01_273430,2025,2025-08-03 08:33:38+00:00,LCK,1,Rounds 3-5,0,15.14,complete,,,Nongshim RedForce,oe:team:5cd2cd09ec94296f605dd13a2924d6c,Gen.G,oe:team:50f58982d91a36557ec8aec52ab014f,BLUE,0,1,RED,Gen.G,Taliyah,Varus,Wukong,Xin Zhao,Vi,Pantheon,Galio,Annie,Trundle,Azir,Rumble,Gwen,Sivir,Alistar,Ezreal,Corki,Lucian,Rakan,Leona,Neeko,oe:team:50f58982d91a36557ec8aec52ab014f|oe:team:5cd2cd09ec94296f605dd13a2924d6c,2025_20250803_Gen_G_vs_Nongshim_RedForce_S4,[],0,False,84.0,39.0,0.4642857142857143,84.0,39.0,0.4642857142857143,5.0,0.0,10.0,0.0,42.0,0.47619047619047616,6.0,0.0,9.0,0.2222222222222222,82.0,61.0,0.7439024390243902,82.0,61.0,0.7439024390243902,5.0,0.6,10.0,0.8,50.0,0.7,7.0,0.7142857142857143,9.0,0.7777777777777778
LOLTMNT01_272927,2025,2025-08-03 09:25:54+00:00,LCK,2,Rounds 3-5,0,15.14,complete,,,Nongshim RedForce,oe:team:5cd2cd09ec94296f605dd13a2924d6c,Gen.G,oe:team:50f58982d91a36557ec8aec52ab014f,BLUE,0,1,RED,Gen.G,Taliyah,Maokai,Azir,Pantheon,Poppy,Nocturne,Skarner,Aurora,Varus,Trundle,Ambessa,Yorick,Braum,Alistar,Zeri,Sivir,Bard,Kai'Sa,Shen,Rell,oe:team:50f58982d91a36557ec8aec52ab014f|oe:team:5cd2cd09ec94296f605dd13a2924d6c,2025_20250803_Gen_G_vs_Nongshim_RedForce_S4,"[""Wukong"", ""Xin Zhao"", ""Galio"", ""Annie"", ""Rumble"", ""Gwen"", ""Ezreal"", ""Corki"", ""Leona"", ""Neeko""]",10,False,85.0,39.0,0.4588235294117647,85.0,39.0,0.4588235294117647,5.0,0.0,10.0,0.0,43.0,0.46511627906976744,7.0,0.0,10.0,0.2,83.0,62.0,0.7469879518072289,83.0,62.0,0.7469879518072289,5.0,0.6,10.0,0.8,51.0,0.7058823529411765,8.0,0.75,10.0,0.8
LOLTMNT02_294403,2025,2025-08-06 08:06:02+00:00,LCK,1,Rounds 3-5,0,15.15,complete,,,Hanwha Life Esports,oe:team:3a1d18f46bcb3716ebcfcf4ef068934,Nongshim RedForce,oe:team:5cd2cd09ec94296f605dd13a2924d6c,BLUE,1,0,BLUE,Hanwha Life Esports,Taliyah,Azir,Wukong,Xin Zhao,Poppy,Pantheon,Orianna,Annie,Shen,Varus,Rumble,Gwen,Alistar,Kai'Sa,Rakan,Yunara,Nautilus,Lucian,Xayah,Lulu,oe:team:3a1d18f46bcb3716ebcfcf4ef068934|oe:team:5cd2cd09ec94296f605dd13a2924d6c,2025_20250806_Hanwha_Life_Esports_vs_Nongshim_RedForce_S5,[],0,False,91.0,58.0,0.6373626373626373,91.0,58.0,0.6373626373626373,5.0,0.6,10.0,0.4,40.0,0.65,0.0,,8.0,1.0,86.0,39.0,0.45348837209302323,86.0,39.0,0.45348837209302323,5.0,0.0,10.0,0.0,42.0,0.4523809523809524,0.0,,8.0,0.0
LOLTMNT02_295361,2025,2025-08-06 08:57:50+00:00,LCK,2,Rounds 3-5,0,15.15,complete,,,Nongshim RedForce,oe:team:5cd2cd09ec94296f605dd13a2924d6c,Hanwha Life Esports,oe:team:3a1d18f46bcb3716ebcfcf4ef068934,BLUE,0,1,RED,Hanwha Life Esports,Yone,Varus,Ryze,Taliyah,Vi,Pantheon,Shen,Neeko,Trundle,Azir,Sivir,Kai'Sa,Ambessa,Poppy,Nocturne,Jarvan IV,Sion,Camille,Jayce,K'Sante,oe:team:3a1d18f46bcb3716ebcfcf4ef068934|oe:team:5cd2cd09ec94296f605dd13a2924d6c,2025_20250806_Hanwha_Life_Esports_vs_Nongshim_RedForce_S5,"[""Wukong"", ""Xin Zhao"", ""Orianna"", ""Annie"", ""Rumble"", ""Gwen"", ""Rakan"", ""Yunara"", ""Xayah"", ""Lulu""]",10,False,87.0,39.0,0.4482758620689655,87.0,39.0,0.4482758620689655,5.0,0.0,10.0,0.0,44.0,0.45454545454545453,1.0,0.0,9.0,0.0,92.0,59.0,0.6413043478260869,92.0,59.0,0.6413043478260869,5.0,0.6,10.0,0.5,51.0,0.6274509803921569,1.0,1.0,9.0,1.0
LOLTMNT02_295398,2025,2025-08-06 10:22:21+00:00,LCK,1,Rounds 3-5,0,15.15,complete,,,HANJIN BRION,oe:team:b77b3f6068e20a2b3edc0ecd3dc70d4,BNK FEARX,oe:team:5c2e7e9ea8dfcba0150d9a5619baecf,BLUE,0,1,RED,BNK FEARX,Gwen,Pantheon,Azir,Wukong,Varus,Vi,Ornn,Rumble,Nocturne,Aurora,Trundle,Taliyah,Alistar,Poppy,Lucian,Yunara,Kai'Sa,Xayah,Braum,Rakan,oe:team:5c2e7e9ea8dfcba0150d9a5619baecf|oe:team:b77b3f6068e20a2b3edc0ecd3dc70d4,2025_20250806_BNK_FEARX_vs_HANJIN_BRION_S4,[],0,False,71.0,27.0,0.38028169014084506,71.0,27.0,0.38028169014084506,5.0,0.6,10.0,0.6,38.0,0.47368421052631576,0.0,,8.0,0.25,68.0,25.0,0.36764705882352944,68.0,25.0,0.36764705882352944,5.0,0.6,10.0,0.5,31.0,0.22580645161290322,0.0,,8.0,0.75
LOLTMNT02_294485,2025,2025-08-06 11:18:00+00:00,LCK,2,Rounds 3-5,0,15.15,complete,,,HANJIN BRION,oe:team:b77b3f6068e20a2b3edc0ecd3dc70d4,BNK FEARX,oe:team:5c2e7e9ea8dfcba0150d9a5619baecf,BLUE,0,1,RED,BNK FEARX,Aurora,Pantheon,Varus,Orianna,Nocturne,Gwen,Maokai,Xin Zhao,Sivir,Vi,Yone,Jhin,Alistar,Sion,Jax,Ambessa,Renekton,K'Sante,Neeko,Bard,oe:team:5c2e7e9ea8dfcba0150d9a5619baecf|oe:team:b77b3f6068e20a2b3edc0ecd3dc70d4,2025_20250806_BNK_FEARX_vs_HANJIN_BRION_S4,"[""Azir"", ""Wukong"", ""Ornn"", ""Rumble"", ""Trundle"", ""Taliyah"", ""Lucian"", ""Yunara"", ""Braum"", ""Rakan""]",10,False,72.0,27.0,0.375,72.0,27.0,0.375,5.0,0.4,10.0,0.6,39.0,0.46153846153846156,1.0,0.0,9.0,0.2222222222222222,69.0,26.0,0.37681159420289856,69.0,26.0,0.37681159420289856,5.0,0.6,10.0,0.6,32.0,0.25,1.0,1.0,9.0,0.7777777777777778
LOLTMNT02_294883,2025,2025-08-07 08:06:22+00:00,LCK,1,Rounds 3-5,0,15.15,complete,,,Kiwoom DRX,oe:team:1d0389df0c5eea93b04122ba167c010,DN SOOPers,oe:team:b3c72a20aa56f5d28022ac04a7dc294,BLUE,0,1,RED,DN SOOPers,Orianna,Pantheon,Wukong,Yunara,Taliyah,Azir,Gwen,Annie,Trundle,Varus,Aurora,Vi,Alistar,Rakan,Xayah,Rumble,Ambessa,Kai'Sa,Nautilus,Rell,oe:team:1d0389df0c5eea93b04122ba167c010|oe:team:b3c72a20aa56f5d28022ac04a7dc294,2025_20250807_DN_SOOPers_vs_Kiwoom_DRX_S6,[],0,False,75.0,29.0,0.38666666666666666,75.0,29.0,0.38666666666666666,5.0,0.4,10.0,0.5,43.0,0.4186046511627907,0.0,,12.0,0.8333333333333334,66.0,13.0,0.19696969696969696,66.0,13.0,0.19696969696969696,5.0,0.0,10.0,0.1,25.0,0.08,0.0,,12.0,0.16666666666666666
LOLTMNT02_294895,2025,2025-08-07 09:05:39+00:00,LCK,2,Rounds 3-5,0,15.15,complete,,,Kiwoom DRX,oe:team:1d0389df0c5eea93b04122ba167c010,DN SOOPers,oe:team:b3c72a20aa56f5d28022ac04a7dc294,BLUE,1,0,BLUE,Kiwoom DRX,Nocturne,Pantheon,Xin Zhao,Azir,Trundle,Varus,Taliyah,Skarner,Sivir,Poppy,Alistar,Sion,Lucian,Ambessa,Jhin,Senna,Lulu,Kai'Sa,Aatrox,Bard,oe:team:1d0389df0c5eea93b04122ba167c010|oe:team:b3c72a20aa56f5d28022ac04a7dc294,2025_20250807_DN_SOOPers_vs_Kiwoom_DRX_S6,"[""Wukong"", ""Yunara"", ""Gwen"", ""Annie"", ""Aurora"", ""Vi"", ""Xayah"", ""Rumble"", ""Nautilus"", ""Rell""]",10,False,76.0,29.0,0.3815789473684211,76.0,29.0,0.3815789473684211,5.0,0.4,10.0,0.5,44.0,0.4090909090909091,1.0,0.0,13.0,0.7692307692307693,67.0,14.0,0.208955223880597,67.0,14.0,0.208955223880597,5.0,0.2,10.0,0.2,26.0,0.11538461538461539,1.0,1.0,13.0,0.23076923076923078
LOLTMNT02_294910,2025,2025-08-07 10:04:12+00:00,LCK,3,Rounds 3-5,0,15.15,complete,,,DN SOOPers,oe:team:b3c72a20aa56f5d28022ac04a7dc294,Kiwoom DRX,oe:team:1d0389df0c5eea93b04122ba167c010,BLUE,1,0,BLUE,DN SOOPers,Poppy,Pantheon,Jarvan IV,Nocturne,Ryze,Trundle,Neeko,Sivir,Varus,Orianna,Kai'Sa,Lulu,Jayce,K'Sante,Gragas,Renekton,Ahri,Jax,Galio,Sylas,oe:team:1d0389df0c5eea93b04122ba167c010|oe:team:b3c72a20aa56f5d28022ac04a7dc294,2025_20250807_DN_SOOPers_vs_Kiwoom_DRX_S6,"[""Wukong"", ""Yunara"", ""Gwen"", ""Annie"", ""Aurora"", ""Vi"", ""Xayah"", ""Rumble"", ""Nautilus"", ""Rell"", ""Xin Zhao"", ""Azir"", ""Taliyah"", ""Skarner"", ""Alistar"", ""Sion"", ""Jhin"", ""Senna"", ""Aatrox"", ""Bard""]",20,False,68.0,14.0,0.20588235294117646,68.0,14.0,0.20588235294117646,5.0,0.2,10.0,0.2,41.0,0.2682926829268293,2.0,0.5,14.0,0.21428571428571427,77.0,30.0,0.38961038961038963,77.0,30.0,0.38961038961038963,5.0,0.6,10.0,0.5,32.0,0.34375,2.0,0.5,14.0,0.7857142857142857
LOLTMNT02_295940,2025,2025-08-07 11:20:03+00:00,LCK,1,Rounds 3-5,0,15.15,complete,,,Gen.G,oe:team:50f58982d91a36557ec8aec52ab014f,T1,oe:team:ce499dea30cfce118f4fe85da0227e8,BLUE,0,1,RED,T1,Neeko,Pantheon,Wukong,Trundle,Taliyah,Azir,Gwen,Ryze,Xin Zhao,Varus,Annie,Aurora,Poppy,Rakan,Sivir,Jhin,Yunara,Alistar,Rell,Bard,oe:team:50f58982d91a36557ec8aec52ab014f|oe:team:ce499dea30cfce118f4fe85da0227e8,2025_20250807_Gen_G_vs_T1_S5,[],0,False,84.0,63.0,0.75,84.0,63.0,0.75,5.0,0.8,10.0,0.8,32.0,0.8125,0.0,,11.0,0.5454545454545454,78.0,52.0,0.6666666666666666,78.0,52.0,0.6666666666666666,5.0,1.0,10.0,0.9,43.0,0.6046511627906976,0.0,,11.0,0.45454545454545453
LOLTMNT02_295962,2025,2025-08-07 12:13:48+00:00,LCK,2,Rounds 3-5,0,15.15,complete,,,Gen.G,oe:team:50f58982d91a36557ec8aec52ab014f,T1,oe:team:ce499dea30cfce118f4fe85da0227e8,BLUE,1,0,BLUE,Gen.G,Neeko,Pantheon,Yunara,Rumble,Xayah,Varus,Xin Zhao,Jarvan IV,Vi,Azir,Galio,Orianna,Corki,Ornn,Rakan,Lucian,Poppy,Alistar,Ambessa,Nami,oe:team:50f58982d91a36557ec8aec52ab014f|oe:team:ce499dea30cfce118f4fe85da0227e8,2025_20250807_Gen_G_vs_T1_S5,"[""Wukong"", ""Trundle"", ""Gwen"", ""Ryze"", ""Annie"", ""Aurora"", ""Sivir"", ""Jhin"", ""Rell"", ""Bard""]",10,False,85.0,63.0,0.7411764705882353,85.0,63.0,0.7411764705882353,5.0,0.8,10.0,0.7,33.0,0.7878787878787878,1.0,0.0,12.0,0.5,79.0,53.0,0.6708860759493671,79.0,53.0,0.6708860759493671,5.0,1.0,10.0,0.9,44.0,0.6136363636363636,1.0,1.0,12.0,0.5
LOLTMNT02_295986,2025,2025-08-07 13:06:46+00:00,LCK,3,Rounds 3-5,0,15.15,complete,,,T1,oe:team:ce499dea30cfce118f4fe85da0227e8,Gen.G,oe:team:50f58982d91a36557ec8aec52ab014f,BLUE,0,1,RED,Gen.G,Taliyah,Azir,Neeko,Corki,Yone,Varus,Nocturne,Vi,Alistar,Pantheon,Sylas,Nautilus,Twisted Fate,Caitlyn,Jax,Yorick,Renekton,Miss Fortune,Xayah,Ziggs,oe:team:50f58982d91a36557ec8aec52ab014f|oe:team:ce499dea30cfce118f4fe85da0227e8,2025_20250807_Gen_G_vs_T1_S5,"[""Wukong"", ""Trundle"", ""Gwen"", ""Ryze"", ""Annie"", ""Aurora"", ""Sivir"", ""Jhin"", ""Rell"", ""Bard"", ""Yunara"", ""Rumble"", ""Xin Zhao"", ""Jarvan IV"", ""Galio"", ""Orianna"", ""Rakan"", ""Lucian"", ""Ambessa"", ""Nami""]",20,False,80.0,53.0,0.6625,80.0,53.0,0.6625,5.0,0.8,10.0,0.9,35.0,0.7428571428571429,2.0,0.5,13.0,0.46153846153846156,86.0,64.0,0.7441860465116279,86.0,64.0,0.7441860465116279,5.0,0.8,10.0,0.7,52.0,0.7115384615384616,2.0,0.5,13.0,0.5384615384615384
LOLTMNT02_296408,2025,2025-08-08 08:08:25+00:00,LCK,1,Rounds 3-5,0,15.15,complete,,,BNK FEARX,oe:team:5c2e7e9ea8dfcba0150d9a5619baecf,Dplus Kia,oe:team:ef69efa6acebe94107f0cf1ba716806,BLUE,1,0,BLUE,BNK FEARX,Taliyah,Pantheon,Azir,Varus,Aurora,Wukong,Gwen,Rumble,Ambessa,Poppy,Xin Zhao,Yone,Maokai,Sivir,Lucian,Sejuani,Vi,Jhin,Braum,Alistar,oe:team:5c2e7e9ea8dfcba0150d9a5619baecf|oe:team:ef69efa6acebe94107f0cf1ba716806,2025_20250808_BNK_FEARX_vs_Dplus_Kia_S5,[],0,False,70.0,27.0,0.38571428571428573,70.0,27.0,0.38571428571428573,5.0,0.6,10.0,0.6,37.0,0.4864864864864865,2.0,1.0,10.0,0.2,88.0,47.0,0.5340909090909091,88.0,47.0,0.5340909090909091,5.0,0.8,10.0,0.7,44.0,0.45454545454545453,0.0,,10.0,0.8
LOLTMNT02_296421,2025,2025-08-08 09:07:31+00:00,LCK,2,Rounds 3-5,0,15.15,complete,,,Dplus Kia,oe:team:ef69efa6acebe94107f0cf1ba716806,BNK FEARX,oe:team:5c2e7e9ea8dfcba0150d9a5619baecf,BLUE,0,1,RED,BNK FEARX,Poppy,Pantheon,Yunara,Trundle,Wukong,Vi,Ryze,Kai'Sa,Orianna,Taliyah,Ambessa,Renekton,Annie,Nocturne,Neeko,Ahri,Nautilus,Zed,Lee Sin,Rell,oe:team:5c2e7e9ea8dfcba0150d9a5619baecf|oe:team:ef69efa6acebe94107f0cf1ba716806,2025_20250808_BNK_FEARX_vs_Dplus_Kia_S5,"[""Azir"", ""Varus"", ""Gwen"", ""Rumble"", ""Xin Zhao"", ""Yone"", ""Lucian"", ""Sejuani"", ""Braum"", ""Alistar""]",10,False,89.0,47.0,0.5280898876404494,89.0,47.0,0.5280898876404494,5.0,0.8,10.0,0.6,44.0,0.6136363636363636,1.0,0.0,11.0,0.7272727272727273,71.0,28.0,0.39436619718309857,71.0,28.0,0.39436619718309857,5.0,0.6,10.0,0.6,33.0,0.2727272727272727,3.0,1.0,11.0,0.2727272727272727
LOLTMNT02_296450,2025,2025-08-08 10:27:25+00:00,LCK,1,Rounds 3-5,0,15.15,complete,,,KT Rolster,oe:team:d723992568441c6bafa2658129eade7,Hanwha Life Esports,oe:team:3a1d18f46bcb3716ebcfcf4ef068934,BLUE,0,1,RED,Hanwha Life Esports,Aurora,Pantheon,Taliyah,Yunara,Varus,Poppy,Rumble,Wukong,Gwen,Azir,Xin Zhao,Ornn,Rakan,Lucian,Aphelios,Ryze,Bard,Caitlyn,Nautilus,Alistar,oe:team:3a1d18f46bcb3716ebcfcf4ef068934|oe:team:d723992568441c6bafa2658129eade7,2025_20250808_Hanwha_Life_Esports_vs_KT_Rolster_S5,[],0,False,81.0,41.0,0.5061728395061729,81.0,41.0,0.5061728395061729,5.0,0.0,10.0,0.2,40.0,0.45,0.0,,10.0,0.3,93.0,60.0,0.6451612903225806,93.0,60.0,0.6451612903225806,5.0,0.6,10.0,0.6,52.0,0.6346153846153846,2.0,1.0,10.0,0.7
LOLTMNT02_296483,2025,2025-08-08 11:28:56+00:00,LCK,2,Rounds 3-5,0,15.15,complete,,,KT Rolster,oe:team:d723992568441c6bafa2658129eade7,Hanwha Life Esports,oe:team:3a1d18f46bcb3716ebcfcf4ef068934,BLUE,0,1,RED,Hanwha Life Esports,Gwen,Pantheon,Trundle,Jarvan IV,Ambessa,Azir,Sion,Orianna,Varus,Aurora,Viktor,Aatrox,Bard,Rell,Jhin,Neeko,Sivir,Rakan,Karma,Kai'Sa,oe:team:3a1d18f46bcb3716ebcfcf4ef068934|oe:team:d723992568441c6bafa2658129eade7,2025_20250808_Hanwha_Life_Esports_vs_KT_Rolster_S5,"[""Taliyah"", ""Yunara"", ""Rumble"", ""Wukong"", ""Xin Zhao"", ""Ornn"", ""Aphelios"", ""Ryze"", ""Nautilus"", ""Alistar""]",10,False,82.0,41.0,0.5,82.0,41.0,0.5,5.0,0.0,10.0,0.2,41.0,0.43902439024390244,1.0,0.0,11.0,0.2727272727272727,94.0,61.0,0.648936170212766,94.0,61.0,0.648936170212766,5.0,0.6,10.0,0.7,53.0,0.6415094339622641,3.0,1.0,11.0,0.7272727272727273
LOLTMNT02_296815,2025,2025-08-09 06:11:11+00:00,LCK,1,Rounds 3-5,0,15.15,complete,,,Kiwoom DRX,oe:team:1d0389df0c5eea93b04122ba167c010,HANJIN BRION,oe:team:b77b3f6068e20a2b3edc0ecd3dc70d4,BLUE,1,0,BLUE,Kiwoom DRX,Yone,Pantheon,Yunara,Aurora,Taliyah,Azir,Xin Zhao,Vi,Varus,Wukong,Galio,Kai'Sa,Neeko,Lulu,Gwen,Rell,Poppy,Alistar,Rakan,Cassiopeia,oe:team:1d0389df0c5eea93b04122ba167c010|oe:team:b77b3f6068e20a2b3edc0ecd3dc70d4,2025_20250809_HANJIN_BRION_vs_Kiwoom_DRX_S5,[],0,False,78.0,30.0,0.38461538461538464,78.0,30.0,0.38461538461538464,5.0,0.6,10.0,0.5,45.0,0.4222222222222222,3.0,0.3333333333333333,12.0,0.5833333333333334,73.0,27.0,0.3698630136986301,73.0,27.0,0.3698630136986301,5.0,0.4,10.0,0.5,33.0,0.2727272727272727,2.0,0.0,12.0,0.4166666666666667
LOLTMNT02_296825,2025,2025-08-09 07:06:28+00:00,LCK,2,Rounds 3-5,0,15.15,complete,,,HANJIN BRION,oe:team:b77b3f6068e20a2b3edc0ecd3dc70d4,Kiwoom DRX,oe:team:1d0389df0c5eea93b04122ba167c010,BLUE,1,0,BLUE,HANJIN BRION,Varus,Pantheon,Wukong,Jarvan IV,Trundle,Azir,Rumble,Orianna,Nocturne,Taliyah,Annie,Alistar,Ornn,Poppy,Corki,Jhin,Sivir,Lucian,Nautilus,Ambessa,oe:team:1d0389df0c5eea93b04122ba167c010|oe:team:b77b3f6068e20a2b3edc0ecd3dc70d4,2025_20250809_HANJIN_BRION_vs_Kiwoom_DRX_S5,"[""Yunara"", ""Aurora"", ""Xin Zhao"", ""Vi"", ""Galio"", ""Kai'Sa"", ""Gwen"", ""Rell"", ""Rakan"", ""Cassiopeia""]",10,False,74.0,27.0,0.36486486486486486,74.0,27.0,0.36486486486486486,5.0,0.4,10.0,0.4,40.0,0.45,3.0,0.0,13.0,0.38461538461538464,79.0,31.0,0.3924050632911392,79.0,31.0,0.3924050632911392,5.0,0.6,10.0,0.5,33.0,0.3333333333333333,4.0,0.5,13.0,0.6153846153846154
LOLTMNT02_296837,2025,2025-08-09 07:56:20+00:00,LCK,3,Rounds 3-5,0,15.15,complete,,,Kiwoom DRX,oe:team:1d0389df0c5eea93b04122ba167c010,HANJIN BRION,oe:team:b77b3f6068e20a2b3edc0ecd3dc70d4,BLUE,0,1,RED,HANJIN BRION,Yone,Pantheon,Ryze,Viktor,Taliyah,Trundle,Cho'Gath,Sion,Varus,Azir,Viego,Zed,Leona,Senna,Aphelios,Sivir,Neeko,Lucian,Thresh,Blitzcrank,oe:team:1d0389df0c5eea93b04122ba167c010|oe:team:b77b3f6068e20a2b3edc0ecd3dc70d4,2025_20250809_HANJIN_BRION_vs_Kiwoom_DRX_S5,"[""Yunara"", ""Aurora"", ""Xin Zhao"", ""Vi"", ""Galio"", ""Kai'Sa"", ""Gwen"", ""Rell"", ""Rakan"", ""Cassiopeia"", ""Wukong"", ""Jarvan IV"", ""Rumble"", ""Orianna"", ""Annie"", ""Alistar"", ""Corki"", ""Jhin"", ""Nautilus"", ""Ambessa""]",20,False,80.0,31.0,0.3875,80.0,31.0,0.3875,5.0,0.4,10.0,0.4,46.0,0.43478260869565216,5.0,0.4,14.0,0.5714285714285714,75.0,28.0,0.37333333333333335,75.0,28.0,0.37333333333333335,5.0,0.4,10.0,0.5,34.0,0.2647058823529412,4.0,0.25,14.0,0.42857142857142855
LOLTMNT02_297840,2025,2025-08-09 09:16:24+00:00,LCK,1,Rounds 3-5,0,15.15,complete,,,Nongshim RedForce,oe:team:5cd2cd09ec94296f605dd13a2924d6c,T1,oe:team:ce499dea30cfce118f4fe85da0227e8,BLUE,0,1,RED,T1,Vi,Pantheon,Trundle,Orianna,Wukong,Azir,Rumble,Nocturne,Varus,Yunara,Ryze,Aurora,Neeko,Rakan,Xayah,Alistar,Bard,Nautilus,Lulu,Jhin,oe:team:5cd2cd09ec94296f605dd13a2924d6c|oe:team:ce499dea30cfce118f4fe85da0227e8,2025_20250809_Nongshim_RedForce_vs_T1_S6,[],0,False,88.0,39.0,0.4431818181818182,88.0,39.0,0.4431818181818182,5.0,0.0,10.0,0.0,45.0,0.4444444444444444,2.0,0.0,11.0,0.2727272727272727,81.0,53.0,0.654320987654321,81.0,53.0,0.654320987654321,5.0,0.6,10.0,0.8,45.0,0.6,3.0,0.3333333333333333,11.0,0.7272727272727273
LOLTMNT02_297863,2025,2025-08-09 10:06:29+00:00,LCK,2,Rounds 3-5,0,15.15,complete,,,Nongshim RedForce,oe:team:5cd2cd09ec94296f605dd13a2924d6c,T1,oe:team:ce499dea30cfce118f4fe85da0227e8,BLUE,0,1,RED,T1,Taliyah,Pantheon,Wukong,Xin Zhao,Vi,Azir,Gwen,Galio,Varus,Yunara,Corki,Ambessa,Bard,Shen,Kalista,Sivir,Neeko,Nautilus,Renata Glasc,Poppy,oe:team:5cd2cd09ec94296f605dd13a2924d6c|oe:team:ce499dea30cfce118f4fe85da0227e8,2025_20250809_Nongshim_RedForce_vs_T1_S6,"[""Trundle"", ""Orianna"", ""Rumble"", ""Nocturne"", ""Ryze"", ""Aurora"", ""Xayah"", ""Alistar"", ""Lulu"", ""Jhin""]",10,False,89.0,39.0,0.43820224719101125,89.0,39.0,0.43820224719101125,5.0,0.0,10.0,0.0,46.0,0.43478260869565216,3.0,0.0,12.0,0.25,82.0,54.0,0.6585365853658537,82.0,54.0,0.6585365853658537,5.0,0.6,10.0,0.8,46.0,0.6086956521739131,4.0,0.5,12.0,0.75
LOLTMNT02_298258,2025,2025-08-10 06:06:45+00:00,LCK,1,Rounds 3-5,0,15.15,complete,,,KT Rolster,oe:team:d723992568441c6bafa2658129eade7,Gen.G,oe:team:50f58982d91a36557ec8aec52ab014f,BLUE,0,1,RED,Gen.G,Aurora,Pantheon,Trundle,Gwen,Poppy,Azir,Ambessa,Taliyah,Varus,Yunara,Ryze,Vi,Sivir,Xayah,Jhin,Corki,Kai'Sa,Lucian,Rell,Neeko,oe:team:50f58982d91a36557ec8aec52ab014f|oe:team:d723992568441c6bafa2658129eade7,2025_20250810_Gen_G_vs_KT_Rolster_S4,[],0,False,83.0,41.0,0.4939759036144578,83.0,41.0,0.4939759036144578,5.0,0.0,10.0,0.2,42.0,0.42857142857142855,2.0,0.0,7.0,0.14285714285714285,87.0,65.0,0.7471264367816092,87.0,65.0,0.7471264367816092,5.0,0.8,10.0,0.7,53.0,0.7169811320754716,3.0,0.6666666666666666,7.0,0.8571428571428571
LOLTMNT02_299237,2025,2025-08-10 07:02:39+00:00,LCK,2,Rounds 3-5,0,15.15,complete,,,KT Rolster,oe:team:d723992568441c6bafa2658129eade7,Gen.G,oe:team:50f58982d91a36557ec8aec52ab014f,BLUE,0,1,RED,Gen.G,Aurora,Pantheon,Xin Zhao,Skarner,Varus,Azir,Ornn,Rumble,Wukong,Yunara,Annie,Galio,Sivir,Lucian,Xayah,Ezreal,Bard,Kai'Sa,Rakan,Poppy,oe:team:50f58982d91a36557ec8aec52ab014f|oe:team:d723992568441c6bafa2658129eade7,2025_20250810_Gen_G_vs_KT_Rolster_S4,"[""Trundle"", ""Gwen"", ""Ambessa"", ""Taliyah"", ""Ryze"", ""Vi"", ""Jhin"", ""Corki"", ""Rell"", ""Neeko""]",10,False,84.0,41.0,0.4880952380952381,84.0,41.0,0.4880952380952381,5.0,0.0,10.0,0.1,43.0,0.4186046511627907,3.0,0.0,8.0,0.125,88.0,66.0,0.75,88.0,66.0,0.75,5.0,0.8,10.0,0.7,54.0,0.7222222222222222,4.0,0.75,8.0,0.875
LOLTMNT02_299274,2025,2025-08-10 08:19:07+00:00,LCK,1,Rounds 3-5,0,15.15,complete,,,DN SOOPers,oe:team:b3c72a20aa56f5d28022ac04a7dc294,Dplus Kia,oe:team:ef69efa6acebe94107f0cf1ba716806,BLUE,0,1,RED,Dplus Kia,Twisted Fate,Pantheon,Vi,Wukong,Varus,Orianna,Rumble,Taliyah,Poppy,Yunara,Ahri,Gwen,Xayah,Kai'Sa,Lucian,Sivir,Alistar,Lulu,Braum,Neeko,oe:team:b3c72a20aa56f5d28022ac04a7dc294|oe:team:ef69efa6acebe94107f0cf1ba716806,2025_20250810_DN_SOOPers_vs_Dplus_Kia_S5,[],0,False,69.0,15.0,0.21739130434782608,69.0,15.0,0.21739130434782608,5.0,0.4,10.0,0.3,42.0,0.2857142857142857,3.0,0.6666666666666666,9.0,0.1111111111111111,90.0,47.0,0.5222222222222223,90.0,47.0,0.5222222222222223,5.0,0.6,10.0,0.6,45.0,0.4444444444444444,2.0,0.0,9.0,0.8888888888888888
LOLTMNT02_298318,2025,2025-08-10 09:24:53+00:00,LCK,2,Rounds 3-5,0,15.15,complete,,,DN SOOPers,oe:team:b3c72a20aa56f5d28022ac04a7dc294,Dplus Kia,oe:team:ef69efa6acebe94107f0cf1ba716806,BLUE,0,1,RED,Dplus Kia,Varus,Pantheon,Ambessa,Trundle,Yunara,Orianna,Jarvan IV,Jayce,Renekton,Azir,Galio,Aurora,Poppy,Kai'Sa,Xayah,Corki,Alistar,Lulu,Rakan,Janna,oe:team:b3c72a20aa56f5d28022ac04a7dc294|oe:team:ef69efa6acebe94107f0cf1ba716806,2025_20250810_DN_SOOPers_vs_Dplus_Kia_S5,"[""Vi"", ""Wukong"", ""Rumble"", ""Taliyah"", ""Ahri"", ""Gwen"", ""Lucian"", ""Sivir"", ""Braum"", ""Neeko""]",10,False,70.0,15.0,0.21428571428571427,70.0,15.0,0.21428571428571427,5.0,0.4,10.0,0.3,43.0,0.27906976744186046,4.0,0.5,10.0,0.1,91.0,48.0,0.5274725274725275,91.0,48.0,0.5274725274725275,5.0,0.6,10.0,0.7,46.0,0.45652173913043476,3.0,0.3333333333333333,10.0,0.9
LOLTMNT02_301617,2025,2025-08-13 08:10:10+00:00,LCK,1,Rounds 3-5,0,15.15,complete,,,T1,oe:team:ce499dea30cfce118f4fe85da0227e8,KT Rolster,oe:team:d723992568441c6bafa2658129eade7,BLUE,1,0,BLUE,T1,Taliyah,Pantheon,Varus,Ryze,Trundle,Azir,Jarvan IV,Xin Zhao,Wukong,Yunara,Orianna,Sivir,Rakan,Gwen,Ambessa,Sion,Rumble,Aurora,Bard,Neeko,oe:team:ce499dea30cfce118f4fe85da0227e8|oe:team:d723992568441c6bafa2658129eade7,2025_20250813_KT_Rolster_vs_T1_S6,[],0,False,83.0,55.0,0.6626506024096386,83.0,55.0,0.6626506024096386,5.0,0.6,10.0,0.8,36.0,0.7222222222222222,5.0,0.6,13.0,0.8461538461538461,85.0,41.0,0.4823529411764706,85.0,41.0,0.4823529411764706,5.0,0.0,10.0,0.0,41.0,0.5609756097560976,4.0,0.0,13.0,0.15384615384615385
LOLTMNT02_301624,2025,2025-08-13 08:55:40+00:00,LCK,2,Rounds 3-5,0,15.15,complete,,,KT Rolster,oe:team:d723992568441c6bafa2658129eade7,T1,oe:team:ce499dea30cfce118f4fe85da0227e8,BLUE,0,1,RED,T1,Aurora,Pantheon,Taliyah,Wukong,Poppy,Yunara,Rumble,Annie,Vi,Azir,Trundle,Gwen,Lucian,Xayah,Corki,Jhin,Rakan,Alistar,Rell,Blitzcrank,oe:team:ce499dea30cfce118f4fe85da0227e8|oe:team:d723992568441c6bafa2658129eade7,2025_20250813_KT_Rolster_vs_T1_S6,"[""Varus"", ""Ryze"", ""Jarvan IV"", ""Xin Zhao"", ""Orianna"", ""Sivir"", ""Ambessa"", ""Sion"", ""Bard"", ""Neeko""]",10,False,86.0,41.0,0.47674418604651164,86.0,41.0,0.47674418604651164,5.0,0.0,10.0,0.0,44.0,0.4090909090909091,5.0,0.0,14.0,0.14285714285714285,84.0,56.0,0.6666666666666666,84.0,56.0,0.6666666666666666,5.0,0.6,10.0,0.8,47.0,0.6170212765957447,6.0,0.6666666666666666,14.0,0.8571428571428571
LOLTMNT02_301649,2025,2025-08-13 10:08:55+00:00,LCK,1,Rounds 3-5,0,15.15,complete,,,BNK FEARX,oe:team:5c2e7e9ea8dfcba0150d9a5619baecf,DN SOOPers,oe:team:b3c72a20aa56f5d28022ac04a7dc294,BLUE,1,0,BLUE,BNK FEARX,Taliyah,Pantheon,Wukong,Galio,Varus,Azir,Gwen,Xin Zhao,Orianna,Yunara,Annie,Ambessa,Alistar,Poppy,Zeri,Lucian,Neeko,Rakan,Lulu,Nami,oe:team:5c2e7e9ea8dfcba0150d9a5619baecf|oe:team:b3c72a20aa56f5d28022ac04a7dc294,2025_20250813_BNK_FEARX_vs_DN_SOOPers_S4,[],0,False,72.0,29.0,0.4027777777777778,72.0,29.0,0.4027777777777778,5.0,0.8,10.0,0.7,38.0,0.5,4.0,1.0,8.0,0.75,71.0,15.0,0.2112676056338028,71.0,15.0,0.2112676056338028,5.0,0.4,10.0,0.2,27.0,0.1111111111111111,5.0,0.4,8.0,0.25
LOLTMNT02_301669,2025,2025-08-13 11:06:30+00:00,LCK,2,Rounds 3-5,0,15.15,complete,,,DN SOOPers,oe:team:b3c72a20aa56f5d28022ac04a7dc294,BNK FEARX,oe:team:5c2e7e9ea8dfcba0150d9a5619baecf,BLUE,1,0,BLUE,DN SOOPers,Taliyah,Azir,Pantheon,Ryze,Varus,Yunara,Rumble,Nocturne,Trundle,Orianna,Aurora,Aatrox,Neeko,Poppy,Sivir,Rakan,Alistar,Bard,Rell,Kai'Sa,oe:team:5c2e7e9ea8dfcba0150d9a5619baecf|oe:team:b3c72a20aa56f5d28022ac04a7dc294,2025_20250813_BNK_FEARX_vs_DN_SOOPers_S4,"[""Wukong"", ""Galio"", ""Gwen"", ""Xin Zhao"", ""Annie"", ""Ambessa"", ""Zeri"", ""Lucian"", ""Lulu"", ""Nami""]",10,False,72.0,15.0,0.20833333333333334,72.0,15.0,0.20833333333333334,5.0,0.2,10.0,0.2,44.0,0.2727272727272727,6.0,0.3333333333333333,9.0,0.2222222222222222,73.0,30.0,0.410958904109589,73.0,30.0,0.410958904109589,5.0,1.0,10.0,0.8,34.0,0.29411764705882354,5.0,1.0,9.0,0.7777777777777778
LOLTMNT02_301689,2025,2025-08-13 11:56:13+00:00,LCK,3,Rounds 3-5,0,15.15,complete,,,BNK FEARX,oe:team:5c2e7e9ea8dfcba0150d9a5619baecf,DN SOOPers,oe:team:b3c72a20aa56f5d28022ac04a7dc294,BLUE,1,0,BLUE,BNK FEARX,Varus,Yunara,Azir,Taliyah,Vi,Poppy,Sion,Trundle,Jarvan IV,Neeko,Alistar,Nautilus,Corki,Zed,Jhin,K'Sante,Cho'Gath,Ezreal,Lee Sin,Aphelios,oe:team:5c2e7e9ea8dfcba0150d9a5619baecf|oe:team:b3c72a20aa56f5d28022ac04a7dc294,2025_20250813_BNK_FEARX_vs_DN_SOOPers_S4,"[""Wukong"", ""Galio"", ""Gwen"", ""Xin Zhao"", ""Annie"", ""Ambessa"", ""Zeri"", ""Lucian"", ""Lulu"", ""Nami"", ""Pantheon"", ""Ryze"", ""Rumble"", ""Nocturne"", ""Aurora"", ""Aatrox"", ""Sivir"", ""Rakan"", ""Rell"", ""Kai'Sa""]",20,False,74.0,30.0,0.40540540540540543,74.0,30.0,0.40540540540540543,5.0,0.8,10.0,0.7,39.0,0.5128205128205128,6.0,0.8333333333333334,10.0,0.7,73.0,16.0,0.2191780821917808,73.0,16.0,0.2191780821917808,5.0,0.4,10.0,0.3,28.0,0.10714285714285714,7.0,0.42857142857142855,10.0,0.3
LOLTMNT02_301984,2025,2025-08-14 08:07:37+00:00,LCK,1,Rounds 3-5,0,15.15,complete,,,Gen.G,oe:team:50f58982d91a36557ec8aec52ab014f,Nongshim RedForce,oe:team:5cd2cd09ec94296f605dd13a2924d6c,BLUE,1,0,BLUE,Gen.G,Trundle,Yunara,Wukong,Xin Zhao,Taliyah,Azir,Neeko,Orianna,Pantheon,Varus,Annie,Jhin,Nautilus,Sivir,Gwen,Alistar,Aurora,Ezreal,Corki,Ambessa,oe:team:50f58982d91a36557ec8aec52ab014f|oe:team:5cd2cd09ec94296f605dd13a2924d6c,2025_20250814_Gen_G_vs_Nongshim_RedForce_S5,[],0,False,89.0,67.0,0.7528089887640449,89.0,67.0,0.7528089887640449,5.0,0.8,10.0,0.8,34.0,0.7941176470588235,5.0,0.8,11.0,0.8181818181818182,90.0,39.0,0.43333333333333335,90.0,39.0,0.43333333333333335,5.0,0.0,10.0,0.0,43.0,0.4418604651162791,4.0,0.0,11.0,0.18181818181818182
LOLTMNT02_301999,2025,2025-08-14 08:58:22+00:00,LCK,2,Rounds 3-5,0,15.15,complete,,,Nongshim RedForce,oe:team:5cd2cd09ec94296f605dd13a2924d6c,Gen.G,oe:team:50f58982d91a36557ec8aec52ab014f,BLUE,0,1,RED,Gen.G,Trundle,Maokai,Azir,Pantheon,Varus,Taliyah,Skarner,Aurora,Yunara,Poppy,Sivir,Yorick,Rell,Renekton,Rumble,Rakan,Lucian,Sion,Nautilus,Kai'Sa,oe:team:50f58982d91a36557ec8aec52ab014f|oe:team:5cd2cd09ec94296f605dd13a2924d6c,2025_20250814_Gen_G_vs_Nongshim_RedForce_S5,"[""Wukong"", ""Xin Zhao"", ""Neeko"", ""Orianna"", ""Annie"", ""Jhin"", ""Gwen"", ""Alistar"", ""Corki"", ""Ambessa""]",10,False,91.0,39.0,0.42857142857142855,91.0,39.0,0.42857142857142855,5.0,0.0,10.0,0.0,47.0,0.425531914893617,5.0,0.0,12.0,0.16666666666666666,90.0,68.0,0.7555555555555555,90.0,68.0,0.7555555555555555,5.0,1.0,10.0,0.9,55.0,0.7272727272727273,6.0,0.8333333333333334,12.0,0.8333333333333334
LOLTMNT02_300855,2025,2025-08-14 10:09:25+00:00,LCK,1,Rounds 3-5,0,15.15,complete,,,Dplus Kia,oe:team:ef69efa6acebe94107f0cf1ba716806,Kiwoom DRX,oe:team:1d0389df0c5eea93b04122ba167c010,BLUE,1,0,BLUE,Dplus Kia,Varus,Yunara,Orianna,Gwen,Taliyah,Azir,Trundle,Xin Zhao,Wukong,Pantheon,Aurora,Sivir,Bard,Alistar,Neeko,Ryze,Annie,Lucian,Corki,Karma,oe:team:1d0389df0c5eea93b04122ba167c010|oe:team:ef69efa6acebe94107f0cf1ba716806,2025_20250814_Dplus_Kia_vs_Kiwoom_DRX_S4,[],0,False,92.0,49.0,0.532608695652174,92.0,49.0,0.532608695652174,5.0,0.6,10.0,0.7,45.0,0.6,4.0,0.5,9.0,0.6666666666666666,81.0,31.0,0.38271604938271603,81.0,31.0,0.38271604938271603,5.0,0.4,10.0,0.4,34.0,0.3235294117647059,6.0,0.3333333333333333,9.0,0.3333333333333333
LOLTMNT02_300868,2025,2025-08-14 11:14:41+00:00,LCK,2,Rounds 3-5,0,15.15,complete,,,Kiwoom DRX,oe:team:1d0389df0c5eea93b04122ba167c010,Dplus Kia,oe:team:ef69efa6acebe94107f0cf1ba716806,BLUE,0,1,RED,Dplus Kia,Ambessa,Azir,Pantheon,Annie,Vi,Yunara,Rumble,Wukong,Varus,Taliyah,Viktor,Ornn,Alistar,Kai'Sa,Miss Fortune,Jhin,Rakan,Braum,Nautilus,Rell,oe:team:1d0389df0c5eea93b04122ba167c010|oe:team:ef69efa6acebe94107f0cf1ba716806,2025_20250814_Dplus_Kia_vs_Kiwoom_DRX_S4,"[""Orianna"", ""Gwen"", ""Trundle"", ""Xin Zhao"", ""Aurora"", ""Sivir"", ""Neeko"", ""Ryze"", ""Corki"", ""Karma""]",10,False,82.0,31.0,0.3780487804878049,82.0,31.0,0.3780487804878049,5.0,0.2,10.0,0.4,47.0,0.425531914893617,7.0,0.2857142857142857,10.0,0.3,93.0,50.0,0.5376344086021505,93.0,50.0,0.5376344086021505,5.0,0.6,10.0,0.7,47.0,0.46808510638297873,5.0,0.6,10.0,0.7
LOLTMNT02_302238,2025,2025-08-15 08:06:45+00:00,LCK,1,Rounds 3-5,0,15.15,complete,,,HANJIN BRION,oe:team:b77b3f6068e20a2b3edc0ecd3dc70d4,DN SOOPers,oe:team:b3c72a20aa56f5d28022ac04a7dc294,BLUE,1,0,BLUE,HANJIN BRION,Neeko,Pantheon,Yunara,Varus,Orianna,Wukong,Maokai,Azir,Vi,Poppy,Yone,Trundle,Rumble,Gwen,Nautilus,Rell,Alistar,Ambessa,Renekton,Sion,oe:team:b3c72a20aa56f5d28022ac04a7dc294|oe:team:b77b3f6068e20a2b3edc0ecd3dc70d4,2025_20250815_DN_SOOPers_vs_HANJIN_BRION_S4,[],0,False,76.0,29.0,0.3815789473684211,76.0,29.0,0.3815789473684211,5.0,0.4,10.0,0.5,41.0,0.4634146341463415,5.0,0.4,8.0,0.75,74.0,16.0,0.21621621621621623,74.0,16.0,0.21621621621621623,5.0,0.2,10.0,0.3,29.0,0.10344827586206896,8.0,0.375,8.0,0.25
LOLTMNT02_302252,2025,2025-08-15 09:05:41+00:00,LCK,2,Rounds 3-5,0,15.15,complete,,,DN SOOPers,oe:team:b3c72a20aa56f5d28022ac04a7dc294,HANJIN BRION,oe:team:b77b3f6068e20a2b3edc0ecd3dc70d4,BLUE,1,0,BLUE,DN SOOPers,Poppy,Pantheon,Wukong,Vi,Xin Zhao,Orianna,Rumble,Aurora,Taliyah,Ambessa,Annie,Alistar,Sivir,Neeko,Lucian,Corki,Kai'Sa,Rakan,Braum,Gwen,oe:team:b3c72a20aa56f5d28022ac04a7dc294|oe:team:b77b3f6068e20a2b3edc0ecd3dc70d4,2025_20250815_DN_SOOPers_vs_HANJIN_BRION_S4,"[""Yunara"", ""Varus"", ""Maokai"", ""Azir"", ""Yone"", ""Trundle"", ""Nautilus"", ""Rell"", ""Renekton"", ""Sion""]",10,False,75.0,16.0,0.21333333333333335,75.0,16.0,0.21333333333333335,5.0,0.2,10.0,0.3,45.0,0.28888888888888886,9.0,0.3333333333333333,9.0,0.2222222222222222,77.0,30.0,0.38961038961038963,77.0,30.0,0.38961038961038963,5.0,0.6,10.0,0.5,35.0,0.2857142857142857,6.0,0.5,9.0,0.7777777777777778
LOLTMNT02_302264,2025,2025-08-15 09:59:50+00:00,LCK,3,Rounds 3-5,0,15.15,complete,,,HANJIN BRION,oe:team:b77b3f6068e20a2b3edc0ecd3dc70d4,DN SOOPers,oe:team:b3c72a20aa56f5d28022ac04a7dc294,BLUE,0,1,RED,DN SOOPers,Orianna,Pantheon,Ambessa,Neeko,Xin Zhao,Taliyah,Karma,Kai'Sa,Poppy,Jarvan IV,Jhin,Ryze,Nocturne,Cassiopeia,Viktor,K'Sante,Jax,Galio,Skarner,Hecarim,oe:team:b3c72a20aa56f5d28022ac04a7dc294|oe:team:b77b3f6068e20a2b3edc0ecd3dc70d4,2025_20250815_DN_SOOPers_vs_HANJIN_BRION_S4,"[""Yunara"", ""Varus"", ""Maokai"", ""Azir"", ""Yone"", ""Trundle"", ""Nautilus"", ""Rell"", ""Renekton"", ""Sion"", ""Wukong"", ""Vi"", ""Rumble"", ""Aurora"", ""Annie"", ""Alistar"", ""Lucian"", ""Corki"", ""Braum"", ""Gwen""]",20,False,78.0,30.0,0.38461538461538464,78.0,30.0,0.38461538461538464,5.0,0.6,10.0,0.5,42.0,0.47619047619047616,7.0,0.42857142857142855,10.0,0.7,76.0,17.0,0.2236842105263158,76.0,17.0,0.2236842105263158,5.0,0.4,10.0,0.4,30.0,0.1,10.0,0.4,10.0,0.3
LOLTMNT02_303069,2025,2025-08-15 11:15:30+00:00,LCK,1,Rounds 3-5,0,15.15,complete,,,Hanwha Life Esports,oe:team:3a1d18f46bcb3716ebcfcf4ef068934,T1,oe:team:ce499dea30cfce118f4fe85da0227e8,BLUE,0,1,RED,T1,Neeko,Pantheon,Varus,Orianna,Aurora,Azir,Xin Zhao,Wukong,Gwen,Yone,Galio,Ambessa,Jhin,Poppy,Jax,Bard,Yunara,Renekton,Rell,Sivir,oe:team:3a1d18f46bcb3716ebcfcf4ef068934|oe:team:ce499dea30cfce118f4fe85da0227e8,2025_20250815_Hanwha_Life_Esports_vs_T1_S6,[],0,False,95.0,62.0,0.6526315789473685,95.0,62.0,0.6526315789473685,5.0,0.8,10.0,0.8,41.0,0.6585365853658537,4.0,1.0,14.0,0.5,85.0,57.0,0.6705882352941176,85.0,57.0,0.6705882352941176,5.0,0.8,10.0,0.8,48.0,0.625,7.0,0.7142857142857143,14.0,0.5
LOLTMNT02_302301,2025,2025-08-15 12:15:57+00:00,LCK,2,Rounds 3-5,0,15.15,complete,,,Hanwha Life Esports,oe:team:3a1d18f46bcb3716ebcfcf4ef068934,T1,oe:team:ce499dea30cfce118f4fe85da0227e8,BLUE,0,1,RED,T1,Neeko,Azir,Rumble,Yorick,Aurora,Yunara,Yone,Trundle,Pantheon,Gwen,Maokai,Annie,Alistar,Rakan,Corki,Lucian,Jhin,Ezreal,Blitzcrank,Braum,oe:team:3a1d18f46bcb3716ebcfcf4ef068934|oe:team:ce499dea30cfce118f4fe85da0227e8,2025_20250815_Hanwha_Life_Esports_vs_T1_S6,"[""Varus"", ""Orianna"", ""Xin Zhao"", ""Wukong"", ""Galio"", ""Ambessa"", ""Jax"", ""Bard"", ""Rell"", ""Sivir""]",10,False,96.0,62.0,0.6458333333333334,96.0,62.0,0.6458333333333334,5.0,0.8,10.0,0.7,42.0,0.6428571428571429,5.0,0.8,15.0,0.4666666666666667,86.0,58.0,0.6744186046511628,86.0,58.0,0.6744186046511628,5.0,1.0,10.0,0.8,49.0,0.6326530612244898,8.0,0.75,15.0,0.5333333333333333
LOLTMNT02_303137,2025,2025-08-16 06:05:19+00:00,LCK,1,Rounds 3-5,0,15.15,complete,,,Nongshim RedForce,oe:team:5cd2cd09ec94296f605dd13a2924d6c,KT Rolster,oe:team:d723992568441c6bafa2658129eade7,BLUE,0,1,RED,KT Rolster,Trundle,Pantheon,Wukong,Ryze,Taliyah,Azir,Orianna,Xin Zhao,Varus,Yunara,Nautilus,Sivir,Braum,Kai'Sa,Aphelios,Alistar,Neeko,Senna,Rumble,Ornn,oe:team:5cd2cd09ec94296f605dd13a2924d6c|oe:team:d723992568441c6bafa2658129eade7,2025_20250816_KT_Rolster_vs_Nongshim_RedForce_S6,[],0,False,92.0,39.0,0.42391304347826086,92.0,39.0,0.42391304347826086,5.0,0.0,10.0,0.0,48.0,0.4166666666666667,6.0,0.0,13.0,0.46153846153846156,87.0,41.0,0.47126436781609193,87.0,41.0,0.47126436781609193,5.0,0.0,10.0,0.0,42.0,0.5476190476190477,6.0,0.0,13.0,0.5384615384615384
LOLTMNT02_303138,2025,2025-08-16 07:00:28+00:00,LCK,2,Rounds 3-5,0,15.15,complete,,,Nongshim RedForce,oe:team:5cd2cd09ec94296f605dd13a2924d6c,KT Rolster,oe:team:d723992568441c6bafa2658129eade7,BLUE,1,0,BLUE,Nongshim RedForce,Trundle,Pantheon,Varus,Jhin,Yorick,Yunara,Galio,Annie,Taliyah,Azir,Ambessa,Renekton,Jarvan IV,Nocturne,Elise,Skarner,Neeko,Vi,Viego,Poppy,oe:team:5cd2cd09ec94296f605dd13a2924d6c|oe:team:d723992568441c6bafa2658129eade7,2025_20250816_KT_Rolster_vs_Nongshim_RedForce_S6,"[""Wukong"", ""Ryze"", ""Orianna"", ""Xin Zhao"", ""Nautilus"", ""Sivir"", ""Aphelios"", ""Alistar"", ""Rumble"", ""Ornn""]",10,False,93.0,39.0,0.41935483870967744,93.0,39.0,0.41935483870967744,5.0,0.0,10.0,0.0,49.0,0.40816326530612246,7.0,0.0,14.0,0.42857142857142855,88.0,42.0,0.4772727272727273,88.0,42.0,0.4772727272727273,5.0,0.2,10.0,0.1,43.0,0.5581395348837209,7.0,0.14285714285714285,14.0,0.5714285714285714
LOLTMNT02_303139,2025,2025-08-16 07:51:07+00:00,LCK,3,Rounds 3-5,0,15.15,complete,,,KT Rolster,oe:team:d723992568441c6bafa2658129eade7,Nongshim RedForce,oe:team:5cd2cd09ec94296f605dd13a2924d6c,BLUE,1,0,BLUE,KT Rolster,Nocturne,Yunara,Azir,Taliyah,Gwen,Pantheon,Jarvan IV,Trundle,Yone,Yorick,Neeko,Bard,Aatrox,Kai'Sa,Ezreal,Corki,Jayce,Caitlyn,Sion,Camille,oe:team:5cd2cd09ec94296f605dd13a2924d6c|oe:team:d723992568441c6bafa2658129eade7,2025_20250816_KT_Rolster_vs_Nongshim_RedForce_S6,"[""Wukong"", ""Ryze"", ""Orianna"", ""Xin Zhao"", ""Nautilus"", ""Sivir"", ""Aphelios"", ""Alistar"", ""Rumble"", ""Ornn"", ""Varus"", ""Jhin"", ""Galio"", ""Annie"", ""Ambessa"", ""Renekton"", ""Elise"", ""Skarner"", ""Viego"", ""Poppy""]",20,False,89.0,42.0,0.47191011235955055,89.0,42.0,0.47191011235955055,5.0,0.2,10.0,0.1,45.0,0.4,8.0,0.125,15.0,0.5333333333333333,94.0,40.0,0.425531914893617,94.0,40.0,0.425531914893617,5.0,0.2,10.0,0.1,44.0,0.4318181818181818,8.0,0.125,15.0,0.4666666666666667
LOLTMNT02_303157,2025,2025-08-16 09:05:30+00:00,LCK,1,Rounds 3-5,0,15.15,complete,,,Kiwoom DRX,oe:team:1d0389df0c5eea93b04122ba167c010,BNK FEARX,oe:team:5c2e7e9ea8dfcba0150d9a5619baecf,BLUE,1,0,BLUE,Kiwoom DRX,Varus,Pantheon,Wukong,Gwen,Taliyah,Azir,Annie,Xin Zhao,Neeko,Yunara,Aurora,Galio,Alistar,Poppy,Xayah,Lucian,Bard,Nautilus,Rakan,Braum,oe:team:1d0389df0c5eea93b04122ba167c010|oe:team:5c2e7e9ea8dfcba0150d9a5619baecf,2025_20250816_BNK_FEARX_vs_Kiwoom_DRX_S5,[],0,False,83.0,31.0,0.37349397590361444,83.0,31.0,0.37349397590361444,5.0,0.2,10.0,0.4,48.0,0.4166666666666667,8.0,0.25,10.0,0.6,75.0,31.0,0.41333333333333333,75.0,31.0,0.41333333333333333,5.0,0.8,10.0,0.7,35.0,0.2857142857142857,7.0,0.8571428571428571,10.0,0.4
LOLTMNT02_303158,2025,2025-08-16 09:58:29+00:00,LCK,2,Rounds 3-5,0,15.15,complete,,,BNK FEARX,oe:team:5c2e7e9ea8dfcba0150d9a5619baecf,Kiwoom DRX,oe:team:1d0389df0c5eea93b04122ba167c010,BLUE,1,0,BLUE,BNK FEARX,Varus,Yunara,Taliyah,Neeko,Vi,Pantheon,Jarvan IV,Trundle,Orianna,Azir,Rumble,Ahri,Ambessa,Alistar,Jhin,Corki,Ornn,Karma,Rell,Aatrox,oe:team:1d0389df0c5eea93b04122ba167c010|oe:team:5c2e7e9ea8dfcba0150d9a5619baecf,2025_20250816_BNK_FEARX_vs_Kiwoom_DRX_S5,"[""Wukong"", ""Gwen"", ""Annie"", ""Xin Zhao"", ""Aurora"", ""Galio"", ""Xayah"", ""Lucian"", ""Rakan"", ""Braum""]",10,False,76.0,31.0,0.40789473684210525,76.0,31.0,0.40789473684210525,5.0,0.6,10.0,0.6,40.0,0.525,8.0,0.75,11.0,0.36363636363636365,84.0,32.0,0.38095238095238093,84.0,32.0,0.38095238095238093,5.0,0.2,10.0,0.4,35.0,0.3142857142857143,9.0,0.3333333333333333,11.0,0.6363636363636364
LOLTMNT02_302398,2025,2025-08-16 10:51:13+00:00,LCK,3,Rounds 3-5,0,15.15,complete,,,Kiwoom DRX,oe:team:1d0389df0c5eea93b04122ba167c010,BNK FEARX,oe:team:5c2e7e9ea8dfcba0150d9a5619baecf,BLUE,1,0,BLUE,Kiwoom DRX,Varus,Yunara,Sivir,Vi,Alistar,Azir,Ambessa,Sion,Orianna,Pantheon,Ryze,Cassiopeia,Kai'Sa,Nocturne,Sejuani,Karma,Lulu,Nautilus,Bard,Zeri,oe:team:1d0389df0c5eea93b04122ba167c010|oe:team:5c2e7e9ea8dfcba0150d9a5619baecf,2025_20250816_BNK_FEARX_vs_Kiwoom_DRX_S5,"[""Wukong"", ""Gwen"", ""Annie"", ""Xin Zhao"", ""Aurora"", ""Galio"", ""Xayah"", ""Lucian"", ""Rakan"", ""Braum"", ""Taliyah"", ""Neeko"", ""Jarvan IV"", ""Trundle"", ""Rumble"", ""Ahri"", ""Jhin"", ""Corki"", ""Rell"", ""Aatrox""]",20,False,85.0,32.0,0.3764705882352941,85.0,32.0,0.3764705882352941,5.0,0.2,10.0,0.3,49.0,0.42857142857142855,10.0,0.3,12.0,0.5833333333333334,77.0,32.0,0.4155844155844156,77.0,32.0,0.4155844155844156,5.0,0.6,10.0,0.7,36.0,0.2777777777777778,9.0,0.7777777777777778,12.0,0.4166666666666667
LOLTMNT02_302438,2025,2025-08-17 06:07:44+00:00,LCK,1,Rounds 3-5,0,15.15,complete,,,Hanwha Life Esports,oe:team:3a1d18f46bcb3716ebcfcf4ef068934,Gen.G,oe:team:50f58982d91a36557ec8aec52ab014f,BLUE,0,1,RED,Gen.G,Aurora,Yone,Yunara,Azir,Varus,Maokai,Ahri,Gwen,Pantheon,Taliyah,Rumble,Wukong,Bard,Vi,Poppy,Corki,Neeko,Xin Zhao,Alistar,Rakan,oe:team:3a1d18f46bcb3716ebcfcf4ef068934|oe:team:50f58982d91a36557ec8aec52ab014f,2025_20250817_Gen_G_vs_Hanwha_Life_Esports_S8,[],0,False,97.0,62.0,0.6391752577319587,97.0,62.0,0.6391752577319587,5.0,0.6,10.0,0.6,43.0,0.627906976744186,6.0,0.6666666666666666,24.0,0.375,91.0,69.0,0.7582417582417582,91.0,69.0,0.7582417582417582,5.0,1.0,10.0,0.9,56.0,0.7321428571428571,7.0,0.8571428571428571,24.0,0.625
LOLTMNT02_303218,2025,2025-08-17 07:00:19+00:00,LCK,2,Rounds 3-5,0,15.15,complete,,,Hanwha Life Esports,oe:team:3a1d18f46bcb3716ebcfcf4ef068934,Gen.G,oe:team:50f58982d91a36557ec8aec52ab014f,BLUE,1,0,BLUE,Hanwha Life Esports,Neeko,Yone,Aurora,Xin Zhao,Pantheon,Varus,Vi,Ryze,Taliyah,Orianna,Ambessa,Yorick,Bard,Kai'Sa,Xayah,Rell,Sivir,Jhin,Leona,Ezreal,oe:team:3a1d18f46bcb3716ebcfcf4ef068934|oe:team:50f58982d91a36557ec8aec52ab014f,2025_20250817_Gen_G_vs_Hanwha_Life_Esports_S8,"[""Yunara"", ""Azir"", ""Ahri"", ""Gwen"", ""Rumble"", ""Wukong"", ""Poppy"", ""Corki"", ""Alistar"", ""Rakan""]",10,False,98.0,62.0,0.6326530612244898,98.0,62.0,0.6326530612244898,5.0,0.4,10.0,0.5,44.0,0.6136363636363636,7.0,0.5714285714285714,25.0,0.36,92.0,70.0,0.7608695652173914,92.0,70.0,0.7608695652173914,5.0,1.0,10.0,0.9,57.0,0.7368421052631579,8.0,0.875,25.0,0.64
LOLTMNT02_303220,2025,2025-08-17 07:55:07+00:00,LCK,3,Rounds 3-5,0,15.15,complete,,,Gen.G,oe:team:50f58982d91a36557ec8aec52ab014f,Hanwha Life Esports,oe:team:3a1d18f46bcb3716ebcfcf4ef068934,BLUE,1,0,BLUE,Gen.G,Yone,Neeko,Pantheon,Galio,Maokai,Taliyah,Lucian,Jarvan IV,Trundle,Varus,Braum,Sivir,Bard,K'Sante,Sion,Karma,Camille,Annie,Ziggs,Aatrox,oe:team:3a1d18f46bcb3716ebcfcf4ef068934|oe:team:50f58982d91a36557ec8aec52ab014f,2025_20250817_Gen_G_vs_Hanwha_Life_Esports_S8,"[""Yunara"", ""Azir"", ""Ahri"", ""Gwen"", ""Rumble"", ""Wukong"", ""Poppy"", ""Corki"", ""Alistar"", ""Rakan"", ""Aurora"", ""Xin Zhao"", ""Vi"", ""Ryze"", ""Ambessa"", ""Yorick"", ""Xayah"", ""Rell"", ""Leona"", ""Ezreal""]",20,False,93.0,70.0,0.7526881720430108,93.0,70.0,0.7526881720430108,5.0,0.8,10.0,0.8,35.0,0.8,9.0,0.7777777777777778,26.0,0.6153846153846154,99.0,63.0,0.6363636363636364,99.0,63.0,0.6363636363636364,5.0,0.4,10.0,0.5,54.0,0.6481481481481481,8.0,0.625,26.0,0.38461538461538464
LOLTMNT02_302449,2025,2025-08-17 09:10:43+00:00,LCK,1,Rounds 3-5,0,15.15,complete,,,HANJIN BRION,oe:team:b77b3f6068e20a2b3edc0ecd3dc70d4,Dplus Kia,oe:team:ef69efa6acebe94107f0cf1ba716806,BLUE,1,0,BLUE,HANJIN BRION,Varus,Yunara,Wukong,Orianna,Poppy,Azir,Rumble,Trundle,Pantheon,Vi,Annie,Ornn,Alistar,Kai'Sa,Corki,Sivir,Lucian,Rakan,Rell,Bard,oe:team:b77b3f6068e20a2b3edc0ecd3dc70d4|oe:team:ef69efa6acebe94107f0cf1ba716806,2025_20250817_Dplus_Kia_vs_HANJIN_BRION_S5,[],0,False,79.0,30.0,0.379746835443038,79.0,30.0,0.379746835443038,5.0,0.6,10.0,0.5,43.0,0.46511627906976744,8.0,0.375,10.0,0.5,94.0,51.0,0.5425531914893617,94.0,51.0,0.5425531914893617,5.0,0.8,10.0,0.8,48.0,0.4791666666666667,6.0,0.6666666666666666,10.0,0.5
LOLTMNT02_302450,2025,2025-08-17 10:09:06+00:00,LCK,2,Rounds 3-5,0,15.15,complete,,,Dplus Kia,oe:team:ef69efa6acebe94107f0cf1ba716806,HANJIN BRION,oe:team:b77b3f6068e20a2b3edc0ecd3dc70d4,BLUE,0,1,RED,HANJIN BRION,Aurora,Pantheon,Vi,Yone,Varus,Yunara,Ahri,Maokai,Poppy,Gwen,Ambessa,Renekton,Xayah,Neeko,Ezreal,Lucian,Ziggs,Kai'Sa,Karma,Nautilus,oe:team:b77b3f6068e20a2b3edc0ecd3dc70d4|oe:team:ef69efa6acebe94107f0cf1ba716806,2025_20250817_Dplus_Kia_vs_HANJIN_BRION_S5,"[""Wukong"", ""Orianna"", ""Rumble"", ""Trundle"", ""Annie"", ""Ornn"", ""Corki"", ""Sivir"", ""Rell"", ""Bard""]",10,False,95.0,51.0,0.5368421052631579,95.0,51.0,0.5368421052631579,5.0,0.8,10.0,0.7,46.0,0.6086956521739131,7.0,0.5714285714285714,11.0,0.45454545454545453,80.0,31.0,0.3875,80.0,31.0,0.3875,5.0,0.6,10.0,0.5,36.0,0.2777777777777778,9.0,0.4444444444444444,11.0,0.5454545454545454
LOLTMNT03_284103,2025,2025-08-20 08:06:31+00:00,LCK,1,Rounds 3-5,0,15.16,complete,,,Kiwoom DRX,oe:team:1d0389df0c5eea93b04122ba167c010,DN SOOPers,oe:team:b3c72a20aa56f5d28022ac04a7dc294,BLUE,1,0,BLUE,Kiwoom DRX,Varus,Pantheon,Xin Zhao,Rumble,Taliyah,Wukong,Galio,Orianna,Azir,Yunara,Aurora,Nocturne,Neeko,Xayah,Lucian,Alistar,Sivir,Bard,Braum,Jhin,oe:team:1d0389df0c5eea93b04122ba167c010|oe:team:b3c72a20aa56f5d28022ac04a7dc294,2025_20250820_DN_SOOPers_vs_Kiwoom_DRX_S7,[],0,False,86.0,33.0,0.38372093023255816,86.0,33.0,0.38372093023255816,5.0,0.4,10.0,0.4,50.0,0.44,0.0,,15.0,0.7333333333333333,77.0,18.0,0.23376623376623376,77.0,18.0,0.23376623376623376,5.0,0.6,10.0,0.4,31.0,0.12903225806451613,0.0,,15.0,0.26666666666666666
LOLTMNT03_284115,2025,2025-08-20 09:07:29+00:00,LCK,2,Rounds 3-5,0,15.16,complete,,,DN SOOPers,oe:team:b3c72a20aa56f5d28022ac04a7dc294,Kiwoom DRX,oe:team:1d0389df0c5eea93b04122ba167c010,BLUE,0,1,RED,Kiwoom DRX,Poppy,Yunara,Taliyah,Pantheon,Annie,Gwen,Wukong,Ryze,Azir,Varus,Sion,Ambessa,Neeko,Karma,Kai'Sa,Sivir,Bard,Rakan,Rell,Leona,oe:team:1d0389df0c5eea93b04122ba167c010|oe:team:b3c72a20aa56f5d28022ac04a7dc294,2025_20250820_DN_SOOPers_vs_Kiwoom_DRX_S7,"[""Xin Zhao"", ""Rumble"", ""Galio"", ""Orianna"", ""Aurora"", ""Nocturne"", ""Lucian"", ""Alistar"", ""Braum"", ""Jhin""]",10,False,78.0,18.0,0.23076923076923078,78.0,18.0,0.23076923076923078,5.0,0.4,10.0,0.4,46.0,0.30434782608695654,1.0,0.0,16.0,0.25,87.0,34.0,0.39080459770114945,87.0,34.0,0.39080459770114945,5.0,0.6,10.0,0.4,36.0,0.3055555555555556,1.0,1.0,16.0,0.75
LOLTMNT03_284142,2025,2025-08-20 10:33:21+00:00,LCK,1,Rounds 3-5,0,15.16,complete,,,Gen.G,oe:team:50f58982d91a36557ec8aec52ab014f,Nongshim RedForce,oe:team:5cd2cd09ec94296f605dd13a2924d6c,BLUE,1,0,BLUE,Gen.G,Rumble,Yunara,Azir,Taliyah,Xin Zhao,Galio,Gwen,Wukong,Varus,Pantheon,Skarner,Aurora,Sivir,Poppy,Corki,Alistar,Kai'Sa,Lucian,Bard,Jhin,oe:team:50f58982d91a36557ec8aec52ab014f|oe:team:5cd2cd09ec94296f605dd13a2924d6c,2025_20250820_Gen_G_vs_Nongshim_RedForce_S6,[],0,False,94.0,71.0,0.7553191489361702,94.0,71.0,0.7553191489361702,5.0,0.8,10.0,0.8,36.0,0.8055555555555556,0.0,,13.0,0.8461538461538461,95.0,40.0,0.42105263157894735,95.0,40.0,0.42105263157894735,5.0,0.2,10.0,0.1,45.0,0.4222222222222222,0.0,,13.0,0.15384615384615385
LOLTMNT03_284170,2025,2025-08-20 11:30:28+00:00,LCK,2,Rounds 3-5,0,15.16,complete,,,Nongshim RedForce,oe:team:5cd2cd09ec94296f605dd13a2924d6c,Gen.G,oe:team:50f58982d91a36557ec8aec52ab014f,BLUE,0,1,RED,Gen.G,Orianna,Rumble,Ryze,Vi,Varus,Yunara,Poppy,Galio,Trundle,Pantheon,Ambessa,Renekton,Sivir,Xayah,Ezreal,Neeko,Kai'Sa,Nautilus,Elise,Caitlyn,oe:team:50f58982d91a36557ec8aec52ab014f|oe:team:5cd2cd09ec94296f605dd13a2924d6c,2025_20250820_Gen_G_vs_Nongshim_RedForce_S6,"[""Azir"", ""Taliyah"", ""Gwen"", ""Wukong"", ""Skarner"", ""Aurora"", ""Corki"", ""Alistar"", ""Bard"", ""Jhin""]",10,False,96.0,40.0,0.4166666666666667,96.0,40.0,0.4166666666666667,5.0,0.2,10.0,0.1,50.0,0.42,1.0,0.0,14.0,0.14285714285714285,95.0,72.0,0.7578947368421053,95.0,72.0,0.7578947368421053,5.0,0.8,10.0,0.9,58.0,0.7241379310344828,1.0,1.0,14.0,0.8571428571428571
LOLTMNT03_284605,2025,2025-08-21 08:05:15+00:00,LCK,1,Rounds 3-5,0,15.16,complete,,,KT Rolster,oe:team:d723992568441c6bafa2658129eade7,Hanwha Life Esports,oe:team:3a1d18f46bcb3716ebcfcf4ef068934,BLUE,1,0,BLUE,KT Rolster,Aurora,Azir,Pantheon,Rumble,Poppy,Yunara,Gwen,Wukong,Varus,Taliyah,Ryze,Galio,Sivir,Rakan,Corki,Bard,Neeko,Alistar,Nautilus,Jhin,oe:team:3a1d18f46bcb3716ebcfcf4ef068934|oe:team:d723992568441c6bafa2658129eade7,2025_20250821_Hanwha_Life_Esports_vs_KT_Rolster_S6,[],0,False,90.0,43.0,0.4777777777777778,90.0,43.0,0.4777777777777778,5.0,0.4,10.0,0.2,46.0,0.41304347826086957,0.0,,12.0,0.25,100.0,63.0,0.63,100.0,63.0,0.63,5.0,0.2,10.0,0.5,55.0,0.6363636363636364,0.0,,12.0,0.75
LOLTMNT03_285537,2025,2025-08-21 09:06:15+00:00,LCK,2,Rounds 3-5,0,15.16,complete,,,Hanwha Life Esports,oe:team:3a1d18f46bcb3716ebcfcf4ef068934,KT Rolster,oe:team:d723992568441c6bafa2658129eade7,BLUE,1,0,BLUE,Hanwha Life Esports,Neeko,Vi,Aurora,Orianna,Taliyah,Azir,Jarvan IV,Sivir,Poppy,Yunara,Alistar,Xin Zhao,Rakan,Kai'Sa,Zeri,Braum,Lulu,Varus,Ambessa,Renekton,oe:team:3a1d18f46bcb3716ebcfcf4ef068934|oe:team:d723992568441c6bafa2658129eade7,2025_20250821_Hanwha_Life_Esports_vs_KT_Rolster_S6,"[""Pantheon"", ""Rumble"", ""Gwen"", ""Wukong"", ""Ryze"", ""Galio"", ""Corki"", ""Bard"", ""Nautilus"", ""Jhin""]",10,False,101.0,63.0,0.6237623762376238,101.0,63.0,0.6237623762376238,5.0,0.2,10.0,0.5,45.0,0.6222222222222222,1.0,0.0,13.0,0.6923076923076923,91.0,44.0,0.4835164835164835,91.0,44.0,0.4835164835164835,5.0,0.6,10.0,0.3,44.0,0.5454545454545454,1.0,1.0,13.0,0.3076923076923077
LOLTMNT03_285549,2025,2025-08-21 10:07:01+00:00,LCK,3,Rounds 3-5,0,15.16,complete,,,KT Rolster,oe:team:d723992568441c6bafa2658129eade7,Hanwha Life Esports,oe:team:3a1d18f46bcb3716ebcfcf4ef068934,BLUE,0,1,RED,Hanwha Life Esports,Vi,Azir,Trundle,Taliyah,Varus,Yunara,Sion,Neeko,Akali,Yone,Ahri,Kai'Sa,Nocturne,Xayah,Aphelios,Aatrox,Camille,Karma,Lulu,Ivern,oe:team:3a1d18f46bcb3716ebcfcf4ef068934|oe:team:d723992568441c6bafa2658129eade7,2025_20250821_Hanwha_Life_Esports_vs_KT_Rolster_S6,"[""Pantheon"", ""Rumble"", ""Gwen"", ""Wukong"", ""Ryze"", ""Galio"", ""Corki"", ""Bard"", ""Nautilus"", ""Jhin"", ""Aurora"", ""Orianna"", ""Jarvan IV"", ""Sivir"", ""Alistar"", ""Xin Zhao"", ""Zeri"", ""Braum"", ""Ambessa"", ""Renekton""]",20,False,92.0,44.0,0.4782608695652174,92.0,44.0,0.4782608695652174,5.0,0.6,10.0,0.3,47.0,0.425531914893617,2.0,0.5,14.0,0.2857142857142857,102.0,64.0,0.6274509803921569,102.0,64.0,0.6274509803921569,5.0,0.4,10.0,0.5,56.0,0.625,2.0,0.5,14.0,0.7142857142857143
LOLTMNT03_284666,2025,2025-08-21 11:27:46+00:00,LCK,1,Rounds 3-5,0,15.16,complete,,,HANJIN BRION,oe:team:b77b3f6068e20a2b3edc0ecd3dc70d4,BNK FEARX,oe:team:5c2e7e9ea8dfcba0150d9a5619baecf,BLUE,0,1,RED,BNK FEARX,Varus,Pantheon,Wukong,Rumble,Neeko,Yone,Gwen,Taliyah,Yunara,Annie,Ahri,Xin Zhao,Lucian,Corki,Sivir,Rakan,Alistar,Poppy,Rell,Kai'Sa,oe:team:5c2e7e9ea8dfcba0150d9a5619baecf|oe:team:b77b3f6068e20a2b3edc0ecd3dc70d4,2025_20250821_BNK_FEARX_vs_HANJIN_BRION_S5,[],0,False,81.0,32.0,0.3950617283950617,81.0,32.0,0.3950617283950617,5.0,0.6,10.0,0.5,44.0,0.4772727272727273,0.0,,10.0,0.2,78.0,32.0,0.41025641025641024,78.0,32.0,0.41025641025641024,5.0,0.4,10.0,0.7,37.0,0.2702702702702703,0.0,,10.0,0.8
LOLTMNT03_284695,2025,2025-08-21 12:18:34+00:00,LCK,2,Rounds 3-5,0,15.16,complete,,,HANJIN BRION,oe:team:b77b3f6068e20a2b3edc0ecd3dc70d4,BNK FEARX,oe:team:5c2e7e9ea8dfcba0150d9a5619baecf,BLUE,1,0,BLUE,HANJIN BRION,Varus,Yunara,Sion,Renekton,Nocturne,Pantheon,Orianna,Vi,Ambessa,Azir,Trundle,Alistar,Aurora,Poppy,Corki,Viktor,Annie,Braum,Neeko,Jhin,oe:team:5c2e7e9ea8dfcba0150d9a5619baecf|oe:team:b77b3f6068e20a2b3edc0ecd3dc70d4,2025_20250821_BNK_FEARX_vs_HANJIN_BRION_S5,"[""Wukong"", ""Rumble"", ""Gwen"", ""Taliyah"", ""Ahri"", ""Xin Zhao"", ""Sivir"", ""Rakan"", ""Rell"", ""Kai'Sa""]",10,False,82.0,32.0,0.3902439024390244,82.0,32.0,0.3902439024390244,5.0,0.4,10.0,0.5,45.0,0.4666666666666667,1.0,0.0,11.0,0.18181818181818182,79.0,33.0,0.4177215189873418,79.0,33.0,0.4177215189873418,5.0,0.6,10.0,0.7,38.0,0.2894736842105263,1.0,1.0,11.0,0.8181818181818182
LOLTMNT03_284713,2025,2025-08-21 13:09:59+00:00,LCK,3,Rounds 3-5,0,15.16,complete,,,BNK FEARX,oe:team:5c2e7e9ea8dfcba0150d9a5619baecf,HANJIN BRION,oe:team:b77b3f6068e20a2b3edc0ecd3dc70d4,BLUE,1,0,BLUE,BNK FEARX,Yone,Yunara,Azir,Lucian,Aurora,Varus,Jarvan IV,Pantheon,Ambessa,Lulu,K'Sante,Braum,Annie,Karma,Kalista,Yorick,Jax,Bard,Renata Glasc,LeBlanc,oe:team:5c2e7e9ea8dfcba0150d9a5619baecf|oe:team:b77b3f6068e20a2b3edc0ecd3dc70d4,2025_20250821_BNK_FEARX_vs_HANJIN_BRION_S5,"[""Wukong"", ""Rumble"", ""Gwen"", ""Taliyah"", ""Ahri"", ""Xin Zhao"", ""Sivir"", ""Rakan"", ""Rell"", ""Kai'Sa"", ""Sion"", ""Renekton"", ""Orianna"", ""Vi"", ""Trundle"", ""Alistar"", ""Corki"", ""Viktor"", ""Neeko"", ""Jhin""]",20,False,80.0,33.0,0.4125,80.0,33.0,0.4125,5.0,0.4,10.0,0.6,41.0,0.5365853658536586,2.0,0.5,12.0,0.75,83.0,33.0,0.39759036144578314,83.0,33.0,0.39759036144578314,5.0,0.6,10.0,0.6,37.0,0.2972972972972973,2.0,0.5,12.0,0.25
LOLTMNT03_287069,2025,2025-08-22 08:05:01+00:00,LCK,1,Rounds 3-5,0,15.16,complete,,,Nongshim RedForce,oe:team:5cd2cd09ec94296f605dd13a2924d6c,T1,oe:team:ce499dea30cfce118f4fe85da0227e8,BLUE,0,1,RED,T1,Aurora,Azir,Wukong,Rumble,Varus,Yunara,Orianna,Xin Zhao,Neeko,Pantheon,Ornn,Galio,Bard,Nautilus,Sivir,Jhin,Braum,Kai'Sa,Alistar,Poppy,oe:team:5cd2cd09ec94296f605dd13a2924d6c|oe:team:ce499dea30cfce118f4fe85da0227e8,2025_20250822_Nongshim_RedForce_vs_T1_S7,[],0,False,97.0,40.0,0.41237113402061853,97.0,40.0,0.41237113402061853,5.0,0.2,10.0,0.1,51.0,0.4117647058823529,2.0,0.0,13.0,0.23076923076923078,87.0,59.0,0.6781609195402298,87.0,59.0,0.6781609195402298,5.0,1.0,10.0,0.8,50.0,0.64,0.0,,13.0,0.7692307692307693
LOLTMNT03_287081,2025,2025-08-22 08:55:45+00:00,LCK,2,Rounds 3-5,0,15.16,complete,,,Nongshim RedForce,oe:team:5cd2cd09ec94296f605dd13a2924d6c,T1,oe:team:ce499dea30cfce118f4fe85da0227e8,BLUE,1,0,BLUE,Nongshim RedForce,Neeko,Azir,Pantheon,Varus,Xayah,Yunara,Ambessa,Aurora,Yorick,Yone,Taliyah,Bard,Ryze,Nautilus,Ziggs,Jarvan IV,Nocturne,Kai'Sa,Leona,Ahri,oe:team:5cd2cd09ec94296f605dd13a2924d6c|oe:team:ce499dea30cfce118f4fe85da0227e8,2025_20250822_Nongshim_RedForce_vs_T1_S7,"[""Wukong"", ""Rumble"", ""Orianna"", ""Xin Zhao"", ""Ornn"", ""Galio"", ""Sivir"", ""Jhin"", ""Alistar"", ""Poppy""]",10,False,98.0,40.0,0.40816326530612246,98.0,40.0,0.40816326530612246,5.0,0.2,10.0,0.1,52.0,0.40384615384615385,3.0,0.0,14.0,0.21428571428571427,88.0,60.0,0.6818181818181818,88.0,60.0,0.6818181818181818,5.0,1.0,10.0,0.8,51.0,0.6470588235294118,1.0,1.0,14.0,0.7857142857142857
LOLTMNT03_287101,2025,2025-08-22 09:46:22+00:00,LCK,3,Rounds 3-5,0,15.16,complete,,,T1,oe:team:ce499dea30cfce118f4fe85da0227e8,Nongshim RedForce,oe:team:5cd2cd09ec94296f605dd13a2924d6c,BLUE,1,0,BLUE,T1,Yone,Azir,Ryze,Annie,Vi,Yunara,Lucian,Trundle,Cassiopeia,Gwen,Braum,Jinx,Lulu,Nocturne,Jax,Yorick,Renekton,Lee Sin,Zed,Milio,oe:team:5cd2cd09ec94296f605dd13a2924d6c|oe:team:ce499dea30cfce118f4fe85da0227e8,2025_20250822_Nongshim_RedForce_vs_T1_S7,"[""Wukong"", ""Rumble"", ""Orianna"", ""Xin Zhao"", ""Ornn"", ""Galio"", ""Sivir"", ""Jhin"", ""Alistar"", ""Poppy"", ""Pantheon"", ""Varus"", ""Ambessa"", ""Aurora"", ""Taliyah"", ""Bard"", ""Ziggs"", ""Jarvan IV"", ""Leona"", ""Ahri""]",20,False,89.0,60.0,0.6741573033707865,89.0,60.0,0.6741573033707865,5.0,0.8,10.0,0.7,37.0,0.7297297297297297,2.0,0.5,15.0,0.7333333333333333,99.0,41.0,0.41414141414141414,99.0,41.0,0.41414141414141414,5.0,0.2,10.0,0.2,46.0,0.41304347826086957,4.0,0.25,15.0,0.26666666666666666
LOLTMNT03_286183,2025,2025-08-22 10:59:29+00:00,LCK,1,Rounds 3-5,0,15.16,complete,,,Dplus Kia,oe:team:ef69efa6acebe94107f0cf1ba716806,Kiwoom DRX,oe:team:1d0389df0c5eea93b04122ba167c010,BLUE,0,1,RED,Kiwoom DRX,Aurora,Yunara,Wukong,Annie,Taliyah,Azir,Ornn,Rumble,Poppy,Gwen,Orianna,Pantheon,Braum,Rakan,Corki,Rell,Alistar,Neeko,Leona,Kai'Sa,oe:team:1d0389df0c5eea93b04122ba167c010|oe:team:ef69efa6acebe94107f0cf1ba716806,2025_20250822_Dplus_Kia_vs_Kiwoom_DRX_S5,[],0,False,96.0,51.0,0.53125,96.0,51.0,0.53125,5.0,0.6,10.0,0.6,47.0,0.5957446808510638,0.0,,11.0,0.7272727272727273,88.0,35.0,0.3977272727272727,88.0,35.0,0.3977272727272727,5.0,0.8,10.0,0.5,37.0,0.32432432432432434,2.0,1.0,11.0,0.2727272727272727
LOLTMNT03_286208,2025,2025-08-22 12:02:07+00:00,LCK,2,Rounds 3-5,0,15.16,complete,,,Dplus Kia,oe:team:ef69efa6acebe94107f0cf1ba716806,Kiwoom DRX,oe:team:1d0389df0c5eea93b04122ba167c010,BLUE,1,0,BLUE,Dplus Kia,Ambessa,Yunara,Aurora,Gwen,Poppy,Vi,Cassiopeia,Ryze,Taliyah,Azir,Jarvan IV,Xin Zhao,Braum,Varus,Jhin,Alistar,Rakan,Neeko,Bard,Ezreal,oe:team:1d0389df0c5eea93b04122ba167c010|oe:team:ef69efa6acebe94107f0cf1ba716806,2025_20250822_Dplus_Kia_vs_Kiwoom_DRX_S5,"[""Wukong"", ""Annie"", ""Ornn"", ""Rumble"", ""Orianna"", ""Pantheon"", ""Corki"", ""Rell"", ""Leona"", ""Kai'Sa""]",10,False,97.0,51.0,0.5257731958762887,97.0,51.0,0.5257731958762887,5.0,0.4,10.0,0.5,48.0,0.5833333333333334,1.0,0.0,12.0,0.6666666666666666,89.0,36.0,0.4044943820224719,89.0,36.0,0.4044943820224719,5.0,0.8,10.0,0.5,38.0,0.34210526315789475,3.0,1.0,12.0,0.3333333333333333
LOLTMNT03_286241,2025,2025-08-22 12:57:07+00:00,LCK,3,Rounds 3-5,0,15.16,complete,,,Kiwoom DRX,oe:team:1d0389df0c5eea93b04122ba167c010,Dplus Kia,oe:team:ef69efa6acebe94107f0cf1ba716806,BLUE,0,1,RED,Dplus Kia,Ambessa,Yunara,Taliyah,Ahri,Yone,Vi,Sivir,Trundle,Neeko,Azir,Nautilus,Yorick,Braum,Jax,K'Sante,Jinx,Varus,Renekton,Viego,Tahm Kench,oe:team:1d0389df0c5eea93b04122ba167c010|oe:team:ef69efa6acebe94107f0cf1ba716806,2025_20250822_Dplus_Kia_vs_Kiwoom_DRX_S5,"[""Wukong"", ""Annie"", ""Ornn"", ""Rumble"", ""Orianna"", ""Pantheon"", ""Corki"", ""Rell"", ""Leona"", ""Kai'Sa"", ""Aurora"", ""Gwen"", ""Cassiopeia"", ""Ryze"", ""Jarvan IV"", ""Xin Zhao"", ""Jhin"", ""Alistar"", ""Bard"", ""Ezreal""]",20,False,90.0,36.0,0.4,90.0,36.0,0.4,5.0,0.8,10.0,0.5,51.0,0.45098039215686275,4.0,0.75,13.0,0.3076923076923077,98.0,52.0,0.5306122448979592,98.0,52.0,0.5306122448979592,5.0,0.4,10.0,0.5,49.0,0.46938775510204084,2.0,0.5,13.0,0.6923076923076923
LOLTMNT03_286946,2025,2025-08-23 06:06:52+00:00,LCK,1,Rounds 3-5,0,15.16,complete,,,Hanwha Life Esports,oe:team:3a1d18f46bcb3716ebcfcf4ef068934,Gen.G,oe:team:50f58982d91a36557ec8aec52ab014f,BLUE,0,1,RED,Gen.G,Aurora,Yone,Yunara,Wukong,Annie,Maokai,Taliyah,Rumble,Azir,Pantheon,Vi,Neeko,Galio,Ambessa,Rell,Corki,Kai'Sa,Rakan,Gwen,Orianna,oe:team:3a1d18f46bcb3716ebcfcf4ef068934|oe:team:50f58982d91a36557ec8aec52ab014f,2025_20250823_Gen_G_vs_Hanwha_Life_Esports_S9,[],0,False,103.0,65.0,0.6310679611650486,103.0,65.0,0.6310679611650486,5.0,0.6,10.0,0.5,46.0,0.6304347826086957,3.0,0.6666666666666666,27.0,0.37037037037037035,96.0,73.0,0.7604166666666666,96.0,73.0,0.7604166666666666,5.0,0.8,10.0,0.9,59.0,0.7288135593220338,2.0,1.0,27.0,0.6296296296296297
LOLTMNT03_286952,2025,2025-08-23 07:02:58+00:00,LCK,2,Rounds 3-5,0,15.16,complete,,,Hanwha Life Esports,oe:team:3a1d18f46bcb3716ebcfcf4ef068934,Gen.G,oe:team:50f58982d91a36557ec8aec52ab014f,BLUE,1,0,BLUE,Hanwha Life Esports,Bard,Yone,Azir,Pantheon,Varus,Maokai,Lucian,Ziggs,Aurora,Ahri,Braum,Rakan,Xayah,Sion,Ambessa,Jhin,Sivir,Xin Zhao,Poppy,Yorick,oe:team:3a1d18f46bcb3716ebcfcf4ef068934|oe:team:50f58982d91a36557ec8aec52ab014f,2025_20250823_Gen_G_vs_Hanwha_Life_Esports_S9,"[""Yunara"", ""Wukong"", ""Taliyah"", ""Rumble"", ""Vi"", ""Neeko"", ""Rell"", ""Corki"", ""Gwen"", ""Orianna""]",10,False,104.0,65.0,0.625,104.0,65.0,0.625,5.0,0.4,10.0,0.4,47.0,0.6170212765957447,4.0,0.5,28.0,0.35714285714285715,97.0,74.0,0.7628865979381443,97.0,74.0,0.7628865979381443,5.0,0.8,10.0,0.9,60.0,0.7333333333333333,3.0,1.0,28.0,0.6428571428571429
LOLTMNT03_287529,2025,2025-08-23 07:59:15+00:00,LCK,3,Rounds 3-5,0,15.16,complete,,,Gen.G,oe:team:50f58982d91a36557ec8aec52ab014f,Hanwha Life Esports,oe:team:3a1d18f46bcb3716ebcfcf4ef068934,BLUE,1,0,BLUE,Gen.G,Yone,Bard,Xin Zhao,Trundle,Sivir,Aurora,Ryze,Alistar,Jarvan IV,Varus,Renekton,Kai'Sa,Annie,Lulu,Blitzcrank,Cassiopeia,Ahri,Renata Glasc,Tristana,Gragas,oe:team:3a1d18f46bcb3716ebcfcf4ef068934|oe:team:50f58982d91a36557ec8aec52ab014f,2025_20250823_Gen_G_vs_Hanwha_Life_Esports_S9,"[""Yunara"", ""Wukong"", ""Taliyah"", ""Rumble"", ""Vi"", ""Neeko"", ""Rell"", ""Corki"", ""Gwen"", ""Orianna"", ""Azir"", ""Pantheon"", ""Lucian"", ""Ziggs"", ""Braum"", ""Rakan"", ""Ambessa"", ""Jhin"", ""Poppy"", ""Yorick""]",20,False,98.0,74.0,0.7551020408163265,98.0,74.0,0.7551020408163265,5.0,0.8,10.0,0.8,37.0,0.8108108108108109,4.0,0.75,29.0,0.6206896551724138,105.0,66.0,0.6285714285714286,105.0,66.0,0.6285714285714286,5.0,0.6,10.0,0.4,57.0,0.631578947368421,5.0,0.6,29.0,0.3793103448275862
LOLTMNT03_286994,2025,2025-08-23 09:20:22+00:00,LCK,1,Rounds 3-5,0,15.16,complete,,,HANJIN BRION,oe:team:b77b3f6068e20a2b3edc0ecd3dc70d4,DN SOOPers,oe:team:b3c72a20aa56f5d28022ac04a7dc294,BLUE,0,1,RED,DN SOOPers,Neeko,Pantheon,Azir,Rumble,Taliyah,Wukong,Poppy,Vi,Varus,Yunara,Aurora,Ziggs,Kai'Sa,Sivir,Jhin,Corki,Nautilus,Lucian,Bard,Rakan,oe:team:b3c72a20aa56f5d28022ac04a7dc294|oe:team:b77b3f6068e20a2b3edc0ecd3dc70d4,2025_20250823_DN_SOOPers_vs_HANJIN_BRION_S5,[],0,False,84.0,33.0,0.39285714285714285,84.0,33.0,0.39285714285714285,5.0,0.6,10.0,0.6,46.0,0.4782608695652174,3.0,0.3333333333333333,11.0,0.6363636363636364,79.0,18.0,0.22784810126582278,79.0,18.0,0.22784810126582278,5.0,0.4,10.0,0.3,32.0,0.125,2.0,0.0,11.0,0.36363636363636365
LOLTMNT03_287593,2025,2025-08-23 10:14:59+00:00,LCK,2,Rounds 3-5,0,15.16,complete,,,HANJIN BRION,oe:team:b77b3f6068e20a2b3edc0ecd3dc70d4,DN SOOPers,oe:team:b3c72a20aa56f5d28022ac04a7dc294,BLUE,1,0,BLUE,HANJIN BRION,Neeko,Pantheon,Varus,Taliyah,Orianna,Wukong,Maokai,Jarvan IV,Gwen,Yunara,Yone,Ambessa,Sivir,Renekton,Braum,Lucian,Kai'Sa,Sion,Yorick,Rell,oe:team:b3c72a20aa56f5d28022ac04a7dc294|oe:team:b77b3f6068e20a2b3edc0ecd3dc70d4,2025_20250823_DN_SOOPers_vs_HANJIN_BRION_S5,"[""Azir"", ""Rumble"", ""Poppy"", ""Vi"", ""Aurora"", ""Ziggs"", ""Jhin"", ""Corki"", ""Bard"", ""Rakan""]",10,False,85.0,33.0,0.38823529411764707,85.0,33.0,0.38823529411764707,5.0,0.4,10.0,0.5,47.0,0.46808510638297873,4.0,0.25,12.0,0.5833333333333334,80.0,19.0,0.2375,80.0,19.0,0.2375,5.0,0.6,10.0,0.4,33.0,0.15151515151515152,3.0,0.3333333333333333,12.0,0.4166666666666667
LOLTMNT03_287634,2025,2025-08-23 11:19:26+00:00,LCK,3,Rounds 3-5,0,15.16,complete,,,DN SOOPers,oe:team:b3c72a20aa56f5d28022ac04a7dc294,HANJIN BRION,oe:team:b77b3f6068e20a2b3edc0ecd3dc70d4,BLUE,1,0,BLUE,DN SOOPers,Renekton,Pantheon,Orianna,Neeko,Gwen,Yunara,Kai'Sa,Sion,Galio,Wukong,Alistar,Sivir,Ryze,Nocturne,Lee Sin,Zed,Xin Zhao,Trundle,K'Sante,Annie,oe:team:b3c72a20aa56f5d28022ac04a7dc294|oe:team:b77b3f6068e20a2b3edc0ecd3dc70d4,2025_20250823_DN_SOOPers_vs_HANJIN_BRION_S5,"[""Azir"", ""Rumble"", ""Poppy"", ""Vi"", ""Aurora"", ""Ziggs"", ""Jhin"", ""Corki"", ""Bard"", ""Rakan"", ""Varus"", ""Taliyah"", ""Maokai"", ""Jarvan IV"", ""Yone"", ""Ambessa"", ""Braum"", ""Lucian"", ""Yorick"", ""Rell""]",20,False,81.0,19.0,0.2345679012345679,81.0,19.0,0.2345679012345679,5.0,0.4,10.0,0.4,47.0,0.2978723404255319,4.0,0.25,13.0,0.38461538461538464,86.0,34.0,0.3953488372093023,86.0,34.0,0.3953488372093023,5.0,0.4,10.0,0.5,38.0,0.2894736842105263,5.0,0.4,13.0,0.6153846153846154
LOLTMNT03_288407,2025,2025-08-24 06:06:54+00:00,LCK,1,Rounds 3-5,0,15.16,complete,,,BNK FEARX,oe:team:5c2e7e9ea8dfcba0150d9a5619baecf,Dplus Kia,oe:team:ef69efa6acebe94107f0cf1ba716806,BLUE,0,1,RED,Dplus Kia,Taliyah,Azir,Pantheon,Gwen,Aurora,Yunara,Rumble,Xin Zhao,Ambessa,Wukong,Varus,Jhin,Bard,Orianna,Galio,Annie,Poppy,Neeko,Alistar,Rakan,oe:team:5c2e7e9ea8dfcba0150d9a5619baecf|oe:team:ef69efa6acebe94107f0cf1ba716806,2025_20250824_BNK_FEARX_vs_Dplus_Kia_S6,[],0,False,81.0,34.0,0.41975308641975306,81.0,34.0,0.41975308641975306,5.0,0.6,10.0,0.6,42.0,0.5476190476190477,3.0,0.6666666666666666,12.0,0.3333333333333333,99.0,53.0,0.5353535353535354,99.0,53.0,0.5353535353535354,5.0,0.4,10.0,0.6,50.0,0.48,3.0,0.6666666666666666,12.0,0.6666666666666666
LOLTMNT03_288421,2025,2025-08-24 07:06:53+00:00,LCK,2,Rounds 3-5,0,15.16,complete,,,BNK FEARX,oe:team:5c2e7e9ea8dfcba0150d9a5619baecf,Dplus Kia,oe:team:ef69efa6acebe94107f0cf1ba716806,BLUE,0,1,RED,Dplus Kia,Orianna,Yunara,Taliyah,Ahri,Ambessa,Wukong,Kai'Sa,Sion,Vi,Azir,Neeko,Jarvan IV,Lucian,Poppy,Nocturne,Lulu,Sivir,Trundle,K'Sante,Zeri,oe:team:5c2e7e9ea8dfcba0150d9a5619baecf|oe:team:ef69efa6acebe94107f0cf1ba716806,2025_20250824_BNK_FEARX_vs_Dplus_Kia_S6,"[""Pantheon"", ""Gwen"", ""Rumble"", ""Xin Zhao"", ""Varus"", ""Jhin"", ""Galio"", ""Annie"", ""Alistar"", ""Rakan""]",10,False,82.0,34.0,0.4146341463414634,82.0,34.0,0.4146341463414634,5.0,0.4,10.0,0.5,43.0,0.5348837209302325,4.0,0.5,13.0,0.3076923076923077,100.0,54.0,0.54,100.0,54.0,0.54,5.0,0.6,10.0,0.7,51.0,0.49019607843137253,4.0,0.75,13.0,0.6923076923076923
LOLTMNT03_288450,2025,2025-08-24 08:27:55+00:00,LCK,1,Rounds 3-5,0,15.16,complete,,,KT Rolster,oe:team:d723992568441c6bafa2658129eade7,T1,oe:team:ce499dea30cfce118f4fe85da0227e8,BLUE,1,0,BLUE,KT Rolster,Neeko,Azir,Rumble,Xin Zhao,Poppy,Yunara,Trundle,Orianna,Wukong,Pantheon,Taliyah,Aurora,Bard,Sivir,Corki,Jhin,Varus,Alistar,Leona,Rakan,oe:team:ce499dea30cfce118f4fe85da0227e8|oe:team:d723992568441c6bafa2658129eade7,2025_20250824_KT_Rolster_vs_T1_S7,[],0,False,93.0,44.0,0.4731182795698925,93.0,44.0,0.4731182795698925,5.0,0.4,10.0,0.3,48.0,0.4166666666666667,3.0,0.3333333333333333,15.0,0.13333333333333333,90.0,61.0,0.6777777777777778,90.0,61.0,0.6777777777777778,5.0,0.8,10.0,0.8,52.0,0.6346153846153846,3.0,0.6666666666666666,15.0,0.8666666666666667
LOLTMNT03_288467,2025,2025-08-24 09:30:59+00:00,LCK,2,Rounds 3-5,0,15.16,complete,,,T1,oe:team:ce499dea30cfce118f4fe85da0227e8,KT Rolster,oe:team:d723992568441c6bafa2658129eade7,BLUE,0,1,RED,KT Rolster,Ryze,Azir,Pantheon,Wukong,Jarvan IV,Yunara,Galio,Annie,Sivir,Varus,Gwen,Ambessa,Neeko,Bard,Lucian,Nautilus,Alistar,Poppy,Braum,Ziggs,oe:team:ce499dea30cfce118f4fe85da0227e8|oe:team:d723992568441c6bafa2658129eade7,2025_20250824_KT_Rolster_vs_T1_S7,"[""Rumble"", ""Xin Zhao"", ""Trundle"", ""Orianna"", ""Taliyah"", ""Aurora"", ""Corki"", ""Jhin"", ""Leona"", ""Rakan""]",10,False,91.0,61.0,0.6703296703296703,91.0,61.0,0.6703296703296703,5.0,0.6,10.0,0.8,38.0,0.7368421052631579,4.0,0.5,16.0,0.8125,94.0,45.0,0.4787234042553192,94.0,45.0,0.4787234042553192,5.0,0.6,10.0,0.4,45.0,0.5333333333333333,4.0,0.5,16.0,0.1875
LOLTMNT03_292093,2025,2025-08-27 08:04:11+00:00,LCK,1,Rounds 3-5,0,15.16,complete,,,T1,oe:team:ce499dea30cfce118f4fe85da0227e8,Hanwha Life Esports,oe:team:3a1d18f46bcb3716ebcfcf4ef068934,BLUE,1,0,BLUE,T1,Taliyah,Azir,Wukong,Annie,Yone,Yunara,Galio,Vi,Aurora,Pantheon,Rumble,Ambessa,Neeko,Bard,Sivir,Varus,Alistar,Xayah,Poppy,Nautilus,oe:team:3a1d18f46bcb3716ebcfcf4ef068934|oe:team:ce499dea30cfce118f4fe85da0227e8,2025_20250827_Hanwha_Life_Esports_vs_T1_S7,[],0,False,92.0,61.0,0.6630434782608695,92.0,61.0,0.6630434782608695,5.0,0.4,10.0,0.7,39.0,0.717948717948718,5.0,0.4,16.0,0.5625,106.0,66.0,0.6226415094339622,106.0,66.0,0.6226415094339622,5.0,0.6,10.0,0.4,58.0,0.6206896551724138,6.0,0.5,16.0,0.4375
LOLTMNT03_292099,2025,2025-08-27 08:54:16+00:00,LCK,2,Rounds 3-5,0,15.16,complete,,,Hanwha Life Esports,oe:team:3a1d18f46bcb3716ebcfcf4ef068934,T1,oe:team:ce499dea30cfce118f4fe85da0227e8,BLUE,1,0,BLUE,Hanwha Life Esports,Neeko,Azir,Gwen,Corki,Bard,Yunara,Xin Zhao,Ryze,Aurora,Pantheon,Taliyah,Jax,Jarvan IV,Lucian,Ezreal,Skarner,Trundle,Rell,Alistar,Rakan,oe:team:3a1d18f46bcb3716ebcfcf4ef068934|oe:team:ce499dea30cfce118f4fe85da0227e8,2025_20250827_Hanwha_Life_Esports_vs_T1_S7,"[""Wukong"", ""Annie"", ""Galio"", ""Vi"", ""Rumble"", ""Ambessa"", ""Sivir"", ""Varus"", ""Poppy"", ""Nautilus""]",10,False,107.0,66.0,0.616822429906542,107.0,66.0,0.616822429906542,5.0,0.4,10.0,0.4,48.0,0.625,7.0,0.42857142857142855,17.0,0.4117647058823529,93.0,62.0,0.6666666666666666,93.0,62.0,0.6666666666666666,5.0,0.4,10.0,0.7,53.0,0.6226415094339622,6.0,0.5,17.0,0.5882352941176471
LOLTMNT03_291552,2025,2025-08-27 10:04:17+00:00,LCK,3,Rounds 3-5,0,15.16,complete,,,T1,oe:team:ce499dea30cfce118f4fe85da0227e8,Hanwha Life Esports,oe:team:3a1d18f46bcb3716ebcfcf4ef068934,BLUE,1,0,BLUE,T1,Yone,Azir,Orianna,Jarvan IV,Kai'Sa,Yunara,Bard,Jhin,Aurora,Pantheon,Nocturne,Akali,Neeko,Sion,Lucian,Rell,Leona,K'Sante,Renekton,Ornn,oe:team:3a1d18f46bcb3716ebcfcf4ef068934|oe:team:ce499dea30cfce118f4fe85da0227e8,2025_20250827_Hanwha_Life_Esports_vs_T1_S7,"[""Wukong"", ""Annie"", ""Galio"", ""Vi"", ""Rumble"", ""Ambessa"", ""Sivir"", ""Varus"", ""Poppy"", ""Nautilus"", ""Gwen"", ""Corki"", ""Xin Zhao"", ""Ryze"", ""Taliyah"", ""Jax"", ""Ezreal"", ""Skarner"", ""Alistar"", ""Rakan""]",20,False,94.0,62.0,0.6595744680851063,94.0,62.0,0.6595744680851063,5.0,0.4,10.0,0.6,40.0,0.725,7.0,0.42857142857142855,18.0,0.5555555555555556,108.0,67.0,0.6203703703703703,108.0,67.0,0.6203703703703703,5.0,0.4,10.0,0.5,59.0,0.6101694915254238,8.0,0.5,18.0,0.4444444444444444
LOLTMNT03_291596,2025,2025-08-27 11:21:15+00:00,LCK,1,Rounds 3-5,0,15.16,complete,,,DN SOOPers,oe:team:b3c72a20aa56f5d28022ac04a7dc294,BNK FEARX,oe:team:5c2e7e9ea8dfcba0150d9a5619baecf,BLUE,0,1,RED,BNK FEARX,Rumble,Pantheon,Wukong,Yunara,Azir,Taliyah,Neeko,Annie,Poppy,Orianna,Aurora,Xin Zhao,Bard,Kai'Sa,Corki,Lulu,Rell,Gwen,Ambessa,Renekton,oe:team:5c2e7e9ea8dfcba0150d9a5619baecf|oe:team:b3c72a20aa56f5d28022ac04a7dc294,2025_20250827_BNK_FEARX_vs_DN_SOOPers_S5,[],0,False,82.0,20.0,0.24390243902439024,82.0,20.0,0.24390243902439024,5.0,0.4,10.0,0.5,48.0,0.3125,5.0,0.4,11.0,0.2727272727272727,83.0,34.0,0.40963855421686746,83.0,34.0,0.40963855421686746,5.0,0.4,10.0,0.4,39.0,0.28205128205128205,5.0,0.4,11.0,0.7272727272727273
LOLTMNT03_291623,2025,2025-08-27 12:19:22+00:00,LCK,2,Rounds 3-5,0,15.16,complete,,,DN SOOPers,oe:team:b3c72a20aa56f5d28022ac04a7dc294,BNK FEARX,oe:team:5c2e7e9ea8dfcba0150d9a5619baecf,BLUE,0,1,RED,BNK FEARX,Azir,Pantheon,Orianna,Sion,Gwen,Rumble,Nocturne,Jarvan IV,Galio,Taliyah,K'Sante,Ryze,Xayah,Lucian,Zeri,Sivir,Renata Glasc,Kai'Sa,Alistar,Rakan,oe:team:5c2e7e9ea8dfcba0150d9a5619baecf|oe:team:b3c72a20aa56f5d28022ac04a7dc294,2025_20250827_BNK_FEARX_vs_DN_SOOPers_S5,"[""Wukong"", ""Yunara"", ""Neeko"", ""Annie"", ""Aurora"", ""Xin Zhao"", ""Corki"", ""Lulu"", ""Ambessa"", ""Renekton""]",10,False,83.0,20.0,0.24096385542168675,83.0,20.0,0.24096385542168675,5.0,0.4,10.0,0.4,49.0,0.30612244897959184,6.0,0.3333333333333333,12.0,0.25,84.0,35.0,0.4166666666666667,84.0,35.0,0.4166666666666667,5.0,0.4,10.0,0.5,40.0,0.3,6.0,0.5,12.0,0.75
LOLTMNT03_293104,2025,2025-08-28 08:08:10+00:00,LCK,1,Rounds 3-5,0,15.16,complete,,,Dplus Kia,oe:team:ef69efa6acebe94107f0cf1ba716806,HANJIN BRION,oe:team:b77b3f6068e20a2b3edc0ecd3dc70d4,BLUE,1,0,BLUE,Dplus Kia,Yone,Yunara,Annie,Orianna,Taliyah,Azir,Jarvan IV,Pantheon,Rumble,Wukong,Aurora,Ambessa,Nautilus,Neeko,Corki,Rell,Poppy,Alistar,Bard,Sivir,oe:team:b77b3f6068e20a2b3edc0ecd3dc70d4|oe:team:ef69efa6acebe94107f0cf1ba716806,2025_20250828_Dplus_Kia_vs_HANJIN_BRION_S6,[],0,False,101.0,55.0,0.5445544554455446,101.0,55.0,0.5445544554455446,5.0,0.8,10.0,0.7,49.0,0.5918367346938775,5.0,0.8,12.0,0.4166666666666667,87.0,34.0,0.39080459770114945,87.0,34.0,0.39080459770114945,5.0,0.4,10.0,0.4,39.0,0.28205128205128205,6.0,0.3333333333333333,12.0,0.5833333333333334
LOLTMNT03_294111,2025,2025-08-28 09:00:09+00:00,LCK,2,Rounds 3-5,0,15.16,complete,,,HANJIN BRION,oe:team:b77b3f6068e20a2b3edc0ecd3dc70d4,Dplus Kia,oe:team:ef69efa6acebe94107f0cf1ba716806,BLUE,0,1,RED,Dplus Kia,Neeko,Yone,Wukong,Rumble,Poppy,Yunara,Yorick,Trundle,Gwen,Azir,Taliyah,Ahri,Varus,Kai'Sa,Rakan,Jhin,Xayah,Lucian,Zeri,Nautilus,oe:team:b77b3f6068e20a2b3edc0ecd3dc70d4|oe:team:ef69efa6acebe94107f0cf1ba716806,2025_20250828_Dplus_Kia_vs_HANJIN_BRION_S6,"[""Annie"", ""Orianna"", ""Jarvan IV"", ""Pantheon"", ""Aurora"", ""Ambessa"", ""Corki"", ""Rell"", ""Bard"", ""Sivir""]",10,False,88.0,34.0,0.38636363636363635,88.0,34.0,0.38636363636363635,5.0,0.2,10.0,0.4,48.0,0.4791666666666667,7.0,0.2857142857142857,13.0,0.5384615384615384,102.0,56.0,0.5490196078431373,102.0,56.0,0.5490196078431373,5.0,1.0,10.0,0.7,52.0,0.5,6.0,0.8333333333333334,13.0,0.46153846153846156
LOLTMNT03_293145,2025,2025-08-28 10:12:22+00:00,LCK,1,Rounds 3-5,0,15.16,complete,,,Gen.G,oe:team:50f58982d91a36557ec8aec52ab014f,KT Rolster,oe:team:d723992568441c6bafa2658129eade7,BLUE,1,0,BLUE,Gen.G,Neeko,Yunara,Wukong,Rumble,Taliyah,Azir,Aurora,Ryze,Annie,Pantheon,Orianna,Trundle,Corki,Rakan,Pyke,Bard,Sivir,Kai'Sa,Jhin,Ezreal,oe:team:50f58982d91a36557ec8aec52ab014f|oe:team:d723992568441c6bafa2658129eade7,2025_20250828_Gen_G_vs_KT_Rolster_S5,[],0,False,99.0,75.0,0.7575757575757576,99.0,75.0,0.7575757575757576,5.0,0.8,10.0,0.8,38.0,0.8157894736842105,5.0,0.8,9.0,0.8888888888888888,95.0,46.0,0.4842105263157895,95.0,46.0,0.4842105263157895,5.0,0.6,10.0,0.5,46.0,0.5434782608695652,5.0,0.6,9.0,0.1111111111111111
LOLTMNT03_293167,2025,2025-08-28 11:16:07+00:00,LCK,2,Rounds 3-5,0,15.16,complete,,,KT Rolster,oe:team:d723992568441c6bafa2658129eade7,Gen.G,oe:team:50f58982d91a36557ec8aec52ab014f,BLUE,0,1,RED,Gen.G,Gwen,Neeko,Yunara,Corki,Ambessa,Pantheon,Jarvan IV,Taliyah,Vi,Azir,Ahri,Xin Zhao,Aatrox,Poppy,K'Sante,Sion,Yorick,Renekton,Alistar,Rakan,oe:team:50f58982d91a36557ec8aec52ab014f|oe:team:d723992568441c6bafa2658129eade7,2025_20250828_Gen_G_vs_KT_Rolster_S5,"[""Wukong"", ""Rumble"", ""Aurora"", ""Ryze"", ""Orianna"", ""Trundle"", ""Pyke"", ""Bard"", ""Jhin"", ""Ezreal""]",10,False,96.0,46.0,0.4791666666666667,96.0,46.0,0.4791666666666667,5.0,0.4,10.0,0.5,49.0,0.42857142857142855,6.0,0.5,10.0,0.1,100.0,76.0,0.76,100.0,76.0,0.76,5.0,0.8,10.0,0.8,61.0,0.7213114754098361,6.0,0.8333333333333334,10.0,0.9
LOLTMNT03_293371,2025,2025-08-29 08:07:17+00:00,LCK,1,Rounds 3-5,0,15.16,complete,,,BNK FEARX,oe:team:5c2e7e9ea8dfcba0150d9a5619baecf,Kiwoom DRX,oe:team:1d0389df0c5eea93b04122ba167c010,BLUE,0,1,RED,Kiwoom DRX,Taliyah,Azir,Rumble,Gwen,Annie,Yunara,Wukong,Orianna,Aurora,Pantheon,Neeko,Xin Zhao,Lucian,Kai'Sa,Sivir,Corki,Alistar,Varus,Ryze,Bard,oe:team:1d0389df0c5eea93b04122ba167c010|oe:team:5c2e7e9ea8dfcba0150d9a5619baecf,2025_20250829_BNK_FEARX_vs_Kiwoom_DRX_S6,[],0,False,85.0,36.0,0.4235294117647059,85.0,36.0,0.4235294117647059,5.0,0.6,10.0,0.5,44.0,0.5227272727272727,7.0,0.5714285714285714,13.0,0.38461538461538464,91.0,36.0,0.3956043956043956,91.0,36.0,0.3956043956043956,5.0,0.6,10.0,0.5,39.0,0.3333333333333333,5.0,0.6,13.0,0.6153846153846154
LOLTMNT03_293376,2025,2025-08-29 09:02:15+00:00,LCK,2,Rounds 3-5,0,15.16,complete,,,BNK FEARX,oe:team:5c2e7e9ea8dfcba0150d9a5619baecf,Kiwoom DRX,oe:team:1d0389df0c5eea93b04122ba167c010,BLUE,1,0,BLUE,BNK FEARX,Aurora,Yunara,Pantheon,Ambessa,Poppy,Azir,Xayah,Taliyah,Annie,Renekton,Rakan,Jarvan IV,Lulu,Ahri,Akali,Lucian,Alistar,Galio,Jax,Braum,oe:team:1d0389df0c5eea93b04122ba167c010|oe:team:5c2e7e9ea8dfcba0150d9a5619baecf,2025_20250829_BNK_FEARX_vs_Kiwoom_DRX_S6,"[""Rumble"", ""Gwen"", ""Wukong"", ""Orianna"", ""Neeko"", ""Xin Zhao"", ""Sivir"", ""Corki"", ""Ryze"", ""Bard""]",10,False,86.0,36.0,0.4186046511627907,86.0,36.0,0.4186046511627907,5.0,0.4,10.0,0.5,45.0,0.5111111111111111,8.0,0.5,14.0,0.35714285714285715,92.0,37.0,0.40217391304347827,92.0,37.0,0.40217391304347827,5.0,0.6,10.0,0.6,40.0,0.35,6.0,0.6666666666666666,14.0,0.6428571428571429
LOLTMNT03_294392,2025,2025-08-29 09:52:59+00:00,LCK,3,Rounds 3-5,0,15.16,complete,,,Kiwoom DRX,oe:team:1d0389df0c5eea93b04122ba167c010,BNK FEARX,oe:team:5c2e7e9ea8dfcba0150d9a5619baecf,BLUE,0,1,RED,BNK FEARX,Renekton,Poppy,Azir,Sion,Kai'Sa,Yunara,Alistar,Yone,Vi,Trundle,Jhin,Sylas,Varus,Aatrox,Lee Sin,Kalista,Leona,Skarner,K'Sante,Renata Glasc,oe:team:1d0389df0c5eea93b04122ba167c010|oe:team:5c2e7e9ea8dfcba0150d9a5619baecf,2025_20250829_BNK_FEARX_vs_Kiwoom_DRX_S6,"[""Rumble"", ""Gwen"", ""Wukong"", ""Orianna"", ""Neeko"", ""Xin Zhao"", ""Sivir"", ""Corki"", ""Ryze"", ""Bard"", ""Pantheon"", ""Ambessa"", ""Xayah"", ""Taliyah"", ""Rakan"", ""Jarvan IV"", ""Akali"", ""Lucian"", ""Jax"", ""Braum""]",20,False,93.0,37.0,0.3978494623655914,93.0,37.0,0.3978494623655914,5.0,0.4,10.0,0.6,52.0,0.4423076923076923,7.0,0.5714285714285714,15.0,0.6,87.0,37.0,0.42528735632183906,87.0,37.0,0.42528735632183906,5.0,0.6,10.0,0.5,41.0,0.3170731707317073,9.0,0.5555555555555556,15.0,0.4
LOLTMNT03_293418,2025,2025-08-29 11:12:12+00:00,LCK,1,Rounds 3-5,0,15.16,complete,,,Hanwha Life Esports,oe:team:3a1d18f46bcb3716ebcfcf4ef068934,Nongshim RedForce,oe:team:5cd2cd09ec94296f605dd13a2924d6c,BLUE,1,0,BLUE,Hanwha Life Esports,Taliyah,Azir,Wukong,Orianna,Shen,Yunara,Aurora,Xin Zhao,Annie,Pantheon,Rumble,Gwen,Elise,Sivir,Corki,Jhin,Leona,Poppy,Rakan,Maokai,oe:team:3a1d18f46bcb3716ebcfcf4ef068934|oe:team:5cd2cd09ec94296f605dd13a2924d6c,2025_20250829_Hanwha_Life_Esports_vs_Nongshim_RedForce_S6,[],0,False,109.0,67.0,0.6146788990825688,109.0,67.0,0.6146788990825688,5.0,0.4,10.0,0.4,49.0,0.6326530612244898,9.0,0.4444444444444444,10.0,1.0,100.0,41.0,0.41,100.0,41.0,0.41,5.0,0.2,10.0,0.2,47.0,0.40425531914893614,5.0,0.2,10.0,0.0
LOLTMNT03_294428,2025,2025-08-29 12:12:25+00:00,LCK,2,Rounds 3-5,0,15.16,complete,,,Nongshim RedForce,oe:team:5cd2cd09ec94296f605dd13a2924d6c,Hanwha Life Esports,oe:team:3a1d18f46bcb3716ebcfcf4ef068934,BLUE,0,1,RED,Hanwha Life Esports,Poppy,Yunara,Vi,Ambessa,Trundle,Pantheon,Aatrox,Taliyah,Renekton,Azir,Varus,Sivir,Jarvan IV,Ahri,Akali,Sejuani,Alistar,Annie,Elise,Leona,oe:team:3a1d18f46bcb3716ebcfcf4ef068934|oe:team:5cd2cd09ec94296f605dd13a2924d6c,2025_20250829_Hanwha_Life_Esports_vs_Nongshim_RedForce_S6,"[""Wukong"", ""Orianna"", ""Aurora"", ""Xin Zhao"", ""Rumble"", ""Gwen"", ""Corki"", ""Jhin"", ""Rakan"", ""Maokai""]",10,False,101.0,41.0,0.40594059405940597,101.0,41.0,0.40594059405940597,5.0,0.2,10.0,0.2,53.0,0.41509433962264153,6.0,0.16666666666666666,11.0,0.0,110.0,68.0,0.6181818181818182,110.0,68.0,0.6181818181818182,5.0,0.4,10.0,0.5,60.0,0.6,10.0,0.5,11.0,1.0
LOLTMNT03_293580,2025,2025-08-30 06:12:29+00:00,LCK,1,Rounds 3-5,0,15.16,complete,,,T1,oe:team:ce499dea30cfce118f4fe85da0227e8,Gen.G,oe:team:50f58982d91a36557ec8aec52ab014f,BLUE,1,0,BLUE,T1,Taliyah,Pantheon,Orianna,Vi,Yunara,Wukong,Corki,Aurora,Rumble,Azir,Xin Zhao,Neeko,Ambessa,Bard,Poppy,Kai'Sa,Gwen,Alistar,Renekton,Sion,oe:team:50f58982d91a36557ec8aec52ab014f|oe:team:ce499dea30cfce118f4fe85da0227e8,2025_20250830_Gen_G_vs_T1_S6,[],0,False,95.0,63.0,0.6631578947368421,95.0,63.0,0.6631578947368421,5.0,0.4,10.0,0.6,41.0,0.7317073170731707,8.0,0.5,14.0,0.42857142857142855,101.0,77.0,0.7623762376237624,101.0,77.0,0.7623762376237624,5.0,0.8,10.0,0.8,62.0,0.7258064516129032,7.0,0.8571428571428571,14.0,0.5714285714285714
LOLTMNT03_293583,2025,2025-08-30 07:14:25+00:00,LCK,2,Rounds 3-5,0,15.16,complete,,,Gen.G,oe:team:50f58982d91a36557ec8aec52ab014f,T1,oe:team:ce499dea30cfce118f4fe85da0227e8,BLUE,1,0,BLUE,Gen.G,Bard,Azir,Pantheon,Rumble,Jarvan IV,Yunara,Gwen,Ryze,Ambessa,Taliyah,Galio,Trundle,Lucian,Alistar,Rell,Sivir,Rakan,Jhin,Zeri,Renata Glasc,oe:team:50f58982d91a36557ec8aec52ab014f|oe:team:ce499dea30cfce118f4fe85da0227e8,2025_20250830_Gen_G_vs_T1_S6,"[""Orianna"", ""Vi"", ""Corki"", ""Aurora"", ""Xin Zhao"", ""Neeko"", ""Poppy"", ""Kai'Sa"", ""Renekton"", ""Sion""]",10,False,102.0,77.0,0.7549019607843137,102.0,77.0,0.7549019607843137,5.0,0.6,10.0,0.7,39.0,0.8205128205128205,8.0,0.75,15.0,0.5333333333333333,96.0,64.0,0.6666666666666666,96.0,64.0,0.6666666666666666,5.0,0.6,10.0,0.6,54.0,0.6111111111111112,9.0,0.5555555555555556,15.0,0.4666666666666667
LOLTMNT03_294600,2025,2025-08-30 08:01:23+00:00,LCK,3,Rounds 3-5,0,15.16,complete,,,T1,oe:team:ce499dea30cfce118f4fe85da0227e8,Gen.G,oe:team:50f58982d91a36557ec8aec52ab014f,BLUE,0,1,RED,Gen.G,Taliyah,Bard,Yunara,Wukong,Ambessa,Azir,Viktor,Annie,Alistar,Lucian,Skarner,Rakan,Ziggs,Lulu,Yorick,Jhin,Xayah,Nautilus,Tahm Kench,K'Sante,oe:team:50f58982d91a36557ec8aec52ab014f|oe:team:ce499dea30cfce118f4fe85da0227e8,2025_20250830_Gen_G_vs_T1_S6,"[""Orianna"", ""Vi"", ""Corki"", ""Aurora"", ""Xin Zhao"", ""Neeko"", ""Poppy"", ""Kai'Sa"", ""Renekton"", ""Sion"", ""Pantheon"", ""Rumble"", ""Gwen"", ""Ryze"", ""Galio"", ""Trundle"", ""Rell"", ""Sivir"", ""Zeri"", ""Renata Glasc""]",20,False,97.0,64.0,0.6597938144329897,97.0,64.0,0.6597938144329897,5.0,0.6,10.0,0.5,42.0,0.7380952380952381,10.0,0.5,16.0,0.4375,103.0,78.0,0.7572815533980582,103.0,78.0,0.7572815533980582,5.0,0.8,10.0,0.8,63.0,0.7142857142857143,9.0,0.7777777777777778,16.0,0.5625
LOLTMNT03_294648,2025,2025-08-30 09:32:44+00:00,LCK,1,Rounds 3-5,0,15.16,complete,,,DN SOOPers,oe:team:b3c72a20aa56f5d28022ac04a7dc294,Dplus Kia,oe:team:ef69efa6acebe94107f0cf1ba716806,BLUE,0,1,RED,Dplus Kia,Vi,Azir,Rumble,Ornn,Pantheon,Yunara,Wukong,Orianna,Poppy,Annie,Taliyah,Jarvan IV,Corki,Lucian,Sivir,Neeko,Bard,Rakan,Karma,Kai'Sa,oe:team:b3c72a20aa56f5d28022ac04a7dc294|oe:team:ef69efa6acebe94107f0cf1ba716806,2025_20250830_DN_SOOPers_vs_Dplus_Kia_S6,[],0,False,84.0,20.0,0.23809523809523808,84.0,20.0,0.23809523809523808,5.0,0.4,10.0,0.4,50.0,0.3,7.0,0.2857142857142857,11.0,0.09090909090909091,103.0,57.0,0.5533980582524272,103.0,57.0,0.5533980582524272,5.0,1.0,10.0,0.7,53.0,0.5094339622641509,7.0,0.8571428571428571,11.0,0.9090909090909091
LOLTMNT03_294664,2025,2025-08-30 10:34:13+00:00,LCK,2,Rounds 3-5,0,15.16,complete,,,DN SOOPers,oe:team:b3c72a20aa56f5d28022ac04a7dc294,Dplus Kia,oe:team:ef69efa6acebe94107f0cf1ba716806,BLUE,1,0,BLUE,DN SOOPers,Vi,Azir,Yunara,Annie,Trundle,Pantheon,Lee Sin,Xin Zhao,Gwen,Aurora,Galio,Ambessa,Corki,Renekton,Alistar,Jhin,Poppy,K'Sante,Aatrox,Bard,oe:team:b3c72a20aa56f5d28022ac04a7dc294|oe:team:ef69efa6acebe94107f0cf1ba716806,2025_20250830_DN_SOOPers_vs_Dplus_Kia_S6,"[""Rumble"", ""Ornn"", ""Wukong"", ""Orianna"", ""Taliyah"", ""Jarvan IV"", ""Sivir"", ""Neeko"", ""Karma"", ""Kai'Sa""]",10,False,85.0,20.0,0.23529411764705882,85.0,20.0,0.23529411764705882,5.0,0.2,10.0,0.4,51.0,0.29411764705882354,8.0,0.25,12.0,0.08333333333333333,104.0,58.0,0.5576923076923077,104.0,58.0,0.5576923076923077,5.0,1.0,10.0,0.7,54.0,0.5185185185185185,8.0,0.875,12.0,0.9166666666666666
LOLTMNT03_293648,2025,2025-08-30 11:24:47+00:00,LCK,3,Rounds 3-5,0,15.16,complete,,,Dplus Kia,oe:team:ef69efa6acebe94107f0cf1ba716806,DN SOOPers,oe:team:b3c72a20aa56f5d28022ac04a7dc294,BLUE,1,0,BLUE,Dplus Kia,Aurora,Gwen,Vi,Ryze,Pantheon,Sion,Ahri,Corki,Ziggs,Azir,Renekton,Kindred,Nautilus,Varus,Lucian,Rell,Poppy,Ezreal,Braum,K'Sante,oe:team:b3c72a20aa56f5d28022ac04a7dc294|oe:team:ef69efa6acebe94107f0cf1ba716806,2025_20250830_DN_SOOPers_vs_Dplus_Kia_S6,"[""Rumble"", ""Ornn"", ""Wukong"", ""Orianna"", ""Taliyah"", ""Jarvan IV"", ""Sivir"", ""Neeko"", ""Karma"", ""Kai'Sa"", ""Yunara"", ""Annie"", ""Lee Sin"", ""Xin Zhao"", ""Galio"", ""Ambessa"", ""Alistar"", ""Jhin"", ""Aatrox"", ""Bard""]",20,False,105.0,58.0,0.5523809523809524,105.0,58.0,0.5523809523809524,5.0,0.8,10.0,0.7,50.0,0.6,9.0,0.7777777777777778,13.0,0.8461538461538461,86.0,21.0,0.2441860465116279,86.0,21.0,0.2441860465116279,5.0,0.4,10.0,0.4,34.0,0.14705882352941177,9.0,0.3333333333333333,13.0,0.15384615384615385
LOLTMNT03_294914,2025,2025-08-31 06:06:31+00:00,LCK,1,Rounds 3-5,0,15.16,complete,,,Nongshim RedForce,oe:team:5cd2cd09ec94296f605dd13a2924d6c,KT Rolster,oe:team:d723992568441c6bafa2658129eade7,BLUE,0,1,RED,KT Rolster,Neeko,Pantheon,Wukong,Rumble,Taliyah,Azir,Aurora,Ryze,Trundle,Yunara,Galio,Jarvan IV,Corki,Rakan,Jhin,Alistar,Sivir,Elise,Poppy,Ezreal,oe:team:5cd2cd09ec94296f605dd13a2924d6c|oe:team:d723992568441c6bafa2658129eade7,2025_20250831_KT_Rolster_vs_Nongshim_RedForce_S7,[],0,False,102.0,41.0,0.4019607843137255,102.0,41.0,0.4019607843137255,5.0,0.2,10.0,0.2,54.0,0.4074074074074074,7.0,0.14285714285714285,16.0,0.4375,97.0,46.0,0.4742268041237113,97.0,46.0,0.4742268041237113,5.0,0.4,10.0,0.5,47.0,0.5319148936170213,7.0,0.42857142857142855,16.0,0.5625
LOLTMNT03_294918,2025,2025-08-31 07:01:01+00:00,LCK,2,Rounds 3-5,0,15.16,complete,,,Nongshim RedForce,oe:team:5cd2cd09ec94296f605dd13a2924d6c,KT Rolster,oe:team:d723992568441c6bafa2658129eade7,BLUE,0,1,RED,KT Rolster,Neeko,Pantheon,Orianna,Annie,Trundle,Yunara,Nocturne,Xin Zhao,Taliyah,Azir,Gwen,Ambessa,Tahm Kench,Elise,Sivir,Rakan,Corki,Shen,Maokai,Kai'Sa,oe:team:5cd2cd09ec94296f605dd13a2924d6c|oe:team:d723992568441c6bafa2658129eade7,2025_20250831_KT_Rolster_vs_Nongshim_RedForce_S7,"[""Wukong"", ""Rumble"", ""Aurora"", ""Ryze"", ""Galio"", ""Jarvan IV"", ""Jhin"", ""Alistar"", ""Poppy"", ""Ezreal""]",10,False,103.0,41.0,0.39805825242718446,103.0,41.0,0.39805825242718446,5.0,0.2,10.0,0.2,55.0,0.4,8.0,0.125,17.0,0.4117647058823529,98.0,47.0,0.47959183673469385,98.0,47.0,0.47959183673469385,5.0,0.6,10.0,0.5,48.0,0.5416666666666666,8.0,0.5,17.0,0.5882352941176471
LOLTMNT03_294949,2025,2025-08-31 08:29:18+00:00,LCK,1,Rounds 3-5,0,15.16,complete,,,Kiwoom DRX,oe:team:1d0389df0c5eea93b04122ba167c010,HANJIN BRION,oe:team:b77b3f6068e20a2b3edc0ecd3dc70d4,BLUE,0,1,RED,HANJIN BRION,Yone,Yunara,Annie,Jarvan IV,Taliyah,Azir,Pantheon,Orianna,Rumble,Wukong,Gwen,Ambessa,Poppy,Bard,Lucian,Corki,Alistar,Neeko,Braum,Rakan,oe:team:1d0389df0c5eea93b04122ba167c010|oe:team:b77b3f6068e20a2b3edc0ecd3dc70d4,2025_20250831_HANJIN_BRION_vs_Kiwoom_DRX_S6,[],0,False,94.0,37.0,0.39361702127659576,94.0,37.0,0.39361702127659576,5.0,0.2,10.0,0.5,53.0,0.4339622641509434,8.0,0.5,15.0,0.5333333333333333,89.0,34.0,0.38202247191011235,89.0,34.0,0.38202247191011235,5.0,0.2,10.0,0.4,40.0,0.275,8.0,0.25,15.0,0.4666666666666667
LOLTMNT03_294951,2025,2025-08-31 09:20:15+00:00,LCK,2,Rounds 3-5,0,15.16,complete,,,HANJIN BRION,oe:team:b77b3f6068e20a2b3edc0ecd3dc70d4,Kiwoom DRX,oe:team:1d0389df0c5eea93b04122ba167c010,BLUE,0,1,RED,Kiwoom DRX,Neeko,Yone,Rumble,Azir,Poppy,Yunara,Vi,Xin Zhao,Aurora,Taliyah,Ahri,Galio,Alistar,Rell,Nautilus,Sivir,Bard,Kai'Sa,Zeri,Leona,oe:team:1d0389df0c5eea93b04122ba167c010|oe:team:b77b3f6068e20a2b3edc0ecd3dc70d4,2025_20250831_HANJIN_BRION_vs_Kiwoom_DRX_S6,"[""Annie"", ""Jarvan IV"", ""Pantheon"", ""Orianna"", ""Gwen"", ""Ambessa"", ""Lucian"", ""Corki"", ""Braum"", ""Rakan""]",10,False,90.0,35.0,0.3888888888888889,90.0,35.0,0.3888888888888889,5.0,0.4,10.0,0.4,49.0,0.46938775510204084,9.0,0.3333333333333333,16.0,0.5,95.0,37.0,0.3894736842105263,95.0,37.0,0.3894736842105263,5.0,0.2,10.0,0.5,41.0,0.34146341463414637,9.0,0.4444444444444444,16.0,0.5
LOLTMNT03_293923,2025,2025-08-31 10:13:39+00:00,LCK,3,Rounds 3-5,0,15.16,complete,,,Kiwoom DRX,oe:team:1d0389df0c5eea93b04122ba167c010,HANJIN BRION,oe:team:b77b3f6068e20a2b3edc0ecd3dc70d4,BLUE,0,1,RED,HANJIN BRION,Yone,Yunara,Aurora,Yorick,Renekton,Taliyah,Wukong,Trundle,Sion,Neeko,Kai'Sa,Ryze,Renata Glasc,Cassiopeia,Jax,Jhin,Rell,Alistar,Poppy,Maokai,oe:team:1d0389df0c5eea93b04122ba167c010|oe:team:b77b3f6068e20a2b3edc0ecd3dc70d4,2025_20250831_HANJIN_BRION_vs_Kiwoom_DRX_S6,"[""Annie"", ""Jarvan IV"", ""Pantheon"", ""Orianna"", ""Gwen"", ""Ambessa"", ""Lucian"", ""Corki"", ""Braum"", ""Rakan"", ""Rumble"", ""Azir"", ""Vi"", ""Xin Zhao"", ""Ahri"", ""Galio"", ""Nautilus"", ""Sivir"", ""Zeri"", ""Leona""]",20,False,96.0,38.0,0.3958333333333333,96.0,38.0,0.3958333333333333,5.0,0.4,10.0,0.5,54.0,0.42592592592592593,10.0,0.5,17.0,0.5294117647058824,91.0,35.0,0.38461538461538464,91.0,35.0,0.38461538461538464,5.0,0.2,10.0,0.3,41.0,0.2926829268292683,10.0,0.3,17.0,0.47058823529411764
LOLTMNT01_281294,2025,2025-09-03 08:08:06+00:00,LCK,1,Rounds 3-5,1,15.17,complete,,,HANJIN BRION,oe:team:b77b3f6068e20a2b3edc0ecd3dc70d4,Nongshim RedForce,oe:team:5cd2cd09ec94296f605dd13a2924d6c,BLUE,0,1,RED,Nongshim RedForce,Taliyah,Azir,Rumble,Orianna,Aurora,Yone,Jarvan IV,Pantheon,Wukong,Yunara,Annie,Ornn,Corki,Sivir,Nautilus,Neeko,Leona,Braum,Kai'Sa,Miss Fortune,oe:team:5cd2cd09ec94296f605dd13a2924d6c|oe:team:b77b3f6068e20a2b3edc0ecd3dc70d4,2025_20250903_HANJIN_BRION_vs_Nongshim_RedForce_S5,[],0,False,92.0,36.0,0.391304347826087,92.0,36.0,0.391304347826087,5.0,0.4,10.0,0.4,50.0,0.46,0.0,,9.0,0.1111111111111111,104.0,41.0,0.3942307692307692,104.0,41.0,0.3942307692307692,5.0,0.0,10.0,0.1,48.0,0.3958333333333333,0.0,,9.0,0.8888888888888888
LOLTMNT01_280651,2025,2025-09-03 08:53:21+00:00,LCK,2,Rounds 3-5,1,15.17,complete,,,Nongshim RedForce,oe:team:5cd2cd09ec94296f605dd13a2924d6c,HANJIN BRION,oe:team:b77b3f6068e20a2b3edc0ecd3dc70d4,BLUE,1,0,BLUE,Nongshim RedForce,Yone,Yunara,Ryze,Aurora,Taliyah,Azir,Wukong,Trundle,Cassiopeia,Shen,Corki,Ambessa,Poppy,Renekton,Alistar,Lucian,Jhin,Rakan,Aatrox,Braum,oe:team:5cd2cd09ec94296f605dd13a2924d6c|oe:team:b77b3f6068e20a2b3edc0ecd3dc70d4,2025_20250903_HANJIN_BRION_vs_Nongshim_RedForce_S5,"[""Rumble"", ""Orianna"", ""Jarvan IV"", ""Pantheon"", ""Annie"", ""Ornn"", ""Nautilus"", ""Neeko"", ""Kai'Sa"", ""Miss Fortune""]",10,False,105.0,42.0,0.4,105.0,42.0,0.4,5.0,0.2,10.0,0.2,56.0,0.39285714285714285,1.0,1.0,10.0,0.9,93.0,36.0,0.3870967741935484,93.0,36.0,0.3870967741935484,5.0,0.4,10.0,0.3,42.0,0.30952380952380953,1.0,0.0,10.0,0.1
LOLTMNT01_280659,2025,2025-09-03 09:47:33+00:00,LCK,3,Rounds 3-5,1,15.17,complete,,,HANJIN BRION,oe:team:b77b3f6068e20a2b3edc0ecd3dc70d4,Nongshim RedForce,oe:team:5cd2cd09ec94296f605dd13a2924d6c,BLUE,1,0,BLUE,HANJIN BRION,Gwen,Yone,Taliyah,Xin Zhao,Poppy,Yunara,Renekton,Sion,Vi,Azir,Sivir,Ahri,Lulu,Sejuani,Rell,Caitlyn,Bard,Rakan,Olaf,Elise,oe:team:5cd2cd09ec94296f605dd13a2924d6c|oe:team:b77b3f6068e20a2b3edc0ecd3dc70d4,2025_20250903_HANJIN_BRION_vs_Nongshim_RedForce_S5,"[""Rumble"", ""Orianna"", ""Jarvan IV"", ""Pantheon"", ""Annie"", ""Ornn"", ""Nautilus"", ""Neeko"", ""Kai'Sa"", ""Miss Fortune"", ""Ryze"", ""Aurora"", ""Wukong"", ""Trundle"", ""Corki"", ""Ambessa"", ""Alistar"", ""Lucian"", ""Aatrox"", ""Braum""]",20,False,94.0,36.0,0.3829787234042553,94.0,36.0,0.3829787234042553,5.0,0.4,10.0,0.3,51.0,0.45098039215686275,2.0,0.0,11.0,0.09090909090909091,106.0,43.0,0.4056603773584906,106.0,43.0,0.4056603773584906,5.0,0.4,10.0,0.3,49.0,0.40816326530612246,2.0,1.0,11.0,0.9090909090909091
LOLTMNT01_281315,2025,2025-09-03 10:36:00+00:00,LCK,4,Rounds 3-5,1,15.17,complete,,,Nongshim RedForce,oe:team:5cd2cd09ec94296f605dd13a2924d6c,HANJIN BRION,oe:team:b77b3f6068e20a2b3edc0ecd3dc70d4,BLUE,0,1,RED,HANJIN BRION,Yorick,Yunara,Yone,Maokai,Poppy,Azir,Nocturne,Ziggs,Akali,Sylas,Jayce,Tristana,Leona,Mel,Viktor,Jax,K'Sante,Bard,Blitzcrank,Rakan,oe:team:5cd2cd09ec94296f605dd13a2924d6c|oe:team:b77b3f6068e20a2b3edc0ecd3dc70d4,2025_20250903_HANJIN_BRION_vs_Nongshim_RedForce_S5,"[""Rumble"", ""Orianna"", ""Jarvan IV"", ""Pantheon"", ""Annie"", ""Ornn"", ""Nautilus"", ""Neeko"", ""Kai'Sa"", ""Miss Fortune"", ""Ryze"", ""Aurora"", ""Wukong"", ""Trundle"", ""Corki"", ""Ambessa"", ""Alistar"", ""Lucian"", ""Aatrox"", ""Braum"", ""Taliyah"", ""Xin Zhao"", ""Renekton"", ""Sion"", ""Sivir"", ""Ahri"", ""Rell"", ""Caitlyn"", ""Olaf"", ""Elise""]",30,False,107.0,43.0,0.40186915887850466,107.0,43.0,0.40186915887850466,5.0,0.4,10.0,0.3,57.0,0.40350877192982454,3.0,0.6666666666666666,12.0,0.8333333333333334,95.0,37.0,0.3894736842105263,95.0,37.0,0.3894736842105263,5.0,0.4,10.0,0.4,43.0,0.3023255813953488,3.0,0.3333333333333333,12.0,0.16666666666666666
LOLTMNT01_280682,2025,2025-09-03 11:26:43+00:00,LCK,5,Rounds 3-5,1,15.17,complete,,,Nongshim RedForce,oe:team:5cd2cd09ec94296f605dd13a2924d6c,HANJIN BRION,oe:team:b77b3f6068e20a2b3edc0ecd3dc70d4,BLUE,1,0,BLUE,Nongshim RedForce,Poppy,Yunara,Vi,K'Sante,Yorick,Azir,Gnar,Jhin,Smolder,Shen,Galio,Cassiopeia,Zed,Kalista,Zeri,Leona,Tahm Kench,Varus,Taric,Sylas,oe:team:5cd2cd09ec94296f605dd13a2924d6c|oe:team:b77b3f6068e20a2b3edc0ecd3dc70d4,2025_20250903_HANJIN_BRION_vs_Nongshim_RedForce_S5,"[""Rumble"", ""Orianna"", ""Jarvan IV"", ""Pantheon"", ""Annie"", ""Ornn"", ""Nautilus"", ""Neeko"", ""Kai'Sa"", ""Miss Fortune"", ""Ryze"", ""Aurora"", ""Wukong"", ""Trundle"", ""Corki"", ""Ambessa"", ""Alistar"", ""Lucian"", ""Aatrox"", ""Braum"", ""Taliyah"", ""Xin Zhao"", ""Renekton"", ""Sion"", ""Sivir"", ""Ahri"", ""Rell"", ""Caitlyn"", ""Olaf"", ""Elise"", ""Yone"", ""Maokai"", ""Nocturne"", ""Ziggs"", ""Jayce"", ""Tristana"", ""Viktor"", ""Jax"", ""Blitzcrank"", ""Rakan""]",40,False,108.0,43.0,0.39814814814814814,108.0,43.0,0.39814814814814814,5.0,0.4,10.0,0.3,58.0,0.39655172413793105,4.0,0.5,13.0,0.7692307692307693,96.0,38.0,0.3958333333333333,96.0,38.0,0.3958333333333333,5.0,0.6,10.0,0.4,44.0,0.3181818181818182,4.0,0.5,13.0,0.23076923076923078
LOLTMNT01_281588,2025,2025-09-04 08:08:41+00:00,LCK,1,Rounds 3-5,1,15.17,complete,,,Dplus Kia,oe:team:ef69efa6acebe94107f0cf1ba716806,BNK FEARX,oe:team:5c2e7e9ea8dfcba0150d9a5619baecf,BLUE,1,0,BLUE,Dplus Kia,Rumble,Yunara,Azir,Taliyah,Pantheon,Wukong,Trundle,Xin Zhao,Neeko,Vi,Aurora,Ambessa,Rakan,Poppy,Corki,Alistar,Braum,Bard,Nautilus,Sivir,oe:team:5c2e7e9ea8dfcba0150d9a5619baecf|oe:team:ef69efa6acebe94107f0cf1ba716806,2025_20250904_BNK_FEARX_vs_Dplus_Kia_S7,[],0,False,106.0,59.0,0.5566037735849056,106.0,59.0,0.5566037735849056,5.0,0.8,10.0,0.8,51.0,0.6078431372549019,0.0,,14.0,0.7142857142857143,88.0,38.0,0.4318181818181818,88.0,38.0,0.4318181818181818,5.0,0.8,10.0,0.6,42.0,0.3333333333333333,0.0,,14.0,0.2857142857142857
LOLTMNT01_280941,2025,2025-09-04 09:01:36+00:00,LCK,2,Rounds 3-5,1,15.17,complete,,,BNK FEARX,oe:team:5c2e7e9ea8dfcba0150d9a5619baecf,Dplus Kia,oe:team:ef69efa6acebe94107f0cf1ba716806,BLUE,1,0,BLUE,BNK FEARX,Gwen,Yunara,Pantheon,Jarvan IV,Ornn,Rumble,Kai'Sa,Annie,Orianna,Wukong,Neeko,Renekton,Varus,Sion,Aatrox,Xayah,Lucian,Ryze,Morgana,Lulu,oe:team:5c2e7e9ea8dfcba0150d9a5619baecf|oe:team:ef69efa6acebe94107f0cf1ba716806,2025_20250904_BNK_FEARX_vs_Dplus_Kia_S7,"[""Azir"", ""Taliyah"", ""Trundle"", ""Xin Zhao"", ""Aurora"", ""Ambessa"", ""Corki"", ""Alistar"", ""Nautilus"", ""Sivir""]",10,False,89.0,38.0,0.42696629213483145,89.0,38.0,0.42696629213483145,5.0,0.6,10.0,0.5,46.0,0.5217391304347826,1.0,0.0,15.0,0.26666666666666666,107.0,60.0,0.5607476635514018,107.0,60.0,0.5607476635514018,5.0,0.8,10.0,0.9,55.0,0.509090909090909,1.0,1.0,15.0,0.7333333333333333
LOLTMNT01_281603,2025,2025-09-04 09:51:19+00:00,LCK,3,Rounds 3-5,1,15.17,complete,,,Dplus Kia,oe:team:ef69efa6acebe94107f0cf1ba716806,BNK FEARX,oe:team:5c2e7e9ea8dfcba0150d9a5619baecf,BLUE,0,1,RED,BNK FEARX,Ornn,Yunara,Vi,Lucian,Gwen,Rumble,Ahri,Sion,Poppy,Wukong,K'Sante,Braum,Sylas,Rakan,Kalista,Ryze,Orianna,Bard,Renata Glasc,Naafiri,oe:team:5c2e7e9ea8dfcba0150d9a5619baecf|oe:team:ef69efa6acebe94107f0cf1ba716806,2025_20250904_BNK_FEARX_vs_Dplus_Kia_S7,"[""Azir"", ""Taliyah"", ""Trundle"", ""Xin Zhao"", ""Aurora"", ""Ambessa"", ""Corki"", ""Alistar"", ""Nautilus"", ""Sivir"", ""Pantheon"", ""Jarvan IV"", ""Kai'Sa"", ""Annie"", ""Neeko"", ""Renekton"", ""Aatrox"", ""Xayah"", ""Morgana"", ""Lulu""]",20,False,108.0,60.0,0.5555555555555556,108.0,60.0,0.5555555555555556,5.0,0.6,10.0,0.8,52.0,0.6153846153846154,2.0,0.5,16.0,0.6875,90.0,39.0,0.43333333333333335,90.0,39.0,0.43333333333333335,5.0,0.6,10.0,0.6,43.0,0.32558139534883723,2.0,0.5,16.0,0.3125
LOLTMNT01_280961,2025,2025-09-04 10:42:24+00:00,LCK,4,Rounds 3-5,1,15.17,complete,,,Dplus Kia,oe:team:ef69efa6acebe94107f0cf1ba716806,BNK FEARX,oe:team:5c2e7e9ea8dfcba0150d9a5619baecf,BLUE,1,0,BLUE,Dplus Kia,Akali,Orianna,Yunara,Rumble,Nocturne,Poppy,Rell,Wukong,Draven,Yone,Gwen,Rakan,Zeri,Twisted Fate,Sejuani,Galio,Varus,Jayce,Viego,Vayne,oe:team:5c2e7e9ea8dfcba0150d9a5619baecf|oe:team:ef69efa6acebe94107f0cf1ba716806,2025_20250904_BNK_FEARX_vs_Dplus_Kia_S7,"[""Azir"", ""Taliyah"", ""Trundle"", ""Xin Zhao"", ""Aurora"", ""Ambessa"", ""Corki"", ""Alistar"", ""Nautilus"", ""Sivir"", ""Pantheon"", ""Jarvan IV"", ""Kai'Sa"", ""Annie"", ""Neeko"", ""Renekton"", ""Aatrox"", ""Xayah"", ""Morgana"", ""Lulu"", ""Vi"", ""Lucian"", ""Ahri"", ""Sion"", ""K'Sante"", ""Braum"", ""Kalista"", ""Ryze"", ""Renata Glasc"", ""Naafiri""]",30,False,109.0,60.0,0.5504587155963303,109.0,60.0,0.5504587155963303,5.0,0.4,10.0,0.7,53.0,0.6037735849056604,3.0,0.3333333333333333,17.0,0.6470588235294118,91.0,40.0,0.43956043956043955,91.0,40.0,0.43956043956043955,5.0,0.8,10.0,0.6,44.0,0.3409090909090909,3.0,0.6666666666666666,17.0,0.35294117647058826
LOLTMNT01_281636,2025,2025-09-04 11:44:52+00:00,LCK,5,Rounds 3-5,1,15.17,complete,,,BNK FEARX,oe:team:5c2e7e9ea8dfcba0150d9a5619baecf,Dplus Kia,oe:team:ef69efa6acebe94107f0cf1ba716806,BLUE,1,0,BLUE,BNK FEARX,Orianna,Nocturne,Twisted Fate,Jhin,Jax,Thresh,Skarner,Bard,Yone,Yorick,Jayce,Zed,Ornn,Zeri,Ezreal,Mel,Gragas,Karma,Leona,Camille,oe:team:5c2e7e9ea8dfcba0150d9a5619baecf|oe:team:ef69efa6acebe94107f0cf1ba716806,2025_20250904_BNK_FEARX_vs_Dplus_Kia_S7,"[""Azir"", ""Taliyah"", ""Trundle"", ""Xin Zhao"", ""Aurora"", ""Ambessa"", ""Corki"", ""Alistar"", ""Nautilus"", ""Sivir"", ""Pantheon"", ""Jarvan IV"", ""Kai'Sa"", ""Annie"", ""Neeko"", ""Renekton"", ""Aatrox"", ""Xayah"", ""Morgana"", ""Lulu"", ""Vi"", ""Lucian"", ""Ahri"", ""Sion"", ""K'Sante"", ""Braum"", ""Kalista"", ""Ryze"", ""Renata Glasc"", ""Naafiri"", ""Yunara"", ""Rumble"", ""Rell"", ""Wukong"", ""Gwen"", ""Rakan"", ""Sejuani"", ""Galio"", ""Viego"", ""Vayne""]",40,False,92.0,40.0,0.43478260869565216,92.0,40.0,0.43478260869565216,5.0,0.6,10.0,0.6,47.0,0.5319148936170213,4.0,0.5,18.0,0.3333333333333333,110.0,61.0,0.5545454545454546,110.0,61.0,0.5545454545454546,5.0,0.6,10.0,0.7,56.0,0.5,4.0,0.5,18.0,0.6666666666666666
LOLTMNT01_281893,2025,2025-09-05 08:07:35+00:00,LCK,1,Rounds 3-5,1,15.17,complete,,,Nongshim RedForce,oe:team:5cd2cd09ec94296f605dd13a2924d6c,BNK FEARX,oe:team:5c2e7e9ea8dfcba0150d9a5619baecf,BLUE,0,1,RED,BNK FEARX,Xin Zhao,Pantheon,Yunara,Annie,Trundle,Azir,Orianna,Wukong,Kai'Sa,Taliyah,Nocturne,Rumble,Neeko,Ornn,Galio,Corki,Xayah,Aurora,Alistar,Rakan,oe:team:5c2e7e9ea8dfcba0150d9a5619baecf|oe:team:5cd2cd09ec94296f605dd13a2924d6c,2025_20250905_BNK_FEARX_vs_Nongshim_RedForce_S4,[],0,False,109.0,44.0,0.4036697247706422,109.0,44.0,0.4036697247706422,5.0,0.6,10.0,0.3,59.0,0.4067796610169492,5.0,0.6,7.0,0.8571428571428571,93.0,41.0,0.44086021505376344,93.0,41.0,0.44086021505376344,5.0,0.6,10.0,0.7,45.0,0.3333333333333333,5.0,0.6,7.0,0.14285714285714285
LOLTMNT01_281906,2025,2025-09-05 08:58:24+00:00,LCK,2,Rounds 3-5,1,15.17,complete,,,Nongshim RedForce,oe:team:5cd2cd09ec94296f605dd13a2924d6c,BNK FEARX,oe:team:5c2e7e9ea8dfcba0150d9a5619baecf,BLUE,0,1,RED,BNK FEARX,Kai'Sa,Pantheon,Ryze,Taliyah,Vi,Azir,Sivir,Xin Zhao,Neeko,Trundle,Jarvan IV,Ambessa,Lucian,Renekton,Yorick,Zeri,Kalista,Aatrox,Bard,Rell,oe:team:5c2e7e9ea8dfcba0150d9a5619baecf|oe:team:5cd2cd09ec94296f605dd13a2924d6c,2025_20250905_BNK_FEARX_vs_Nongshim_RedForce_S4,"[""Yunara"", ""Annie"", ""Orianna"", ""Wukong"", ""Nocturne"", ""Rumble"", ""Galio"", ""Corki"", ""Alistar"", ""Rakan""]",10,False,110.0,44.0,0.4,110.0,44.0,0.4,5.0,0.4,10.0,0.3,60.0,0.4,6.0,0.5,8.0,0.75,94.0,42.0,0.44680851063829785,94.0,42.0,0.44680851063829785,5.0,0.8,10.0,0.7,46.0,0.34782608695652173,6.0,0.6666666666666666,8.0,0.25
LOLTMNT01_282298,2025,2025-09-05 09:49:14+00:00,LCK,3,Rounds 3-5,1,15.17,complete,,,Nongshim RedForce,oe:team:5cd2cd09ec94296f605dd13a2924d6c,BNK FEARX,oe:team:5c2e7e9ea8dfcba0150d9a5619baecf,BLUE,1,0,BLUE,Nongshim RedForce,Sion,Pantheon,Neeko,Aurora,Renekton,Azir,Vi,Lucian,Trundle,Yone,Ahri,Braum,Poppy,Jayce,Kai'Sa,Gwen,Maokai,Jax,Gnar,Naafiri,oe:team:5c2e7e9ea8dfcba0150d9a5619baecf|oe:team:5cd2cd09ec94296f605dd13a2924d6c,2025_20250905_BNK_FEARX_vs_Nongshim_RedForce_S4,"[""Yunara"", ""Annie"", ""Orianna"", ""Wukong"", ""Nocturne"", ""Rumble"", ""Galio"", ""Corki"", ""Alistar"", ""Rakan"", ""Ryze"", ""Taliyah"", ""Sivir"", ""Xin Zhao"", ""Jarvan IV"", ""Ambessa"", ""Yorick"", ""Zeri"", ""Bard"", ""Rell""]",20,False,111.0,44.0,0.3963963963963964,111.0,44.0,0.3963963963963964,5.0,0.2,10.0,0.3,61.0,0.39344262295081966,7.0,0.42857142857142855,9.0,0.6666666666666666,95.0,43.0,0.45263157894736844,95.0,43.0,0.45263157894736844,5.0,0.8,10.0,0.7,47.0,0.3617021276595745,7.0,0.7142857142857143,9.0,0.3333333333333333
LOLTMNT01_281961,2025,2025-09-05 10:44:14+00:00,LCK,4,Rounds 3-5,1,15.17,complete,,,BNK FEARX,oe:team:5c2e7e9ea8dfcba0150d9a5619baecf,Nongshim RedForce,oe:team:5cd2cd09ec94296f605dd13a2924d6c,BLUE,1,0,BLUE,BNK FEARX,Yone,Azir,Sion,Maokai,Jayce,Pantheon,Ezreal,Senna,Ziggs,Trundle,Leona,Aatrox,Nautilus,Skarner,Lee Sin,Tahm Kench,Tristana,Sylas,Twisted Fate,Smolder,oe:team:5c2e7e9ea8dfcba0150d9a5619baecf|oe:team:5cd2cd09ec94296f605dd13a2924d6c,2025_20250905_BNK_FEARX_vs_Nongshim_RedForce_S4,"[""Yunara"", ""Annie"", ""Orianna"", ""Wukong"", ""Nocturne"", ""Rumble"", ""Galio"", ""Corki"", ""Alistar"", ""Rakan"", ""Ryze"", ""Taliyah"", ""Sivir"", ""Xin Zhao"", ""Jarvan IV"", ""Ambessa"", ""Yorick"", ""Zeri"", ""Bard"", ""Rell"", ""Neeko"", ""Aurora"", ""Vi"", ""Lucian"", ""Ahri"", ""Braum"", ""Kai'Sa"", ""Gwen"", ""Gnar"", ""Naafiri""]",30,False,96.0,43.0,0.4479166666666667,96.0,43.0,0.4479166666666667,5.0,0.6,10.0,0.7,48.0,0.5416666666666666,8.0,0.625,10.0,0.3,112.0,45.0,0.4017857142857143,112.0,45.0,0.4017857142857143,5.0,0.4,10.0,0.4,50.0,0.4,8.0,0.5,10.0,0.7
LOLTMNT01_282847,2025,2025-09-06 06:09:11+00:00,LCK,1,Rounds 3-5,1,15.17,complete,,,Dplus Kia,oe:team:ef69efa6acebe94107f0cf1ba716806,HANJIN BRION,oe:team:b77b3f6068e20a2b3edc0ecd3dc70d4,BLUE,1,0,BLUE,Dplus Kia,Yone,Yunara,Wukong,Rumble,Taliyah,Azir,Ryze,Orianna,Pantheon,Annie,Aurora,Xin Zhao,Jhin,Rakan,Lucian,Corki,Poppy,Neeko,Braum,Alistar,oe:team:b77b3f6068e20a2b3edc0ecd3dc70d4|oe:team:ef69efa6acebe94107f0cf1ba716806,2025_20250906_Dplus_Kia_vs_HANJIN_BRION_S7,[],0,False,111.0,61.0,0.5495495495495496,111.0,61.0,0.5495495495495496,5.0,0.4,10.0,0.6,54.0,0.6111111111111112,5.0,0.4,14.0,0.5,97.0,38.0,0.3917525773195876,97.0,38.0,0.3917525773195876,5.0,0.4,10.0,0.4,45.0,0.3111111111111111,5.0,0.4,14.0,0.5
LOLTMNT01_282855,2025,2025-09-06 07:05:22+00:00,LCK,2,Rounds 3-5,1,15.17,complete,,,HANJIN BRION,oe:team:b77b3f6068e20a2b3edc0ecd3dc70d4,Dplus Kia,oe:team:ef69efa6acebe94107f0cf1ba716806,BLUE,1,0,BLUE,HANJIN BRION,Neeko,Yunara,Taliyah,Ahri,Poppy,Yone,Naafiri,Vi,Trundle,Pantheon,Renekton,Sion,Kai'Sa,Xayah,Jhin,Varus,Sivir,Kalista,Nautilus,Rell,oe:team:b77b3f6068e20a2b3edc0ecd3dc70d4|oe:team:ef69efa6acebe94107f0cf1ba716806,2025_20250906_Dplus_Kia_vs_HANJIN_BRION_S7,"[""Wukong"", ""Rumble"", ""Ryze"", ""Orianna"", ""Aurora"", ""Xin Zhao"", ""Lucian"", ""Corki"", ""Braum"", ""Alistar""]",10,False,98.0,38.0,0.3877551020408163,98.0,38.0,0.3877551020408163,5.0,0.4,10.0,0.4,52.0,0.46153846153846156,6.0,0.3333333333333333,15.0,0.4666666666666667,112.0,62.0,0.5535714285714286,112.0,62.0,0.5535714285714286,5.0,0.4,10.0,0.6,57.0,0.49122807017543857,6.0,0.5,15.0,0.5333333333333333
LOLTMNT01_283478,2025,2025-09-06 07:56:05+00:00,LCK,3,Rounds 3-5,1,15.17,complete,,,Dplus Kia,oe:team:ef69efa6acebe94107f0cf1ba716806,HANJIN BRION,oe:team:b77b3f6068e20a2b3edc0ecd3dc70d4,BLUE,1,0,BLUE,Dplus Kia,Yone,Yunara,Annie,Ambessa,Pantheon,Azir,Kai'Sa,Trundle,Viktor,Neeko,Poppy,Galio,Xayah,Jax,Zed,Miss Fortune,Jinx,Jarvan IV,Aatrox,Maokai,oe:team:b77b3f6068e20a2b3edc0ecd3dc70d4|oe:team:ef69efa6acebe94107f0cf1ba716806,2025_20250906_Dplus_Kia_vs_HANJIN_BRION_S7,"[""Wukong"", ""Rumble"", ""Ryze"", ""Orianna"", ""Aurora"", ""Xin Zhao"", ""Lucian"", ""Corki"", ""Braum"", ""Alistar"", ""Taliyah"", ""Ahri"", ""Naafiri"", ""Vi"", ""Renekton"", ""Sion"", ""Jhin"", ""Varus"", ""Nautilus"", ""Rell""]",20,False,113.0,62.0,0.5486725663716814,113.0,62.0,0.5486725663716814,5.0,0.4,10.0,0.5,55.0,0.6181818181818182,7.0,0.42857142857142855,16.0,0.5,99.0,39.0,0.3939393939393939,99.0,39.0,0.3939393939393939,5.0,0.6,10.0,0.5,46.0,0.30434782608695654,7.0,0.42857142857142855,16.0,0.5
LOLTMNT01_282880,2025,2025-09-06 08:47:59+00:00,LCK,4,Rounds 3-5,1,15.17,complete,,,Dplus Kia,oe:team:ef69efa6acebe94107f0cf1ba716806,HANJIN BRION,oe:team:b77b3f6068e20a2b3edc0ecd3dc70d4,BLUE,1,0,BLUE,Dplus Kia,Yone,Yunara,Pantheon,Jarvan IV,Sejuani,Azir,Zeri,Sivir,Tristana,Twisted Fate,Lulu,Neeko,Viktor,Gnar,LeBlanc,K'Sante,Cassiopeia,Yorick,Jax,Akali,oe:team:b77b3f6068e20a2b3edc0ecd3dc70d4|oe:team:ef69efa6acebe94107f0cf1ba716806,2025_20250906_Dplus_Kia_vs_HANJIN_BRION_S7,"[""Wukong"", ""Rumble"", ""Ryze"", ""Orianna"", ""Aurora"", ""Xin Zhao"", ""Lucian"", ""Corki"", ""Braum"", ""Alistar"", ""Taliyah"", ""Ahri"", ""Naafiri"", ""Vi"", ""Renekton"", ""Sion"", ""Jhin"", ""Varus"", ""Nautilus"", ""Rell"", ""Annie"", ""Ambessa"", ""Kai'Sa"", ""Trundle"", ""Poppy"", ""Galio"", ""Zed"", ""Miss Fortune"", ""Aatrox"", ""Maokai""]",30,False,114.0,63.0,0.5526315789473685,114.0,63.0,0.5526315789473685,5.0,0.6,10.0,0.5,56.0,0.625,8.0,0.5,17.0,0.5294117647058824,100.0,39.0,0.39,100.0,39.0,0.39,5.0,0.4,10.0,0.4,47.0,0.2978723404255319,8.0,0.375,17.0,0.47058823529411764
LOLTMNT01_285206,2025,2025-09-07 06:09:43+00:00,LCK,1,Rounds 3-5,1,15.17,complete,,,Nongshim RedForce,oe:team:5cd2cd09ec94296f605dd13a2924d6c,Dplus Kia,oe:team:ef69efa6acebe94107f0cf1ba716806,BLUE,0,1,RED,Dplus Kia,Taliyah,Azir,Pantheon,Orianna,Trundle,Galio,Neeko,Jarvan IV,Wukong,Yunara,Corki,Rumble,Alistar,Ornn,Akali,Karma,Jhin,Aurora,Ambessa,Ezreal,oe:team:5cd2cd09ec94296f605dd13a2924d6c|oe:team:ef69efa6acebe94107f0cf1ba716806,2025_20250907_Dplus_Kia_vs_Nongshim_RedForce_S4,[],0,False,113.0,45.0,0.39823008849557523,113.0,45.0,0.39823008849557523,5.0,0.4,10.0,0.4,62.0,0.4032258064516129,9.0,0.4444444444444444,10.0,0.4,115.0,64.0,0.5565217391304348,115.0,64.0,0.5565217391304348,5.0,0.6,10.0,0.6,58.0,0.4827586206896552,9.0,0.5555555555555556,10.0,0.6
LOLTMNT01_284752,2025,2025-09-07 07:08:30+00:00,LCK,2,Rounds 3-5,1,15.17,complete,,,Nongshim RedForce,oe:team:5cd2cd09ec94296f605dd13a2924d6c,Dplus Kia,oe:team:ef69efa6acebe94107f0cf1ba716806,BLUE,0,1,RED,Dplus Kia,Taliyah,Azir,Xin Zhao,Ryze,Trundle,Yunara,Annie,Lee Sin,Braum,Wukong,Alistar,Aurora,Poppy,Jayce,Sivir,Rakan,Rell,Kai'Sa,Yorick,Zeri,oe:team:5cd2cd09ec94296f605dd13a2924d6c|oe:team:ef69efa6acebe94107f0cf1ba716806,2025_20250907_Dplus_Kia_vs_Nongshim_RedForce_S4,"[""Pantheon"", ""Orianna"", ""Neeko"", ""Jarvan IV"", ""Corki"", ""Rumble"", ""Akali"", ""Karma"", ""Ambessa"", ""Ezreal""]",10,False,114.0,45.0,0.39473684210526316,114.0,45.0,0.39473684210526316,5.0,0.2,10.0,0.4,63.0,0.3968253968253968,10.0,0.4,11.0,0.36363636363636365,116.0,65.0,0.5603448275862069,116.0,65.0,0.5603448275862069,5.0,0.8,10.0,0.6,59.0,0.4915254237288136,10.0,0.6,11.0,0.6363636363636364
LOLTMNT01_285222,2025,2025-09-07 08:06:08+00:00,LCK,3,Rounds 3-5,1,15.17,complete,,,Nongshim RedForce,oe:team:5cd2cd09ec94296f605dd13a2924d6c,Dplus Kia,oe:team:ef69efa6acebe94107f0cf1ba716806,BLUE,0,1,RED,Dplus Kia,Trundle,Wukong,Ziggs,Jhin,Sion,Yunara,Sejuani,Twisted Fate,Kai'Sa,Azir,Yone,Lillia,Poppy,Shen,K'Sante,Leona,Gnar,Jax,Nautilus,Olaf,oe:team:5cd2cd09ec94296f605dd13a2924d6c|oe:team:ef69efa6acebe94107f0cf1ba716806,2025_20250907_Dplus_Kia_vs_Nongshim_RedForce_S4,"[""Pantheon"", ""Orianna"", ""Neeko"", ""Jarvan IV"", ""Corki"", ""Rumble"", ""Akali"", ""Karma"", ""Ambessa"", ""Ezreal"", ""Xin Zhao"", ""Ryze"", ""Annie"", ""Lee Sin"", ""Alistar"", ""Aurora"", ""Sivir"", ""Rakan"", ""Yorick"", ""Zeri""]",20,False,115.0,45.0,0.391304347826087,115.0,45.0,0.391304347826087,5.0,0.2,10.0,0.3,64.0,0.390625,11.0,0.36363636363636365,12.0,0.3333333333333333,117.0,66.0,0.5641025641025641,117.0,66.0,0.5641025641025641,5.0,0.8,10.0,0.6,60.0,0.5,11.0,0.6363636363636364,12.0,0.6666666666666666
LOLTMNT01_286625,2025,2025-09-10 08:11:38+00:00,LCK,1,Rounds 3-5,1,15.17,complete,,,T1,oe:team:ce499dea30cfce118f4fe85da0227e8,Dplus Kia,oe:team:ef69efa6acebe94107f0cf1ba716806,BLUE,0,1,RED,Dplus Kia,Aurora,Azir,Pantheon,Jarvan IV,Yunara,Wukong,Galio,Orianna,Ornn,Rumble,Neeko,Ambessa,Karma,Renekton,Aatrox,Bard,Sivir,Corki,Jhin,Ezreal,oe:team:ce499dea30cfce118f4fe85da0227e8|oe:team:ef69efa6acebe94107f0cf1ba716806,2025_20250910_Dplus_Kia_vs_T1_S4,[],0,False,98.0,64.0,0.6530612244897959,98.0,64.0,0.6530612244897959,5.0,0.4,10.0,0.4,43.0,0.7209302325581395,0.0,,8.0,0.625,118.0,67.0,0.5677966101694916,118.0,67.0,0.5677966101694916,5.0,1.0,10.0,0.7,61.0,0.5081967213114754,12.0,0.6666666666666666,8.0,0.375
LOLTMNT01_286643,2025,2025-09-10 09:09:10+00:00,LCK,2,Rounds 3-5,1,15.17,complete,,,T1,oe:team:ce499dea30cfce118f4fe85da0227e8,Dplus Kia,oe:team:ef69efa6acebe94107f0cf1ba716806,BLUE,1,0,BLUE,T1,Aurora,Azir,Wukong,Yunara,Trundle,Rumble,Corki,Qiyana,Vi,Braum,Ryze,Alistar,Taliyah,Poppy,Rell,Twisted Fate,Annie,Rakan,Jax,K'Sante,oe:team:ce499dea30cfce118f4fe85da0227e8|oe:team:ef69efa6acebe94107f0cf1ba716806,2025_20250910_Dplus_Kia_vs_T1_S4,"[""Pantheon"", ""Jarvan IV"", ""Galio"", ""Orianna"", ""Neeko"", ""Ambessa"", ""Aatrox"", ""Bard"", ""Jhin"", ""Ezreal""]",10,False,99.0,64.0,0.6464646464646465,99.0,64.0,0.6464646464646465,5.0,0.4,10.0,0.4,44.0,0.7045454545454546,1.0,0.0,9.0,0.5555555555555556,119.0,68.0,0.5714285714285714,119.0,68.0,0.5714285714285714,5.0,1.0,10.0,0.8,62.0,0.5161290322580645,13.0,0.6923076923076923,9.0,0.4444444444444444
LOLTMNT01_286647,2025,2025-09-10 10:07:08+00:00,LCK,3,Rounds 3-5,1,15.17,complete,,,Dplus Kia,oe:team:ef69efa6acebe94107f0cf1ba716806,T1,oe:team:ce499dea30cfce118f4fe85da0227e8,BLUE,0,1,RED,T1,Poppy,Azir,Aurora,Rumble,Nocturne,Sion,Lucian,Xin Zhao,Ornn,Taliyah,Braum,Sivir,Rakan,Trundle,Sejuani,Leona,Annie,Vi,Yone,Akali,oe:team:ce499dea30cfce118f4fe85da0227e8|oe:team:ef69efa6acebe94107f0cf1ba716806,2025_20250910_Dplus_Kia_vs_T1_S4,"[""Pantheon"", ""Jarvan IV"", ""Galio"", ""Orianna"", ""Neeko"", ""Ambessa"", ""Aatrox"", ""Bard"", ""Jhin"", ""Ezreal"", ""Wukong"", ""Yunara"", ""Corki"", ""Qiyana"", ""Ryze"", ""Alistar"", ""Rell"", ""Twisted Fate"", ""Jax"", ""K'Sante""]",20,False,120.0,68.0,0.5666666666666667,120.0,68.0,0.5666666666666667,5.0,0.8,10.0,0.7,57.0,0.631578947368421,14.0,0.6428571428571429,10.0,0.4,100.0,65.0,0.65,100.0,65.0,0.65,5.0,0.4,10.0,0.4,55.0,0.6,2.0,0.5,10.0,0.6
LOLTMNT01_287140,2025,2025-09-10 10:59:41+00:00,LCK,4,Rounds 3-5,1,15.17,complete,,,T1,oe:team:ce499dea30cfce118f4fe85da0227e8,Dplus Kia,oe:team:ef69efa6acebe94107f0cf1ba716806,BLUE,0,1,RED,Dplus Kia,Rakan,Azir,Sion,Nautilus,Zed,Trundle,Vi,Gnar,Gwen,Nocturne,Taliyah,Ziggs,Lee Sin,Poppy,Aphelios,Maokai,Naafiri,Varus,Thresh,Tristana,oe:team:ce499dea30cfce118f4fe85da0227e8|oe:team:ef69efa6acebe94107f0cf1ba716806,2025_20250910_Dplus_Kia_vs_T1_S4,"[""Pantheon"", ""Jarvan IV"", ""Galio"", ""Orianna"", ""Neeko"", ""Ambessa"", ""Aatrox"", ""Bard"", ""Jhin"", ""Ezreal"", ""Wukong"", ""Yunara"", ""Corki"", ""Qiyana"", ""Ryze"", ""Alistar"", ""Rell"", ""Twisted Fate"", ""Jax"", ""K'Sante"", ""Aurora"", ""Rumble"", ""Lucian"", ""Xin Zhao"", ""Braum"", ""Sivir"", ""Sejuani"", ""Leona"", ""Yone"", ""Akali""]",30,False,101.0,66.0,0.6534653465346535,101.0,66.0,0.6534653465346535,5.0,0.4,10.0,0.5,45.0,0.7111111111111111,3.0,0.6666666666666666,11.0,0.6363636363636364,121.0,68.0,0.5619834710743802,121.0,68.0,0.5619834710743802,5.0,0.6,10.0,0.7,63.0,0.5079365079365079,15.0,0.6,11.0,0.36363636363636365
LOLTMNT01_286664,2025,2025-09-10 11:55:29+00:00,LCK,5,Rounds 3-5,1,15.17,complete,,,T1,oe:team:ce499dea30cfce118f4fe85da0227e8,Dplus Kia,oe:team:ef69efa6acebe94107f0cf1ba716806,BLUE,1,0,BLUE,T1,Zeri,Azir,Trundle,Poppy,Zed,Kalista,Renekton,Ivern,Morgana,Annie,Viktor,Gwen,Jayce,Rakan,Xayah,Tryndamere,Jinx,Renata Glasc,Blitzcrank,Smolder,oe:team:ce499dea30cfce118f4fe85da0227e8|oe:team:ef69efa6acebe94107f0cf1ba716806,2025_20250910_Dplus_Kia_vs_T1_S4,"[""Pantheon"", ""Jarvan IV"", ""Galio"", ""Orianna"", ""Neeko"", ""Ambessa"", ""Aatrox"", ""Bard"", ""Jhin"", ""Ezreal"", ""Wukong"", ""Yunara"", ""Corki"", ""Qiyana"", ""Ryze"", ""Alistar"", ""Rell"", ""Twisted Fate"", ""Jax"", ""K'Sante"", ""Aurora"", ""Rumble"", ""Lucian"", ""Xin Zhao"", ""Braum"", ""Sivir"", ""Sejuani"", ""Leona"", ""Yone"", ""Akali"", ""Sion"", ""Nautilus"", ""Vi"", ""Gnar"", ""Taliyah"", ""Ziggs"", ""Aphelios"", ""Maokai"", ""Thresh"", ""Tristana""]",40,False,102.0,66.0,0.6470588235294118,102.0,66.0,0.6470588235294118,5.0,0.4,10.0,0.5,46.0,0.6956521739130435,4.0,0.5,12.0,0.5833333333333334,122.0,69.0,0.5655737704918032,122.0,69.0,0.5655737704918032,5.0,0.6,10.0,0.7,64.0,0.515625,16.0,0.625,12.0,0.4166666666666667
LOLTMNT01_287346,2025,2025-09-11 08:09:47+00:00,LCK,1,Rounds 3-5,1,15.17,complete,,,KT Rolster,oe:team:d723992568441c6bafa2658129eade7,BNK FEARX,oe:team:5c2e7e9ea8dfcba0150d9a5619baecf,BLUE,0,1,RED,BNK FEARX,Neeko,Azir,Pantheon,Rumble,Wukong,Orianna,Ambessa,Taliyah,Yunara,Ornn,Ryze,Xin Zhao,Rakan,Poppy,Corki,Lucian,Rell,Alistar,Leona,Braum,oe:team:5c2e7e9ea8dfcba0150d9a5619baecf|oe:team:d723992568441c6bafa2658129eade7,2025_20250911_BNK_FEARX_vs_KT_Rolster_S4,[],0,False,99.0,48.0,0.48484848484848486,99.0,48.0,0.48484848484848486,5.0,0.6,10.0,0.6,50.0,0.42,0.0,,9.0,0.6666666666666666,97.0,44.0,0.4536082474226804,97.0,44.0,0.4536082474226804,5.0,0.8,10.0,0.7,48.0,0.3541666666666667,9.0,0.6666666666666666,9.0,0.3333333333333333
LOLTMNT01_286890,2025,2025-09-11 09:03:20+00:00,LCK,2,Rounds 3-5,1,15.17,complete,,,KT Rolster,oe:team:d723992568441c6bafa2658129eade7,BNK FEARX,oe:team:5c2e7e9ea8dfcba0150d9a5619baecf,BLUE,1,0,BLUE,KT Rolster,Neeko,Azir,Wukong,Sion,Annie,Orianna,K'Sante,Trundle,Yunara,Yone,Aurora,Sivir,Poppy,Kai'Sa,Xayah,Alistar,Viktor,Jhin,Rakan,Morgana,oe:team:5c2e7e9ea8dfcba0150d9a5619baecf|oe:team:d723992568441c6bafa2658129eade7,2025_20250911_BNK_FEARX_vs_KT_Rolster_S4,"[""Pantheon"", ""Rumble"", ""Ambessa"", ""Taliyah"", ""Ryze"", ""Xin Zhao"", ""Corki"", ""Lucian"", ""Leona"", ""Braum""]",10,False,100.0,48.0,0.48,100.0,48.0,0.48,5.0,0.4,10.0,0.5,51.0,0.4117647058823529,1.0,0.0,10.0,0.6,98.0,45.0,0.45918367346938777,98.0,45.0,0.45918367346938777,5.0,0.8,10.0,0.7,49.0,0.3673469387755102,10.0,0.7,10.0,0.4
LOLTMNT01_286895,2025,2025-09-11 09:52:31+00:00,LCK,3,Rounds 3-5,1,15.17,complete,,,BNK FEARX,oe:team:5c2e7e9ea8dfcba0150d9a5619baecf,KT Rolster,oe:team:d723992568441c6bafa2658129eade7,BLUE,0,1,RED,KT Rolster,Yone,Azir,Annie,Renekton,Orianna,Yunara,Aatrox,Sylas,Jarvan IV,Kai'Sa,Skarner,Neeko,Vi,Lulu,Miss Fortune,Jhin,Ezreal,Karma,Rell,Tristana,oe:team:5c2e7e9ea8dfcba0150d9a5619baecf|oe:team:d723992568441c6bafa2658129eade7,2025_20250911_BNK_FEARX_vs_KT_Rolster_S4,"[""Pantheon"", ""Rumble"", ""Ambessa"", ""Taliyah"", ""Ryze"", ""Xin Zhao"", ""Corki"", ""Lucian"", ""Leona"", ""Braum"", ""Wukong"", ""Sion"", ""K'Sante"", ""Trundle"", ""Aurora"", ""Sivir"", ""Xayah"", ""Alistar"", ""Rakan"", ""Morgana""]",20,False,99.0,45.0,0.45454545454545453,99.0,45.0,0.45454545454545453,5.0,0.6,10.0,0.7,49.0,0.5510204081632653,11.0,0.6363636363636364,11.0,0.36363636363636365,101.0,49.0,0.48514851485148514,101.0,49.0,0.48514851485148514,5.0,0.6,10.0,0.5,49.0,0.5510204081632653,2.0,0.5,11.0,0.6363636363636364
LOLTMNT01_287373,2025,2025-09-11 10:47:37+00:00,LCK,4,Rounds 3-5,1,15.17,complete,,,BNK FEARX,oe:team:5c2e7e9ea8dfcba0150d9a5619baecf,KT Rolster,oe:team:d723992568441c6bafa2658129eade7,BLUE,0,1,RED,KT Rolster,Yone,Yunara,Orianna,Ezreal,Ziggs,Kai'Sa,Naafiri,Vi,Jarvan IV,Azir,Yorick,Gwen,Galio,Renata Glasc,Varus,Nautilus,Ahri,Bard,Tahm Kench,Syndra,oe:team:5c2e7e9ea8dfcba0150d9a5619baecf|oe:team:d723992568441c6bafa2658129eade7,2025_20250911_BNK_FEARX_vs_KT_Rolster_S4,"[""Pantheon"", ""Rumble"", ""Ambessa"", ""Taliyah"", ""Ryze"", ""Xin Zhao"", ""Corki"", ""Lucian"", ""Leona"", ""Braum"", ""Wukong"", ""Sion"", ""K'Sante"", ""Trundle"", ""Aurora"", ""Sivir"", ""Xayah"", ""Alistar"", ""Rakan"", ""Morgana"", ""Annie"", ""Renekton"", ""Aatrox"", ""Sylas"", ""Skarner"", ""Neeko"", ""Miss Fortune"", ""Jhin"", ""Rell"", ""Tristana""]",30,False,100.0,45.0,0.45,100.0,45.0,0.45,5.0,0.4,10.0,0.6,50.0,0.54,12.0,0.5833333333333334,12.0,0.3333333333333333,102.0,50.0,0.49019607843137253,102.0,50.0,0.49019607843137253,5.0,0.8,10.0,0.6,50.0,0.56,3.0,0.6666666666666666,12.0,0.6666666666666666
LOLTMNT01_287805,2025,2025-09-13 06:11:13+00:00,LCK,1,Rounds 3-5,1,15.17,complete,,,Gen.G,oe:team:50f58982d91a36557ec8aec52ab014f,KT Rolster,oe:team:d723992568441c6bafa2658129eade7,BLUE,0,1,RED,KT Rolster,Neeko,Azir,Pantheon,Yunara,Ryze,Wukong,Orianna,Annie,Taliyah,Rumble,Aurora,Sion,Poppy,Corki,Bard,Alistar,Rakan,Jhin,Smolder,Jarvan IV,oe:team:50f58982d91a36557ec8aec52ab014f|oe:team:d723992568441c6bafa2658129eade7,2025_20250913_Gen_G_vs_KT_Rolster_S6,[],0,False,104.0,79.0,0.7596153846153846,104.0,79.0,0.7596153846153846,5.0,0.8,10.0,0.8,40.0,0.825,0.0,,11.0,0.9090909090909091,103.0,51.0,0.49514563106796117,103.0,51.0,0.49514563106796117,5.0,0.8,10.0,0.7,51.0,0.5686274509803921,4.0,0.75,11.0,0.09090909090909091
LOLTMNT01_288374,2025,2025-09-13 07:02:38+00:00,LCK,2,Rounds 3-5,1,15.17,complete,,,Gen.G,oe:team:50f58982d91a36557ec8aec52ab014f,KT Rolster,oe:team:d723992568441c6bafa2658129eade7,BLUE,1,0,BLUE,Gen.G,Neeko,Azir,Ryze,Trundle,Taliyah,Wukong,Lucian,Cassiopeia,Ornn,Rumble,Braum,Rakan,Corki,Vi,Xin Zhao,Jhin,Xayah,Qiyana,Gwen,Ambessa,oe:team:50f58982d91a36557ec8aec52ab014f|oe:team:d723992568441c6bafa2658129eade7,2025_20250913_Gen_G_vs_KT_Rolster_S6,"[""Pantheon"", ""Yunara"", ""Orianna"", ""Annie"", ""Aurora"", ""Sion"", ""Bard"", ""Alistar"", ""Smolder"", ""Jarvan IV""]",10,False,105.0,79.0,0.7523809523809524,105.0,79.0,0.7523809523809524,5.0,0.6,10.0,0.7,41.0,0.8048780487804879,1.0,0.0,12.0,0.8333333333333334,104.0,52.0,0.5,104.0,52.0,0.5,5.0,0.8,10.0,0.7,52.0,0.5769230769230769,5.0,0.8,12.0,0.16666666666666666
LOLTMNT01_288399,2025,2025-09-13 08:03:50+00:00,LCK,3,Rounds 3-5,1,15.17,complete,,,KT Rolster,oe:team:d723992568441c6bafa2658129eade7,Gen.G,oe:team:50f58982d91a36557ec8aec52ab014f,BLUE,0,1,RED,Gen.G,Poppy,Wukong,Taliyah,Galio,Neeko,Azir,K'Sante,Vi,Ornn,Rumble,Skarner,Rell,Kai'Sa,Renata Glasc,Xayah,Sivir,Yorick,Lulu,Leona,Camille,oe:team:50f58982d91a36557ec8aec52ab014f|oe:team:d723992568441c6bafa2658129eade7,2025_20250913_Gen_G_vs_KT_Rolster_S6,"[""Pantheon"", ""Yunara"", ""Orianna"", ""Annie"", ""Aurora"", ""Sion"", ""Bard"", ""Alistar"", ""Smolder"", ""Jarvan IV"", ""Ryze"", ""Trundle"", ""Lucian"", ""Cassiopeia"", ""Braum"", ""Rakan"", ""Xin Zhao"", ""Jhin"", ""Gwen"", ""Ambessa""]",20,False,105.0,52.0,0.49523809523809526,105.0,52.0,0.49523809523809526,5.0,0.8,10.0,0.6,52.0,0.4230769230769231,6.0,0.6666666666666666,13.0,0.15384615384615385,106.0,80.0,0.7547169811320755,106.0,80.0,0.7547169811320755,5.0,0.6,10.0,0.7,64.0,0.71875,2.0,0.5,13.0,0.8461538461538461
LOLTMNT01_288435,2025,2025-09-13 08:59:49+00:00,LCK,4,Rounds 3-5,1,15.17,complete,,,KT Rolster,oe:team:d723992568441c6bafa2658129eade7,Gen.G,oe:team:50f58982d91a36557ec8aec52ab014f,BLUE,1,0,BLUE,KT Rolster,Neeko,Azir,Renekton,Viktor,Jax,Wukong,Nautilus,Corki,Jayce,Rumble,Ziggs,Poppy,Ornn,Ivern,Nocturne,Blitzcrank,Gragas,Maokai,Zoe,Qiyana,oe:team:50f58982d91a36557ec8aec52ab014f|oe:team:d723992568441c6bafa2658129eade7,2025_20250913_Gen_G_vs_KT_Rolster_S6,"[""Pantheon"", ""Yunara"", ""Orianna"", ""Annie"", ""Aurora"", ""Sion"", ""Bard"", ""Alistar"", ""Smolder"", ""Jarvan IV"", ""Ryze"", ""Trundle"", ""Lucian"", ""Cassiopeia"", ""Braum"", ""Rakan"", ""Xin Zhao"", ""Jhin"", ""Gwen"", ""Ambessa"", ""Taliyah"", ""Galio"", ""K'Sante"", ""Vi"", ""Skarner"", ""Rell"", ""Xayah"", ""Sivir"", ""Leona"", ""Camille""]",30,False,106.0,52.0,0.49056603773584906,106.0,52.0,0.49056603773584906,5.0,0.6,10.0,0.6,53.0,0.41509433962264153,7.0,0.5714285714285714,14.0,0.14285714285714285,107.0,81.0,0.7570093457943925,107.0,81.0,0.7570093457943925,5.0,0.8,10.0,0.7,65.0,0.7230769230769231,3.0,0.6666666666666666,14.0,0.8571428571428571
LOLTMNT01_288450,2025,2025-09-13 10:01:01+00:00,LCK,5,Rounds 3-5,1,15.17,complete,,,Gen.G,oe:team:50f58982d91a36557ec8aec52ab014f,KT Rolster,oe:team:d723992568441c6bafa2658129eade7,BLUE,0,1,RED,KT Rolster,Tristana,Azir,Rumble,Wukong,Karma,Ornn,Lee Sin,Maokai,Neeko,Ahri,Twisted Fate,Yorick,Syndra,Pyke,Kalista,Ezreal,Mel,Lulu,Renata Glasc,Lissandra,oe:team:50f58982d91a36557ec8aec52ab014f|oe:team:d723992568441c6bafa2658129eade7,2025_20250913_Gen_G_vs_KT_Rolster_S6,"[""Pantheon"", ""Yunara"", ""Orianna"", ""Annie"", ""Aurora"", ""Sion"", ""Bard"", ""Alistar"", ""Smolder"", ""Jarvan IV"", ""Ryze"", ""Trundle"", ""Lucian"", ""Cassiopeia"", ""Braum"", ""Rakan"", ""Xin Zhao"", ""Jhin"", ""Gwen"", ""Ambessa"", ""Taliyah"", ""Galio"", ""K'Sante"", ""Vi"", ""Skarner"", ""Rell"", ""Xayah"", ""Sivir"", ""Leona"", ""Camille"", ""Renekton"", ""Viktor"", ""Nautilus"", ""Corki"", ""Ziggs"", ""Poppy"", ""Nocturne"", ""Blitzcrank"", ""Zoe"", ""Qiyana""]",40,False,108.0,81.0,0.75,108.0,81.0,0.75,5.0,0.6,10.0,0.7,42.0,0.8095238095238095,4.0,0.5,15.0,0.8,107.0,53.0,0.4953271028037383,107.0,53.0,0.4953271028037383,5.0,0.6,10.0,0.7,53.0,0.5660377358490566,8.0,0.625,15.0,0.2
LOLTMNT01_288565,2025,2025-09-14 06:11:34+00:00,LCK,1,Rounds 3-5,1,15.17,complete,,,Hanwha Life Esports,oe:team:3a1d18f46bcb3716ebcfcf4ef068934,T1,oe:team:ce499dea30cfce118f4fe85da0227e8,BLUE,1,0,BLUE,Hanwha Life Esports,Bard,Azir,Orianna,Neeko,Rumble,Yunara,Poppy,Jarvan IV,Wukong,Pantheon,Aurora,Galio,Sivir,Alistar,Lucian,Sion,Corki,Rakan,Braum,Kai'Sa,oe:team:3a1d18f46bcb3716ebcfcf4ef068934|oe:team:ce499dea30cfce118f4fe85da0227e8,2025_20250914_Hanwha_Life_Esports_vs_T1_S8,[],0,False,111.0,69.0,0.6216216216216216,111.0,69.0,0.6216216216216216,5.0,0.6,10.0,0.6,50.0,0.64,0.0,,19.0,0.42105263157894735,103.0,67.0,0.6504854368932039,103.0,67.0,0.6504854368932039,5.0,0.6,10.0,0.5,56.0,0.6071428571428571,5.0,0.6,19.0,0.5789473684210527
LOLTMNT01_288570,2025,2025-09-14 07:10:28+00:00,LCK,2,Rounds 3-5,1,15.17,complete,,,T1,oe:team:ce499dea30cfce118f4fe85da0227e8,Hanwha Life Esports,oe:team:3a1d18f46bcb3716ebcfcf4ef068934,BLUE,0,1,RED,Hanwha Life Esports,Taliyah,Bard,Pantheon,Ryze,Rumble,Azir,Annie,Ambessa,Yunara,Wukong,Gwen,Vi,Corki,Sivir,Xayah,Rell,Alistar,Rakan,Renata Glasc,Ziggs,oe:team:3a1d18f46bcb3716ebcfcf4ef068934|oe:team:ce499dea30cfce118f4fe85da0227e8,2025_20250914_Hanwha_Life_Esports_vs_T1_S8,"[""Orianna"", ""Neeko"", ""Poppy"", ""Jarvan IV"", ""Aurora"", ""Galio"", ""Lucian"", ""Sion"", ""Braum"", ""Kai'Sa""]",10,False,104.0,67.0,0.6442307692307693,104.0,67.0,0.6442307692307693,5.0,0.6,10.0,0.5,47.0,0.7021276595744681,6.0,0.5,20.0,0.55,112.0,70.0,0.625,112.0,70.0,0.625,5.0,0.8,10.0,0.6,61.0,0.6065573770491803,1.0,1.0,20.0,0.45
LOLTMNT01_289038,2025,2025-09-14 08:14:27+00:00,LCK,3,Rounds 3-5,1,15.17,complete,,,T1,oe:team:ce499dea30cfce118f4fe85da0227e8,Hanwha Life Esports,oe:team:3a1d18f46bcb3716ebcfcf4ef068934,BLUE,0,1,RED,Hanwha Life Esports,Taliyah,Bard,Yunara,Xin Zhao,Rumble,Azir,Rakan,Jax,Yone,Wukong,Gragas,Alistar,Corki,Viktor,Cassiopeia,Sylas,Twisted Fate,Trundle,Qiyana,Smolder,oe:team:3a1d18f46bcb3716ebcfcf4ef068934|oe:team:ce499dea30cfce118f4fe85da0227e8,2025_20250914_Hanwha_Life_Esports_vs_T1_S8,"[""Orianna"", ""Neeko"", ""Poppy"", ""Jarvan IV"", ""Aurora"", ""Galio"", ""Lucian"", ""Sion"", ""Braum"", ""Kai'Sa"", ""Pantheon"", ""Ryze"", ""Annie"", ""Ambessa"", ""Gwen"", ""Vi"", ""Xayah"", ""Rell"", ""Renata Glasc"", ""Ziggs""]",20,False,105.0,67.0,0.638095238095238,105.0,67.0,0.638095238095238,5.0,0.4,10.0,0.4,48.0,0.6875,7.0,0.42857142857142855,21.0,0.5238095238095238,113.0,71.0,0.6283185840707964,113.0,71.0,0.6283185840707964,5.0,0.8,10.0,0.6,62.0,0.6129032258064516,2.0,1.0,21.0,0.47619047619047616
LOLTMNT01_290095,2025,2025-09-17 08:12:41+00:00,LCK,1,Rounds 3-5,1,15.17,complete,,,BNK FEARX,oe:team:5c2e7e9ea8dfcba0150d9a5619baecf,Dplus Kia,oe:team:ef69efa6acebe94107f0cf1ba716806,BLUE,0,1,RED,Dplus Kia,Aurora,Azir,Rumble,Ambessa,Orianna,Wukong,Corki,Yunara,Ornn,Pantheon,Neeko,Jarvan IV,Lulu,Poppy,Annie,Bard,Karma,Xin Zhao,Qiyana,Ryze,oe:team:5c2e7e9ea8dfcba0150d9a5619baecf|oe:team:ef69efa6acebe94107f0cf1ba716806,2025_20250917_BNK_FEARX_vs_Dplus_Kia_S8,[],0,False,101.0,45.0,0.44554455445544555,101.0,45.0,0.44554455445544555,5.0,0.4,10.0,0.5,51.0,0.5294117647058824,13.0,0.5384615384615384,19.0,0.3684210526315789,123.0,69.0,0.5609756097560976,123.0,69.0,0.5609756097560976,5.0,0.4,10.0,0.7,65.0,0.5076923076923077,17.0,0.5882352941176471,19.0,0.631578947368421
LOLTMNT01_289566,2025,2025-09-17 09:17:49+00:00,LCK,2,Rounds 3-5,1,15.17,complete,,,BNK FEARX,oe:team:5c2e7e9ea8dfcba0150d9a5619baecf,Dplus Kia,oe:team:ef69efa6acebe94107f0cf1ba716806,BLUE,0,1,RED,Dplus Kia,Aurora,Azir,Pantheon,Xin Zhao,Orianna,Wukong,Lucian,Sion,Gwen,Taliyah,Braum,Ziggs,Leona,Aatrox,K'Sante,Rell,Alistar,Ahri,Viktor,Veigar,oe:team:5c2e7e9ea8dfcba0150d9a5619baecf|oe:team:ef69efa6acebe94107f0cf1ba716806,2025_20250917_BNK_FEARX_vs_Dplus_Kia_S8,"[""Rumble"", ""Ambessa"", ""Corki"", ""Yunara"", ""Neeko"", ""Jarvan IV"", ""Annie"", ""Bard"", ""Qiyana"", ""Ryze""]",10,False,102.0,45.0,0.4411764705882353,102.0,45.0,0.4411764705882353,5.0,0.2,10.0,0.5,52.0,0.5192307692307693,14.0,0.5,20.0,0.35,124.0,70.0,0.5645161290322581,124.0,70.0,0.5645161290322581,5.0,0.4,10.0,0.7,66.0,0.5151515151515151,18.0,0.6111111111111112,20.0,0.65
LOLTMNT01_290114,2025,2025-09-17 10:12:07+00:00,LCK,3,Rounds 3-5,1,15.17,complete,,,BNK FEARX,oe:team:5c2e7e9ea8dfcba0150d9a5619baecf,Dplus Kia,oe:team:ef69efa6acebe94107f0cf1ba716806,BLUE,1,0,BLUE,BNK FEARX,Aurora,Kai'Sa,Azir,Wukong,Orianna,Poppy,Renekton,Alistar,Gwen,Trundle,Naafiri,Taliyah,Ornn,Leona,Xayah,Jayce,Sivir,Renata Glasc,Rakan,Miss Fortune,oe:team:5c2e7e9ea8dfcba0150d9a5619baecf|oe:team:ef69efa6acebe94107f0cf1ba716806,2025_20250917_BNK_FEARX_vs_Dplus_Kia_S8,"[""Rumble"", ""Ambessa"", ""Corki"", ""Yunara"", ""Neeko"", ""Jarvan IV"", ""Annie"", ""Bard"", ""Qiyana"", ""Ryze"", ""Pantheon"", ""Xin Zhao"", ""Lucian"", ""Sion"", ""Braum"", ""Ziggs"", ""K'Sante"", ""Rell"", ""Viktor"", ""Veigar""]",20,False,103.0,45.0,0.4368932038834951,103.0,45.0,0.4368932038834951,5.0,0.0,10.0,0.4,53.0,0.5094339622641509,15.0,0.4666666666666667,21.0,0.3333333333333333,125.0,71.0,0.568,125.0,71.0,0.568,5.0,0.6,10.0,0.7,67.0,0.5223880597014925,19.0,0.631578947368421,21.0,0.6666666666666666
LOLTMNT01_290125,2025,2025-09-17 11:05:12+00:00,LCK,4,Rounds 3-5,1,15.17,complete,,,BNK FEARX,oe:team:5c2e7e9ea8dfcba0150d9a5619baecf,Dplus Kia,oe:team:ef69efa6acebe94107f0cf1ba716806,BLUE,0,1,RED,Dplus Kia,Aurora,Kai'Sa,Jax,Gnar,Orianna,Trundle,Sylas,Leona,Gwen,Vi,Nautilus,Sivir,Poppy,Zeri,Ezreal,Lee Sin,Ivern,Twisted Fate,Tristana,Zoe,oe:team:5c2e7e9ea8dfcba0150d9a5619baecf|oe:team:ef69efa6acebe94107f0cf1ba716806,2025_20250917_BNK_FEARX_vs_Dplus_Kia_S8,"[""Rumble"", ""Ambessa"", ""Corki"", ""Yunara"", ""Neeko"", ""Jarvan IV"", ""Annie"", ""Bard"", ""Qiyana"", ""Ryze"", ""Pantheon"", ""Xin Zhao"", ""Lucian"", ""Sion"", ""Braum"", ""Ziggs"", ""K'Sante"", ""Rell"", ""Viktor"", ""Veigar"", ""Azir"", ""Wukong"", ""Renekton"", ""Alistar"", ""Naafiri"", ""Taliyah"", ""Xayah"", ""Jayce"", ""Rakan"", ""Miss Fortune""]",30,False,104.0,46.0,0.4423076923076923,104.0,46.0,0.4423076923076923,5.0,0.2,10.0,0.4,54.0,0.5185185185185185,16.0,0.5,22.0,0.36363636363636365,126.0,71.0,0.5634920634920635,126.0,71.0,0.5634920634920635,5.0,0.6,10.0,0.6,68.0,0.5147058823529411,20.0,0.6,22.0,0.6363636363636364
LOLTMNT01_289676,2025,2025-09-18 08:13:43+00:00,LCK,1,Rounds 3-5,1,15.17,complete,,,T1,oe:team:ce499dea30cfce118f4fe85da0227e8,Dplus Kia,oe:team:ef69efa6acebe94107f0cf1ba716806,BLUE,0,1,RED,Dplus Kia,Jarvan IV,Azir,Ryze,Trundle,Yunara,Bard,Nocturne,Corki,Wukong,Orianna,Ambessa,Renekton,Neeko,Lucian,Ziggs,Cassiopeia,Alistar,Sivir,Poppy,Nautilus,oe:team:ce499dea30cfce118f4fe85da0227e8|oe:team:ef69efa6acebe94107f0cf1ba716806,2025_20250918_Dplus_Kia_vs_T1_S5,[],0,False,106.0,67.0,0.6320754716981132,106.0,67.0,0.6320754716981132,5.0,0.2,10.0,0.3,49.0,0.673469387755102,8.0,0.375,13.0,0.6153846153846154,127.0,72.0,0.5669291338582677,127.0,72.0,0.5669291338582677,5.0,0.6,10.0,0.6,69.0,0.5217391304347826,21.0,0.6190476190476191,13.0,0.38461538461538464
LOLTMNT01_289688,2025,2025-09-18 09:06:37+00:00,LCK,2,Rounds 3-5,1,15.17,complete,,,T1,oe:team:ce499dea30cfce118f4fe85da0227e8,Dplus Kia,oe:team:ef69efa6acebe94107f0cf1ba716806,BLUE,1,0,BLUE,T1,Aurora,Azir,Jarvan IV,Xin Zhao,Yunara,Orianna,Alistar,Lucian,Annie,Wukong,Sivir,Rumble,Braum,Ornn,Taliyah,Janna,Sylas,Viktor,Sion,Ahri,oe:team:ce499dea30cfce118f4fe85da0227e8|oe:team:ef69efa6acebe94107f0cf1ba716806,2025_20250918_Dplus_Kia_vs_T1_S5,"[""Ryze"", ""Trundle"", ""Nocturne"", ""Corki"", ""Ambessa"", ""Renekton"", ""Ziggs"", ""Cassiopeia"", ""Poppy"", ""Nautilus""]",10,False,107.0,67.0,0.6261682242990654,107.0,67.0,0.6261682242990654,5.0,0.2,10.0,0.3,50.0,0.66,9.0,0.3333333333333333,14.0,0.5714285714285714,128.0,73.0,0.5703125,128.0,73.0,0.5703125,5.0,0.8,10.0,0.6,70.0,0.5285714285714286,22.0,0.6363636363636364,14.0,0.42857142857142855
LOLTMNT01_289699,2025,2025-09-18 10:04:45+00:00,LCK,3,Rounds 3-5,1,15.17,complete,,,Dplus Kia,oe:team:ef69efa6acebe94107f0cf1ba716806,T1,oe:team:ce499dea30cfce118f4fe85da0227e8,BLUE,0,1,RED,T1,Bard,Azir,Wukong,Orianna,Qiyana,Yunara,Kai'Sa,Pantheon,Aurora,Annie,Neeko,Xayah,Rakan,Lissandra,Viktor,Lulu,Gragas,Akali,Aatrox,Kennen,oe:team:ce499dea30cfce118f4fe85da0227e8|oe:team:ef69efa6acebe94107f0cf1ba716806,2025_20250918_Dplus_Kia_vs_T1_S5,"[""Ryze"", ""Trundle"", ""Nocturne"", ""Corki"", ""Ambessa"", ""Renekton"", ""Ziggs"", ""Cassiopeia"", ""Poppy"", ""Nautilus"", ""Jarvan IV"", ""Xin Zhao"", ""Alistar"", ""Lucian"", ""Sivir"", ""Rumble"", ""Taliyah"", ""Janna"", ""Sion"", ""Ahri""]",20,False,129.0,73.0,0.5658914728682171,129.0,73.0,0.5658914728682171,5.0,0.6,10.0,0.5,58.0,0.6206896551724138,23.0,0.6086956521739131,15.0,0.4,108.0,68.0,0.6296296296296297,108.0,68.0,0.6296296296296297,5.0,0.2,10.0,0.4,57.0,0.5964912280701754,10.0,0.4,15.0,0.6
LOLTMNT01_289712,2025,2025-09-18 10:56:35+00:00,LCK,4,Rounds 3-5,1,15.17,complete,,,T1,oe:team:ce499dea30cfce118f4fe85da0227e8,Dplus Kia,oe:team:ef69efa6acebe94107f0cf1ba716806,BLUE,1,0,BLUE,T1,Qiyana,Azir,Annie,Jhin,Yunara,Aurora,Miss Fortune,Jax,Tristana,Bard,Leona,Morgana,Rell,Gragas,Gangplank,Naafiri,Rakan,Lee Sin,Sylas,Rammus,oe:team:ce499dea30cfce118f4fe85da0227e8|oe:team:ef69efa6acebe94107f0cf1ba716806,2025_20250918_Dplus_Kia_vs_T1_S5,"[""Ryze"", ""Trundle"", ""Nocturne"", ""Corki"", ""Ambessa"", ""Renekton"", ""Ziggs"", ""Cassiopeia"", ""Poppy"", ""Nautilus"", ""Jarvan IV"", ""Xin Zhao"", ""Alistar"", ""Lucian"", ""Sivir"", ""Rumble"", ""Taliyah"", ""Janna"", ""Sion"", ""Ahri"", ""Wukong"", ""Orianna"", ""Kai'Sa"", ""Pantheon"", ""Neeko"", ""Xayah"", ""Viktor"", ""Lulu"", ""Aatrox"", ""Kennen""]",30,False,109.0,69.0,0.6330275229357798,109.0,69.0,0.6330275229357798,5.0,0.4,10.0,0.5,51.0,0.6666666666666666,11.0,0.45454545454545453,16.0,0.625,130.0,73.0,0.5615384615384615,130.0,73.0,0.5615384615384615,5.0,0.4,10.0,0.5,71.0,0.5211267605633803,24.0,0.5833333333333334,16.0,0.375
LOLTMNT01_290456,2025,2025-09-20 06:07:09+00:00,LCK,1,Rounds 3-5,1,15.17,complete,,,Hanwha Life Esports,oe:team:3a1d18f46bcb3716ebcfcf4ef068934,KT Rolster,oe:team:d723992568441c6bafa2658129eade7,BLUE,1,0,BLUE,Hanwha Life Esports,Annie,Azir,Jarvan IV,Taliyah,Rumble,Poppy,Aurora,Xin Zhao,Yunara,Wukong,Corki,Sion,Sivir,Ambessa,Alistar,Kai'Sa,Lucian,Gwen,Rek'Sai,Rakan,oe:team:3a1d18f46bcb3716ebcfcf4ef068934|oe:team:d723992568441c6bafa2658129eade7,2025_20250920_Hanwha_Life_Esports_vs_KT_Rolster_S7,[],0,False,114.0,72.0,0.631578947368421,114.0,72.0,0.631578947368421,5.0,1.0,10.0,0.7,51.0,0.6470588235294118,3.0,1.0,15.0,0.7333333333333333,108.0,54.0,0.5,108.0,54.0,0.5,5.0,0.6,10.0,0.7,54.0,0.5740740740740741,9.0,0.6666666666666666,15.0,0.26666666666666666
LOLTMNT01_289914,2025,2025-09-20 06:59:22+00:00,LCK,2,Rounds 3-5,1,15.17,complete,,,KT Rolster,oe:team:d723992568441c6bafa2658129eade7,Hanwha Life Esports,oe:team:3a1d18f46bcb3716ebcfcf4ef068934,BLUE,0,1,RED,Hanwha Life Esports,Poppy,Azir,Rumble,Orianna,Neeko,Wukong,Trundle,Pantheon,Vi,Yunara,Annie,Sivir,Ambessa,Zeri,Jhin,Gwen,Braum,Lulu,Leona,Rell,oe:team:3a1d18f46bcb3716ebcfcf4ef068934|oe:team:d723992568441c6bafa2658129eade7,2025_20250920_Hanwha_Life_Esports_vs_KT_Rolster_S7,"[""Jarvan IV"", ""Taliyah"", ""Aurora"", ""Xin Zhao"", ""Corki"", ""Sion"", ""Alistar"", ""Kai'Sa"", ""Rek'Sai"", ""Rakan""]",10,False,109.0,54.0,0.4954128440366973,109.0,54.0,0.4954128440366973,5.0,0.4,10.0,0.6,54.0,0.42592592592592593,10.0,0.6,16.0,0.25,115.0,73.0,0.6347826086956522,115.0,73.0,0.6347826086956522,5.0,1.0,10.0,0.7,63.0,0.6190476190476191,4.0,1.0,16.0,0.75
LOLTMNT01_289916,2025,2025-09-20 07:54:22+00:00,LCK,3,Rounds 3-5,1,15.17,complete,,,KT Rolster,oe:team:d723992568441c6bafa2658129eade7,Hanwha Life Esports,oe:team:3a1d18f46bcb3716ebcfcf4ef068934,BLUE,0,1,RED,Hanwha Life Esports,Poppy,Azir,Ryze,Yunara,Ziggs,Wukong,K'Sante,Ambessa,Vi,Renekton,Smolder,Sejuani,Galio,Sylas,Nautilus,Twisted Fate,Yone,Skarner,Nocturne,Camille,oe:team:3a1d18f46bcb3716ebcfcf4ef068934|oe:team:d723992568441c6bafa2658129eade7,2025_20250920_Hanwha_Life_Esports_vs_KT_Rolster_S7,"[""Jarvan IV"", ""Taliyah"", ""Aurora"", ""Xin Zhao"", ""Corki"", ""Sion"", ""Alistar"", ""Kai'Sa"", ""Rek'Sai"", ""Rakan"", ""Rumble"", ""Orianna"", ""Trundle"", ""Pantheon"", ""Annie"", ""Sivir"", ""Jhin"", ""Gwen"", ""Leona"", ""Rell""]",20,False,110.0,54.0,0.4909090909090909,110.0,54.0,0.4909090909090909,5.0,0.4,10.0,0.6,55.0,0.41818181818181815,11.0,0.5454545454545454,17.0,0.23529411764705882,116.0,74.0,0.6379310344827587,116.0,74.0,0.6379310344827587,5.0,1.0,10.0,0.8,64.0,0.625,5.0,1.0,17.0,0.7647058823529411
LOLTMNT01_290576,2025,2025-09-21 06:08:55+00:00,LCK,1,Rounds 3-5,1,15.17,complete,,,Gen.G,oe:team:50f58982d91a36557ec8aec52ab014f,T1,oe:team:ce499dea30cfce118f4fe85da0227e8,BLUE,1,0,BLUE,Gen.G,Bard,Azir,Yunara,Orianna,Neeko,Wukong,Vi,Xin Zhao,Jarvan IV,Pantheon,Galio,Corki,Alistar,Rakan,Camille,Ambessa,Renekton,Aurora,Braum,Poppy,oe:team:50f58982d91a36557ec8aec52ab014f|oe:team:ce499dea30cfce118f4fe85da0227e8,2025_20250921_Gen_G_vs_T1_S7,[],0,False,109.0,81.0,0.7431192660550459,109.0,81.0,0.7431192660550459,5.0,0.4,10.0,0.6,43.0,0.7906976744186046,5.0,0.4,17.0,0.5882352941176471,110.0,70.0,0.6363636363636364,110.0,70.0,0.6363636363636364,5.0,0.6,10.0,0.5,58.0,0.603448275862069,12.0,0.5,17.0,0.4117647058823529
LOLTMNT01_290579,2025,2025-09-21 07:07:05+00:00,LCK,2,Rounds 3-5,1,15.17,complete,,,T1,oe:team:ce499dea30cfce118f4fe85da0227e8,Gen.G,oe:team:50f58982d91a36557ec8aec52ab014f,BLUE,1,0,BLUE,T1,Aurora,Azir,Jarvan IV,Annie,Pantheon,Wukong,Ryze,Qiyana,Neeko,Bard,Alistar,Sion,Rakan,Gwen,Miss Fortune,Jhin,Kai'Sa,Sivir,Aatrox,Leona,oe:team:50f58982d91a36557ec8aec52ab014f|oe:team:ce499dea30cfce118f4fe85da0227e8,2025_20250921_Gen_G_vs_T1_S7,"[""Yunara"", ""Orianna"", ""Vi"", ""Xin Zhao"", ""Galio"", ""Corki"", ""Camille"", ""Ambessa"", ""Braum"", ""Poppy""]",10,False,111.0,70.0,0.6306306306306306,111.0,70.0,0.6306306306306306,5.0,0.6,10.0,0.4,52.0,0.6730769230769231,13.0,0.46153846153846156,18.0,0.3888888888888889,110.0,82.0,0.7454545454545455,110.0,82.0,0.7454545454545455,5.0,0.6,10.0,0.6,66.0,0.7121212121212122,6.0,0.5,18.0,0.6111111111111112
LOLTMNT01_291045,2025,2025-09-21 07:59:49+00:00,LCK,3,Rounds 3-5,1,15.17,complete,,,Gen.G,oe:team:50f58982d91a36557ec8aec52ab014f,T1,oe:team:ce499dea30cfce118f4fe85da0227e8,BLUE,0,1,RED,T1,Bard,Azir,Neeko,Sivir,Trundle,Aurora,Pantheon,Wukong,Rakan,Kai'Sa,Gwen,Jax,Lulu,Zeri,Xayah,Taliyah,Nautilus,Smolder,Ahri,Karma,oe:team:50f58982d91a36557ec8aec52ab014f|oe:team:ce499dea30cfce118f4fe85da0227e8,2025_20250921_Gen_G_vs_T1_S7,"[""Yunara"", ""Orianna"", ""Vi"", ""Xin Zhao"", ""Galio"", ""Corki"", ""Camille"", ""Ambessa"", ""Braum"", ""Poppy"", ""Jarvan IV"", ""Annie"", ""Ryze"", ""Qiyana"", ""Alistar"", ""Sion"", ""Miss Fortune"", ""Jhin"", ""Aatrox"", ""Leona""]",20,False,111.0,82.0,0.7387387387387387,111.0,82.0,0.7387387387387387,5.0,0.4,10.0,0.5,44.0,0.7954545454545454,7.0,0.42857142857142855,19.0,0.5789473684210527,112.0,71.0,0.6339285714285714,112.0,71.0,0.6339285714285714,5.0,0.8,10.0,0.5,59.0,0.5932203389830508,14.0,0.5,19.0,0.42105263157894735
LOLTMNT01_291064,2025,2025-09-21 08:57:05+00:00,LCK,4,Rounds 3-5,1,15.17,complete,,,T1,oe:team:ce499dea30cfce118f4fe85da0227e8,Gen.G,oe:team:50f58982d91a36557ec8aec52ab014f,BLUE,0,1,RED,Gen.G,Rumble,Azir,Sylas,K'Sante,Maokai,Bard,Renata Glasc,Kalista,Ziggs,Aurora,Varus,Blitzcrank,Viktor,Ornn,Rek'Sai,Skarner,Nidalee,Renekton,Twisted Fate,Cassiopeia,oe:team:50f58982d91a36557ec8aec52ab014f|oe:team:ce499dea30cfce118f4fe85da0227e8,2025_20250921_Gen_G_vs_T1_S7,"[""Yunara"", ""Orianna"", ""Vi"", ""Xin Zhao"", ""Galio"", ""Corki"", ""Camille"", ""Ambessa"", ""Braum"", ""Poppy"", ""Jarvan IV"", ""Annie"", ""Ryze"", ""Qiyana"", ""Alistar"", ""Sion"", ""Miss Fortune"", ""Jhin"", ""Aatrox"", ""Leona"", ""Neeko"", ""Sivir"", ""Pantheon"", ""Wukong"", ""Gwen"", ""Jax"", ""Xayah"", ""Taliyah"", ""Ahri"", ""Karma""]",30,False,113.0,72.0,0.6371681415929203,113.0,72.0,0.6371681415929203,5.0,0.8,10.0,0.5,53.0,0.6792452830188679,15.0,0.5333333333333333,20.0,0.45,112.0,82.0,0.7321428571428571,112.0,82.0,0.7321428571428571,5.0,0.2,10.0,0.5,67.0,0.7014925373134329,8.0,0.375,20.0,0.55
LOLTMNT01_291071,2025,2025-09-21 09:50:24+00:00,LCK,5,Rounds 3-5,1,15.17,complete,,,T1,oe:team:ce499dea30cfce118f4fe85da0227e8,Gen.G,oe:team:50f58982d91a36557ec8aec52ab014f,BLUE,0,1,RED,Gen.G,Kai'Sa,Azir,Ziggs,Ornn,Smolder,Bard,Jayce,Rakan,Aurora,Trundle,Maokai,Nocturne,Zeri,Zoe,Yone,Lucian,Lissandra,Viktor,Lillia,Vex,oe:team:50f58982d91a36557ec8aec52ab014f|oe:team:ce499dea30cfce118f4fe85da0227e8,2025_20250921_Gen_G_vs_T1_S7,"[""Yunara"", ""Orianna"", ""Vi"", ""Xin Zhao"", ""Galio"", ""Corki"", ""Camille"", ""Ambessa"", ""Braum"", ""Poppy"", ""Jarvan IV"", ""Annie"", ""Ryze"", ""Qiyana"", ""Alistar"", ""Sion"", ""Miss Fortune"", ""Jhin"", ""Aatrox"", ""Leona"", ""Neeko"", ""Sivir"", ""Pantheon"", ""Wukong"", ""Gwen"", ""Jax"", ""Xayah"", ""Taliyah"", ""Ahri"", ""Karma"", ""Sylas"", ""K'Sante"", ""Renata Glasc"", ""Kalista"", ""Varus"", ""Blitzcrank"", ""Rek'Sai"", ""Skarner"", ""Twisted Fate"", ""Cassiopeia""]",40,False,114.0,72.0,0.631578947368421,114.0,72.0,0.631578947368421,5.0,0.6,10.0,0.5,54.0,0.6666666666666666,16.0,0.5,21.0,0.42857142857142855,113.0,83.0,0.7345132743362832,113.0,83.0,0.7345132743362832,5.0,0.4,10.0,0.5,68.0,0.7058823529411765,9.0,0.4444444444444444,21.0,0.5714285714285714
LOLTMNT01_290897,2025,2025-09-27 05:23:49+00:00,LCK,1,Rounds 3-5,1,15.17,complete,,,KT Rolster,oe:team:d723992568441c6bafa2658129eade7,Gen.G,oe:team:50f58982d91a36557ec8aec52ab014f,BLUE,0,1,RED,Gen.G,Pantheon,Azir,Yunara,Orianna,Galio,Wukong,Poppy,Jarvan IV,Neeko,Ryze,Annie,Corki,Gwen,Ornn,Nautilus,Rumble,Alistar,Lulu,Ambessa,Rell,oe:team:50f58982d91a36557ec8aec52ab014f|oe:team:d723992568441c6bafa2658129eade7,2025_20250927_Gen_G_vs_KT_Rolster_S7,[],0,False,111.0,54.0,0.4864864864864865,111.0,54.0,0.4864864864864865,5.0,0.4,10.0,0.5,56.0,0.4107142857142857,12.0,0.5,16.0,0.25,114.0,84.0,0.7368421052631579,114.0,84.0,0.7368421052631579,5.0,0.6,10.0,0.5,69.0,0.7101449275362319,10.0,0.5,16.0,0.75
LOLTMNT01_290898,2025,2025-09-27 06:19:47+00:00,LCK,2,Rounds 3-5,1,15.17,complete,,,KT Rolster,oe:team:d723992568441c6bafa2658129eade7,Gen.G,oe:team:50f58982d91a36557ec8aec52ab014f,BLUE,0,1,RED,Gen.G,Pantheon,Azir,Neeko,Xin Zhao,Vi,Wukong,Trundle,Taliyah,Alistar,Ryze,Akali,Rakan,Xayah,Kai'Sa,Sion,Sivir,Gwen,Jhin,Zeri,Aatrox,oe:team:50f58982d91a36557ec8aec52ab014f|oe:team:d723992568441c6bafa2658129eade7,2025_20250927_Gen_G_vs_KT_Rolster_S7,"[""Yunara"", ""Orianna"", ""Poppy"", ""Jarvan IV"", ""Annie"", ""Corki"", ""Nautilus"", ""Rumble"", ""Ambessa"", ""Rell""]",10,False,112.0,54.0,0.48214285714285715,112.0,54.0,0.48214285714285715,5.0,0.2,10.0,0.4,57.0,0.40350877192982454,13.0,0.46153846153846156,17.0,0.23529411764705882,115.0,85.0,0.7391304347826086,115.0,85.0,0.7391304347826086,5.0,0.6,10.0,0.6,70.0,0.7142857142857143,11.0,0.5454545454545454,17.0,0.7647058823529411
LOLTMNT01_291427,2025,2025-09-27 07:11:22+00:00,LCK,3,Rounds 3-5,1,15.17,complete,,,KT Rolster,oe:team:d723992568441c6bafa2658129eade7,Gen.G,oe:team:50f58982d91a36557ec8aec52ab014f,BLUE,0,1,RED,Gen.G,Pantheon,Azir,Vi,Alistar,Galio,Wukong,Ziggs,Maokai,Aurora,Ryze,Leona,Yone,Kai'Sa,Smolder,Ahri,Jhin,Gwen,Twisted Fate,Renekton,Ornn,oe:team:50f58982d91a36557ec8aec52ab014f|oe:team:d723992568441c6bafa2658129eade7,2025_20250927_Gen_G_vs_KT_Rolster_S7,"[""Yunara"", ""Orianna"", ""Poppy"", ""Jarvan IV"", ""Annie"", ""Corki"", ""Nautilus"", ""Rumble"", ""Ambessa"", ""Rell"", ""Neeko"", ""Xin Zhao"", ""Trundle"", ""Taliyah"", ""Akali"", ""Rakan"", ""Sion"", ""Sivir"", ""Zeri"", ""Aatrox""]",20,False,113.0,54.0,0.4778761061946903,113.0,54.0,0.4778761061946903,5.0,0.0,10.0,0.3,58.0,0.39655172413793105,14.0,0.42857142857142855,18.0,0.2222222222222222,116.0,86.0,0.7413793103448276,116.0,86.0,0.7413793103448276,5.0,0.8,10.0,0.6,71.0,0.7183098591549296,12.0,0.5833333333333334,18.0,0.7777777777777778
LOLTMNT01_290949,2025,2025-09-28 05:30:31+00:00,LCK,1,Rounds 3-5,1,15.17,complete,,,Hanwha Life Esports,oe:team:3a1d18f46bcb3716ebcfcf4ef068934,Gen.G,oe:team:50f58982d91a36557ec8aec52ab014f,BLUE,0,1,RED,Gen.G,Galio,Azir,Orianna,Ryze,Yunara,Wukong,Poppy,Vi,Pantheon,Jarvan IV,Corki,Neeko,Kai'Sa,Alistar,Aurora,Ezreal,Sivir,Ambessa,Rell,Sion,oe:team:3a1d18f46bcb3716ebcfcf4ef068934|oe:team:50f58982d91a36557ec8aec52ab014f,2025_20250928_Gen_G_vs_Hanwha_Life_Esports_S10,[],0,False,117.0,75.0,0.6410256410256411,117.0,75.0,0.6410256410256411,5.0,1.0,10.0,0.9,52.0,0.6538461538461539,6.0,1.0,30.0,0.36666666666666664,117.0,87.0,0.7435897435897436,117.0,87.0,0.7435897435897436,5.0,1.0,10.0,0.6,72.0,0.7222222222222222,13.0,0.6153846153846154,30.0,0.6333333333333333
LOLTMNT01_290950,2025,2025-09-28 06:24:02+00:00,LCK,2,Rounds 3-5,1,15.17,complete,,,Hanwha Life Esports,oe:team:3a1d18f46bcb3716ebcfcf4ef068934,Gen.G,oe:team:50f58982d91a36557ec8aec52ab014f,BLUE,0,1,RED,Gen.G,Galio,Azir,Yunara,Taliyah,Annie,Wukong,Rumble,Xin Zhao,Pantheon,Jarvan IV,Trundle,Rakan,Sivir,Alistar,Akali,Gwen,Xayah,Lulu,Leona,Kai'Sa,oe:team:3a1d18f46bcb3716ebcfcf4ef068934|oe:team:50f58982d91a36557ec8aec52ab014f,2025_20250928_Gen_G_vs_Hanwha_Life_Esports_S10,"[""Orianna"", ""Ryze"", ""Poppy"", ""Vi"", ""Corki"", ""Neeko"", ""Aurora"", ""Ezreal"", ""Rell"", ""Sion""]",10,False,118.0,75.0,0.635593220338983,118.0,75.0,0.635593220338983,5.0,0.8,10.0,0.8,53.0,0.6415094339622641,7.0,0.8571428571428571,31.0,0.3548387096774194,118.0,88.0,0.7457627118644068,118.0,88.0,0.7457627118644068,5.0,1.0,10.0,0.7,73.0,0.726027397260274,14.0,0.6428571428571429,31.0,0.6451612903225806
LOLTMNT01_290952,2025,2025-09-28 07:27:40+00:00,LCK,3,Rounds 3-5,1,15.17,complete,,,Hanwha Life Esports,oe:team:3a1d18f46bcb3716ebcfcf4ef068934,Gen.G,oe:team:50f58982d91a36557ec8aec52ab014f,BLUE,1,0,BLUE,Hanwha Life Esports,Annie,Azir,Jarvan IV,Alistar,Renekton,Wukong,Sylas,Galio,Pantheon,Lucian,Ambessa,K'Sante,Sivir,Lulu,Smolder,Lee Sin,Skarner,Renata Glasc,Braum,Ziggs,oe:team:3a1d18f46bcb3716ebcfcf4ef068934|oe:team:50f58982d91a36557ec8aec52ab014f,2025_20250928_Gen_G_vs_Hanwha_Life_Esports_S10,"[""Orianna"", ""Ryze"", ""Poppy"", ""Vi"", ""Corki"", ""Neeko"", ""Aurora"", ""Ezreal"", ""Rell"", ""Sion"", ""Yunara"", ""Taliyah"", ""Rumble"", ""Xin Zhao"", ""Trundle"", ""Rakan"", ""Akali"", ""Gwen"", ""Leona"", ""Kai'Sa""]",20,False,119.0,75.0,0.6302521008403361,119.0,75.0,0.6302521008403361,5.0,0.6,10.0,0.8,54.0,0.6296296296296297,8.0,0.75,32.0,0.34375,119.0,89.0,0.7478991596638656,119.0,89.0,0.7478991596638656,5.0,1.0,10.0,0.8,74.0,0.7297297297297297,15.0,0.6666666666666666,32.0,0.65625
LOLTMNT01_290953,2025,2025-09-28 08:21:35+00:00,LCK,4,Rounds 3-5,1,15.17,complete,,,Gen.G,oe:team:50f58982d91a36557ec8aec52ab014f,Hanwha Life Esports,oe:team:3a1d18f46bcb3716ebcfcf4ef068934,BLUE,1,0,BLUE,Gen.G,Yone,Azir,Pantheon,Skarner,Sivir,Wukong,Cassiopeia,Viktor,Maokai,Annie,Blitzcrank,Pyke,Jhin,Aatrox,Xayah,Ornn,Jax,Kalista,Yorick,Lucian,oe:team:3a1d18f46bcb3716ebcfcf4ef068934|oe:team:50f58982d91a36557ec8aec52ab014f,2025_20250928_Gen_G_vs_Hanwha_Life_Esports_S10,"[""Orianna"", ""Ryze"", ""Poppy"", ""Vi"", ""Corki"", ""Neeko"", ""Aurora"", ""Ezreal"", ""Rell"", ""Sion"", ""Yunara"", ""Taliyah"", ""Rumble"", ""Xin Zhao"", ""Trundle"", ""Rakan"", ""Akali"", ""Gwen"", ""Leona"", ""Kai'Sa"", ""Jarvan IV"", ""Alistar"", ""Sylas"", ""Galio"", ""Ambessa"", ""K'Sante"", ""Smolder"", ""Lee Sin"", ""Braum"", ""Ziggs""]",30,False,120.0,89.0,0.7416666666666667,120.0,89.0,0.7416666666666667,5.0,0.8,10.0,0.7,45.0,0.7777777777777778,16.0,0.625,33.0,0.6363636363636364,120.0,76.0,0.6333333333333333,120.0,76.0,0.6333333333333333,5.0,0.6,10.0,0.8,65.0,0.6307692307692307,9.0,0.7777777777777778,33.0,0.36363636363636365
