game_id,date,league,year,game_number,split,playoffs,patch,datacompleteness,source_url,blue_team,blue_team_id,red_team,red_team_id,blue_result,red_result,winner_side,winner_team,first_pick_side,blue_ban1,red_ban1,blue_pick1,red_pick1,blue_ban2,red_ban2,blue_pick2,red_pick2,blue_ban3,red_ban3,blue_pick3,red_pick3,blue_ban4,red_ban4,blue_pick4,red_pick4,blue_ban5,red_ban5,blue_pick5,red_pick5,blue_gamelength,red_gamelength,blue_kills,red_kills,blue_deaths,red_deaths,blue_assists,red_assists,blue_firstblood,red_firstblood,blue_firstdragon,red_firstdragon,blue_dragons,red_dragons,blue_heralds,red_heralds,blue_void_grubs,red_void_grubs,blue_firstbaron,red_firstbaron,blue_barons,red_barons,blue_firsttower,red_firsttower,blue_towers,red_towers,blue_inhibitors,red_inhibitors,blue_damagetochampions,red_damagetochampions,blue_wardsplaced,red_wardsplaced,blue_wardskilled,red_wardskilled,blue_visionscore,red_visionscore,blue_totalgold,red_totalgold,blue_earnedgold,red_earnedgold,blue_goldspent,red_goldspent,blue_golddiffat10,red_golddiffat10,blue_golddiffat15,red_golddiffat15,blue_golddiffat20,red_golddiffat20,blue_xpdiffat10,red_xpdiffat10,blue_xpdiffat15,red_xpdiffat15,blue_xpdiffat20,red_xpdiffat20,blue_csdiffat10,red_csdiffat10,blue_csdiffat15,red_csdiffat15,blue_csdiffat20,red_csdiffat20,team_pair,series_id,blue_series_wins_before,red_series_wins_before,series_games_before,fearless_unavailable_before_game,fearless_unavailable_count,fearless_repeat_detected,blue_games_before,blue_wins_before,blue_win_rate_before,blue_side_games_before,blue_side_win_rate_before,blue_patch_games_before,blue_patch_win_rate_before,red_games_before,red_wins_before,red_win_rate_before,red_side_games_before,red_side_win_rate_before,red_patch_games_before,red_patch_win_rate_before,blue_h2h_games_before,blue_h2h_win_rate_before,red_h2h_games_before,red_h2h_win_rate_before
LOLTMNT03_337058,2026-01-14 08:13:43+00:00,LCK,2026,1,Cup,0,16.01,complete,,DN SOOPers,oe:team:b3c72a20aa56f5d28022ac04a7dc294,KT Rolster,oe:team:d723992568441c6bafa2658129eade7,1,0,BLUE,DN SOOPers,RED,Jayce,Neeko,Rumble,Malphite,Azir,Vi,Wukong,Yunara,Orianna,Sylas,Ahri,Taliyah,Ambessa,Rakan,Corki,Alistar,Nautilus,Aphelios,Pantheon,K'Sante,1888,1888,19,8,8,19,42,20,1.0,0.0,1.0,0.0,4.0,0.0,1.0,0.0,2.0,1.0,1.0,0.0,1.0,0.0,1.0,0.0,8.0,3.0,1.0,0.0,80188,55927,119,122,69,53,351,314,65894,56912,45258,36276,58051,55325,1979.0,-1979.0,513.0,-513.0,4410.0,-4410.0,1580.0,-1580.0,1888.0,-1888.0,6065.0,-6065.0,47.0,-47.0,57.0,-57.0,85.0,-85.0,oe:team:b3c72a20aa56f5d28022ac04a7dc294|oe:team:d723992568441c6bafa2658129eade7,LCK_20260114_DN_SOOPers_vs_KT_Rolster_S1,0,0,0,[],0,False,0.0,0.0,,0.0,,0.0,,0.0,0.0,,0.0,,0.0,,0.0,,0.0,
LOLTMNT03_337069,2026-01-14 09:06:16+00:00,LCK,2026,2,Cup,0,16.01,complete,,DN SOOPers,oe:team:b3c72a20aa56f5d28022ac04a7dc294,KT Rolster,oe:team:d723992568441c6bafa2658129eade7,0,1,RED,KT Rolster,RED,Jayce,Neeko,Ashe,Ryze,Azir,Vi,Dr. Mundo,Lucian,Orianna,Cassiopeia,Viktor,Braum,Jarvan IV,Renata Glasc,Soraka,Renekton,Nocturne,Lulu,Sion,Sylas,1650,1650,0,14,14,0,0,36,0.0,1.0,0.0,1.0,0.0,4.0,1.0,0.0,3.0,0.0,0.0,1.0,0.0,1.0,0.0,1.0,1.0,9.0,0.0,1.0,66884,73004,97,96,44,44,256,261,44413,62572,26205,44364,42535,53395,-45.0,45.0,-1719.0,1719.0,-4792.0,4792.0,500.0,-500.0,-456.0,456.0,-2125.0,2125.0,27.0,-27.0,-4.0,4.0,-44.0,44.0,oe:team:b3c72a20aa56f5d28022ac04a7dc294|oe:team:d723992568441c6bafa2658129eade7,LCK_20260114_DN_SOOPers_vs_KT_Rolster_S1,1,0,1,"[""Rumble"", ""Malphite"", ""Wukong"", ""Yunara"", ""Ahri"", ""Taliyah"", ""Corki"", ""Alistar"", ""Pantheon"", ""K'Sante""]",10,False,1.0,1.0,1.0,1.0,1.0,1.0,1.0,1.0,0.0,0.0,1.0,0.0,1.0,0.0,1.0,1.0,1.0,0.0
LOLTMNT03_337081,2026-01-14 09:54:54+00:00,LCK,2026,3,Cup,0,16.01,complete,,KT Rolster,oe:team:d723992568441c6bafa2658129eade7,DN SOOPers,oe:team:b3c72a20aa56f5d28022ac04a7dc294,1,0,BLUE,KT Rolster,RED,Vi,Poppy,Aphelios,Ambessa,Neeko,Jayce,Jarvan IV,Nocturne,Orianna,Azir,Thresh,Ziggs,Nautilus,Akali,Rek'Sai,Aurora,Leona,Mel,Zoe,Rell,2197,2197,17,14,14,17,41,36,1.0,0.0,1.0,0.0,4.0,1.0,1.0,0.0,3.0,0.0,,,0.0,0.0,1.0,0.0,7.0,3.0,1.0,0.0,90176,108874,128,160,89,57,423,370,72930,67984,49143,44197,65750,66830,2301.0,-2301.0,563.0,-563.0,1068.0,-1068.0,547.0,-547.0,-717.0,717.0,-1803.0,1803.0,21.0,-21.0,28.0,-28.0,23.0,-23.0,oe:team:b3c72a20aa56f5d28022ac04a7dc294|oe:team:d723992568441c6bafa2658129eade7,LCK_20260114_DN_SOOPers_vs_KT_Rolster_S1,1,1,2,"[""Rumble"", ""Malphite"", ""Wukong"", ""Yunara"", ""Ahri"", ""Taliyah"", ""Corki"", ""Alistar"", ""Pantheon"", ""K'Sante"", ""Ashe"", ""Ryze"", ""Dr. Mundo"", ""Lucian"", ""Viktor"", ""Braum"", ""Soraka"", ""Renekton"", ""Sion"", ""Sylas""]",20,False,2.0,1.0,0.5,0.0,,2.0,0.5,2.0,1.0,0.5,0.0,,2.0,0.5,2.0,0.5,2.0,0.5
LOLTMNT03_337109,2026-01-14 11:22:18+00:00,LCK,2026,1,Cup,0,16.01,complete,,Dplus Kia,oe:team:ef69efa6acebe94107f0cf1ba716806,HANJIN BRION,oe:team:b77b3f6068e20a2b3edc0ecd3dc70d4,1,0,BLUE,Dplus Kia,RED,Azir,Qiyana,Jarvan IV,Neeko,Jayce,Malphite,Ryze,Xin Zhao,Orianna,Rumble,Ambessa,Taliyah,Renekton,Bard,Karma,Yunara,Kai'Sa,Lucian,Ezreal,Rek'Sai,1699,1699,22,7,7,22,47,17,1.0,0.0,1.0,0.0,3.0,0.0,1.0,0.0,3.0,0.0,1.0,0.0,1.0,0.0,1.0,0.0,10.0,0.0,1.0,0.0,102542,60005,101,106,47,40,278,240,64874,49631,46166,30923,58703,48365,2220.0,-2220.0,4255.0,-4255.0,7853.0,-7853.0,1425.0,-1425.0,3108.0,-3108.0,5198.0,-5198.0,30.0,-30.0,63.0,-63.0,94.0,-94.0,oe:team:b77b3f6068e20a2b3edc0ecd3dc70d4|oe:team:ef69efa6acebe94107f0cf1ba716806,LCK_20260114_Dplus_Kia_vs_HANJIN_BRION_S1,0,0,0,[],0,False,0.0,0.0,,0.0,,0.0,,0.0,0.0,,0.0,,0.0,,0.0,,0.0,
LOLTMNT03_336084,2026-01-14 12:11:18+00:00,LCK,2026,2,Cup,0,16.01,complete,,Dplus Kia,oe:team:ef69efa6acebe94107f0cf1ba716806,HANJIN BRION,oe:team:b77b3f6068e20a2b3edc0ecd3dc70d4,1,0,BLUE,Dplus Kia,RED,Azir,Qiyana,Rumble,Orianna,Jayce,Malphite,Pantheon,Nocturne,Vi,Akali,LeBlanc,K'Sante,Rakan,Lucian,Bard,Jhin,Nautilus,Kalista,Sivir,Elise,1530,1530,27,7,7,27,52,13,1.0,0.0,1.0,0.0,2.0,0.0,1.0,0.0,1.0,2.0,1.0,0.0,1.0,0.0,1.0,0.0,8.0,0.0,1.0,0.0,91699,69796,91,92,41,29,260,230,59059,42928,42075,25944,51930,41085,2280.0,-2280.0,5437.0,-5437.0,7105.0,-7105.0,2045.0,-2045.0,5109.0,-5109.0,5036.0,-5036.0,31.0,-31.0,69.0,-69.0,77.0,-77.0,oe:team:b77b3f6068e20a2b3edc0ecd3dc70d4|oe:team:ef69efa6acebe94107f0cf1ba716806,LCK_20260114_Dplus_Kia_vs_HANJIN_BRION_S1,1,0,1,"[""Jarvan IV"", ""Neeko"", ""Ryze"", ""Xin Zhao"", ""Ambessa"", ""Taliyah"", ""Karma"", ""Yunara"", ""Ezreal"", ""Rek'Sai""]",10,False,1.0,1.0,1.0,1.0,1.0,1.0,1.0,1.0,0.0,0.0,1.0,0.0,1.0,0.0,1.0,1.0,1.0,0.0
LOLTMNT03_336244,2026-01-15 08:05:23+00:00,LCK,2026,1,Cup,0,16.01,complete,,Kiwoom DRX,oe:team:1d0389df0c5eea93b04122ba167c010,Gen.G,oe:team:50f58982d91a36557ec8aec52ab014f,0,1,RED,Gen.G,RED,Rumble,Neeko,Yunara,Azir,Jayce,Malphite,Xin Zhao,Pantheon,Poppy,Varus,Orianna,Corki,K'Sante,Lulu,Alistar,Renekton,Sion,Bard,Kennen,Nami,1782,1782,7,16,16,7,14,35,1.0,0.0,1.0,0.0,2.0,2.0,0.0,1.0,1.0,2.0,1.0,0.0,1.0,0.0,0.0,1.0,5.0,8.0,0.0,1.0,71844,85611,98,103,38,53,271,312,52005,60101,32451,40547,49650,52438,953.0,-953.0,368.0,-368.0,-4653.0,4653.0,1116.0,-1116.0,498.0,-498.0,-4072.0,4072.0,10.0,-10.0,13.0,-13.0,-28.0,28.0,oe:team:1d0389df0c5eea93b04122ba167c010|oe:team:50f58982d91a36557ec8aec52ab014f,LCK_20260115_Gen_G_vs_Kiwoom_DRX_S1,0,0,0,[],0,False,0.0,0.0,,0.0,,0.0,,0.0,0.0,,0.0,,0.0,,0.0,,0.0,
LOLTMNT03_336246,2026-01-15 08:56:47+00:00,LCK,2026,2,Cup,0,16.01,complete,,Gen.G,oe:team:50f58982d91a36557ec8aec52ab014f,Kiwoom DRX,oe:team:1d0389df0c5eea93b04122ba167c010,1,0,BLUE,Gen.G,BLUE,Neeko,Rumble,Ryze,Cassiopeia,Sylas,Jayce,Ambessa,Jarvan IV,Vi,Malphite,Wukong,Bard,Varus,Nautilus,Ezreal,Sion,Sivir,Rakan,Leona,Jhin,1469,1469,34,5,5,34,54,10,1.0,0.0,1.0,0.0,3.0,0.0,1.0,0.0,0.0,3.0,1.0,0.0,1.0,0.0,1.0,0.0,9.0,0.0,1.0,0.0,104601,58163,93,76,36,23,255,183,57959,39233,41597,22871,52861,36700,1905.0,-1905.0,5562.0,-5562.0,11233.0,-11233.0,368.0,-368.0,3494.0,-3494.0,8471.0,-8471.0,39.0,-39.0,73.0,-73.0,125.0,-125.0,oe:team:1d0389df0c5eea93b04122ba167c010|oe:team:50f58982d91a36557ec8aec52ab014f,LCK_20260115_Gen_G_vs_Kiwoom_DRX_S1,1,0,1,"[""Yunara"", ""Azir"", ""Xin Zhao"", ""Pantheon"", ""Orianna"", ""Corki"", ""Alistar"", ""Renekton"", ""Kennen"", ""Nami""]",10,False,1.0,1.0,1.0,0.0,,1.0,1.0,1.0,0.0,0.0,0.0,,1.0,0.0,1.0,1.0,1.0,0.0
LOLTMNT03_337298,2026-01-15 10:15:24+00:00,LCK,2026,1,Cup,0,16.01,complete,,Nongshim RedForce,oe:team:5cd2cd09ec94296f605dd13a2924d6c,BNK FEARX,oe:team:5c2e7e9ea8dfcba0150d9a5619baecf,0,1,RED,BNK FEARX,BLUE,Vi,Rumble,Malphite,Yunara,Azir,Orianna,Aphelios,Nautilus,Sylas,Jayce,Taliyah,Ahri,Ambessa,Alistar,Sion,Lulu,Dr. Mundo,Neeko,Karma,Rek'Sai,2070,2070,13,26,26,13,32,67,0.0,1.0,0.0,1.0,2.0,3.0,1.0,0.0,0.0,3.0,0.0,1.0,0.0,1.0,1.0,0.0,6.0,7.0,1.0,1.0,110029,131330,138,127,55,57,357,350,65770,73167,43278,50675,63940,64410,285.0,-285.0,78.0,-78.0,1513.0,-1513.0,651.0,-651.0,1016.0,-1016.0,3005.0,-3005.0,15.0,-15.0,29.0,-29.0,26.0,-26.0,oe:team:5c2e7e9ea8dfcba0150d9a5619baecf|oe:team:5cd2cd09ec94296f605dd13a2924d6c,LCK_20260115_BNK_FEARX_vs_Nongshim_RedForce_S1,0,0,0,[],0,False,0.0,0.0,,0.0,,0.0,,0.0,0.0,,0.0,,0.0,,0.0,,0.0,
LOLTMNT03_337304,2026-01-15 11:14:42+00:00,LCK,2026,2,Cup,0,16.01,complete,,BNK FEARX,oe:team:5c2e7e9ea8dfcba0150d9a5619baecf,Nongshim RedForce,oe:team:5cd2cd09ec94296f605dd13a2924d6c,1,0,BLUE,BNK FEARX,RED,Rumble,Vi,Neeko,Orianna,Jayce,Azir,Pantheon,Varus,Jarvan IV,Ambessa,Ezreal,Alistar,Nocturne,LeBlanc,Sylas,Renekton,Xin Zhao,Gnar,Kennen,Wukong,1727,1727,19,11,11,19,33,20,0.0,1.0,1.0,0.0,2.0,1.0,1.0,0.0,3.0,0.0,1.0,0.0,1.0,0.0,1.0,0.0,9.0,0.0,1.0,0.0,113010,69285,120,105,46,50,314,279,61822,50807,42829,31814,52693,50558,2387.0,-2387.0,1286.0,-1286.0,1984.0,-1984.0,1780.0,-1780.0,854.0,-854.0,300.0,-300.0,32.0,-32.0,31.0,-31.0,5.0,-5.0,oe:team:5c2e7e9ea8dfcba0150d9a5619baecf|oe:team:5cd2cd09ec94296f605dd13a2924d6c,LCK_20260115_BNK_FEARX_vs_Nongshim_RedForce_S1,1,0,1,"[""Malphite"", ""Yunara"", ""Aphelios"", ""Nautilus"", ""Taliyah"", ""Ahri"", ""Sion"", ""Lulu"", ""Karma"", ""Rek'Sai""]",10,False,1.0,1.0,1.0,0.0,,1.0,1.0,1.0,0.0,0.0,0.0,,1.0,0.0,1.0,1.0,1.0,0.0
LOLTMNT03_336495,2026-01-16 08:05:40+00:00,LCK,2026,1,Cup,0,16.01,complete,,Dplus Kia,oe:team:ef69efa6acebe94107f0cf1ba716806,DN SOOPers,oe:team:b3c72a20aa56f5d28022ac04a7dc294,1,0,BLUE,Dplus Kia,RED,Azir,Qiyana,K'Sante,Rumble,Orianna,Jayce,Ryze,Wukong,Neeko,Cassiopeia,Yunara,Taliyah,Varus,Jarvan IV,Ambessa,Corki,Jhin,Nautilus,Lulu,Nami,1505,1505,17,3,3,17,47,5,0.0,1.0,1.0,0.0,2.0,2.0,1.0,0.0,3.0,0.0,,,0.0,0.0,1.0,0.0,7.0,1.0,1.0,0.0,64256,54018,75,79,40,26,230,194,53605,42343,36876,25614,41615,40016,-1165.0,1165.0,560.0,-560.0,5756.0,-5756.0,295.0,-295.0,1242.0,-1242.0,5613.0,-5613.0,14.0,-14.0,34.0,-34.0,71.0,-71.0,oe:team:b3c72a20aa56f5d28022ac04a7dc294|oe:team:ef69efa6acebe94107f0cf1ba716806,LCK_20260116_DN_SOOPers_vs_Dplus_Kia_S1,0,0,0,[],0,False,2.0,2.0,1.0,2.0,1.0,2.0,1.0,3.0,1.0,0.3333333333333333,1.0,0.0,3.0,0.3333333333333333,0.0,,0.0,
LOLTMNT03_336502,2026-01-16 08:53:11+00:00,LCK,2026,2,Cup,0,16.01,complete,,Dplus Kia,oe:team:ef69efa6acebe94107f0cf1ba716806,DN SOOPers,oe:team:b3c72a20aa56f5d28022ac04a7dc294,1,0,BLUE,Dplus Kia,RED,Orianna,Qiyana,Varus,Jarvan IV,Azir,Jayce,Xin Zhao,Sion,Akali,LeBlanc,Gwen,Syndra,Ezreal,Bard,Ekko,Ashe,Sivir,Neeko,Rakan,Braum,1535,1535,15,6,6,15,34,15,1.0,0.0,0.0,1.0,1.0,1.0,1.0,0.0,3.0,0.0,1.0,0.0,1.0,0.0,1.0,0.0,9.0,0.0,2.0,0.0,80072,53928,80,85,40,38,227,223,58033,42855,40998,25820,49030,41055,1115.0,-1115.0,1004.0,-1004.0,3235.0,-3235.0,1863.0,-1863.0,1658.0,-1658.0,3370.0,-3370.0,58.0,-58.0,85.0,-85.0,118.0,-118.0,oe:team:b3c72a20aa56f5d28022ac04a7dc294|oe:team:ef69efa6acebe94107f0cf1ba716806,LCK_20260116_DN_SOOPers_vs_Dplus_Kia_S1,1,0,1,"[""K'Sante"", ""Rumble"", ""Ryze"", ""Wukong"", ""Yunara"", ""Taliyah"", ""Ambessa"", ""Corki"", ""Lulu"", ""Nami""]",10,False,3.0,3.0,1.0,3.0,1.0,3.0,1.0,4.0,1.0,0.25,2.0,0.0,4.0,0.25,1.0,1.0,1.0,0.0
LOLTMNT03_337590,2026-01-16 10:08:16+00:00,LCK,2026,1,Cup,0,16.01,complete,,T1,oe:team:ce499dea30cfce118f4fe85da0227e8,Hanwha Life Esports,oe:team:3a1d18f46bcb3716ebcfcf4ef068934,0,1,RED,Hanwha Life Esports,RED,Jayce,Malphite,Ryze,Rumble,Azir,Orianna,Pantheon,Vi,Varus,Yunara,Ambessa,Taliyah,Rell,Bard,Lucian,Corki,Nautilus,Aphelios,Milio,Alistar,2204,2204,13,16,16,13,24,41,0.0,1.0,0.0,1.0,1.0,5.0,1.0,0.0,0.0,3.0,0.0,1.0,0.0,2.0,1.0,0.0,4.0,8.0,0.0,2.0,82203,79026,136,147,60,58,359,391,70468,75917,46609,52058,67960,67778,4.0,-4.0,1300.0,-1300.0,641.0,-641.0,-180.0,180.0,1378.0,-1378.0,835.0,-835.0,-8.0,8.0,3.0,-3.0,3.0,-3.0,oe:team:3a1d18f46bcb3716ebcfcf4ef068934|oe:team:ce499dea30cfce118f4fe85da0227e8,LCK_20260116_Hanwha_Life_Esports_vs_T1_S1,0,0,0,[],0,False,0.0,0.0,,0.0,,0.0,,0.0,0.0,,0.0,,0.0,,0.0,,0.0,
LOLTMNT03_336511,2026-01-16 11:07:37+00:00,LCK,2026,2,Cup,0,16.01,complete,,Hanwha Life Esports,oe:team:3a1d18f46bcb3716ebcfcf4ef068934,T1,oe:team:ce499dea30cfce118f4fe85da0227e8,0,1,RED,T1,BLUE,Malphite,Jayce,Aurora,Aphelios,Orianna,Azir,Wukong,Xin Zhao,Yunara,Varus,Rakan,Lulu,Galio,Yone,Gnar,K'Sante,Sion,Gwen,Ziggs,Sylas,1603,1603,6,22,22,6,11,44,0.0,1.0,0.0,1.0,0.0,4.0,0.0,1.0,3.0,0.0,0.0,1.0,0.0,1.0,0.0,1.0,1.0,9.0,0.0,1.0,73120,90900,100,97,32,50,242,253,47291,59269,29562,41540,45351,53580,-272.0,272.0,-1892.0,1892.0,-3691.0,3691.0,-277.0,277.0,-1737.0,1737.0,-2296.0,2296.0,26.0,-26.0,3.0,-3.0,-4.0,4.0,oe:team:3a1d18f46bcb3716ebcfcf4ef068934|oe:team:ce499dea30cfce118f4fe85da0227e8,LCK_20260116_Hanwha_Life_Esports_vs_T1_S1,1,0,1,"[""Ryze"", ""Rumble"", ""Pantheon"", ""Vi"", ""Ambessa"", ""Taliyah"", ""Lucian"", ""Corki"", ""Milio"", ""Alistar""]",10,False,1.0,1.0,1.0,0.0,,1.0,1.0,1.0,0.0,0.0,0.0,,1.0,0.0,1.0,1.0,1.0,0.0
LOLTMNT03_337603,2026-01-16 11:56:34+00:00,LCK,2026,3,Cup,0,16.01,complete,,T1,oe:team:ce499dea30cfce118f4fe85da0227e8,Hanwha Life Esports,oe:team:3a1d18f46bcb3716ebcfcf4ef068934,1,0,BLUE,T1,RED,Jayce,Malphite,Bard,Azir,Varus,Poppy,Orianna,Jarvan IV,Rell,Yunara,Nocturne,Rek'Sai,Renata Glasc,Ezreal,Sivir,Nautilus,Ashe,Gwen,Akali,Jhin,1700,1700,32,9,9,32,81,26,1.0,0.0,0.0,1.0,3.0,1.0,1.0,0.0,3.0,0.0,1.0,0.0,1.0,0.0,1.0,0.0,12.0,0.0,3.0,0.0,121047,70463,101,88,37,35,237,217,67178,49435,48460,30717,61230,47930,1154.0,-1154.0,4414.0,-4414.0,8289.0,-8289.0,1338.0,-1338.0,3707.0,-3707.0,6055.0,-6055.0,9.0,-9.0,18.0,-18.0,43.0,-43.0,oe:team:3a1d18f46bcb3716ebcfcf4ef068934|oe:team:ce499dea30cfce118f4fe85da0227e8,LCK_20260116_Hanwha_Life_Esports_vs_T1_S1,1,1,2,"[""Ryze"", ""Rumble"", ""Pantheon"", ""Vi"", ""Ambessa"", ""Taliyah"", ""Lucian"", ""Corki"", ""Milio"", ""Alistar"", ""Aurora"", ""Aphelios"", ""Wukong"", ""Xin Zhao"", ""Rakan"", ""Lulu"", ""Gnar"", ""K'Sante"", ""Ziggs"", ""Sylas""]",20,False,2.0,1.0,0.5,1.0,0.0,2.0,0.5,2.0,1.0,0.5,1.0,1.0,2.0,0.5,2.0,0.5,2.0,0.5
LOLTMNT03_336667,2026-01-17 08:05:53+00:00,LCK,2026,1,Cup,0,16.01,complete,,BNK FEARX,oe:team:5c2e7e9ea8dfcba0150d9a5619baecf,HANJIN BRION,oe:team:b77b3f6068e20a2b3edc0ecd3dc70d4,1,0,BLUE,BNK FEARX,BLUE,Neeko,Jayce,Azir,Taliyah,Malphite,Rumble,Pantheon,Vi,Gwen,Sion,Renekton,Gnar,Poppy,Bard,Xayah,Ezreal,Yunara,Lucian,Rakan,Leona,1913,1913,17,13,13,17,47,25,0.0,1.0,0.0,1.0,1.0,3.0,0.0,0.0,3.0,0.0,1.0,0.0,1.0,0.0,1.0,0.0,6.0,2.0,1.0,0.0,85908,87819,146,134,58,70,362,392,66755,59398,45864,38507,60225,57606,-620.0,620.0,-2917.0,2917.0,-2629.0,2629.0,124.0,-124.0,-3633.0,3633.0,-5053.0,5053.0,21.0,-21.0,-28.0,28.0,-41.0,41.0,oe:team:5c2e7e9ea8dfcba0150d9a5619baecf|oe:team:b77b3f6068e20a2b3edc0ecd3dc70d4,LCK_20260117_BNK_FEARX_vs_HANJIN_BRION_S1,0,0,0,[],0,False,2.0,2.0,1.0,1.0,1.0,2.0,1.0,2.0,0.0,0.0,2.0,0.0,2.0,0.0,0.0,,0.0,
LOLTMNT03_337754,2026-01-17 09:01:27+00:00,LCK,2026,2,Cup,0,16.01,complete,,BNK FEARX,oe:team:5c2e7e9ea8dfcba0150d9a5619baecf,HANJIN BRION,oe:team:b77b3f6068e20a2b3edc0ecd3dc70d4,0,1,RED,HANJIN BRION,RED,Rumble,Neeko,Yunara,Ryze,Orianna,Jarvan IV,Lulu,Ambessa,Jayce,Malphite,Xin Zhao,Nautilus,Corki,Cassiopeia,Galio,Varus,Aphelios,Syndra,Aatrox,Trundle,1506,1506,10,20,20,10,25,55,1.0,0.0,0.0,1.0,0.0,3.0,1.0,0.0,0.0,3.0,0.0,1.0,0.0,1.0,0.0,1.0,2.0,9.0,0.0,1.0,68604,89729,93,99,35,43,237,256,45174,57212,28435,40473,43535,50240,767.0,-767.0,410.0,-410.0,-165.0,165.0,-163.0,163.0,-360.0,360.0,-642.0,642.0,-15.0,15.0,-19.0,19.0,-35.0,35.0,oe:team:5c2e7e9ea8dfcba0150d9a5619baecf|oe:team:b77b3f6068e20a2b3edc0ecd3dc70d4,LCK_20260117_BNK_FEARX_vs_HANJIN_BRION_S1,1,0,1,"[""Azir"", ""Taliyah"", ""Pantheon"", ""Vi"", ""Renekton"", ""Gnar"", ""Xayah"", ""Ezreal"", ""Rakan"", ""Leona""]",10,False,3.0,3.0,1.0,2.0,1.0,3.0,1.0,3.0,0.0,0.0,3.0,0.0,3.0,0.0,1.0,1.0,1.0,0.0
LOLTMNT03_337756,2026-01-17 09:47:06+00:00,LCK,2026,3,Cup,0,16.01,complete,,HANJIN BRION,oe:team:b77b3f6068e20a2b3edc0ecd3dc70d4,BNK FEARX,oe:team:5c2e7e9ea8dfcba0150d9a5619baecf,0,1,RED,BNK FEARX,RED,Jayce,Malphite,Sion,Orianna,Rumble,Jarvan IV,Lucian,Rek'Sai,Neeko,Gwen,Braum,Wukong,Kalista,Akali,Syndra,Kai'Sa,Aphelios,LeBlanc,Poppy,Alistar,2187,2187,12,18,18,12,26,43,0.0,1.0,1.0,0.0,1.0,3.0,1.0,0.0,3.0,0.0,1.0,0.0,1.0,0.0,1.0,0.0,3.0,8.0,0.0,1.0,97725,102346,154,153,78,70,437,390,68457,74933,44772,51248,67800,66023,601.0,-601.0,981.0,-981.0,-242.0,242.0,196.0,-196.0,469.0,-469.0,-1505.0,1505.0,10.0,-10.0,5.0,-5.0,-6.0,6.0,oe:team:5c2e7e9ea8dfcba0150d9a5619baecf|oe:team:b77b3f6068e20a2b3edc0ecd3dc70d4,LCK_20260117_BNK_FEARX_vs_HANJIN_BRION_S1,1,1,2,"[""Azir"", ""Taliyah"", ""Pantheon"", ""Vi"", ""Renekton"", ""Gnar"", ""Xayah"", ""Ezreal"", ""Rakan"", ""Leona"", ""Yunara"", ""Ryze"", ""Lulu"", ""Ambessa"", ""Xin Zhao"", ""Nautilus"", ""Galio"", ""Varus"", ""Aatrox"", ""Trundle""]",20,False,4.0,1.0,0.25,0.0,,4.0,0.25,4.0,3.0,0.75,1.0,1.0,4.0,0.75,2.0,0.5,2.0,0.5
LOLTMNT03_336695,2026-01-17 11:10:45+00:00,LCK,2026,1,Cup,0,16.01,complete,,KT Rolster,oe:team:d723992568441c6bafa2658129eade7,Gen.G,oe:team:50f58982d91a36557ec8aec52ab014f,0,1,RED,Gen.G,RED,Jayce,Neeko,Taliyah,Rumble,Azir,Malphite,Vi,Varus,Ambessa,Orianna,K'Sante,Yone,Bard,Sivir,Alistar,Rakan,Poppy,Ziggs,Ezreal,Xin Zhao,1872,1872,7,22,22,7,17,58,0.0,1.0,0.0,1.0,0.0,5.0,0.0,1.0,3.0,0.0,0.0,1.0,0.0,1.0,0.0,1.0,2.0,10.0,0.0,1.0,66540,115968,111,114,40,54,287,330,54527,72592,34055,52120,52588,63685,-740.0,740.0,-3162.0,3162.0,-3362.0,3362.0,-30.0,30.0,-1910.0,1910.0,-1529.0,1529.0,-5.0,5.0,-30.0,30.0,-41.0,41.0,oe:team:50f58982d91a36557ec8aec52ab014f|oe:team:d723992568441c6bafa2658129eade7,LCK_20260117_Gen_G_vs_KT_Rolster_S1,0,0,0,[],0,False,3.0,2.0,0.6666666666666666,1.0,1.0,3.0,0.6666666666666666,2.0,2.0,1.0,1.0,1.0,2.0,1.0,0.0,,0.0,
LOLTMNT03_337782,2026-01-17 12:05:01+00:00,LCK,2026,2,Cup,0,16.01,complete,,Gen.G,oe:team:50f58982d91a36557ec8aec52ab014f,KT Rolster,oe:team:d723992568441c6bafa2658129eade7,1,0,BLUE,Gen.G,RED,Azir,Neeko,Yunara,Ryze,Orianna,Jayce,Anivia,Renekton,Malphite,Cassiopeia,Sion,Wukong,Aphelios,Lulu,Ambessa,Ziggs,Corki,Poppy,Rell,Nautilus,1682,1682,27,8,9,27,70,10,0.0,1.0,1.0,0.0,4.0,0.0,1.0,0.0,3.0,0.0,1.0,0.0,1.0,0.0,1.0,0.0,9.0,0.0,2.0,0.0,99346,64516,114,94,46,36,285,247,66044,47407,47510,28873,58815,45243,847.0,-847.0,2889.0,-2889.0,7849.0,-7849.0,-44.0,44.0,2467.0,-2467.0,7069.0,-7069.0,-25.0,25.0,-2.0,2.0,57.0,-57.0,oe:team:50f58982d91a36557ec8aec52ab014f|oe:team:d723992568441c6bafa2658129eade7,LCK_20260117_Gen_G_vs_KT_Rolster_S1,1,0,1,"[""Taliyah"", ""Rumble"", ""Vi"", ""Varus"", ""K'Sante"", ""Yone"", ""Alistar"", ""Rakan"", ""Ezreal"", ""Xin Zhao""]",10,False,3.0,3.0,1.0,1.0,1.0,3.0,1.0,4.0,2.0,0.5,2.0,0.5,4.0,0.5,1.0,1.0,1.0,0.0
LOLTMNT03_336834,2026-01-18 08:05:24+00:00,LCK,2026,1,Cup,0,16.01,complete,,Hanwha Life Esports,oe:team:3a1d18f46bcb3716ebcfcf4ef068934,Nongshim RedForce,oe:team:5cd2cd09ec94296f605dd13a2924d6c,0,1,RED,Nongshim RedForce,RED,Rumble,Ambessa,Aphelios,Pantheon,Jayce,Malphite,Azir,Orianna,Varus,Yunara,Lulu,Neeko,Gwen,Xin Zhao,Sion,Corki,Miss Fortune,Jarvan IV,Aatrox,Zaahen,1856,1856,19,17,17,19,43,39,1.0,0.0,0.0,1.0,3.0,2.0,0.0,1.0,3.0,0.0,,,0.0,0.0,0.0,1.0,4.0,8.0,0.0,1.0,100895,108943,107,100,54,50,322,268,59765,62550,39456,42241,57175,51886,1415.0,-1415.0,2654.0,-2654.0,2377.0,-2377.0,1872.0,-1872.0,2862.0,-2862.0,3031.0,-3031.0,17.0,-17.0,37.0,-37.0,43.0,-43.0,oe:team:3a1d18f46bcb3716ebcfcf4ef068934|oe:team:5cd2cd09ec94296f605dd13a2924d6c,LCK_20260118_Hanwha_Life_Esports_vs_Nongshim_RedForce_S1,0,0,0,[],0,False,3.0,1.0,0.3333333333333333,1.0,0.0,3.0,0.3333333333333333,2.0,0.0,0.0,1.0,0.0,2.0,0.0,0.0,,0.0,
LOLTMNT03_336842,2026-01-18 08:58:36+00:00,LCK,2026,2,Cup,0,16.01,complete,,Nongshim RedForce,oe:team:5cd2cd09ec94296f605dd13a2924d6c,Hanwha Life Esports,oe:team:3a1d18f46bcb3716ebcfcf4ef068934,1,0,BLUE,Nongshim RedForce,RED,Jayce,Malphite,Jarvan IV,Ryze,Rumble,Vi,Yunara,Ambessa,Yone,Poppy,Taliyah,Varus,Rakan,Alistar,Nautilus,Xin Zhao,Rell,Renekton,Gwen,Braum,2071,2071,24,14,14,24,65,26,0.0,1.0,0.0,1.0,3.0,2.0,0.0,1.0,1.0,2.0,1.0,0.0,1.0,0.0,1.0,0.0,9.0,1.0,1.0,0.0,99165,90125,138,135,80,49,411,336,75478,62136,52976,39634,67010,60750,-1562.0,1562.0,1067.0,-1067.0,4260.0,-4260.0,-2086.0,2086.0,770.0,-770.0,3535.0,-3535.0,-28.0,28.0,-14.0,14.0,15.0,-15.0,oe:team:3a1d18f46bcb3716ebcfcf4ef068934|oe:team:5cd2cd09ec94296f605dd13a2924d6c,LCK_20260118_Hanwha_Life_Esports_vs_Nongshim_RedForce_S1,1,0,1,"[""Aphelios"", ""Pantheon"", ""Azir"", ""Orianna"", ""Lulu"", ""Neeko"", ""Sion"", ""Corki"", ""Aatrox"", ""Zaahen""]",10,False,3.0,1.0,0.3333333333333333,1.0,0.0,3.0,0.3333333333333333,4.0,1.0,0.25,2.0,0.5,4.0,0.25,1.0,1.0,1.0,0.0
LOLTMNT03_337890,2026-01-18 10:20:18+00:00,LCK,2026,1,Cup,0,16.01,complete,,T1,oe:team:ce499dea30cfce118f4fe85da0227e8,Kiwoom DRX,oe:team:1d0389df0c5eea93b04122ba167c010,1,0,BLUE,T1,RED,Jayce,Malphite,Nocturne,Orianna,Varus,Pantheon,Azir,Xin Zhao,Jarvan IV,Rumble,Aphelios,Yunara,Renekton,Lulu,Zaahen,Jax,Rek'Sai,Ambessa,Thresh,Bard,1766,1766,26,17,18,26,42,40,0.0,1.0,0.0,1.0,2.0,2.0,0.0,1.0,2.0,0.0,1.0,0.0,2.0,0.0,1.0,0.0,7.0,3.0,1.0,0.0,99119,93242,110,108,38,36,273,285,65328,57332,45937,37941,57833,54533,769.0,-769.0,4243.0,-4243.0,1363.0,-1363.0,1445.0,-1445.0,2706.0,-2706.0,-1133.0,1133.0,30.0,-30.0,33.0,-33.0,34.0,-34.0,oe:team:1d0389df0c5eea93b04122ba167c010|oe:team:ce499dea30cfce118f4fe85da0227e8,LCK_20260118_Kiwoom_DRX_vs_T1_S1,0,0,0,[],0,False,3.0,2.0,0.6666666666666666,2.0,0.5,3.0,0.6666666666666666,2.0,0.0,0.0,1.0,0.0,2.0,0.0,0.0,,0.0,
LOLTMNT03_337894,2026-01-18 11:12:18+00:00,LCK,2026,2,Cup,0,16.01,complete,,T1,oe:team:ce499dea30cfce118f4fe85da0227e8,Kiwoom DRX,oe:team:1d0389df0c5eea93b04122ba167c010,0,1,RED,Kiwoom DRX,BLUE,Varus,Rumble,Ryze,Renekton,Malphite,Jayce,Neeko,Ambessa,Vi,Pantheon,Gnar,Taliyah,Nami,Jarvan IV,Sylas,Alistar,Karma,Wukong,Kai'Sa,Corki,1832,1832,10,22,22,10,25,53,0.0,1.0,0.0,1.0,0.0,5.0,0.0,1.0,0.0,3.0,1.0,0.0,1.0,1.0,1.0,0.0,3.0,7.0,0.0,1.0,85517,91134,114,94,29,41,256,278,55319,64704,35255,44640,53018,53428,-1545.0,1545.0,90.0,-90.0,-656.0,656.0,-1145.0,1145.0,457.0,-457.0,-209.0,209.0,-9.0,9.0,-5.0,5.0,-9.0,9.0,oe:team:1d0389df0c5eea93b04122ba167c010|oe:team:ce499dea30cfce118f4fe85da0227e8,LCK_20260118_Kiwoom_DRX_vs_T1_S1,1,0,1,"[""Nocturne"", ""Orianna"", ""Azir"", ""Xin Zhao"", ""Aphelios"", ""Yunara"", ""Zaahen"", ""Jax"", ""Thresh"", ""Bard""]",10,False,4.0,3.0,0.75,3.0,0.6666666666666666,4.0,0.75,3.0,0.0,0.0,2.0,0.0,3.0,0.0,1.0,1.0,1.0,0.0
LOLTMNT03_336867,2026-01-18 12:05:41+00:00,LCK,2026,3,Cup,0,16.01,complete,,Kiwoom DRX,oe:team:1d0389df0c5eea93b04122ba167c010,T1,oe:team:ce499dea30cfce118f4fe85da0227e8,0,1,RED,T1,BLUE,Malphite,Jayce,Vi,Jarvan IV,Pantheon,Rumble,Lucian,Aurora,Wukong,Akali,Braum,Gwen,Xayah,K'Sante,Gragas,Kalista,Zeri,Kennen,Syndra,Renata Glasc,2102,2102,15,29,29,15,32,67,1.0,0.0,0.0,1.0,2.0,3.0,1.0,0.0,2.0,0.0,0.0,1.0,0.0,2.0,0.0,1.0,2.0,9.0,0.0,1.0,103166,124111,117,125,41,51,299,348,62080,74251,39262,51433,58280,69055,-387.0,387.0,-531.0,531.0,-2458.0,2458.0,295.0,-295.0,-571.0,571.0,-1127.0,1127.0,-4.0,4.0,-12.0,12.0,-25.0,25.0,oe:team:1d0389df0c5eea93b04122ba167c010|oe:team:ce499dea30cfce118f4fe85da0227e8,LCK_20260118_Kiwoom_DRX_vs_T1_S1,1,1,2,"[""Nocturne"", ""Orianna"", ""Azir"", ""Xin Zhao"", ""Aphelios"", ""Yunara"", ""Zaahen"", ""Jax"", ""Thresh"", ""Bard"", ""Ryze"", ""Renekton"", ""Neeko"", ""Ambessa"", ""Gnar"", ""Taliyah"", ""Sylas"", ""Alistar"", ""Kai'Sa"", ""Corki""]",20,False,4.0,1.0,0.25,1.0,0.0,4.0,0.25,5.0,3.0,0.6,1.0,1.0,5.0,0.6,2.0,0.5,2.0,0.5
LOLTMNT03_338494,2026-01-21 08:05:24+00:00,LCK,2026,1,Cup,0,16.01,complete,,Dplus Kia,oe:team:ef69efa6acebe94107f0cf1ba716806,Nongshim RedForce,oe:team:5cd2cd09ec94296f605dd13a2924d6c,1,0,BLUE,Dplus Kia,RED,Orianna,Malphite,Ryze,Rumble,Azir,Yunara,K'Sante,Pantheon,Jayce,Vi,Jarvan IV,Taliyah,Nautilus,Lucian,Bard,Ezreal,Varus,Karma,Sivir,Neeko,2306,2306,20,9,9,20,47,21,1.0,0.0,0.0,1.0,2.0,3.0,0.0,1.0,0.0,3.0,1.0,0.0,2.0,0.0,0.0,1.0,7.0,3.0,2.0,0.0,113319,127374,171,144,63,75,421,428,79587,71819,54688,46920,71160,68915,-241.0,241.0,-843.0,843.0,-3197.0,3197.0,260.0,-260.0,-397.0,397.0,1541.0,-1541.0,3.0,-3.0,-9.0,9.0,8.0,-8.0,oe:team:5cd2cd09ec94296f605dd13a2924d6c|oe:team:ef69efa6acebe94107f0cf1ba716806,LCK_20260121_Dplus_Kia_vs_Nongshim_RedForce_S1,0,0,0,[],0,False,4.0,4.0,1.0,4.0,1.0,4.0,1.0,4.0,2.0,0.5,2.0,0.5,4.0,0.5,0.0,,0.0,
LOLTMNT03_339373,2026-01-21 09:07:05+00:00,LCK,2026,2,Cup,0,16.01,complete,,Dplus Kia,oe:team:ef69efa6acebe94107f0cf1ba716806,Nongshim RedForce,oe:team:5cd2cd09ec94296f605dd13a2924d6c,0,1,RED,Nongshim RedForce,RED,Orianna,Malphite,Qiyana,Ambessa,Azir,Vi,Varus,Yunara,Jayce,Renekton,Nautilus,Aurora,Braum,Ahri,Zoe,Nocturne,Alistar,LeBlanc,Gwen,Leona,1436,1436,8,21,21,8,17,33,0.0,1.0,0.0,1.0,1.0,2.0,1.0,0.0,3.0,0.0,0.0,1.0,0.0,1.0,0.0,1.0,1.0,8.0,0.0,1.0,51689,61480,91,93,29,47,219,249,41687,55324,25662,39299,40205,48385,237.0,-237.0,-1703.0,1703.0,-2506.0,2506.0,-440.0,440.0,-1556.0,1556.0,-3284.0,3284.0,16.0,-16.0,1.0,-1.0,-25.0,25.0,oe:team:5cd2cd09ec94296f605dd13a2924d6c|oe:team:ef69efa6acebe94107f0cf1ba716806,LCK_20260121_Dplus_Kia_vs_Nongshim_RedForce_S1,1,0,1,"[""Ryze"", ""Rumble"", ""K'Sante"", ""Pantheon"", ""Jarvan IV"", ""Taliyah"", ""Bard"", ""Ezreal"", ""Sivir"", ""Neeko""]",10,False,5.0,5.0,1.0,5.0,1.0,5.0,1.0,5.0,2.0,0.4,3.0,0.3333333333333333,5.0,0.4,1.0,1.0,1.0,0.0
LOLTMNT03_338498,2026-01-21 09:52:46+00:00,LCK,2026,3,Cup,0,16.01,complete,,Dplus Kia,oe:team:ef69efa6acebe94107f0cf1ba716806,Nongshim RedForce,oe:team:5cd2cd09ec94296f605dd13a2924d6c,1,0,BLUE,Dplus Kia,RED,Orianna,Malphite,Vi,Jayce,Azir,Poppy,Lucian,Kalista,Lulu,Sion,Nami,Renata Glasc,Xin Zhao,Ahri,Zaahen,Gnar,Wukong,LeBlanc,Twisted Fate,Akali,1626,1626,30,8,8,30,60,11,0.0,1.0,0.0,1.0,3.0,1.0,0.0,1.0,2.0,1.0,1.0,0.0,1.0,0.0,1.0,0.0,9.0,3.0,2.0,0.0,89249,89983,86,71,27,39,206,227,65510,48743,47547,30780,53375,46178,83.0,-83.0,2041.0,-2041.0,5114.0,-5114.0,925.0,-925.0,1591.0,-1591.0,4103.0,-4103.0,-16.0,16.0,-31.0,31.0,-29.0,29.0,oe:team:5cd2cd09ec94296f605dd13a2924d6c|oe:team:ef69efa6acebe94107f0cf1ba716806,LCK_20260121_Dplus_Kia_vs_Nongshim_RedForce_S1,1,1,2,"[""Ryze"", ""Rumble"", ""K'Sante"", ""Pantheon"", ""Jarvan IV"", ""Taliyah"", ""Bard"", ""Ezreal"", ""Sivir"", ""Neeko"", ""Qiyana"", ""Ambessa"", ""Varus"", ""Yunara"", ""Nautilus"", ""Aurora"", ""Zoe"", ""Nocturne"", ""Gwen"", ""Leona""]",20,False,6.0,5.0,0.8333333333333334,6.0,0.8333333333333334,6.0,0.8333333333333334,6.0,3.0,0.5,4.0,0.5,6.0,0.5,2.0,0.5,2.0,0.5
LOLTMNT03_338517,2026-01-21 11:14:52+00:00,LCK,2026,1,Cup,0,16.01,complete,,DN SOOPers,oe:team:b3c72a20aa56f5d28022ac04a7dc294,Kiwoom DRX,oe:team:1d0389df0c5eea93b04122ba167c010,0,1,RED,Kiwoom DRX,RED,Jayce,Malphite,Azir,Orianna,Ambessa,Neeko,Yunara,Nocturne,Bard,Rumble,Alistar,Corki,Poppy,Gnar,Xin Zhao,Renekton,Rakan,K'Sante,Rek'Sai,Braum,1879,1879,2,18,18,2,6,42,0.0,1.0,0.0,1.0,0.0,4.0,0.0,1.0,0.0,3.0,0.0,1.0,0.0,1.0,0.0,1.0,1.0,12.0,0.0,1.0,57723,90970,115,104,41,48,292,324,52573,67457,32029,46913,51150,58948,-1471.0,1471.0,-1996.0,1996.0,-3190.0,3190.0,-967.0,967.0,-2221.0,2221.0,-2423.0,2423.0,-10.0,10.0,-2.0,2.0,-16.0,16.0,oe:team:1d0389df0c5eea93b04122ba167c010|oe:team:b3c72a20aa56f5d28022ac04a7dc294,LCK_20260121_DN_SOOPers_vs_Kiwoom_DRX_S1,0,0,0,[],0,False,5.0,1.0,0.2,2.0,0.5,5.0,0.2,5.0,1.0,0.2,3.0,0.3333333333333333,5.0,0.2,0.0,,0.0,
LOLTMNT03_338532,2026-01-21 12:06:46+00:00,LCK,2026,2,Cup,0,16.01,complete,,Kiwoom DRX,oe:team:1d0389df0c5eea93b04122ba167c010,DN SOOPers,oe:team:b3c72a20aa56f5d28022ac04a7dc294,0,1,RED,DN SOOPers,BLUE,Malphite,Jayce,Pantheon,Neeko,Vi,Ambessa,Gnar,Ryze,K'Sante,Rumble,Taliyah,Kennen,Jarvan IV,Bard,Leona,Lee Sin,Wukong,Nautilus,Sivir,Aphelios,1943,1943,9,22,22,9,21,44,1.0,0.0,0.0,1.0,0.0,4.0,1.0,0.0,3.0,0.0,0.0,1.0,0.0,1.0,0.0,1.0,3.0,10.0,0.0,2.0,74508,86991,118,136,46,47,320,368,56305,69347,35108,48150,52913,62515,264.0,-264.0,-1410.0,1410.0,-2466.0,2466.0,726.0,-726.0,-918.0,918.0,-2598.0,2598.0,-9.0,9.0,-3.0,3.0,-27.0,27.0,oe:team:1d0389df0c5eea93b04122ba167c010|oe:team:b3c72a20aa56f5d28022ac04a7dc294,LCK_20260121_DN_SOOPers_vs_Kiwoom_DRX_S1,1,0,1,"[""Azir"", ""Orianna"", ""Yunara"", ""Nocturne"", ""Alistar"", ""Corki"", ""Xin Zhao"", ""Renekton"", ""Rek'Sai"", ""Braum""]",10,False,6.0,2.0,0.3333333333333333,2.0,0.0,6.0,0.3333333333333333,6.0,1.0,0.16666666666666666,3.0,0.0,6.0,0.16666666666666666,1.0,1.0,1.0,0.0
LOLTMNT03_338544,2026-01-21 13:00:21+00:00,LCK,2026,3,Cup,0,16.01,complete,,DN SOOPers,oe:team:b3c72a20aa56f5d28022ac04a7dc294,Kiwoom DRX,oe:team:1d0389df0c5eea93b04122ba167c010,1,0,BLUE,DN SOOPers,BLUE,Malphite,Rumble,Jayce,Aurora,Bard,Varus,Zoe,Jarvan IV,Ambessa,Vi,K'Sante,Gwen,Miss Fortune,Nautilus,Kalista,Lucian,Ashe,Rell,Renata Glasc,Nami,2003,2003,21,16,16,21,53,26,1.0,0.0,1.0,0.0,2.0,2.0,0.0,1.0,3.0,0.0,1.0,0.0,1.0,1.0,1.0,0.0,12.0,2.0,3.0,0.0,115959,84347,111,114,39,47,314,300,71737,62634,49928,40825,62625,61045,221.0,-221.0,739.0,-739.0,645.0,-645.0,1492.0,-1492.0,463.0,-463.0,1256.0,-1256.0,43.0,-43.0,66.0,-66.0,93.0,-93.0,oe:team:1d0389df0c5eea93b04122ba167c010|oe:team:b3c72a20aa56f5d28022ac04a7dc294,LCK_20260121_DN_SOOPers_vs_Kiwoom_DRX_S1,1,1,2,"[""Azir"", ""Orianna"", ""Yunara"", ""Nocturne"", ""Alistar"", ""Corki"", ""Xin Zhao"", ""Renekton"", ""Rek'Sai"", ""Braum"", ""Pantheon"", ""Neeko"", ""Gnar"", ""Ryze"", ""Taliyah"", ""Kennen"", ""Leona"", ""Lee Sin"", ""Sivir"", ""Aphelios""]",20,False,7.0,2.0,0.2857142857142857,3.0,0.3333333333333333,7.0,0.2857142857142857,7.0,2.0,0.2857142857142857,4.0,0.5,7.0,0.2857142857142857,2.0,0.5,2.0,0.5
LOLTMNT03_339583,2026-01-22 08:05:25+00:00,LCK,2026,1,Cup,0,16.01,complete,,Hanwha Life Esports,oe:team:3a1d18f46bcb3716ebcfcf4ef068934,HANJIN BRION,oe:team:b77b3f6068e20a2b3edc0ecd3dc70d4,1,0,BLUE,Hanwha Life Esports,RED,Jayce,Malphite,Azir,Pantheon,Rumble,Ambessa,Varus,Orianna,Poppy,Aurora,Jarvan IV,Jhin,Bard,Alistar,Rakan,Nocturne,Neeko,Nautilus,Gnar,Renekton,2219,2219,22,18,18,22,61,47,1.0,0.0,1.0,0.0,4.0,1.0,1.0,0.0,1.0,2.0,0.0,1.0,1.0,1.0,1.0,0.0,8.0,5.0,1.0,0.0,123124,99604,156,142,84,61,442,358,76864,69359,52852,45347,68833,66320,696.0,-696.0,2088.0,-2088.0,4621.0,-4621.0,319.0,-319.0,1231.0,-1231.0,3393.0,-3393.0,23.0,-23.0,49.0,-49.0,97.0,-97.0,oe:team:3a1d18f46bcb3716ebcfcf4ef068934|oe:team:b77b3f6068e20a2b3edc0ecd3dc70d4,LCK_20260122_HANJIN_BRION_vs_Hanwha_Life_Esports_S1,0,0,0,[],0,False,5.0,1.0,0.2,2.0,0.0,5.0,0.2,5.0,1.0,0.2,4.0,0.25,5.0,0.2,0.0,,0.0,
LOLTMNT03_339592,2026-01-22 09:06:13+00:00,LCK,2026,2,Cup,0,16.01,complete,,Hanwha Life Esports,oe:team:3a1d18f46bcb3716ebcfcf4ef068934,HANJIN BRION,oe:team:b77b3f6068e20a2b3edc0ecd3dc70d4,0,1,RED,HANJIN BRION,RED,Jayce,Malphite,Yunara,Ambessa,Rumble,Aphelios,Aurora,Corki,Vi,Ryze,Aatrox,Taliyah,Nautilus,Lulu,Poppy,Xin Zhao,Neeko,Alistar,Zaahen,Elise,2088,2088,12,20,20,12,24,41,1.0,0.0,0.0,1.0,1.0,4.0,0.0,1.0,3.0,0.0,0.0,1.0,0.0,1.0,0.0,1.0,4.0,9.0,0.0,2.0,79886,102861,130,160,67,58,368,396,63882,70346,41206,47670,61438,62998,-735.0,735.0,-2865.0,2865.0,-2819.0,2819.0,-840.0,840.0,-2415.0,2415.0,-3035.0,3035.0,-17.0,17.0,-24.0,24.0,-37.0,37.0,oe:team:3a1d18f46bcb3716ebcfcf4ef068934|oe:team:b77b3f6068e20a2b3edc0ecd3dc70d4,LCK_20260122_HANJIN_BRION_vs_Hanwha_Life_Esports_S1,1,0,1,"[""Azir"", ""Pantheon"", ""Varus"", ""Orianna"", ""Jarvan IV"", ""Jhin"", ""Rakan"", ""Nocturne"", ""Gnar"", ""Renekton""]",10,False,6.0,2.0,0.3333333333333333,3.0,0.3333333333333333,6.0,0.3333333333333333,6.0,1.0,0.16666666666666666,5.0,0.2,6.0,0.16666666666666666,1.0,1.0,1.0,0.0
LOLTMNT03_339605,2026-01-22 10:02:22+00:00,LCK,2026,3,Cup,0,16.01,complete,,HANJIN BRION,oe:team:b77b3f6068e20a2b3edc0ecd3dc70d4,Hanwha Life Esports,oe:team:3a1d18f46bcb3716ebcfcf4ef068934,0,1,RED,Hanwha Life Esports,RED,Rumble,Malphite,Ryze,Vi,Jayce,Neeko,Lucian,Sivir,Aphelios,Cassiopeia,Braum,Alistar,Anivia,Trundle,Wukong,Gwen,Galio,Kennen,K'Sante,Akali,1738,1738,4,12,12,4,7,36,0.0,1.0,0.0,1.0,0.0,4.0,0.0,1.0,0.0,3.0,0.0,1.0,0.0,1.0,0.0,1.0,1.0,9.0,0.0,1.0,53074,69120,119,117,55,68,309,372,49856,62315,30750,43209,48513,54575,-743.0,743.0,-1487.0,1487.0,-5841.0,5841.0,-507.0,507.0,-1098.0,1098.0,-3468.0,3468.0,-28.0,28.0,-31.0,31.0,-51.0,51.0,oe:team:3a1d18f46bcb3716ebcfcf4ef068934|oe:team:b77b3f6068e20a2b3edc0ecd3dc70d4,LCK_20260122_HANJIN_BRION_vs_Hanwha_Life_Esports_S1,1,1,2,"[""Azir"", ""Pantheon"", ""Varus"", ""Orianna"", ""Jarvan IV"", ""Jhin"", ""Rakan"", ""Nocturne"", ""Gnar"", ""Renekton"", ""Yunara"", ""Ambessa"", ""Aurora"", ""Corki"", ""Aatrox"", ""Taliyah"", ""Poppy"", ""Xin Zhao"", ""Zaahen"", ""Elise""]",20,False,7.0,2.0,0.2857142857142857,1.0,0.0,7.0,0.2857142857142857,7.0,2.0,0.2857142857142857,3.0,0.3333333333333333,7.0,0.2857142857142857,2.0,0.5,2.0,0.5
LOLTMNT03_339627,2026-01-22 11:14:53+00:00,LCK,2026,1,Cup,0,16.01,complete,,Gen.G,oe:team:50f58982d91a36557ec8aec52ab014f,BNK FEARX,oe:team:5c2e7e9ea8dfcba0150d9a5619baecf,1,0,BLUE,Gen.G,BLUE,Neeko,Jayce,Azir,Yunara,Malphite,Rumble,Corki,Pantheon,Varus,Xin Zhao,Jarvan IV,Lulu,Taliyah,Nautilus,Renekton,K'Sante,Sion,Gwen,Nami,Akali,2075,2075,18,22,22,18,45,40,0.0,1.0,1.0,0.0,2.0,3.0,1.0,0.0,2.0,1.0,1.0,0.0,2.0,0.0,1.0,0.0,10.0,6.0,2.0,0.0,126428,125860,124,142,58,44,356,330,73034,69317,50491,46774,65863,66405,-5.0,5.0,-2116.0,2116.0,-596.0,596.0,-355.0,355.0,-3150.0,3150.0,-1827.0,1827.0,4.0,-4.0,-19.0,19.0,0.0,0.0,oe:team:50f58982d91a36557ec8aec52ab014f|oe:team:5c2e7e9ea8dfcba0150d9a5619baecf,LCK_20260122_BNK_FEARX_vs_Gen_G_S1,0,0,0,[],0,False,4.0,4.0,1.0,2.0,1.0,4.0,1.0,5.0,4.0,0.8,2.0,1.0,5.0,0.8,0.0,,0.0,
LOLTMNT03_340003,2026-01-22 12:11:59+00:00,LCK,2026,2,Cup,0,16.01,complete,,Gen.G,oe:team:50f58982d91a36557ec8aec52ab014f,BNK FEARX,oe:team:5c2e7e9ea8dfcba0150d9a5619baecf,1,0,BLUE,Gen.G,RED,Rumble,Malphite,Xin Zhao,Orianna,Jayce,Varus,Ryze,Ambessa,Neeko,Vi,Gwen,Ezreal,Jax,Lucian,Jhin,Qiyana,Aurora,Poppy,Rakan,Leona,1916,1916,23,10,10,23,49,19,1.0,0.0,0.0,1.0,3.0,2.0,1.0,0.0,3.0,0.0,1.0,0.0,1.0,0.0,0.0,1.0,11.0,3.0,3.0,0.0,99596,96281,135,134,64,48,369,330,70528,61470,49607,40549,61670,59908,-894.0,894.0,-1180.0,1180.0,-1486.0,1486.0,-554.0,554.0,-1233.0,1233.0,-799.0,799.0,3.0,-3.0,-15.0,15.0,-14.0,14.0,oe:team:50f58982d91a36557ec8aec52ab014f|oe:team:5c2e7e9ea8dfcba0150d9a5619baecf,LCK_20260122_BNK_FEARX_vs_Gen_G_S1,1,0,1,"[""Azir"", ""Yunara"", ""Corki"", ""Pantheon"", ""Jarvan IV"", ""Lulu"", ""Renekton"", ""K'Sante"", ""Nami"", ""Akali""]",10,False,5.0,5.0,1.0,3.0,1.0,5.0,1.0,6.0,4.0,0.6666666666666666,3.0,0.6666666666666666,6.0,0.6666666666666666,1.0,1.0,1.0,0.0
LOLTMNT03_341143,2026-01-23 08:04:55+00:00,LCK,2026,1,Cup,0,16.01,complete,,T1,oe:team:ce499dea30cfce118f4fe85da0227e8,KT Rolster,oe:team:d723992568441c6bafa2658129eade7,1,0,BLUE,T1,RED,Jayce,Bard,Ryze,Varus,Rumble,Neeko,Vi,Renekton,Orianna,Azir,Gnar,Taliyah,Nautilus,Yunara,Ezreal,Rakan,Malphite,Poppy,Lissandra,Wukong,1848,1848,16,5,5,16,35,12,1.0,0.0,1.0,0.0,4.0,0.0,0.0,1.0,0.0,3.0,1.0,0.0,1.0,0.0,1.0,0.0,9.0,1.0,2.0,0.0,88352,58597,119,128,65,52,342,313,66705,52408,46477,32180,60071,51678,415.0,-415.0,1941.0,-1941.0,2994.0,-2994.0,267.0,-267.0,2127.0,-2127.0,1101.0,-1101.0,-12.0,12.0,21.0,-21.0,7.0,-7.0,oe:team:ce499dea30cfce118f4fe85da0227e8|oe:team:d723992568441c6bafa2658129eade7,LCK_20260123_KT_Rolster_vs_T1_S1,0,0,0,[],0,False,6.0,4.0,0.6666666666666666,4.0,0.5,6.0,0.6666666666666666,5.0,2.0,0.4,3.0,0.3333333333333333,5.0,0.4,0.0,,0.0,
LOLTMNT03_341150,2026-01-23 09:00:11+00:00,LCK,2026,2,Cup,0,16.01,complete,,T1,oe:team:ce499dea30cfce118f4fe85da0227e8,KT Rolster,oe:team:d723992568441c6bafa2658129eade7,1,0,BLUE,T1,BLUE,Malphite,Bard,Azir,Yunara,Nocturne,Jayce,Aphelios,Neeko,Rumble,Ambessa,Lulu,Akali,Jarvan IV,Poppy,Zaahen,Sejuani,Pantheon,Xin Zhao,Dr. Mundo,Rek'Sai,2796,2796,9,18,18,10,21,40,0.0,1.0,0.0,1.0,2.0,5.0,0.0,1.0,1.0,2.0,0.0,1.0,1.0,3.0,1.0,0.0,7.0,10.0,1.0,4.0,150176,146772,164,140,65,84,410,443,96187,94163,66290,64266,86523,87310,-717.0,717.0,-318.0,318.0,-3751.0,3751.0,-264.0,264.0,153.0,-153.0,-2262.0,2262.0,27.0,-27.0,50.0,-50.0,36.0,-36.0,oe:team:ce499dea30cfce118f4fe85da0227e8|oe:team:d723992568441c6bafa2658129eade7,LCK_20260123_KT_Rolster_vs_T1_S1,1,0,1,"[""Ryze"", ""Varus"", ""Vi"", ""Renekton"", ""Gnar"", ""Taliyah"", ""Ezreal"", ""Rakan"", ""Lissandra"", ""Wukong""]",10,False,7.0,5.0,0.7142857142857143,5.0,0.6,7.0,0.7142857142857143,6.0,2.0,0.3333333333333333,4.0,0.25,6.0,0.3333333333333333,1.0,1.0,1.0,0.0
LOLTMNT03_340138,2026-01-23 10:33:19+00:00,LCK,2026,1,Cup,0,16.01,complete,,Kiwoom DRX,oe:team:1d0389df0c5eea93b04122ba167c010,Nongshim RedForce,oe:team:5cd2cd09ec94296f605dd13a2924d6c,1,0,BLUE,Kiwoom DRX,RED,Rumble,Malphite,Ryze,Yunara,Orianna,Azir,Vi,Jayce,Pantheon,Corki,Kai'Sa,Taliyah,Nautilus,Rakan,Neeko,Alistar,Poppy,Sion,Gnar,Renekton,1806,1806,26,16,16,26,68,41,0.0,1.0,1.0,0.0,2.0,3.0,0.0,1.0,0.0,3.0,1.0,0.0,2.0,0.0,0.0,1.0,8.0,3.0,1.0,0.0,112685,95394,107,119,46,40,290,298,66775,58099,46976,38300,60818,56802,-858.0,858.0,-4529.0,4529.0,-3372.0,3372.0,73.0,-73.0,-3104.0,3104.0,-1611.0,1611.0,-1.0,1.0,-28.0,28.0,-34.0,34.0,oe:team:1d0389df0c5eea93b04122ba167c010|oe:team:5cd2cd09ec94296f605dd13a2924d6c,LCK_20260123_Kiwoom_DRX_vs_Nongshim_RedForce_S1,0,0,0,[],0,False,8.0,2.0,0.25,3.0,0.0,8.0,0.25,7.0,3.0,0.42857142857142855,5.0,0.4,7.0,0.42857142857142855,0.0,,0.0,
LOLTMNT03_340145,2026-01-23 11:24:18+00:00,LCK,2026,2,Cup,0,16.01,complete,,Kiwoom DRX,oe:team:1d0389df0c5eea93b04122ba167c010,Nongshim RedForce,oe:team:5cd2cd09ec94296f605dd13a2924d6c,0,1,RED,Nongshim RedForce,RED,Rumble,Malphite,Pantheon,Aurora,Orianna,Azir,Corki,Jarvan IV,Ambessa,Varus,Gwen,Zaahen,Ezreal,Ahri,Akali,Kalista,Lucian,Bard,Poppy,Renata Glasc,2054,2054,17,24,24,17,32,69,0.0,1.0,0.0,1.0,1.0,4.0,0.0,1.0,0.0,3.0,0.0,1.0,0.0,1.0,1.0,0.0,2.0,6.0,0.0,1.0,94135,125250,125,116,40,67,332,382,63664,69830,41335,47501,60858,61598,-490.0,490.0,567.0,-567.0,-866.0,866.0,-156.0,156.0,64.0,-64.0,-1650.0,1650.0,-13.0,13.0,-23.0,23.0,-38.0,38.0,oe:team:1d0389df0c5eea93b04122ba167c010|oe:team:5cd2cd09ec94296f605dd13a2924d6c,LCK_20260123_Kiwoom_DRX_vs_Nongshim_RedForce_S1,1,0,1,"[""Ryze"", ""Yunara"", ""Vi"", ""Jayce"", ""Kai'Sa"", ""Taliyah"", ""Neeko"", ""Alistar"", ""Gnar"", ""Renekton""]",10,False,9.0,3.0,0.3333333333333333,4.0,0.25,9.0,0.3333333333333333,8.0,3.0,0.375,6.0,0.3333333333333333,8.0,0.375,1.0,1.0,1.0,0.0
LOLTMNT03_341173,2026-01-23 12:21:14+00:00,LCK,2026,3,Cup,0,16.01,complete,,Nongshim RedForce,oe:team:5cd2cd09ec94296f605dd13a2924d6c,Kiwoom DRX,oe:team:1d0389df0c5eea93b04122ba167c010,0,1,RED,Kiwoom DRX,RED,Rumble,Sylas,Sion,Orianna,Malphite,Varus,Xin Zhao,K'Sante,Nocturne,Ambessa,Azir,Jax,Lucian,Leona,Caitlyn,Jhin,Karma,Nautilus,Braum,Bard,2129,2129,14,21,21,14,35,56,0.0,1.0,0.0,1.0,2.0,3.0,0.0,1.0,3.0,0.0,0.0,1.0,1.0,1.0,0.0,1.0,4.0,8.0,0.0,1.0,103954,127616,133,130,61,62,366,376,67419,70515,44325,47421,71295,65133,280.0,-280.0,-1090.0,1090.0,-2655.0,2655.0,-105.0,105.0,-2033.0,2033.0,-3758.0,3758.0,21.0,-21.0,14.0,-14.0,-15.0,15.0,oe:team:1d0389df0c5eea93b04122ba167c010|oe:team:5cd2cd09ec94296f605dd13a2924d6c,LCK_20260123_Kiwoom_DRX_vs_Nongshim_RedForce_S1,1,1,2,"[""Ryze"", ""Yunara"", ""Vi"", ""Jayce"", ""Kai'Sa"", ""Taliyah"", ""Neeko"", ""Alistar"", ""Gnar"", ""Renekton"", ""Pantheon"", ""Aurora"", ""Corki"", ""Jarvan IV"", ""Gwen"", ""Zaahen"", ""Akali"", ""Kalista"", ""Poppy"", ""Renata Glasc""]",20,False,9.0,4.0,0.4444444444444444,2.0,0.5,9.0,0.4444444444444444,10.0,3.0,0.3,5.0,0.4,10.0,0.3,2.0,0.5,2.0,0.5
LOLTMNT03_341253,2026-01-24 08:04:56+00:00,LCK,2026,1,Cup,0,16.01,complete,,DN SOOPers,oe:team:b3c72a20aa56f5d28022ac04a7dc294,Hanwha Life Esports,oe:team:3a1d18f46bcb3716ebcfcf4ef068934,0,1,RED,Hanwha Life Esports,RED,Jayce,Malphite,Orianna,Azir,Ambessa,Akali,Jarvan IV,Varus,Rumble,Nocturne,Sivir,Xin Zhao,Poppy,Bard,Alistar,Rakan,Gnar,Gwen,Rek'Sai,Sion,2243,2243,15,27,27,15,41,79,0.0,1.0,1.0,0.0,2.0,4.0,0.0,1.0,1.0,2.0,0.0,1.0,0.0,2.0,1.0,0.0,4.0,7.0,0.0,1.0,126719,152856,155,162,78,71,467,456,71157,82723,46900,58466,67200,79145,786.0,-786.0,722.0,-722.0,-2212.0,2212.0,293.0,-293.0,935.0,-935.0,-2163.0,2163.0,10.0,-10.0,26.0,-26.0,-8.0,8.0,oe:team:3a1d18f46bcb3716ebcfcf4ef068934|oe:team:b3c72a20aa56f5d28022ac04a7dc294,LCK_20260124_DN_SOOPers_vs_Hanwha_Life_Esports_S1,0,0,0,[],0,False,8.0,3.0,0.375,4.0,0.5,8.0,0.375,8.0,3.0,0.375,4.0,0.5,8.0,0.375,0.0,,0.0,
LOLTMNT03_340232,2026-01-24 09:04:12+00:00,LCK,2026,2,Cup,0,16.01,complete,,DN SOOPers,oe:team:b3c72a20aa56f5d28022ac04a7dc294,Hanwha Life Esports,oe:team:3a1d18f46bcb3716ebcfcf4ef068934,1,0,BLUE,DN SOOPers,RED,Jayce,Malphite,Neeko,Vi,Ambessa,Renekton,Wukong,Corki,Rumble,Pantheon,Ahri,Taliyah,Nautilus,Yunara,Ezreal,Bard,Gnar,Jax,K'Sante,Aurora,2371,2371,17,9,9,17,45,20,1.0,0.0,1.0,0.0,6.0,0.0,1.0,0.0,1.0,2.0,0.0,1.0,1.0,1.0,1.0,0.0,8.0,2.0,3.0,0.0,124386,108035,162,192,90,82,484,474,78003,71712,52441,46150,72636,69503,-309.0,309.0,904.0,-904.0,2403.0,-2403.0,64.0,-64.0,1483.0,-1483.0,2873.0,-2873.0,-1.0,1.0,22.0,-22.0,36.0,-36.0,oe:team:3a1d18f46bcb3716ebcfcf4ef068934|oe:team:b3c72a20aa56f5d28022ac04a7dc294,LCK_20260124_DN_SOOPers_vs_Hanwha_Life_Esports_S1,0,1,1,"[""Orianna"", ""Azir"", ""Jarvan IV"", ""Varus"", ""Sivir"", ""Xin Zhao"", ""Alistar"", ""Rakan"", ""Rek'Sai"", ""Sion""]",10,False,9.0,3.0,0.3333333333333333,5.0,0.4,9.0,0.3333333333333333,9.0,4.0,0.4444444444444444,5.0,0.6,9.0,0.4444444444444444,1.0,0.0,1.0,1.0
LOLTMNT03_341276,2026-01-24 10:06:14+00:00,LCK,2026,3,Cup,0,16.01,complete,,DN SOOPers,oe:team:b3c72a20aa56f5d28022ac04a7dc294,Hanwha Life Esports,oe:team:3a1d18f46bcb3716ebcfcf4ef068934,0,1,RED,Hanwha Life Esports,RED,Jayce,Malphite,Aphelios,Ryze,Ambessa,Yunara,Cassiopeia,Ziggs,Rumble,Pantheon,Rell,Nautilus,Gnar,Lee Sin,Hecarim,Trundle,Qiyana,Nocturne,Aatrox,Renekton,1748,1748,8,18,18,8,17,43,1.0,0.0,1.0,0.0,2.0,2.0,0.0,1.0,0.0,3.0,0.0,1.0,0.0,1.0,0.0,1.0,1.0,9.0,0.0,2.0,62139,80718,106,115,45,50,273,342,50280,61971,31072,42763,48675,54228,-545.0,545.0,-2812.0,2812.0,-4647.0,4647.0,-370.0,370.0,-1751.0,1751.0,-1207.0,1207.0,-6.0,6.0,-2.0,2.0,-9.0,9.0,oe:team:3a1d18f46bcb3716ebcfcf4ef068934|oe:team:b3c72a20aa56f5d28022ac04a7dc294,LCK_20260124_DN_SOOPers_vs_Hanwha_Life_Esports_S1,1,1,2,"[""Orianna"", ""Azir"", ""Jarvan IV"", ""Varus"", ""Sivir"", ""Xin Zhao"", ""Alistar"", ""Rakan"", ""Rek'Sai"", ""Sion"", ""Neeko"", ""Vi"", ""Wukong"", ""Corki"", ""Ahri"", ""Taliyah"", ""Ezreal"", ""Bard"", ""K'Sante"", ""Aurora""]",20,False,10.0,4.0,0.4,6.0,0.5,10.0,0.4,10.0,4.0,0.4,6.0,0.5,10.0,0.4,2.0,0.5,2.0,0.5
LOLTMNT03_341342,2026-01-24 11:24:48+00:00,LCK,2026,1,Cup,0,16.01,complete,,Dplus Kia,oe:team:ef69efa6acebe94107f0cf1ba716806,Gen.G,oe:team:50f58982d91a36557ec8aec52ab014f,0,1,RED,Gen.G,BLUE,Malphite,Jayce,Ryze,Varus,Azir,Rumble,Jarvan IV,Xin Zhao,Yunara,Orianna,Corki,Anivia,Renekton,Nautilus,Ambessa,Bard,Poppy,Neeko,Nami,Gwen,2034,2034,6,19,19,6,13,41,1.0,0.0,0.0,1.0,2.0,3.0,1.0,0.0,3.0,0.0,0.0,1.0,0.0,2.0,1.0,0.0,2.0,10.0,0.0,2.0,96547,112632,127,131,43,67,317,366,58855,72228,36730,50103,57178,65025,169.0,-169.0,-343.0,343.0,-1726.0,1726.0,-312.0,312.0,-68.0,68.0,-2015.0,2015.0,6.0,-6.0,26.0,-26.0,5.0,-5.0,oe:team:50f58982d91a36557ec8aec52ab014f|oe:team:ef69efa6acebe94107f0cf1ba716806,LCK_20260124_Dplus_Kia_vs_Gen_G_S1,0,0,0,[],0,False,7.0,6.0,0.8571428571428571,7.0,0.8571428571428571,7.0,0.8571428571428571,6.0,6.0,1.0,2.0,1.0,6.0,1.0,0.0,,0.0,
LOLTMNT03_341348,2026-01-24 12:21:19+00:00,LCK,2026,2,Cup,0,16.01,complete,,Gen.G,oe:team:50f58982d91a36557ec8aec52ab014f,Dplus Kia,oe:team:ef69efa6acebe94107f0cf1ba716806,1,0,BLUE,Gen.G,BLUE,Neeko,Azir,Rumble,Vi,Malphite,Jayce,Wukong,Yunara,Orianna,Aurora,Galio,Lulu,K'Sante,Nautilus,Ashe,Sion,Ornn,Blitzcrank,Seraphine,Syndra,1817,1817,22,5,5,22,56,12,0.0,1.0,1.0,0.0,4.0,0.0,0.0,1.0,3.0,0.0,1.0,0.0,1.0,0.0,1.0,0.0,10.0,0.0,2.0,0.0,112212,62457,113,101,62,43,343,252,65970,50092,46059,30181,56778,48905,2107.0,-2107.0,1463.0,-1463.0,4344.0,-4344.0,1050.0,-1050.0,616.0,-616.0,2842.0,-2842.0,14.0,-14.0,23.0,-23.0,41.0,-41.0,oe:team:50f58982d91a36557ec8aec52ab014f|oe:team:ef69efa6acebe94107f0cf1ba716806,LCK_20260124_Dplus_Kia_vs_Gen_G_S1,1,0,1,"[""Ryze"", ""Varus"", ""Jarvan IV"", ""Xin Zhao"", ""Corki"", ""Anivia"", ""Ambessa"", ""Bard"", ""Nami"", ""Gwen""]",10,False,7.0,7.0,1.0,4.0,1.0,7.0,1.0,8.0,6.0,0.75,0.0,,8.0,0.75,1.0,1.0,1.0,0.0
LOLTMNT03_341399,2026-01-25 08:05:39+00:00,LCK,2026,1,Cup,0,16.01,complete,,BNK FEARX,oe:team:5c2e7e9ea8dfcba0150d9a5619baecf,T1,oe:team:ce499dea30cfce118f4fe85da0227e8,0,1,RED,T1,RED,Azir,Malphite,Rumble,Jayce,Orianna,Yunara,Varus,Ryze,Bard,Akali,Taliyah,Vi,Alistar,Ambessa,Neeko,Corki,Karma,Pantheon,Nocturne,Nami,2363,2363,18,25,25,18,45,53,1.0,0.0,1.0,0.0,4.0,1.0,1.0,0.0,3.0,0.0,0.0,1.0,0.0,2.0,1.0,0.0,3.0,10.0,0.0,3.0,122162,130233,167,166,57,83,387,473,73057,87900,47576,62419,69450,80173,-974.0,974.0,-1144.0,1144.0,-34.0,34.0,-905.0,905.0,117.0,-117.0,386.0,-386.0,-25.0,25.0,-16.0,16.0,-25.0,25.0,oe:team:5c2e7e9ea8dfcba0150d9a5619baecf|oe:team:ce499dea30cfce118f4fe85da0227e8,LCK_20260125_BNK_FEARX_vs_T1_S1,0,0,0,[],0,False,7.0,4.0,0.5714285714285714,3.0,0.6666666666666666,7.0,0.5714285714285714,8.0,6.0,0.75,2.0,1.0,8.0,0.75,0.0,,0.0,
LOLTMNT03_340339,2026-01-25 09:06:56+00:00,LCK,2026,2,Cup,0,16.01,complete,,T1,oe:team:ce499dea30cfce118f4fe85da0227e8,BNK FEARX,oe:team:5c2e7e9ea8dfcba0150d9a5619baecf,0,1,RED,BNK FEARX,BLUE,Malphite,Azir,Xin Zhao,Lucian,Yunara,Orianna,Aphelios,Jarvan IV,Pantheon,Ambessa,Thresh,Milio,Akali,Gwen,Aurora,Sion,Rek'Sai,Gnar,Yone,Syndra,2575,2575,15,26,26,15,29,52,1.0,0.0,0.0,1.0,2.0,4.0,0.0,1.0,0.0,0.0,0.0,1.0,2.0,1.0,1.0,0.0,5.0,9.0,0.0,3.0,172969,152154,167,177,65,84,401,469,86042,86159,58399,58516,84215,76310,-986.0,986.0,-1508.0,1508.0,-2078.0,2078.0,-1497.0,1497.0,-2148.0,2148.0,-2436.0,2436.0,31.0,-31.0,20.0,-20.0,34.0,-34.0,oe:team:5c2e7e9ea8dfcba0150d9a5619baecf|oe:team:ce499dea30cfce118f4fe85da0227e8,LCK_20260125_BNK_FEARX_vs_T1_S1,1,0,1,"[""Rumble"", ""Jayce"", ""Varus"", ""Ryze"", ""Taliyah"", ""Vi"", ""Neeko"", ""Corki"", ""Nocturne"", ""Nami""]",10,False,9.0,7.0,0.7777777777777778,6.0,0.6666666666666666,9.0,0.7777777777777778,8.0,4.0,0.5,4.0,0.5,8.0,0.5,1.0,1.0,1.0,0.0
LOLTMNT03_340341,2026-01-25 10:12:05+00:00,LCK,2026,3,Cup,0,16.01,complete,,BNK FEARX,oe:team:5c2e7e9ea8dfcba0150d9a5619baecf,T1,oe:team:ce499dea30cfce118f4fe85da0227e8,0,1,RED,T1,RED,Azir,Malphite,Qiyana,Pantheon,Orianna,Ambessa,Ezreal,K'Sante,Yunara,Nautilus,Gnar,Bard,Sivir,Leona,Rell,Galio,Sylas,Akali,Ahri,Kai'Sa,1820,1820,8,18,18,8,14,39,1.0,0.0,1.0,0.0,1.0,4.0,0.0,1.0,3.0,0.0,0.0,1.0,0.0,1.0,1.0,0.0,2.0,8.0,0.0,1.0,80833,69070,120,127,48,43,301,312,56872,65352,36930,45410,55876,58005,364.0,-364.0,805.0,-805.0,-2531.0,2531.0,86.0,-86.0,1462.0,-1462.0,-3447.0,3447.0,20.0,-20.0,28.0,-28.0,-13.0,13.0,oe:team:5c2e7e9ea8dfcba0150d9a5619baecf|oe:team:ce499dea30cfce118f4fe85da0227e8,LCK_20260125_BNK_FEARX_vs_T1_S1,1,1,2,"[""Rumble"", ""Jayce"", ""Varus"", ""Ryze"", ""Taliyah"", ""Vi"", ""Neeko"", ""Corki"", ""Nocturne"", ""Nami"", ""Xin Zhao"", ""Lucian"", ""Aphelios"", ""Jarvan IV"", ""Thresh"", ""Milio"", ""Aurora"", ""Sion"", ""Yone"", ""Syndra""]",20,False,9.0,5.0,0.5555555555555556,4.0,0.5,9.0,0.5555555555555556,10.0,7.0,0.7,3.0,1.0,10.0,0.7,2.0,0.5,2.0,0.5
LOLTMNT03_341439,2026-01-25 11:28:02+00:00,LCK,2026,1,Cup,0,16.01,complete,,HANJIN BRION,oe:team:b77b3f6068e20a2b3edc0ecd3dc70d4,KT Rolster,oe:team:d723992568441c6bafa2658129eade7,1,0,BLUE,HANJIN BRION,RED,Rumble,Malphite,Pantheon,Azir,Jayce,Neeko,Orianna,Xin Zhao,Ambessa,Renekton,Gwen,K'Sante,Alistar,Varus,Corki,Lucian,Yunara,Nocturne,Rakan,Braum,2279,2279,14,7,7,14,45,17,0.0,1.0,0.0,1.0,4.0,2.0,0.0,1.0,2.0,1.0,0.0,1.0,1.0,1.0,1.0,0.0,8.0,3.0,1.0,0.0,96113,74933,171,132,66,81,420,434,75358,69625,50734,45001,65808,66300,-524.0,524.0,-689.0,689.0,214.0,-214.0,-44.0,44.0,-68.0,68.0,567.0,-567.0,5.0,-5.0,-26.0,26.0,-32.0,32.0,oe:team:b77b3f6068e20a2b3edc0ecd3dc70d4|oe:team:d723992568441c6bafa2658129eade7,LCK_20260125_HANJIN_BRION_vs_KT_Rolster_S1,0,0,0,[],0,False,8.0,2.0,0.25,2.0,0.0,8.0,0.25,7.0,2.0,0.2857142857142857,5.0,0.2,7.0,0.2857142857142857,0.0,,0.0,
LOLTMNT03_341446,2026-01-25 12:29:52+00:00,LCK,2026,2,Cup,0,16.01,complete,,HANJIN BRION,oe:team:b77b3f6068e20a2b3edc0ecd3dc70d4,KT Rolster,oe:team:d723992568441c6bafa2658129eade7,0,1,RED,KT Rolster,BLUE,Malphite,Jayce,Ryze,Yunara,Jarvan IV,Rumble,Ambessa,Taliyah,Vi,Wukong,Renekton,Neeko,Nocturne,Aphelios,Varus,Gnar,Trundle,Nautilus,Karma,Dr. Mundo,2730,2730,17,20,20,17,38,41,1.0,0.0,0.0,1.0,3.0,4.0,1.0,0.0,3.0,0.0,0.0,1.0,1.0,1.0,1.0,0.0,5.0,8.0,1.0,1.0,160776,163130,188,193,78,92,493,525,84673,92661,55449,63437,80130,86393,1024.0,-1024.0,3026.0,-3026.0,3630.0,-3630.0,321.0,-321.0,2809.0,-2809.0,4617.0,-4617.0,7.0,-7.0,25.0,-25.0,50.0,-50.0,oe:team:b77b3f6068e20a2b3edc0ecd3dc70d4|oe:team:d723992568441c6bafa2658129eade7,LCK_20260125_HANJIN_BRION_vs_KT_Rolster_S1,1,0,1,"[""Pantheon"", ""Azir"", ""Orianna"", ""Xin Zhao"", ""Gwen"", ""K'Sante"", ""Corki"", ""Lucian"", ""Rakan"", ""Braum""]",10,False,9.0,3.0,0.3333333333333333,3.0,0.3333333333333333,9.0,0.3333333333333333,8.0,2.0,0.25,6.0,0.16666666666666666,8.0,0.25,1.0,1.0,1.0,0.0
LOLTMNT03_341450,2026-01-25 13:39:08+00:00,LCK,2026,3,Cup,0,16.01,complete,,KT Rolster,oe:team:d723992568441c6bafa2658129eade7,HANJIN BRION,oe:team:b77b3f6068e20a2b3edc0ecd3dc70d4,1,0,BLUE,KT Rolster,RED,Jayce,Malphite,Wukong,Vi,Rumble,Akali,Zoe,Ziggs,Nocturne,Aurora,Kennen,Zaahen,Ahri,Sivir,Nautilus,Miss Fortune,Alistar,Ezreal,Kai'Sa,Leona,1801,1801,17,5,5,17,49,15,0.0,1.0,1.0,0.0,4.0,0.0,0.0,0.0,3.0,0.0,1.0,0.0,1.0,0.0,0.0,1.0,8.0,2.0,1.0,0.0,63675,45993,123,117,53,44,318,294,62293,51486,42545,31738,54803,50980,-404.0,404.0,1301.0,-1301.0,612.0,-612.0,-455.0,455.0,1509.0,-1509.0,1289.0,-1289.0,13.0,-13.0,20.0,-20.0,36.0,-36.0,oe:team:b77b3f6068e20a2b3edc0ecd3dc70d4|oe:team:d723992568441c6bafa2658129eade7,LCK_20260125_HANJIN_BRION_vs_KT_Rolster_S1,1,1,2,"[""Pantheon"", ""Azir"", ""Orianna"", ""Xin Zhao"", ""Gwen"", ""K'Sante"", ""Corki"", ""Lucian"", ""Rakan"", ""Braum"", ""Ryze"", ""Yunara"", ""Ambessa"", ""Taliyah"", ""Renekton"", ""Neeko"", ""Varus"", ""Gnar"", ""Karma"", ""Dr. Mundo""]",20,False,9.0,3.0,0.3333333333333333,2.0,0.5,9.0,0.3333333333333333,10.0,3.0,0.3,6.0,0.3333333333333333,10.0,0.3,2.0,0.5,2.0,0.5
LOLTMNT01_326821,2026-01-28 08:04:54+00:00,LCK,2026,1,Cup,0,16.02,complete,,Kiwoom DRX,oe:team:1d0389df0c5eea93b04122ba167c010,HANJIN BRION,oe:team:b77b3f6068e20a2b3edc0ecd3dc70d4,1,0,BLUE,Kiwoom DRX,RED,Rumble,Malphite,Taliyah,Ryze,Jayce,Vi,Yunara,Pantheon,Orianna,Azir,Gnar,Renekton,Varus,Lulu,Xin Zhao,Ezreal,Corki,Neeko,Bard,Braum,2170,2170,22,8,8,22,66,14,0.0,1.0,1.0,0.0,2.0,3.0,1.0,0.0,3.0,0.0,1.0,0.0,2.0,0.0,0.0,1.0,11.0,2.0,3.0,0.0,130197,107278,132,129,60,47,409,343,74453,63526,50941,40014,66313,60583,946.0,-946.0,1510.0,-1510.0,1901.0,-1901.0,1114.0,-1114.0,2478.0,-2478.0,2978.0,-2978.0,3.0,-3.0,-9.0,9.0,-16.0,16.0,oe:team:1d0389df0c5eea93b04122ba167c010|oe:team:b77b3f6068e20a2b3edc0ecd3dc70d4,LCK_20260128_HANJIN_BRION_vs_Kiwoom_DRX_S1,0,0,0,[],0,False,11.0,4.0,0.36363636363636365,5.0,0.2,0.0,,11.0,3.0,0.2727272727272727,7.0,0.2857142857142857,0.0,,0.0,,0.0,
LOLTMNT01_326837,2026-01-28 09:03:47+00:00,LCK,2026,2,Cup,0,16.02,complete,,Kiwoom DRX,oe:team:1d0389df0c5eea93b04122ba167c010,HANJIN BRION,oe:team:b77b3f6068e20a2b3edc0ecd3dc70d4,0,1,RED,HANJIN BRION,BLUE,Malphite,Jayce,Orianna,Jarvan IV,Varus,Rumble,Ambessa,Azir,Corki,Nocturne,Neeko,Gwen,Aphelios,Aurora,Kai'Sa,Sivir,Elise,Kennen,Vi,Karma,2106,2106,7,29,29,7,20,72,0.0,1.0,0.0,1.0,1.0,4.0,1.0,0.0,3.0,0.0,0.0,1.0,0.0,2.0,0.0,1.0,2.0,8.0,0.0,1.0,76517,111575,123,148,49,56,364,360,62985,76726,40126,53867,62420,69940,-1086.0,1086.0,-1050.0,1050.0,-2723.0,2723.0,-369.0,369.0,-376.0,376.0,-867.0,867.0,8.0,-8.0,9.0,-9.0,7.0,-7.0,oe:team:1d0389df0c5eea93b04122ba167c010|oe:team:b77b3f6068e20a2b3edc0ecd3dc70d4,LCK_20260128_HANJIN_BRION_vs_Kiwoom_DRX_S1,1,0,1,"[""Taliyah"", ""Ryze"", ""Yunara"", ""Pantheon"", ""Gnar"", ""Renekton"", ""Xin Zhao"", ""Ezreal"", ""Bard"", ""Braum""]",10,False,12.0,5.0,0.4166666666666667,6.0,0.3333333333333333,1.0,1.0,12.0,3.0,0.25,8.0,0.25,1.0,0.0,1.0,1.0,1.0,0.0
LOLTMNT01_327784,2026-01-28 09:59:21+00:00,LCK,2026,3,Cup,0,16.02,complete,,HANJIN BRION,oe:team:b77b3f6068e20a2b3edc0ecd3dc70d4,Kiwoom DRX,oe:team:1d0389df0c5eea93b04122ba167c010,1,0,BLUE,HANJIN BRION,BLUE,Malphite,Jayce,Aurora,Wukong,Akali,Varus,Aphelios,Ahri,Corki,Rumble,Thresh,Zaahen,Ziggs,Kennen,Sylas,Alistar,Lucian,Jax,Trundle,Zeri,2046,2046,26,12,12,26,64,32,1.0,0.0,1.0,0.0,3.0,1.0,1.0,0.0,3.0,0.0,1.0,0.0,1.0,0.0,1.0,0.0,10.0,1.0,2.0,0.0,129550,81522,138,133,65,53,386,347,73824,60798,51577,38551,67883,57818,733.0,-733.0,3132.0,-3132.0,6223.0,-6223.0,-720.0,720.0,1988.0,-1988.0,471.0,-471.0,29.0,-29.0,59.0,-59.0,52.0,-52.0,oe:team:1d0389df0c5eea93b04122ba167c010|oe:team:b77b3f6068e20a2b3edc0ecd3dc70d4,LCK_20260128_HANJIN_BRION_vs_Kiwoom_DRX_S1,1,1,2,"[""Taliyah"", ""Ryze"", ""Yunara"", ""Pantheon"", ""Gnar"", ""Renekton"", ""Xin Zhao"", ""Ezreal"", ""Bard"", ""Braum"", ""Orianna"", ""Jarvan IV"", ""Ambessa"", ""Azir"", ""Neeko"", ""Gwen"", ""Kai'Sa"", ""Sivir"", ""Vi"", ""Karma""]",20,False,13.0,4.0,0.3076923076923077,4.0,0.25,2.0,0.5,13.0,5.0,0.38461538461538464,6.0,0.5,2.0,0.5,2.0,0.5,2.0,0.5
LOLTMNT01_327799,2026-01-28 10:54:21+00:00,LCK,2026,4,Cup,0,16.02,complete,,HANJIN BRION,oe:team:b77b3f6068e20a2b3edc0ecd3dc70d4,Kiwoom DRX,oe:team:1d0389df0c5eea93b04122ba167c010,0,1,RED,Kiwoom DRX,RED,Rumble,Poppy,Akali,Malphite,Corki,Varus,Sejuani,Xayah,Jayce,Zoe,Yorick,Rakan,Galio,Lucian,Kalista,Jax,Twisted Fate,Lulu,Renata Glasc,Viktor,1921,1921,14,18,18,14,29,52,1.0,0.0,1.0,0.0,3.0,2.0,1.0,0.0,2.0,1.0,1.0,0.0,1.0,0.0,1.0,0.0,2.0,7.0,0.0,1.0,103735,105980,121,107,50,55,323,315,57662,62835,36690,41863,54298,54445,798.0,-798.0,2516.0,-2516.0,-2047.0,2047.0,349.0,-349.0,818.0,-818.0,-3920.0,3920.0,28.0,-28.0,49.0,-49.0,0.0,0.0,oe:team:1d0389df0c5eea93b04122ba167c010|oe:team:b77b3f6068e20a2b3edc0ecd3dc70d4,LCK_20260128_HANJIN_BRION_vs_Kiwoom_DRX_S1,2,1,3,"[""Taliyah"", ""Ryze"", ""Yunara"", ""Pantheon"", ""Gnar"", ""Renekton"", ""Xin Zhao"", ""Ezreal"", ""Bard"", ""Braum"", ""Orianna"", ""Jarvan IV"", ""Ambessa"", ""Azir"", ""Neeko"", ""Gwen"", ""Kai'Sa"", ""Sivir"", ""Vi"", ""Karma"", ""Aurora"", ""Wukong"", ""Aphelios"", ""Ahri"", ""Thresh"", ""Zaahen"", ""Sylas"", ""Alistar"", ""Trundle"", ""Zeri""]",30,False,14.0,5.0,0.35714285714285715,5.0,0.4,3.0,0.6666666666666666,14.0,5.0,0.35714285714285715,7.0,0.42857142857142855,3.0,0.3333333333333333,3.0,0.6666666666666666,3.0,0.3333333333333333
LOLTMNT01_326904,2026-01-28 11:49:42+00:00,LCK,2026,5,Cup,0,16.02,complete,,Kiwoom DRX,oe:team:1d0389df0c5eea93b04122ba167c010,HANJIN BRION,oe:team:b77b3f6068e20a2b3edc0ecd3dc70d4,1,0,BLUE,Kiwoom DRX,RED,Rumble,Lucian,Syndra,Zoe,Jayce,LeBlanc,Nautilus,Rell,Varus,Corki,Jhin,Nocturne,Miss Fortune,Kennen,Aatrox,Tristana,Caitlyn,Lee Sin,K'Sante,Sion,2586,2586,20,6,6,20,60,14,0.0,1.0,0.0,1.0,4.0,2.0,1.0,0.0,2.0,1.0,,,0.0,0.0,1.0,0.0,8.0,2.0,2.0,0.0,126924,102178,161,163,83,77,470,452,81409,73069,53654,45314,71815,71225,0.0,0.0,-1628.0,1628.0,-2185.0,2185.0,-18.0,18.0,-941.0,941.0,-2409.0,2409.0,0.0,0.0,-23.0,23.0,-42.0,42.0,oe:team:1d0389df0c5eea93b04122ba167c010|oe:team:b77b3f6068e20a2b3edc0ecd3dc70d4,LCK_20260128_HANJIN_BRION_vs_Kiwoom_DRX_S1,2,2,4,"[""Taliyah"", ""Ryze"", ""Yunara"", ""Pantheon"", ""Gnar"", ""Renekton"", ""Xin Zhao"", ""Ezreal"", ""Bard"", ""Braum"", ""Orianna"", ""Jarvan IV"", ""Ambessa"", ""Azir"", ""Neeko"", ""Gwen"", ""Kai'Sa"", ""Sivir"", ""Vi"", ""Karma"", ""Aurora"", ""Wukong"", ""Aphelios"", ""Ahri"", ""Thresh"", ""Zaahen"", ""Sylas"", ""Alistar"", ""Trundle"", ""Zeri"", ""Akali"", ""Malphite"", ""Sejuani"", ""Xayah"", ""Yorick"", ""Rakan"", ""Kalista"", ""Jax"", ""Renata Glasc"", ""Viktor""]",40,False,15.0,6.0,0.4,7.0,0.2857142857142857,4.0,0.5,15.0,5.0,0.3333333333333333,9.0,0.3333333333333333,4.0,0.5,4.0,0.5,4.0,0.5
LOLTMNT01_331103,2026-01-29 08:07:19+00:00,LCK,2026,1,Cup,0,16.02,complete,,BNK FEARX,oe:team:5c2e7e9ea8dfcba0150d9a5619baecf,DN SOOPers,oe:team:b3c72a20aa56f5d28022ac04a7dc294,1,0,BLUE,BNK FEARX,BLUE,Neeko,Rumble,Azir,Orianna,Varus,Jayce,Renekton,Jarvan IV,K'Sante,Pantheon,Vi,Yunara,Gnar,Bard,Lucian,Lulu,Nautilus,Ezreal,Nami,Sion,2114,2114,19,14,14,19,55,34,0.0,1.0,1.0,0.0,4.0,1.0,1.0,0.0,3.0,0.0,1.0,0.0,1.0,0.0,1.0,0.0,9.0,5.0,1.0,0.0,124672,104981,135,122,75,66,372,342,75296,66931,52355,43990,68805,64490,-581.0,581.0,-2201.0,2201.0,1538.0,-1538.0,217.0,-217.0,-672.0,672.0,2388.0,-2388.0,5.0,-5.0,-17.0,17.0,14.0,-14.0,oe:team:5c2e7e9ea8dfcba0150d9a5619baecf|oe:team:b3c72a20aa56f5d28022ac04a7dc294,LCK_20260129_BNK_FEARX_vs_DN_SOOPers_S1,0,0,0,[],0,False,10.0,5.0,0.5,5.0,0.4,0.0,,11.0,4.0,0.36363636363636365,4.0,0.25,0.0,,0.0,,0.0,
LOLTMNT01_332133,2026-01-29 09:07:12+00:00,LCK,2026,2,Cup,0,16.02,complete,,BNK FEARX,oe:team:5c2e7e9ea8dfcba0150d9a5619baecf,DN SOOPers,oe:team:b3c72a20aa56f5d28022ac04a7dc294,1,0,BLUE,BNK FEARX,RED,Rumble,Neeko,Ryze,Ambessa,Jayce,Pantheon,Xin Zhao,Wukong,K'Sante,Varus,Bard,Taliyah,Nautilus,Ezreal,Corki,Sivir,Alistar,Gwen,Kennen,Rakan,1535,1535,17,10,10,17,37,18,0.0,1.0,1.0,0.0,2.0,1.0,1.0,0.0,3.0,0.0,1.0,0.0,1.0,0.0,1.0,0.0,10.0,1.0,2.0,0.0,81054,61864,111,85,46,38,285,220,54943,48836,37908,31801,48818,42088,717.0,-717.0,587.0,-587.0,7091.0,-7091.0,707.0,-707.0,2015.0,-2015.0,6489.0,-6489.0,39.0,-39.0,51.0,-51.0,77.0,-77.0,oe:team:5c2e7e9ea8dfcba0150d9a5619baecf|oe:team:b3c72a20aa56f5d28022ac04a7dc294,LCK_20260129_BNK_FEARX_vs_DN_SOOPers_S1,1,0,1,"[""Azir"", ""Orianna"", ""Renekton"", ""Jarvan IV"", ""Vi"", ""Yunara"", ""Lucian"", ""Lulu"", ""Nami"", ""Sion""]",10,False,11.0,6.0,0.5454545454545454,6.0,0.5,1.0,1.0,12.0,4.0,0.3333333333333333,5.0,0.2,1.0,0.0,1.0,1.0,1.0,0.0
LOLTMNT01_332152,2026-01-29 09:53:36+00:00,LCK,2026,3,Cup,0,16.02,complete,,BNK FEARX,oe:team:5c2e7e9ea8dfcba0150d9a5619baecf,DN SOOPers,oe:team:b3c72a20aa56f5d28022ac04a7dc294,0,1,RED,DN SOOPers,RED,Rumble,Pantheon,Aurora,Neeko,Jayce,Nocturne,Ezreal,K'Sante,Varus,Karma,Gnar,Kai'Sa,Sylas,Alistar,Rell,Syndra,Zoe,Leona,Aatrox,Lee Sin,2027,2027,9,25,25,9,15,52,1.0,0.0,0.0,1.0,0.0,4.0,0.0,1.0,0.0,3.0,0.0,1.0,0.0,1.0,0.0,1.0,2.0,9.0,0.0,1.0,78421,108778,128,140,60,64,334,367,59644,75163,37591,53110,56161,68310,-1222.0,1222.0,-580.0,580.0,-3474.0,3474.0,-826.0,826.0,1272.0,-1272.0,-1904.0,1904.0,-7.0,7.0,9.0,-9.0,-17.0,17.0,oe:team:5c2e7e9ea8dfcba0150d9a5619baecf|oe:team:b3c72a20aa56f5d28022ac04a7dc294,LCK_20260129_BNK_FEARX_vs_DN_SOOPers_S1,2,0,2,"[""Azir"", ""Orianna"", ""Renekton"", ""Jarvan IV"", ""Vi"", ""Yunara"", ""Lucian"", ""Lulu"", ""Nami"", ""Sion"", ""Ryze"", ""Ambessa"", ""Xin Zhao"", ""Wukong"", ""Bard"", ""Taliyah"", ""Corki"", ""Sivir"", ""Kennen"", ""Rakan""]",20,False,12.0,7.0,0.5833333333333334,7.0,0.5714285714285714,2.0,1.0,13.0,4.0,0.3076923076923077,6.0,0.16666666666666666,2.0,0.0,2.0,1.0,2.0,0.0
LOLTMNT01_332170,2026-01-29 10:47:32+00:00,LCK,2026,4,Cup,0,16.02,complete,,DN SOOPers,oe:team:b3c72a20aa56f5d28022ac04a7dc294,BNK FEARX,oe:team:5c2e7e9ea8dfcba0150d9a5619baecf,0,1,RED,BNK FEARX,RED,Rumble,Nocturne,Ziggs,Jayce,Varus,Sylas,Pantheon,Jhin,Akali,Malphite,Yone,Leona,LeBlanc,Alistar,Sejuani,Jax,Gwen,Zaahen,Rek'Sai,Lillia,2366,2366,16,19,19,16,35,42,0.0,1.0,0.0,1.0,3.0,2.0,1.0,0.0,3.0,0.0,0.0,1.0,0.0,3.0,1.0,0.0,4.0,11.0,0.0,3.0,119914,142709,174,175,75,78,433,428,73044,85871,47533,60360,70590,76818,-661.0,661.0,160.0,-160.0,2838.0,-2838.0,-596.0,596.0,191.0,-191.0,3675.0,-3675.0,15.0,-15.0,6.0,-6.0,29.0,-29.0,oe:team:5c2e7e9ea8dfcba0150d9a5619baecf|oe:team:b3c72a20aa56f5d28022ac04a7dc294,LCK_20260129_BNK_FEARX_vs_DN_SOOPers_S1,1,2,3,"[""Azir"", ""Orianna"", ""Renekton"", ""Jarvan IV"", ""Vi"", ""Yunara"", ""Lucian"", ""Lulu"", ""Nami"", ""Sion"", ""Ryze"", ""Ambessa"", ""Xin Zhao"", ""Wukong"", ""Bard"", ""Taliyah"", ""Corki"", ""Sivir"", ""Kennen"", ""Rakan"", ""Aurora"", ""Neeko"", ""Ezreal"", ""K'Sante"", ""Gnar"", ""Kai'Sa"", ""Rell"", ""Syndra"", ""Aatrox"", ""Lee Sin""]",30,False,14.0,5.0,0.35714285714285715,7.0,0.42857142857142855,3.0,0.3333333333333333,13.0,7.0,0.5384615384615384,5.0,0.6,3.0,0.6666666666666666,3.0,0.3333333333333333,3.0,0.6666666666666666
LOLTMNT01_331607,2026-01-30 08:05:48+00:00,LCK,2026,1,Cup,0,16.02,complete,,KT Rolster,oe:team:d723992568441c6bafa2658129eade7,Nongshim RedForce,oe:team:5cd2cd09ec94296f605dd13a2924d6c,0,1,RED,Nongshim RedForce,RED,Rumble,Malphite,Taliyah,Yunara,Orianna,Azir,Vi,Pantheon,Jayce,Varus,Ambessa,Ryze,Renekton,Aphelios,Corki,Neeko,Gwen,Braum,Nautilus,Aatrox,1641,1641,7,22,22,7,20,61,0.0,1.0,0.0,1.0,0.0,4.0,1.0,0.0,3.0,0.0,0.0,1.0,0.0,1.0,0.0,1.0,1.0,8.0,0.0,1.0,62487,74237,96,96,37,45,256,285,48581,60523,30465,42407,46933,52610,-1014.0,1014.0,-2230.0,2230.0,-3246.0,3246.0,-81.0,81.0,-548.0,548.0,-3124.0,3124.0,26.0,-26.0,7.0,-7.0,-17.0,17.0,oe:team:5cd2cd09ec94296f605dd13a2924d6c|oe:team:d723992568441c6bafa2658129eade7,LCK_20260130_KT_Rolster_vs_Nongshim_RedForce_S1,0,0,0,[],0,False,10.0,4.0,0.4,3.0,0.6666666666666666,0.0,,10.0,4.0,0.4,7.0,0.42857142857142855,0.0,,0.0,,0.0,
LOLTMNT01_332667,2026-01-30 08:56:59+00:00,LCK,2026,2,Cup,0,16.02,complete,,Nongshim RedForce,oe:team:5cd2cd09ec94296f605dd13a2924d6c,KT Rolster,oe:team:d723992568441c6bafa2658129eade7,1,0,BLUE,Nongshim RedForce,RED,Jayce,Malphite,Xin Zhao,Azir,Rumble,Nocturne,Orianna,Wukong,Varus,Jarvan IV,Gnar,Renekton,Braum,Aphelios,Kalista,Ezreal,Ziggs,Rakan,Renata Glasc,Karma,2269,2269,17,9,9,17,42,23,1.0,0.0,1.0,0.0,5.0,1.0,1.0,0.0,0.0,3.0,1.0,0.0,2.0,0.0,1.0,0.0,12.0,3.0,2.0,0.0,137561,119805,139,137,71,56,391,338,76893,68735,52371,44213,69548,66871,692.0,-692.0,1322.0,-1322.0,1214.0,-1214.0,86.0,-86.0,373.0,-373.0,404.0,-404.0,-3.0,3.0,11.0,-11.0,5.0,-5.0,oe:team:5cd2cd09ec94296f605dd13a2924d6c|oe:team:d723992568441c6bafa2658129eade7,LCK_20260130_KT_Rolster_vs_Nongshim_RedForce_S1,1,0,1,"[""Taliyah"", ""Yunara"", ""Vi"", ""Pantheon"", ""Ambessa"", ""Ryze"", ""Corki"", ""Neeko"", ""Nautilus"", ""Aatrox""]",10,False,11.0,5.0,0.45454545454545453,3.0,0.3333333333333333,1.0,1.0,11.0,4.0,0.36363636363636365,7.0,0.2857142857142857,1.0,0.0,1.0,1.0,1.0,0.0
LOLTMNT01_331640,2026-01-30 09:57:18+00:00,LCK,2026,3,Cup,0,16.02,complete,,Nongshim RedForce,oe:team:5cd2cd09ec94296f605dd13a2924d6c,KT Rolster,oe:team:d723992568441c6bafa2658129eade7,0,1,RED,KT Rolster,BLUE,Aurora,Rumble,Malphite,Aphelios,Jarvan IV,Jayce,Jinx,Dr. Mundo,Sylas,Varus,Lulu,Blitzcrank,Zoe,Akali,Yone,Zaahen,Jax,Kennen,K'Sante,Ahri,1541,1541,8,21,21,8,21,46,0.0,1.0,0.0,1.0,0.0,4.0,0.0,1.0,0.0,3.0,0.0,1.0,0.0,1.0,0.0,1.0,1.0,9.0,0.0,1.0,71640,86271,76,72,24,32,194,229,45572,58075,28476,40979,44355,50543,-651.0,651.0,-2772.0,2772.0,-3989.0,3989.0,-1256.0,1256.0,-2923.0,2923.0,-3632.0,3632.0,-40.0,40.0,-48.0,48.0,-54.0,54.0,oe:team:5cd2cd09ec94296f605dd13a2924d6c|oe:team:d723992568441c6bafa2658129eade7,LCK_20260130_KT_Rolster_vs_Nongshim_RedForce_S1,2,0,2,"[""Taliyah"", ""Yunara"", ""Vi"", ""Pantheon"", ""Ambessa"", ""Ryze"", ""Corki"", ""Neeko"", ""Nautilus"", ""Aatrox"", ""Xin Zhao"", ""Azir"", ""Orianna"", ""Wukong"", ""Gnar"", ""Renekton"", ""Kalista"", ""Ezreal"", ""Renata Glasc"", ""Karma""]",20,False,12.0,6.0,0.5,4.0,0.5,2.0,1.0,12.0,4.0,0.3333333333333333,8.0,0.25,2.0,0.0,2.0,1.0,2.0,0.0
LOLTMNT01_331650,2026-01-30 10:47:33+00:00,LCK,2026,4,Cup,0,16.02,complete,,KT Rolster,oe:team:d723992568441c6bafa2658129eade7,Nongshim RedForce,oe:team:5cd2cd09ec94296f605dd13a2924d6c,1,0,BLUE,KT Rolster,RED,Rumble,Nocturne,Lucian,Jarvan IV,Jayce,Aurora,Akali,Caitlyn,Varus,Leona,Braum,Galio,Bard,Trundle,Jax,Tahm Kench,Elise,Gwen,Rek'Sai,Gragas,2313,2313,18,8,8,18,46,25,0.0,1.0,0.0,1.0,4.0,2.0,1.0,0.0,3.0,0.0,1.0,0.0,1.0,0.0,1.0,0.0,8.0,4.0,1.0,1.0,140470,121097,143,129,60,58,397,355,78131,72196,53160,47225,69868,70000,-1216.0,1216.0,3010.0,-3010.0,2528.0,-2528.0,-75.0,75.0,2522.0,-2522.0,3321.0,-3321.0,-4.0,4.0,8.0,-8.0,22.0,-22.0,oe:team:5cd2cd09ec94296f605dd13a2924d6c|oe:team:d723992568441c6bafa2658129eade7,LCK_20260130_KT_Rolster_vs_Nongshim_RedForce_S1,1,2,3,"[""Taliyah"", ""Yunara"", ""Vi"", ""Pantheon"", ""Ambessa"", ""Ryze"", ""Corki"", ""Neeko"", ""Nautilus"", ""Aatrox"", ""Xin Zhao"", ""Azir"", ""Orianna"", ""Wukong"", ""Gnar"", ""Renekton"", ""Kalista"", ""Ezreal"", ""Renata Glasc"", ""Karma"", ""Malphite"", ""Aphelios"", ""Jinx"", ""Dr. Mundo"", ""Lulu"", ""Blitzcrank"", ""Yone"", ""Zaahen"", ""K'Sante"", ""Ahri""]",30,False,13.0,5.0,0.38461538461538464,4.0,0.5,3.0,0.3333333333333333,13.0,6.0,0.46153846153846156,8.0,0.5,3.0,0.6666666666666666,3.0,0.3333333333333333,3.0,0.6666666666666666
LOLTMNT01_332727,2026-01-30 11:49:42+00:00,LCK,2026,5,Cup,0,16.02,complete,,KT Rolster,oe:team:d723992568441c6bafa2658129eade7,Nongshim RedForce,oe:team:5cd2cd09ec94296f605dd13a2924d6c,0,1,RED,Nongshim RedForce,RED,Rumble,Alistar,Nocturne,Aurora,Jayce,Gwen,Sion,Kai'Sa,Varus,Zoe,Rakan,Trundle,Leona,Xayah,Miss Fortune,Shen,Rell,Zeri,Syndra,Olaf,1571,1571,5,16,16,5,14,36,1.0,0.0,0.0,1.0,1.0,3.0,1.0,0.0,0.0,3.0,0.0,1.0,0.0,1.0,0.0,1.0,1.0,6.0,0.0,1.0,51809,60987,93,81,33,56,232,265,44778,56683,27376,39281,43790,48703,-46.0,46.0,-438.0,438.0,-2380.0,2380.0,144.0,-144.0,260.0,-260.0,-471.0,471.0,-20.0,20.0,-25.0,25.0,-42.0,42.0,oe:team:5cd2cd09ec94296f605dd13a2924d6c|oe:team:d723992568441c6bafa2658129eade7,LCK_20260130_KT_Rolster_vs_Nongshim_RedForce_S1,2,2,4,"[""Taliyah"", ""Yunara"", ""Vi"", ""Pantheon"", ""Ambessa"", ""Ryze"", ""Corki"", ""Neeko"", ""Nautilus"", ""Aatrox"", ""Xin Zhao"", ""Azir"", ""Orianna"", ""Wukong"", ""Gnar"", ""Renekton"", ""Kalista"", ""Ezreal"", ""Renata Glasc"", ""Karma"", ""Malphite"", ""Aphelios"", ""Jinx"", ""Dr. Mundo"", ""Lulu"", ""Blitzcrank"", ""Yone"", ""Zaahen"", ""K'Sante"", ""Ahri"", ""Lucian"", ""Jarvan IV"", ""Akali"", ""Caitlyn"", ""Braum"", ""Galio"", ""Jax"", ""Tahm Kench"", ""Rek'Sai"", ""Gragas""]",40,False,14.0,6.0,0.42857142857142855,5.0,0.6,4.0,0.5,14.0,6.0,0.42857142857142855,9.0,0.4444444444444444,4.0,0.5,4.0,0.5,4.0,0.5
LOLTMNT01_334295,2026-01-31 08:17:53+00:00,LCK,2026,1,Cup,0,16.02,complete,,Dplus Kia,oe:team:ef69efa6acebe94107f0cf1ba716806,T1,oe:team:ce499dea30cfce118f4fe85da0227e8,0,1,RED,T1,RED,Jayce,Malphite,Rumble,Azir,Bard,Varus,Orianna,Ambessa,Nocturne,Vi,Xin Zhao,Jarvan IV,Sivir,Yunara,Ezreal,Neeko,Kai'Sa,Nami,Karma,Jhin,1992,1992,11,21,21,11,24,42,1.0,0.0,0.0,1.0,0.0,4.0,1.0,0.0,3.0,0.0,0.0,1.0,0.0,1.0,0.0,1.0,1.0,10.0,0.0,2.0,91787,108663,125,116,56,65,347,365,58224,72011,36528,50315,56378,62875,-570.0,570.0,-1235.0,1235.0,-2814.0,2814.0,537.0,-537.0,1098.0,-1098.0,-40.0,40.0,29.0,-29.0,27.0,-27.0,-10.0,10.0,oe:team:ce499dea30cfce118f4fe85da0227e8|oe:team:ef69efa6acebe94107f0cf1ba716806,LCK_20260131_Dplus_Kia_vs_T1_S1,0,0,0,[],0,False,9.0,6.0,0.6666666666666666,8.0,0.75,0.0,,11.0,8.0,0.7272727272727273,4.0,1.0,0.0,,0.0,,0.0,
LOLTMNT01_334313,2026-01-31 09:15:38+00:00,LCK,2026,2,Cup,0,16.02,complete,,T1,oe:team:ce499dea30cfce118f4fe85da0227e8,Dplus Kia,oe:team:ef69efa6acebe94107f0cf1ba716806,1,0,BLUE,T1,BLUE,Malphite,Jayce,Vi,Wukong,Varus,Bard,Ryze,Corki,Gwen,Aphelios,Sion,Anivia,Rek'Sai,Yunara,Kai'Sa,Zaahen,Nami,Ashe,Nautilus,Alistar,1685,1685,28,11,11,28,74,20,0.0,1.0,1.0,0.0,3.0,1.0,1.0,0.0,0.0,3.0,1.0,0.0,1.0,0.0,0.0,1.0,12.0,1.0,3.0,0.0,136185,83603,111,99,41,43,275,280,65445,56779,46880,38214,59585,56734,-833.0,833.0,-1418.0,1418.0,4769.0,-4769.0,-765.0,765.0,-1024.0,1024.0,3506.0,-3506.0,-5.0,5.0,-23.0,23.0,4.0,-4.0,oe:team:ce499dea30cfce118f4fe85da0227e8|oe:team:ef69efa6acebe94107f0cf1ba716806,LCK_20260131_Dplus_Kia_vs_T1_S1,1,0,1,"[""Rumble"", ""Azir"", ""Orianna"", ""Ambessa"", ""Xin Zhao"", ""Jarvan IV"", ""Ezreal"", ""Neeko"", ""Karma"", ""Jhin""]",10,False,12.0,9.0,0.75,7.0,0.5714285714285714,1.0,1.0,10.0,6.0,0.6,1.0,0.0,1.0,0.0,1.0,1.0,1.0,0.0
LOLTMNT01_333373,2026-01-31 10:06:58+00:00,LCK,2026,3,Cup,0,16.02,complete,,T1,oe:team:ce499dea30cfce118f4fe85da0227e8,Dplus Kia,oe:team:ef69efa6acebe94107f0cf1ba716806,1,0,BLUE,T1,BLUE,Malphite,Jayce,Varus,Pantheon,K'Sante,Bard,Nocturne,Lucian,Lulu,Aurora,Galio,Nami,Twisted Fate,Blitzcrank,Kennen,Ahri,Gwen,Ashe,Rell,Yorick,2378,2378,31,16,16,31,60,36,1.0,0.0,1.0,0.0,4.0,1.0,1.0,0.0,0.0,3.0,1.0,0.0,2.0,0.0,1.0,0.0,10.0,5.0,2.0,0.0,151276,130300,154,132,53,61,419,393,87736,76997,62102,51363,77500,73473,638.0,-638.0,933.0,-933.0,3568.0,-3568.0,183.0,-183.0,425.0,-425.0,2424.0,-2424.0,-12.0,12.0,-11.0,11.0,-7.0,7.0,oe:team:ce499dea30cfce118f4fe85da0227e8|oe:team:ef69efa6acebe94107f0cf1ba716806,LCK_20260131_Dplus_Kia_vs_T1_S1,2,0,2,"[""Rumble"", ""Azir"", ""Orianna"", ""Ambessa"", ""Xin Zhao"", ""Jarvan IV"", ""Ezreal"", ""Neeko"", ""Karma"", ""Jhin"", ""Vi"", ""Wukong"", ""Ryze"", ""Corki"", ""Sion"", ""Anivia"", ""Kai'Sa"", ""Zaahen"", ""Nautilus"", ""Alistar""]",20,False,13.0,10.0,0.7692307692307693,8.0,0.625,2.0,1.0,11.0,6.0,0.5454545454545454,2.0,0.0,2.0,0.0,2.0,1.0,2.0,0.0
LOLTMNT01_336016,2026-02-01 08:08:08+00:00,LCK,2026,1,Cup,0,16.02,complete,,Gen.G,oe:team:50f58982d91a36557ec8aec52ab014f,Hanwha Life Esports,oe:team:3a1d18f46bcb3716ebcfcf4ef068934,1,0,BLUE,Gen.G,RED,Jayce,Ambessa,Neeko,Azir,Varus,Orianna,Vi,Corki,Rumble,Malphite,Yunara,Xin Zhao,Nami,Taliyah,Aurora,Rakan,Bard,Akali,Yone,K'Sante,2164,2164,21,8,8,21,53,17,0.0,1.0,0.0,1.0,4.0,2.0,0.0,1.0,3.0,0.0,1.0,0.0,2.0,0.0,1.0,0.0,11.0,4.0,3.0,0.0,117533,70013,159,144,80,59,470,392,80717,65101,57266,41650,68805,62223,-1003.0,1003.0,-1029.0,1029.0,3197.0,-3197.0,-725.0,725.0,-390.0,390.0,2853.0,-2853.0,-5.0,5.0,-15.0,15.0,21.0,-21.0,oe:team:3a1d18f46bcb3716ebcfcf4ef068934|oe:team:50f58982d91a36557ec8aec52ab014f,LCK_20260201_Gen_G_vs_Hanwha_Life_Esports_S1,0,0,0,[],0,False,8.0,8.0,1.0,5.0,1.0,0.0,,11.0,5.0,0.45454545454545453,7.0,0.5714285714285714,0.0,,0.0,,0.0,
LOLTMNT01_336021,2026-02-01 09:10:50+00:00,LCK,2026,2,Cup,0,16.02,complete,,Gen.G,oe:team:50f58982d91a36557ec8aec52ab014f,Hanwha Life Esports,oe:team:3a1d18f46bcb3716ebcfcf4ef068934,1,0,BLUE,Gen.G,RED,Rumble,Ambessa,Aatrox,Orianna,Varus,Sion,Galio,Renekton,Jayce,Ryze,Gnar,Jarvan IV,Sivir,Ezreal,Jhin,Miss Fortune,Kalista,Lucian,Bard,Rell,2102,2102,21,17,17,21,48,45,1.0,0.0,0.0,1.0,3.0,2.0,1.0,0.0,3.0,0.0,0.0,1.0,0.0,1.0,1.0,0.0,8.0,6.0,1.0,0.0,113767,108309,155,132,68,65,399,395,72384,70032,49566,47214,63253,68615,1301.0,-1301.0,-769.0,769.0,1253.0,-1253.0,1200.0,-1200.0,-1075.0,1075.0,635.0,-635.0,-10.0,10.0,-41.0,41.0,-42.0,42.0,oe:team:3a1d18f46bcb3716ebcfcf4ef068934|oe:team:50f58982d91a36557ec8aec52ab014f,LCK_20260201_Gen_G_vs_Hanwha_Life_Esports_S1,1,0,1,"[""Neeko"", ""Azir"", ""Vi"", ""Corki"", ""Yunara"", ""Xin Zhao"", ""Aurora"", ""Rakan"", ""Yone"", ""K'Sante""]",10,False,9.0,9.0,1.0,6.0,1.0,1.0,1.0,12.0,5.0,0.4166666666666667,8.0,0.5,1.0,0.0,1.0,1.0,1.0,0.0
LOLTMNT01_335069,2026-02-01 10:09:06+00:00,LCK,2026,3,Cup,0,16.02,complete,,Gen.G,oe:team:50f58982d91a36557ec8aec52ab014f,Hanwha Life Esports,oe:team:3a1d18f46bcb3716ebcfcf4ef068934,1,0,BLUE,Gen.G,BLUE,Malphite,Varus,Pantheon,Rumble,Ambessa,Jayce,Ornn,Ryze,Poppy,Wukong,Cassiopeia,Trundle,Ashe,Ezreal,Aphelios,Alistar,Kalista,Lulu,Thresh,Sivir,1947,1947,20,9,9,20,44,20,0.0,1.0,1.0,0.0,4.0,0.0,0.0,1.0,2.0,1.0,1.0,0.0,1.0,0.0,1.0,0.0,7.0,3.0,1.0,0.0,81144,91365,138,116,68,59,364,343,68169,57213,46932,35976,59895,56348,-1109.0,1109.0,523.0,-523.0,664.0,-664.0,-371.0,371.0,1579.0,-1579.0,1662.0,-1662.0,-18.0,18.0,-6.0,6.0,7.0,-7.0,oe:team:3a1d18f46bcb3716ebcfcf4ef068934|oe:team:50f58982d91a36557ec8aec52ab014f,LCK_20260201_Gen_G_vs_Hanwha_Life_Esports_S1,2,0,2,"[""Neeko"", ""Azir"", ""Vi"", ""Corki"", ""Yunara"", ""Xin Zhao"", ""Aurora"", ""Rakan"", ""Yone"", ""K'Sante"", ""Aatrox"", ""Orianna"", ""Galio"", ""Renekton"", ""Gnar"", ""Jarvan IV"", ""Jhin"", ""Miss Fortune"", ""Bard"", ""Rell""]",20,False,10.0,10.0,1.0,7.0,1.0,2.0,1.0,13.0,5.0,0.38461538461538464,9.0,0.4444444444444444,2.0,0.0,2.0,1.0,2.0,0.0
LOLTMNT01_338397,2026-02-06 08:05:10+00:00,LCK,2026,1,Cup,0,16.02,complete,,HANJIN BRION,oe:team:b77b3f6068e20a2b3edc0ecd3dc70d4,Kiwoom DRX,oe:team:1d0389df0c5eea93b04122ba167c010,0,1,RED,Kiwoom DRX,RED,Jayce,Malphite,Rumble,Orianna,Varus,Jarvan IV,Pantheon,Xin Zhao,Vi,Azir,Corki,Yunara,Bard,Neeko,Alistar,Nautilus,Lulu,Akali,Ryze,Ambessa,1447,1447,4,24,24,4,10,61,1.0,0.0,0.0,1.0,0.0,3.0,0.0,1.0,3.0,0.0,0.0,1.0,0.0,1.0,0.0,1.0,1.0,8.0,0.0,1.0,44656,82944,85,69,13,35,182,226,39142,57019,23005,40882,37458,49575,-1980.0,1980.0,-4513.0,4513.0,-7761.0,7761.0,-811.0,811.0,-2364.0,2364.0,-4601.0,4601.0,-3.0,3.0,-30.0,30.0,-77.0,77.0,oe:team:1d0389df0c5eea93b04122ba167c010|oe:team:b77b3f6068e20a2b3edc0ecd3dc70d4,LCK_20260206_HANJIN_BRION_vs_Kiwoom_DRX_S2,0,0,0,[],0,False,16.0,5.0,0.3125,6.0,0.3333333333333333,5.0,0.4,16.0,7.0,0.4375,8.0,0.5,5.0,0.6,5.0,0.4,5.0,0.6
LOLTMNT01_338416,2026-02-06 08:50:09+00:00,LCK,2026,2,Cup,0,16.02,complete,,Kiwoom DRX,oe:team:1d0389df0c5eea93b04122ba167c010,HANJIN BRION,oe:team:b77b3f6068e20a2b3edc0ecd3dc70d4,0,1,RED,HANJIN BRION,BLUE,Malphite,Jayce,Azir,Vi,Kennen,Varus,Jarvan IV,Taliyah,Gnar,Renekton,Gwen,Aurora,Neeko,Bard,Xayah,Ezreal,Poppy,Sivir,Rakan,Elise,2071,2071,11,17,17,11,31,41,1.0,0.0,0.0,1.0,1.0,3.0,1.0,0.0,3.0,0.0,1.0,0.0,2.0,0.0,0.0,1.0,3.0,8.0,0.0,1.0,78197,111016,131,154,61,70,381,434,65789,70431,43287,47929,63630,62428,-1019.0,1019.0,-1124.0,1124.0,-1934.0,1934.0,-1705.0,1705.0,-3279.0,3279.0,-2618.0,2618.0,-31.0,31.0,-67.0,67.0,-64.0,64.0,oe:team:1d0389df0c5eea93b04122ba167c010|oe:team:b77b3f6068e20a2b3edc0ecd3dc70d4,LCK_20260206_HANJIN_BRION_vs_Kiwoom_DRX_S2,1,0,1,"[""Rumble"", ""Orianna"", ""Pantheon"", ""Xin Zhao"", ""Corki"", ""Yunara"", ""Alistar"", ""Nautilus"", ""Ryze"", ""Ambessa""]",10,False,17.0,8.0,0.47058823529411764,8.0,0.375,6.0,0.6666666666666666,17.0,5.0,0.29411764705882354,10.0,0.3,6.0,0.3333333333333333,6.0,0.6666666666666666,6.0,0.3333333333333333
LOLTMNT01_338422,2026-02-06 09:45:35+00:00,LCK,2026,3,Cup,0,16.02,complete,,HANJIN BRION,oe:team:b77b3f6068e20a2b3edc0ecd3dc70d4,Kiwoom DRX,oe:team:1d0389df0c5eea93b04122ba167c010,0,1,RED,Kiwoom DRX,RED,Jayce,Malphite,Aphelios,Zaahen,Varus,Kennen,Aatrox,Lucian,Renekton,Gnar,Lulu,Galio,Nocturne,Yorick,Wukong,K'Sante,Nami,Rek'Sai,Cassiopeia,Sona,1805,1805,7,19,19,7,12,54,0.0,1.0,0.0,1.0,0.0,4.0,0.0,1.0,3.0,0.0,,,0.0,0.0,0.0,1.0,2.0,7.0,0.0,1.0,91637,115841,111,107,39,59,258,312,51364,61660,31575,41871,50333,52218,-266.0,266.0,-47.0,47.0,-947.0,947.0,-132.0,132.0,-497.0,497.0,-844.0,844.0,3.0,-3.0,5.0,-5.0,5.0,-5.0,oe:team:1d0389df0c5eea93b04122ba167c010|oe:team:b77b3f6068e20a2b3edc0ecd3dc70d4,LCK_20260206_HANJIN_BRION_vs_Kiwoom_DRX_S2,1,1,2,"[""Rumble"", ""Orianna"", ""Pantheon"", ""Xin Zhao"", ""Corki"", ""Yunara"", ""Alistar"", ""Nautilus"", ""Ryze"", ""Ambessa"", ""Azir"", ""Vi"", ""Jarvan IV"", ""Taliyah"", ""Gwen"", ""Aurora"", ""Xayah"", ""Ezreal"", ""Rakan"", ""Elise""]",20,False,18.0,6.0,0.3333333333333333,7.0,0.2857142857142857,7.0,0.42857142857142855,18.0,8.0,0.4444444444444444,9.0,0.5555555555555556,7.0,0.5714285714285714,7.0,0.42857142857142855,7.0,0.5714285714285714
LOLTMNT01_338447,2026-02-06 10:59:51+00:00,LCK,2026,1,Cup,0,16.02,complete,,DN SOOPers,oe:team:b3c72a20aa56f5d28022ac04a7dc294,KT Rolster,oe:team:d723992568441c6bafa2658129eade7,1,0,BLUE,DN SOOPers,RED,Jayce,Malphite,Neeko,Vi,Rumble,Pantheon,Ambessa,Renekton,Varus,Orianna,Akali,Azir,Poppy,Kennen,Gwen,Corki,Lulu,Kai'Sa,Ezreal,Nami,2975,2975,28,18,18,28,61,46,0.0,1.0,1.0,0.0,5.0,2.0,1.0,0.0,0.0,3.0,0.0,1.0,0.0,2.0,0.0,1.0,10.0,9.0,1.0,4.0,173344,157481,171,146,84,80,483,492,101316,98226,69593,66503,90218,97403,-1046.0,1046.0,-1728.0,1728.0,-2441.0,2441.0,-551.0,551.0,-750.0,750.0,-924.0,924.0,-20.0,20.0,-33.0,33.0,-30.0,30.0,oe:team:b3c72a20aa56f5d28022ac04a7dc294|oe:team:d723992568441c6bafa2658129eade7,LCK_20260206_DN_SOOPers_vs_KT_Rolster_S2,0,0,0,[],0,False,15.0,5.0,0.3333333333333333,8.0,0.375,4.0,0.25,15.0,6.0,0.4,9.0,0.3333333333333333,5.0,0.4,3.0,0.3333333333333333,3.0,0.6666666666666666
LOLTMNT01_338459,2026-02-06 12:11:32+00:00,LCK,2026,2,Cup,0,16.02,complete,,DN SOOPers,oe:team:b3c72a20aa56f5d28022ac04a7dc294,KT Rolster,oe:team:d723992568441c6bafa2658129eade7,1,0,BLUE,DN SOOPers,RED,Rumble,Malphite,Ryze,Jayce,Varus,Orianna,Yunara,Sion,Cassiopeia,Aphelios,Lee Sin,Taliyah,Braum,Zaahen,Rek'Sai,Caitlyn,Nautilus,Lulu,Rell,Bard,1809,1809,12,3,3,12,33,4,0.0,1.0,1.0,0.0,4.0,1.0,1.0,0.0,3.0,0.0,,,0.0,0.0,1.0,0.0,6.0,0.0,1.0,0.0,58675,65206,126,103,53,60,337,313,60276,52298,40446,32468,51825,50745,589.0,-589.0,264.0,-264.0,345.0,-345.0,1073.0,-1073.0,1172.0,-1172.0,2524.0,-2524.0,44.0,-44.0,32.0,-32.0,44.0,-44.0,oe:team:b3c72a20aa56f5d28022ac04a7dc294|oe:team:d723992568441c6bafa2658129eade7,LCK_20260206_DN_SOOPers_vs_KT_Rolster_S2,1,0,1,"[""Neeko"", ""Vi"", ""Ambessa"", ""Renekton"", ""Akali"", ""Azir"", ""Gwen"", ""Corki"", ""Ezreal"", ""Nami""]",10,False,16.0,6.0,0.375,9.0,0.4444444444444444,5.0,0.4,16.0,6.0,0.375,10.0,0.3,6.0,0.3333333333333333,4.0,0.5,4.0,0.5
LOLTMNT01_338589,2026-02-07 08:07:00+00:00,LCK,2026,1,Cup,0,16.02,complete,,Dplus Kia,oe:team:ef69efa6acebe94107f0cf1ba716806,Kiwoom DRX,oe:team:1d0389df0c5eea93b04122ba167c010,1,0,BLUE,Dplus Kia,RED,Jayce,Ambessa,Jarvan IV,Rumble,Varus,Ryze,Yunara,Xin Zhao,Orianna,Azir,Lulu,Corki,Nautilus,K'Sante,Ornn,Neeko,Nami,Gwen,Ahri,Taliyah,1536,1536,35,7,7,35,87,20,0.0,1.0,1.0,0.0,3.0,0.0,1.0,0.0,0.0,0.0,1.0,0.0,1.0,0.0,1.0,0.0,7.0,0.0,1.0,0.0,97210,61631,84,77,31,26,233,184,61909,42306,44864,25261,55365,40753,3362.0,-3362.0,7023.0,-7023.0,15629.0,-15629.0,2659.0,-2659.0,5959.0,-5959.0,13321.0,-13321.0,45.0,-45.0,88.0,-88.0,163.0,-163.0,oe:team:1d0389df0c5eea93b04122ba167c010|oe:team:ef69efa6acebe94107f0cf1ba716806,LCK_20260207_Dplus_Kia_vs_Kiwoom_DRX_S1,0,0,0,[],0,False,12.0,6.0,0.5,9.0,0.6666666666666666,3.0,0.0,19.0,9.0,0.47368421052631576,10.0,0.6,8.0,0.625,0.0,,0.0,
LOLTMNT01_338603,2026-02-07 08:55:19+00:00,LCK,2026,2,Cup,0,16.02,complete,,Dplus Kia,oe:team:ef69efa6acebe94107f0cf1ba716806,Kiwoom DRX,oe:team:1d0389df0c5eea93b04122ba167c010,1,0,BLUE,Dplus Kia,RED,Orianna,Azir,Pantheon,Ambessa,Jayce,Vi,Lucian,Aurora,Varus,Ryze,Braum,Nautilus,Ziggs,Gwen,Kennen,Sion,Sivir,Renekton,Cassiopeia,Ezreal,1670,1670,32,16,16,32,64,32,1.0,0.0,1.0,0.0,1.0,2.0,1.0,0.0,0.0,3.0,1.0,0.0,1.0,0.0,1.0,0.0,8.0,0.0,1.0,0.0,122609,79395,104,92,37,40,267,270,64890,50998,46478,32586,57360,49613,2900.0,-2900.0,3757.0,-3757.0,6989.0,-6989.0,1356.0,-1356.0,2178.0,-2178.0,5844.0,-5844.0,28.0,-28.0,60.0,-60.0,57.0,-57.0,oe:team:1d0389df0c5eea93b04122ba167c010|oe:team:ef69efa6acebe94107f0cf1ba716806,LCK_20260207_Dplus_Kia_vs_Kiwoom_DRX_S1,1,0,1,"[""Jarvan IV"", ""Rumble"", ""Yunara"", ""Xin Zhao"", ""Lulu"", ""Corki"", ""Ornn"", ""Neeko"", ""Ahri"", ""Taliyah""]",10,False,13.0,7.0,0.5384615384615384,10.0,0.7,4.0,0.25,20.0,9.0,0.45,11.0,0.5454545454545454,9.0,0.5555555555555556,1.0,1.0,1.0,0.0
LOLTMNT01_338625,2026-02-07 10:09:22+00:00,LCK,2026,1,Cup,0,16.02,complete,,DN SOOPers,oe:team:b3c72a20aa56f5d28022ac04a7dc294,Nongshim RedForce,oe:team:5cd2cd09ec94296f605dd13a2924d6c,0,1,RED,Nongshim RedForce,RED,Rumble,Malphite,Jayce,Ryze,Varus,Vi,Anivia,Jarvan IV,Orianna,Azir,Corki,Yunara,Bard,Nami,Nautilus,Ambessa,Neeko,Renekton,Rek'Sai,Leona,1820,1820,3,24,24,3,8,55,0.0,1.0,0.0,1.0,0.0,4.0,0.0,1.0,0.0,3.0,0.0,1.0,0.0,2.0,0.0,1.0,3.0,8.0,0.0,1.0,55715,95713,113,117,37,62,263,350,52157,67764,32215,47822,50688,58365,-1230.0,1230.0,-1102.0,1102.0,-2294.0,2294.0,-363.0,363.0,-969.0,969.0,-515.0,515.0,8.0,-8.0,-2.0,2.0,-5.0,5.0,oe:team:5cd2cd09ec94296f605dd13a2924d6c|oe:team:b3c72a20aa56f5d28022ac04a7dc294,LCK_20260207_DN_SOOPers_vs_Nongshim_RedForce_S1,0,0,0,[],0,False,17.0,7.0,0.4117647058823529,10.0,0.5,6.0,0.5,15.0,7.0,0.4666666666666667,10.0,0.5,5.0,0.6,0.0,,0.0,
LOLTMNT01_337768,2026-02-07 11:00:32+00:00,LCK,2026,2,Cup,0,16.02,complete,,Nongshim RedForce,oe:team:5cd2cd09ec94296f605dd13a2924d6c,DN SOOPers,oe:team:b3c72a20aa56f5d28022ac04a7dc294,0,1,RED,DN SOOPers,RED,Varus,Pantheon,Vi,Rumble,Neeko,Nocturne,K'Sante,Wukong,Orianna,Azir,Akali,Ahri,Poppy,Renata Glasc,Lucian,Xayah,Bard,Lulu,Nami,Rakan,1918,1918,9,19,19,9,12,49,1.0,0.0,0.0,1.0,1.0,4.0,1.0,0.0,3.0,0.0,0.0,1.0,0.0,1.0,0.0,1.0,4.0,7.0,0.0,1.0,64813,80215,93,130,63,45,320,319,59315,66670,38373,45728,58445,59068,1171.0,-1171.0,900.0,-900.0,2066.0,-2066.0,434.0,-434.0,1589.0,-1589.0,1911.0,-1911.0,-19.0,19.0,27.0,-27.0,48.0,-48.0,oe:team:5cd2cd09ec94296f605dd13a2924d6c|oe:team:b3c72a20aa56f5d28022ac04a7dc294,LCK_20260207_DN_SOOPers_vs_Nongshim_RedForce_S1,1,0,1,"[""Jayce"", ""Ryze"", ""Anivia"", ""Jarvan IV"", ""Corki"", ""Yunara"", ""Nautilus"", ""Ambessa"", ""Rek'Sai"", ""Leona""]",10,False,16.0,8.0,0.5,5.0,0.4,6.0,0.6666666666666666,18.0,7.0,0.3888888888888889,7.0,0.2857142857142857,7.0,0.42857142857142855,1.0,1.0,1.0,0.0
LOLTMNT01_338644,2026-02-07 11:54:25+00:00,LCK,2026,3,Cup,0,16.02,complete,,DN SOOPers,oe:team:b3c72a20aa56f5d28022ac04a7dc294,Nongshim RedForce,oe:team:5cd2cd09ec94296f605dd13a2924d6c,1,0,BLUE,DN SOOPers,RED,Varus,Malphite,Orianna,Azir,Pantheon,Neeko,Lee Sin,Xin Zhao,Poppy,Nocturne,Gwen,Sion,Sivir,Karma,Ezreal,Kai'Sa,Kalista,Braum,Rell,Alistar,2731,2731,20,24,24,20,54,60,0.0,1.0,0.0,1.0,4.0,3.0,1.0,0.0,1.0,1.0,1.0,0.0,2.0,2.0,1.0,0.0,11.0,4.0,3.0,0.0,148543,120609,213,187,92,86,566,497,92722,90062,63488,60828,85298,88995,-102.0,102.0,-857.0,857.0,1951.0,-1951.0,-157.0,157.0,-610.0,610.0,793.0,-793.0,43.0,-43.0,37.0,-37.0,25.0,-25.0,oe:team:5cd2cd09ec94296f605dd13a2924d6c|oe:team:b3c72a20aa56f5d28022ac04a7dc294,LCK_20260207_DN_SOOPers_vs_Nongshim_RedForce_S1,1,1,2,"[""Jayce"", ""Ryze"", ""Anivia"", ""Jarvan IV"", ""Corki"", ""Yunara"", ""Nautilus"", ""Ambessa"", ""Rek'Sai"", ""Leona"", ""Vi"", ""Rumble"", ""K'Sante"", ""Wukong"", ""Akali"", ""Ahri"", ""Lucian"", ""Xayah"", ""Nami"", ""Rakan""]",20,False,19.0,8.0,0.42105263157894735,11.0,0.45454545454545453,8.0,0.5,17.0,8.0,0.47058823529411764,11.0,0.5454545454545454,7.0,0.5714285714285714,2.0,0.5,2.0,0.5
LOLTMNT01_338745,2026-02-08 08:06:06+00:00,LCK,2026,1,Cup,0,16.02,complete,,Nongshim RedForce,oe:team:5cd2cd09ec94296f605dd13a2924d6c,Kiwoom DRX,oe:team:1d0389df0c5eea93b04122ba167c010,0,1,RED,Kiwoom DRX,RED,Varus,Neeko,Ambessa,Yunara,Bard,Jarvan IV,Orianna,Azir,Xin Zhao,Rumble,Malphite,Nautilus,Renekton,Leona,Lucian,Pantheon,Dr. Mundo,Alistar,Braum,Gwen,1658,1658,7,26,26,7,15,53,0.0,1.0,0.0,1.0,0.0,3.0,1.0,0.0,3.0,0.0,0.0,1.0,0.0,1.0,0.0,1.0,3.0,9.0,0.0,1.0,65096,85675,107,98,37,43,233,274,50193,64587,31903,46297,48555,56785,-2662.0,2662.0,-3099.0,3099.0,-10102.0,10102.0,-174.0,174.0,-1660.0,1660.0,-7887.0,7887.0,15.0,-15.0,-5.0,5.0,-46.0,46.0,oe:team:1d0389df0c5eea93b04122ba167c010|oe:team:5cd2cd09ec94296f605dd13a2924d6c,LCK_20260208_Kiwoom_DRX_vs_Nongshim_RedForce_S2,0,0,0,[],0,False,18.0,8.0,0.4444444444444444,6.0,0.3333333333333333,8.0,0.5,21.0,9.0,0.42857142857142855,12.0,0.5,10.0,0.5,3.0,0.3333333333333333,3.0,0.6666666666666666
LOLTMNT01_337856,2026-02-08 08:59:00+00:00,LCK,2026,2,Cup,0,16.02,complete,,Kiwoom DRX,oe:team:1d0389df0c5eea93b04122ba167c010,Nongshim RedForce,oe:team:5cd2cd09ec94296f605dd13a2924d6c,1,0,BLUE,Kiwoom DRX,RED,Varus,Bard,Corki,Vi,Rumble,Xin Zhao,Jarvan IV,Sion,Neeko,Ryze,K'Sante,Taliyah,Kai'Sa,Nami,Syndra,Ezreal,Kalista,Ahri,Alistar,Leona,1966,1966,23,7,7,23,57,11,1.0,0.0,0.0,1.0,4.0,1.0,1.0,0.0,0.0,3.0,1.0,0.0,1.0,0.0,0.0,1.0,9.0,0.0,1.0,0.0,99856,93425,132,122,54,41,357,305,69076,58109,47645,36678,59698,57018,358.0,-358.0,1894.0,-1894.0,832.0,-832.0,-937.0,937.0,626.0,-626.0,-299.0,299.0,-25.0,25.0,-11.0,11.0,-12.0,12.0,oe:team:1d0389df0c5eea93b04122ba167c010|oe:team:5cd2cd09ec94296f605dd13a2924d6c,LCK_20260208_Kiwoom_DRX_vs_Nongshim_RedForce_S2,1,0,1,"[""Ambessa"", ""Yunara"", ""Orianna"", ""Azir"", ""Malphite"", ""Nautilus"", ""Lucian"", ""Pantheon"", ""Braum"", ""Gwen""]",10,False,22.0,10.0,0.45454545454545453,9.0,0.3333333333333333,11.0,0.5454545454545454,19.0,8.0,0.42105263157894735,12.0,0.5,9.0,0.4444444444444444,4.0,0.75,4.0,0.25
LOLTMNT01_337859,2026-02-08 09:55:03+00:00,LCK,2026,3,Cup,0,16.02,complete,,Kiwoom DRX,oe:team:1d0389df0c5eea93b04122ba167c010,Nongshim RedForce,oe:team:5cd2cd09ec94296f605dd13a2924d6c,1,0,BLUE,Kiwoom DRX,RED,Ryze,Bard,Xin Zhao,Varus,Rumble,Nocturne,Aurora,Viktor,Jayce,Neeko,Sivir,Wukong,Rell,Lulu,Karma,Renekton,Rakan,Kennen,Gnar,Renata Glasc,1905,1905,22,8,8,22,52,16,0.0,1.0,0.0,1.0,4.0,1.0,0.0,1.0,3.0,0.0,1.0,0.0,1.0,0.0,1.0,0.0,9.0,2.0,1.0,0.0,112572,82831,115,116,54,52,328,307,68671,56395,47862,35586,62288,53123,-8.0,8.0,3640.0,-3640.0,7117.0,-7117.0,-299.0,299.0,1872.0,-1872.0,2920.0,-2920.0,-2.0,2.0,1.0,-1.0,-8.0,8.0,oe:team:1d0389df0c5eea93b04122ba167c010|oe:team:5cd2cd09ec94296f605dd13a2924d6c,LCK_20260208_Kiwoom_DRX_vs_Nongshim_RedForce_S2,2,0,2,"[""Ambessa"", ""Yunara"", ""Orianna"", ""Azir"", ""Malphite"", ""Nautilus"", ""Lucian"", ""Pantheon"", ""Braum"", ""Gwen"", ""Corki"", ""Vi"", ""Jarvan IV"", ""Sion"", ""K'Sante"", ""Taliyah"", ""Syndra"", ""Ezreal"", ""Alistar"", ""Leona""]",20,False,23.0,11.0,0.4782608695652174,10.0,0.4,12.0,0.5833333333333334,20.0,8.0,0.4,13.0,0.46153846153846156,10.0,0.4,5.0,0.8,5.0,0.2
LOLTMNT02_352362,2026-02-12 08:04:05+00:00,LCK,2026,1,Cup,0,16.03,complete,,DN SOOPers,oe:team:b3c72a20aa56f5d28022ac04a7dc294,BNK FEARX,oe:team:5c2e7e9ea8dfcba0150d9a5619baecf,1,0,BLUE,DN SOOPers,RED,Rumble,Neeko,Orianna,Azir,Varus,K'Sante,Nocturne,Jarvan IV,Pantheon,Gwen,Yunara,Bard,Corki,Lulu,Ambessa,Aurora,Renekton,Nautilus,Rakan,Ezreal,1705,1705,23,5,5,23,69,11,1.0,0.0,0.0,1.0,3.0,1.0,1.0,0.0,3.0,0.0,1.0,0.0,1.0,0.0,1.0,0.0,10.0,1.0,1.0,0.0,83139,69782,100,105,42,42,290,247,64055,46815,45286,28046,56220,42958,800.0,-800.0,1281.0,-1281.0,5983.0,-5983.0,560.0,-560.0,140.0,-140.0,3838.0,-3838.0,-15.0,15.0,-1.0,1.0,9.0,-9.0,oe:team:5c2e7e9ea8dfcba0150d9a5619baecf|oe:team:b3c72a20aa56f5d28022ac04a7dc294,LCK_20260212_BNK_FEARX_vs_DN_SOOPers_S2,0,0,0,[],0,False,20.0,9.0,0.45,12.0,0.5,0.0,,14.0,8.0,0.5714285714285714,6.0,0.6666666666666666,0.0,,4.0,0.25,4.0,0.75
LOLTMNT02_351385,2026-02-12 08:55:20+00:00,LCK,2026,2,Cup,0,16.03,complete,,DN SOOPers,oe:team:b3c72a20aa56f5d28022ac04a7dc294,BNK FEARX,oe:team:5c2e7e9ea8dfcba0150d9a5619baecf,0,1,RED,BNK FEARX,RED,Rumble,Neeko,Corki,Ryze,Varus,K'Sante,Cassiopeia,Renekton,Pantheon,Vi,Wukong,Lee Sin,Lucian,Nami,Gnar,Sivir,Lulu,Gwen,Alistar,Karma,2261,2261,11,23,23,11,16,51,0.0,1.0,1.0,0.0,2.0,4.0,1.0,0.0,1.0,0.0,,,0.0,0.0,0.0,1.0,2.0,7.0,0.0,1.0,105152,136717,154,179,87,82,442,444,70907,78293,46467,53853,67839,68870,-960.0,960.0,-3155.0,3155.0,-4051.0,4051.0,-219.0,219.0,-756.0,756.0,-2344.0,2344.0,0.0,0.0,23.0,-23.0,14.0,-14.0,oe:team:5c2e7e9ea8dfcba0150d9a5619baecf|oe:team:b3c72a20aa56f5d28022ac04a7dc294,LCK_20260212_BNK_FEARX_vs_DN_SOOPers_S2,1,0,1,"[""Orianna"", ""Azir"", ""Nocturne"", ""Jarvan IV"", ""Yunara"", ""Bard"", ""Ambessa"", ""Aurora"", ""Rakan"", ""Ezreal""]",10,False,21.0,10.0,0.47619047619047616,13.0,0.5384615384615384,1.0,1.0,15.0,8.0,0.5333333333333333,7.0,0.5714285714285714,1.0,0.0,5.0,0.4,5.0,0.6
LOLTMNT02_351402,2026-02-12 09:56:42+00:00,LCK,2026,3,Cup,0,16.03,complete,,BNK FEARX,oe:team:5c2e7e9ea8dfcba0150d9a5619baecf,DN SOOPers,oe:team:b3c72a20aa56f5d28022ac04a7dc294,1,0,BLUE,BNK FEARX,RED,Rumble,Lucian,K'Sante,Vi,Varus,Kennen,Ahri,Gwen,Ziggs,Neeko,Poppy,Akali,Nautilus,Renata Glasc,Xayah,Jhin,Ashe,Lulu,Pantheon,Leona,1523,1523,19,8,8,19,48,8,1.0,0.0,0.0,1.0,2.0,1.0,1.0,0.0,3.0,0.0,1.0,0.0,1.0,0.0,1.0,0.0,8.0,1.0,1.0,0.0,63315,43829,97,80,40,49,237,243,56058,45237,39145,28324,49455,42855,168.0,-168.0,1441.0,-1441.0,4500.0,-4500.0,-352.0,352.0,224.0,-224.0,2196.0,-2196.0,-7.0,7.0,-3.0,3.0,26.0,-26.0,oe:team:5c2e7e9ea8dfcba0150d9a5619baecf|oe:team:b3c72a20aa56f5d28022ac04a7dc294,LCK_20260212_BNK_FEARX_vs_DN_SOOPers_S2,1,1,2,"[""Orianna"", ""Azir"", ""Nocturne"", ""Jarvan IV"", ""Yunara"", ""Bard"", ""Ambessa"", ""Aurora"", ""Rakan"", ""Ezreal"", ""Corki"", ""Ryze"", ""Cassiopeia"", ""Renekton"", ""Wukong"", ""Lee Sin"", ""Gnar"", ""Sivir"", ""Alistar"", ""Karma""]",20,False,16.0,9.0,0.5625,8.0,0.5,2.0,0.5,22.0,10.0,0.45454545454545453,8.0,0.375,2.0,0.5,6.0,0.6666666666666666,6.0,0.3333333333333333
LOLTMNT02_352407,2026-02-12 10:48:56+00:00,LCK,2026,4,Cup,0,16.03,complete,,BNK FEARX,oe:team:5c2e7e9ea8dfcba0150d9a5619baecf,DN SOOPers,oe:team:b3c72a20aa56f5d28022ac04a7dc294,0,1,RED,DN SOOPers,RED,Rumble,Lucian,Kalista,Neeko,Varus,Kennen,Xin Zhao,Zaahen,Yone,Jayce,Renata Glasc,Caitlyn,Trundle,Galio,Taliyah,Zoe,Jax,Twisted Fate,Rek'Sai,Dr. Mundo,1797,1797,15,17,17,15,28,28,1.0,0.0,0.0,1.0,0.0,3.0,0.0,1.0,0.0,3.0,1.0,0.0,1.0,0.0,0.0,1.0,4.0,7.0,0.0,1.0,76833,85205,119,95,44,65,262,315,57651,60144,37944,40437,52695,53388,-962.0,962.0,-1722.0,1722.0,-2203.0,2203.0,-2218.0,2218.0,-1744.0,1744.0,-1612.0,1612.0,-45.0,45.0,-56.0,56.0,-57.0,57.0,oe:team:5c2e7e9ea8dfcba0150d9a5619baecf|oe:team:b3c72a20aa56f5d28022ac04a7dc294,LCK_20260212_BNK_FEARX_vs_DN_SOOPers_S2,2,1,3,"[""Orianna"", ""Azir"", ""Nocturne"", ""Jarvan IV"", ""Yunara"", ""Bard"", ""Ambessa"", ""Aurora"", ""Rakan"", ""Ezreal"", ""Corki"", ""Ryze"", ""Cassiopeia"", ""Renekton"", ""Wukong"", ""Lee Sin"", ""Gnar"", ""Sivir"", ""Alistar"", ""Karma"", ""K'Sante"", ""Vi"", ""Ahri"", ""Gwen"", ""Poppy"", ""Akali"", ""Xayah"", ""Jhin"", ""Pantheon"", ""Leona""]",30,False,17.0,10.0,0.5882352941176471,9.0,0.5555555555555556,3.0,0.6666666666666666,23.0,10.0,0.43478260869565216,9.0,0.3333333333333333,3.0,0.3333333333333333,7.0,0.7142857142857143,7.0,0.2857142857142857
LOLTMNT02_352429,2026-02-12 11:41:51+00:00,LCK,2026,5,Cup,0,16.03,complete,,DN SOOPers,oe:team:b3c72a20aa56f5d28022ac04a7dc294,BNK FEARX,oe:team:5c2e7e9ea8dfcba0150d9a5619baecf,0,1,RED,BNK FEARX,RED,Lucian,Ziggs,Rell,Sion,Varus,Yone,Miss Fortune,Aphelios,Rumble,Aatrox,Jax,Thresh,Naafiri,Trundle,Rammus,Galio,Malphite,Jayce,Smolder,Zac,2239,2239,18,27,28,19,46,66,1.0,0.0,0.0,1.0,1.0,4.0,0.0,1.0,0.0,0.0,0.0,1.0,0.0,2.0,0.0,1.0,6.0,9.0,1.0,3.0,115063,112817,149,152,69,66,390,388,74225,80966,50009,56750,70848,71745,-742.0,742.0,-2240.0,2240.0,-4030.0,4030.0,-1185.0,1185.0,-2759.0,2759.0,-3233.0,3233.0,-27.0,27.0,-40.0,40.0,-61.0,61.0,oe:team:5c2e7e9ea8dfcba0150d9a5619baecf|oe:team:b3c72a20aa56f5d28022ac04a7dc294,LCK_20260212_BNK_FEARX_vs_DN_SOOPers_S2,2,2,4,"[""Orianna"", ""Azir"", ""Nocturne"", ""Jarvan IV"", ""Yunara"", ""Bard"", ""Ambessa"", ""Aurora"", ""Rakan"", ""Ezreal"", ""Corki"", ""Ryze"", ""Cassiopeia"", ""Renekton"", ""Wukong"", ""Lee Sin"", ""Gnar"", ""Sivir"", ""Alistar"", ""Karma"", ""K'Sante"", ""Vi"", ""Ahri"", ""Gwen"", ""Poppy"", ""Akali"", ""Xayah"", ""Jhin"", ""Pantheon"", ""Leona"", ""Kalista"", ""Neeko"", ""Xin Zhao"", ""Zaahen"", ""Renata Glasc"", ""Caitlyn"", ""Taliyah"", ""Zoe"", ""Rek'Sai"", ""Dr. Mundo""]",40,False,24.0,11.0,0.4583333333333333,14.0,0.5,4.0,0.5,18.0,10.0,0.5555555555555556,8.0,0.625,4.0,0.5,8.0,0.375,8.0,0.625
LOLTMNT02_352782,2026-02-13 08:06:47+00:00,LCK,2026,1,Cup,0,16.03,complete,,Dplus Kia,oe:team:ef69efa6acebe94107f0cf1ba716806,Kiwoom DRX,oe:team:1d0389df0c5eea93b04122ba167c010,0,1,RED,Kiwoom DRX,RED,Varus,Jarvan IV,Ambessa,Orianna,Nocturne,Pantheon,Bard,Nautilus,Yunara,Rumble,Azir,Corki,Renekton,Ezreal,Jhin,Xin Zhao,Gwen,Sivir,Jayce,Kennen,2019,2019,14,26,27,14,27,54,1.0,0.0,0.0,1.0,1.0,4.0,1.0,0.0,0.0,3.0,0.0,1.0,0.0,2.0,0.0,1.0,3.0,11.0,0.0,3.0,82233,97966,120,115,53,57,328,349,63390,73713,41418,51741,60985,66978,63.0,-63.0,1451.0,-1451.0,-1018.0,1018.0,419.0,-419.0,2390.0,-2390.0,21.0,-21.0,22.0,-22.0,50.0,-50.0,82.0,-82.0,oe:team:1d0389df0c5eea93b04122ba167c010|oe:team:ef69efa6acebe94107f0cf1ba716806,LCK_20260213_Dplus_Kia_vs_Kiwoom_DRX_S2,0,0,0,[],0,False,14.0,8.0,0.5714285714285714,11.0,0.7272727272727273,0.0,,24.0,12.0,0.5,13.0,0.5384615384615384,0.0,,2.0,1.0,2.0,0.0
LOLTMNT02_352790,2026-02-13 09:03:09+00:00,LCK,2026,2,Cup,0,16.03,complete,,Dplus Kia,oe:team:ef69efa6acebe94107f0cf1ba716806,Kiwoom DRX,oe:team:1d0389df0c5eea93b04122ba167c010,1,0,BLUE,Dplus Kia,RED,Varus,Rumble,Ashe,Yunara,Vi,Jarvan IV,Dr. Mundo,Aurora,Ryze,Pantheon,Seraphine,Karma,Nocturne,Ahri,Gnar,Sylas,Jax,Gwen,Zoe,Zaahen,2513,2513,25,18,18,25,59,44,1.0,0.0,1.0,0.0,4.0,2.0,1.0,0.0,0.0,3.0,1.0,0.0,2.0,0.0,1.0,0.0,10.0,0.0,4.0,0.0,184318,159433,136,126,44,66,367,357,84484,82400,57473,55389,81343,79018,2408.0,-2408.0,4785.0,-4785.0,6923.0,-6923.0,2414.0,-2414.0,3656.0,-3656.0,4178.0,-4178.0,68.0,-68.0,89.0,-89.0,109.0,-109.0,oe:team:1d0389df0c5eea93b04122ba167c010|oe:team:ef69efa6acebe94107f0cf1ba716806,LCK_20260213_Dplus_Kia_vs_Kiwoom_DRX_S2,0,1,1,"[""Ambessa"", ""Orianna"", ""Bard"", ""Nautilus"", ""Azir"", ""Corki"", ""Jhin"", ""Xin Zhao"", ""Jayce"", ""Kennen""]",10,False,15.0,8.0,0.5333333333333333,12.0,0.6666666666666666,1.0,0.0,25.0,13.0,0.52,14.0,0.5714285714285714,1.0,1.0,3.0,0.6666666666666666,3.0,0.3333333333333333
LOLTMNT02_351807,2026-02-13 10:06:25+00:00,LCK,2026,3,Cup,0,16.03,complete,,Dplus Kia,oe:team:ef69efa6acebe94107f0cf1ba716806,Kiwoom DRX,oe:team:1d0389df0c5eea93b04122ba167c010,0,1,RED,Kiwoom DRX,RED,Neeko,Rumble,Varus,Ryze,Pantheon,Gwen,Nocturne,Sivir,Vi,Jarvan IV,Alistar,Renekton,Rakan,Cassiopeia,K'Sante,Olaf,Lee Sin,Anivia,Viktor,Poppy,2514,2514,13,16,16,13,29,33,0.0,1.0,0.0,1.0,2.0,4.0,0.0,1.0,3.0,0.0,1.0,0.0,1.0,1.0,1.0,0.0,5.0,8.0,0.0,2.0,145704,134452,165,157,70,72,479,445,75245,83017,48224,55996,73410,72300,404.0,-404.0,-307.0,307.0,889.0,-889.0,383.0,-383.0,-798.0,798.0,87.0,-87.0,28.0,-28.0,36.0,-36.0,40.0,-40.0,oe:team:1d0389df0c5eea93b04122ba167c010|oe:team:ef69efa6acebe94107f0cf1ba716806,LCK_20260213_Dplus_Kia_vs_Kiwoom_DRX_S2,1,1,2,"[""Ambessa"", ""Orianna"", ""Bard"", ""Nautilus"", ""Azir"", ""Corki"", ""Jhin"", ""Xin Zhao"", ""Jayce"", ""Kennen"", ""Ashe"", ""Yunara"", ""Dr. Mundo"", ""Aurora"", ""Seraphine"", ""Karma"", ""Gnar"", ""Sylas"", ""Zoe"", ""Zaahen""]",20,False,16.0,9.0,0.5625,13.0,0.6923076923076923,2.0,0.5,26.0,13.0,0.5,15.0,0.5333333333333333,2.0,0.5,4.0,0.75,4.0,0.25
LOLTMNT02_352851,2026-02-13 11:11:59+00:00,LCK,2026,4,Cup,0,16.03,complete,,Dplus Kia,oe:team:ef69efa6acebe94107f0cf1ba716806,Kiwoom DRX,oe:team:1d0389df0c5eea93b04122ba167c010,1,0,BLUE,Dplus Kia,BLUE,Malphite,Rumble,Vi,Galio,Neeko,Gwen,Jax,Naafiri,Pantheon,Ahri,Taliyah,Sion,Kai'Sa,Lucian,Ziggs,Kalista,Xayah,Lulu,Rakan,Renata Glasc,1621,1621,13,2,2,13,33,6,1.0,0.0,1.0,0.0,4.0,0.0,1.0,0.0,1.0,2.0,1.0,0.0,1.0,0.0,1.0,0.0,10.0,0.0,2.0,0.0,83178,53068,101,77,36,37,262,240,56460,41358,38548,23446,49378,40585,2175.0,-2175.0,463.0,-463.0,5830.0,-5830.0,2369.0,-2369.0,1786.0,-1786.0,5250.0,-5250.0,45.0,-45.0,43.0,-43.0,86.0,-86.0,oe:team:1d0389df0c5eea93b04122ba167c010|oe:team:ef69efa6acebe94107f0cf1ba716806,LCK_20260213_Dplus_Kia_vs_Kiwoom_DRX_S2,1,2,3,"[""Ambessa"", ""Orianna"", ""Bard"", ""Nautilus"", ""Azir"", ""Corki"", ""Jhin"", ""Xin Zhao"", ""Jayce"", ""Kennen"", ""Ashe"", ""Yunara"", ""Dr. Mundo"", ""Aurora"", ""Seraphine"", ""Karma"", ""Gnar"", ""Sylas"", ""Zoe"", ""Zaahen"", ""Varus"", ""Ryze"", ""Nocturne"", ""Sivir"", ""Alistar"", ""Renekton"", ""K'Sante"", ""Olaf"", ""Viktor"", ""Poppy""]",30,False,17.0,9.0,0.5294117647058824,14.0,0.6428571428571429,3.0,0.3333333333333333,27.0,14.0,0.5185185185185185,16.0,0.5625,3.0,0.6666666666666666,5.0,0.6,5.0,0.4
LOLTMNT02_351868,2026-02-13 12:01:25+00:00,LCK,2026,5,Cup,0,16.03,complete,,Dplus Kia,oe:team:ef69efa6acebe94107f0cf1ba716806,Kiwoom DRX,oe:team:1d0389df0c5eea93b04122ba167c010,1,0,BLUE,Dplus Kia,RED,Pantheon,Jarvan IV,Gwen,Rumble,Neeko,Ahri,Lee Sin,Aphelios,Yone,Akali,Twisted Fate,Lulu,Syndra,Lucian,Jinx,Sejuani,Wukong,Ezreal,Thresh,Tristana,1803,1803,13,6,7,13,28,2,0.0,1.0,0.0,1.0,2.0,2.0,1.0,0.0,0.0,3.0,1.0,0.0,1.0,0.0,0.0,1.0,9.0,3.0,1.0,0.0,66041,64918,98,96,53,33,272,243,62825,51290,43056,31521,57555,47175,-654.0,654.0,613.0,-613.0,288.0,-288.0,-1243.0,1243.0,-1113.0,1113.0,-1867.0,1867.0,-5.0,5.0,-6.0,6.0,-6.0,6.0,oe:team:1d0389df0c5eea93b04122ba167c010|oe:team:ef69efa6acebe94107f0cf1ba716806,LCK_20260213_Dplus_Kia_vs_Kiwoom_DRX_S2,2,2,4,"[""Ambessa"", ""Orianna"", ""Bard"", ""Nautilus"", ""Azir"", ""Corki"", ""Jhin"", ""Xin Zhao"", ""Jayce"", ""Kennen"", ""Ashe"", ""Yunara"", ""Dr. Mundo"", ""Aurora"", ""Seraphine"", ""Karma"", ""Gnar"", ""Sylas"", ""Zoe"", ""Zaahen"", ""Varus"", ""Ryze"", ""Nocturne"", ""Sivir"", ""Alistar"", ""Renekton"", ""K'Sante"", ""Olaf"", ""Viktor"", ""Poppy"", ""Vi"", ""Galio"", ""Jax"", ""Naafiri"", ""Taliyah"", ""Sion"", ""Ziggs"", ""Kalista"", ""Rakan"", ""Renata Glasc""]",40,False,18.0,10.0,0.5555555555555556,15.0,0.6666666666666666,4.0,0.5,28.0,14.0,0.5,17.0,0.5294117647058824,4.0,0.5,6.0,0.6666666666666666,6.0,0.3333333333333333
LOLTMNT02_354256,2026-02-14 08:07:25+00:00,LCK,2026,1,Cup,0,16.03,complete,,Dplus Kia,oe:team:ef69efa6acebe94107f0cf1ba716806,Gen.G,oe:team:50f58982d91a36557ec8aec52ab014f,0,1,RED,Gen.G,RED,Varus,Neeko,Azir,Rumble,Yone,Pantheon,Jarvan IV,Vi,Orianna,Yunara,Ornn,Taliyah,Sivir,Bard,Ezreal,Jhin,Nautilus,Karma,Yuumi,Rakan,1869,1869,7,25,25,7,15,66,0.0,1.0,0.0,1.0,0.0,4.0,1.0,0.0,0.0,3.0,0.0,1.0,0.0,1.0,1.0,0.0,1.0,8.0,0.0,1.0,79867,103231,90,118,40,55,247,352,52531,69695,32089,49253,50753,61045,-1872.0,1872.0,-4418.0,4418.0,-6927.0,6927.0,-366.0,366.0,-1462.0,1462.0,-4459.0,4459.0,-10.0,10.0,-20.0,20.0,-43.0,43.0,oe:team:50f58982d91a36557ec8aec52ab014f|oe:team:ef69efa6acebe94107f0cf1ba716806,LCK_20260214_Dplus_Kia_vs_Gen_G_S2,0,0,0,[],0,False,19.0,11.0,0.5789473684210527,16.0,0.6875,5.0,0.6,11.0,11.0,1.0,3.0,1.0,0.0,,2.0,0.0,2.0,1.0
LOLTMNT02_354263,2026-02-14 09:01:24+00:00,LCK,2026,2,Cup,0,16.03,complete,,Dplus Kia,oe:team:ef69efa6acebe94107f0cf1ba716806,Gen.G,oe:team:50f58982d91a36557ec8aec52ab014f,1,0,BLUE,Dplus Kia,BLUE,Aurora,Ambessa,Yunara,Corki,Varus,Orianna,Wukong,Xin Zhao,Anivia,Ryze,Gwen,Ahri,Jax,LeBlanc,Lulu,Jayce,Nautilus,Twisted Fate,Cassiopeia,Nami,2430,2430,18,15,15,18,34,33,0.0,1.0,0.0,1.0,5.0,1.0,1.0,0.0,3.0,0.0,0.0,1.0,0.0,1.0,0.0,1.0,7.0,6.0,1.0,0.0,116452,128975,156,163,80,88,443,474,81370,82342,55206,56178,73698,80013,-1296.0,1296.0,340.0,-340.0,-847.0,847.0,-653.0,653.0,1471.0,-1471.0,964.0,-964.0,-6.0,6.0,-4.0,4.0,-19.0,19.0,oe:team:50f58982d91a36557ec8aec52ab014f|oe:team:ef69efa6acebe94107f0cf1ba716806,LCK_20260214_Dplus_Kia_vs_Gen_G_S2,0,1,1,"[""Azir"", ""Rumble"", ""Jarvan IV"", ""Vi"", ""Ornn"", ""Taliyah"", ""Ezreal"", ""Jhin"", ""Yuumi"", ""Rakan""]",10,False,20.0,11.0,0.55,17.0,0.6470588235294118,6.0,0.5,12.0,12.0,1.0,4.0,1.0,1.0,1.0,3.0,0.0,3.0,1.0
LOLTMNT02_353283,2026-02-14 10:10:21+00:00,LCK,2026,3,Cup,0,16.03,complete,,Dplus Kia,oe:team:ef69efa6acebe94107f0cf1ba716806,Gen.G,oe:team:50f58982d91a36557ec8aec52ab014f,0,1,RED,Gen.G,RED,Varus,Neeko,Ashe,Ryze,Orianna,Ambessa,Dr. Mundo,Pantheon,Aurora,Anivia,Seraphine,Zaahen,Nautilus,Gnar,Jax,Kalista,Blitzcrank,Viktor,Malzahar,Renata Glasc,1912,1912,9,17,17,9,26,37,0.0,1.0,0.0,1.0,1.0,4.0,0.0,1.0,0.0,3.0,0.0,1.0,0.0,2.0,0.0,1.0,0.0,10.0,0.0,2.0,100728,111337,102,111,39,60,255,331,53423,68102,32543,47222,51848,59073,-627.0,627.0,-2711.0,2711.0,-5990.0,5990.0,130.0,-130.0,-1606.0,1606.0,-4569.0,4569.0,6.0,-6.0,-25.0,25.0,-75.0,75.0,oe:team:50f58982d91a36557ec8aec52ab014f|oe:team:ef69efa6acebe94107f0cf1ba716806,LCK_20260214_Dplus_Kia_vs_Gen_G_S2,1,1,2,"[""Azir"", ""Rumble"", ""Jarvan IV"", ""Vi"", ""Ornn"", ""Taliyah"", ""Ezreal"", ""Jhin"", ""Yuumi"", ""Rakan"", ""Yunara"", ""Corki"", ""Wukong"", ""Xin Zhao"", ""Gwen"", ""Ahri"", ""Lulu"", ""Jayce"", ""Cassiopeia"", ""Nami""]",20,False,21.0,12.0,0.5714285714285714,18.0,0.6666666666666666,7.0,0.5714285714285714,13.0,12.0,0.9230769230769231,5.0,0.8,2.0,0.5,4.0,0.25,4.0,0.75
LOLTMNT02_353312,2026-02-14 11:05:18+00:00,LCK,2026,4,Cup,0,16.03,complete,,Gen.G,oe:team:50f58982d91a36557ec8aec52ab014f,Dplus Kia,oe:team:ef69efa6acebe94107f0cf1ba716806,1,0,BLUE,Gen.G,BLUE,Neeko,Varus,Aurora,Sion,LeBlanc,Orianna,Nocturne,Aphelios,Ambessa,Gnar,Rek'Sai,Thresh,Lee Sin,Nautilus,Miss Fortune,Aatrox,Zoe,Sivir,Rell,Anivia,2691,2691,19,16,16,19,46,30,0.0,1.0,0.0,1.0,4.0,2.0,1.0,0.0,1.0,0.0,0.0,1.0,2.0,1.0,1.0,0.0,10.0,5.0,1.0,0.0,179366,125226,177,145,69,78,483,453,93418,81295,64592,52469,83210,79320,95.0,-95.0,1024.0,-1024.0,1748.0,-1748.0,1012.0,-1012.0,484.0,-484.0,-176.0,176.0,23.0,-23.0,16.0,-16.0,10.0,-10.0,oe:team:50f58982d91a36557ec8aec52ab014f|oe:team:ef69efa6acebe94107f0cf1ba716806,LCK_20260214_Dplus_Kia_vs_Gen_G_S2,2,1,3,"[""Azir"", ""Rumble"", ""Jarvan IV"", ""Vi"", ""Ornn"", ""Taliyah"", ""Ezreal"", ""Jhin"", ""Yuumi"", ""Rakan"", ""Yunara"", ""Corki"", ""Wukong"", ""Xin Zhao"", ""Gwen"", ""Ahri"", ""Lulu"", ""Jayce"", ""Cassiopeia"", ""Nami"", ""Ashe"", ""Ryze"", ""Dr. Mundo"", ""Pantheon"", ""Seraphine"", ""Zaahen"", ""Jax"", ""Kalista"", ""Malzahar"", ""Renata Glasc""]",30,False,14.0,13.0,0.9285714285714286,8.0,1.0,3.0,0.6666666666666666,22.0,12.0,0.5454545454545454,3.0,0.0,8.0,0.5,5.0,0.8,5.0,0.2
LOLTMNT02_353559,2026-02-15 08:05:24+00:00,LCK,2026,1,Cup,0,16.03,complete,,BNK FEARX,oe:team:5c2e7e9ea8dfcba0150d9a5619baecf,T1,oe:team:ce499dea30cfce118f4fe85da0227e8,1,0,BLUE,BNK FEARX,RED,Bard,Yunara,Rumble,Azir,Ambessa,Nocturne,Pantheon,Ornn,Vi,Varus,Orianna,Xin Zhao,Corki,Lucian,Aphelios,Jinx,Miss Fortune,Neeko,Lulu,Thresh,1873,1873,25,20,20,25,61,48,0.0,1.0,0.0,1.0,2.0,3.0,1.0,0.0,0.0,0.0,1.0,0.0,2.0,0.0,1.0,0.0,8.0,3.0,1.0,0.0,108092,76491,129,111,36,52,303,299,68961,58516,48478,38033,61630,56925,1782.0,-1782.0,2874.0,-2874.0,-107.0,107.0,1655.0,-1655.0,2016.0,-2016.0,-2737.0,2737.0,12.0,-12.0,24.0,-24.0,5.0,-5.0,oe:team:5c2e7e9ea8dfcba0150d9a5619baecf|oe:team:ce499dea30cfce118f4fe85da0227e8,LCK_20260215_BNK_FEARX_vs_T1_S2,0,0,0,[],0,False,19.0,11.0,0.5789473684210527,10.0,0.5,5.0,0.6,14.0,11.0,0.7857142857142857,5.0,1.0,0.0,,3.0,0.3333333333333333,3.0,0.6666666666666666
LOLTMNT02_353572,2026-02-15 09:00:12+00:00,LCK,2026,2,Cup,0,16.03,complete,,BNK FEARX,oe:team:5c2e7e9ea8dfcba0150d9a5619baecf,T1,oe:team:ce499dea30cfce118f4fe85da0227e8,0,1,RED,T1,RED,Bard,Wukong,Jarvan IV,Varus,Vi,Nocturne,Ahri,Ambessa,Ryze,Neeko,Renekton,Sylas,Gnar,Lucian,Sivir,Alistar,Lee Sin,Yunara,Poppy,Rek'Sai,2046,2046,9,17,17,9,14,46,1.0,0.0,1.0,0.0,1.0,4.0,1.0,0.0,3.0,0.0,0.0,1.0,0.0,2.0,1.0,0.0,3.0,9.0,0.0,1.0,97108,96671,131,132,71,61,369,358,61853,70491,39606,48244,59240,62260,222.0,-222.0,545.0,-545.0,1867.0,-1867.0,105.0,-105.0,265.0,-265.0,1569.0,-1569.0,16.0,-16.0,24.0,-24.0,26.0,-26.0,oe:team:5c2e7e9ea8dfcba0150d9a5619baecf|oe:team:ce499dea30cfce118f4fe85da0227e8,LCK_20260215_BNK_FEARX_vs_T1_S2,1,0,1,"[""Rumble"", ""Azir"", ""Pantheon"", ""Ornn"", ""Orianna"", ""Xin Zhao"", ""Aphelios"", ""Jinx"", ""Lulu"", ""Thresh""]",10,False,20.0,12.0,0.6,11.0,0.5454545454545454,6.0,0.6666666666666666,15.0,11.0,0.7333333333333333,6.0,0.8333333333333334,1.0,0.0,4.0,0.5,4.0,0.5
LOLTMNT02_354619,2026-02-15 09:56:35+00:00,LCK,2026,3,Cup,0,16.03,complete,,T1,oe:team:ce499dea30cfce118f4fe85da0227e8,BNK FEARX,oe:team:5c2e7e9ea8dfcba0150d9a5619baecf,0,1,RED,BNK FEARX,RED,Lucian,Bard,Anivia,Ryze,Yunara,Neeko,Wukong,Ashe,Vi,Nocturne,Kennen,Seraphine,Lee Sin,Nautilus,Jhin,Yone,Aurora,Karma,Rakan,Maokai,1640,1640,6,20,20,6,4,36,0.0,1.0,0.0,1.0,1.0,3.0,0.0,1.0,0.0,0.0,1.0,0.0,1.0,0.0,0.0,1.0,1.0,9.0,0.0,2.0,59189,86560,101,87,25,35,216,223,46129,57831,28023,39725,43538,51675,-2359.0,2359.0,-4829.0,4829.0,-5314.0,5314.0,-766.0,766.0,-2591.0,2591.0,-2239.0,2239.0,-16.0,16.0,-56.0,56.0,-50.0,50.0,oe:team:5c2e7e9ea8dfcba0150d9a5619baecf|oe:team:ce499dea30cfce118f4fe85da0227e8,LCK_20260215_BNK_FEARX_vs_T1_S2,1,1,2,"[""Rumble"", ""Azir"", ""Pantheon"", ""Ornn"", ""Orianna"", ""Xin Zhao"", ""Aphelios"", ""Jinx"", ""Lulu"", ""Thresh"", ""Jarvan IV"", ""Varus"", ""Ahri"", ""Ambessa"", ""Renekton"", ""Sylas"", ""Sivir"", ""Alistar"", ""Poppy"", ""Rek'Sai""]",20,False,16.0,12.0,0.75,9.0,0.6666666666666666,2.0,0.5,21.0,12.0,0.5714285714285714,9.0,0.6666666666666666,7.0,0.5714285714285714,5.0,0.6,5.0,0.4
LOLTMNT02_354641,2026-02-15 10:48:53+00:00,LCK,2026,4,Cup,0,16.03,complete,,BNK FEARX,oe:team:5c2e7e9ea8dfcba0150d9a5619baecf,T1,oe:team:ce499dea30cfce118f4fe85da0227e8,1,0,BLUE,BNK FEARX,BLUE,Bard,Nami,Lucian,Aurora,Nocturne,Vi,Milio,Yunara,Karma,Neeko,Twisted Fate,Nautilus,Lee Sin,Dr. Mundo,Gnar,Malphite,Taliyah,Jayce,Trundle,Jax,1664,1664,20,10,10,20,53,21,1.0,0.0,1.0,0.0,4.0,0.0,1.0,0.0,0.0,0.0,1.0,0.0,1.0,0.0,1.0,0.0,9.0,1.0,2.0,0.0,93799,71210,106,99,43,28,263,217,59559,48986,41208,30635,52711,45808,388.0,-388.0,2751.0,-2751.0,5757.0,-5757.0,719.0,-719.0,1771.0,-1771.0,5623.0,-5623.0,-2.0,2.0,-11.0,11.0,19.0,-19.0,oe:team:5c2e7e9ea8dfcba0150d9a5619baecf|oe:team:ce499dea30cfce118f4fe85da0227e8,LCK_20260215_BNK_FEARX_vs_T1_S2,2,1,3,"[""Rumble"", ""Azir"", ""Pantheon"", ""Ornn"", ""Orianna"", ""Xin Zhao"", ""Aphelios"", ""Jinx"", ""Lulu"", ""Thresh"", ""Jarvan IV"", ""Varus"", ""Ahri"", ""Ambessa"", ""Renekton"", ""Sylas"", ""Sivir"", ""Alistar"", ""Poppy"", ""Rek'Sai"", ""Anivia"", ""Ryze"", ""Wukong"", ""Ashe"", ""Kennen"", ""Seraphine"", ""Jhin"", ""Yone"", ""Rakan"", ""Maokai""]",30,False,22.0,13.0,0.5909090909090909,12.0,0.5,8.0,0.625,17.0,12.0,0.7058823529411765,7.0,0.8571428571428571,3.0,0.3333333333333333,6.0,0.5,6.0,0.5
LOLTMNT02_356392,2026-02-19 08:06:05+00:00,LCK,2026,1,Cup,0,16.03,complete,,Kiwoom DRX,oe:team:1d0389df0c5eea93b04122ba167c010,DN SOOPers,oe:team:b3c72a20aa56f5d28022ac04a7dc294,0,1,RED,DN SOOPers,RED,Varus,Bard,Ambessa,Rumble,Neeko,Yunara,Azir,Pantheon,Corki,Nocturne,Ornn,Orianna,Kai'Sa,Lucian,Ezreal,Jhin,Sivir,Poppy,Nautilus,Alistar,1799,1799,4,24,24,4,11,65,1.0,0.0,0.0,1.0,0.0,4.0,0.0,1.0,3.0,0.0,0.0,1.0,0.0,1.0,1.0,0.0,1.0,7.0,0.0,1.0,62865,102280,95,112,39,45,276,293,50207,64693,30479,44965,48218,54985,-245.0,245.0,-2036.0,2036.0,-3957.0,3957.0,567.0,-567.0,-1814.0,1814.0,-3281.0,3281.0,-1.0,1.0,-4.0,4.0,-31.0,31.0,oe:team:1d0389df0c5eea93b04122ba167c010|oe:team:b3c72a20aa56f5d28022ac04a7dc294,LCK_20260219_DN_SOOPers_vs_Kiwoom_DRX_S2,0,0,0,[],0,False,29.0,14.0,0.4827586206896552,11.0,0.45454545454545453,5.0,0.4,25.0,11.0,0.44,10.0,0.4,5.0,0.4,3.0,0.3333333333333333,3.0,0.6666666666666666
LOLTMNT02_356399,2026-02-19 08:59:02+00:00,LCK,2026,2,Cup,0,16.03,complete,,DN SOOPers,oe:team:b3c72a20aa56f5d28022ac04a7dc294,Kiwoom DRX,oe:team:1d0389df0c5eea93b04122ba167c010,1,0,BLUE,DN SOOPers,RED,Bard,Vi,Varus,Xin Zhao,Yunara,Gwen,Ahri,Sivir,Ryze,Nocturne,Wukong,Aurora,Poppy,Neeko,Rakan,Leona,Karma,K'Sante,Yorick,Kennen,1713,1713,23,11,11,23,59,19,0.0,1.0,1.0,0.0,3.0,1.0,1.0,0.0,0.0,3.0,1.0,0.0,1.0,0.0,1.0,0.0,10.0,1.0,2.0,0.0,88150,68321,118,107,53,45,311,277,64433,51134,45582,32283,55216,47985,887.0,-887.0,969.0,-969.0,1786.0,-1786.0,1632.0,-1632.0,1137.0,-1137.0,-167.0,167.0,39.0,-39.0,23.0,-23.0,0.0,0.0,oe:team:1d0389df0c5eea93b04122ba167c010|oe:team:b3c72a20aa56f5d28022ac04a7dc294,LCK_20260219_DN_SOOPers_vs_Kiwoom_DRX_S2,1,0,1,"[""Ambessa"", ""Rumble"", ""Azir"", ""Pantheon"", ""Ornn"", ""Orianna"", ""Ezreal"", ""Jhin"", ""Nautilus"", ""Alistar""]",10,False,26.0,12.0,0.46153846153846156,15.0,0.4666666666666667,6.0,0.5,30.0,14.0,0.4666666666666667,18.0,0.5,6.0,0.3333333333333333,4.0,0.75,4.0,0.25
LOLTMNT02_355443,2026-02-19 09:49:11+00:00,LCK,2026,3,Cup,0,16.03,complete,,DN SOOPers,oe:team:b3c72a20aa56f5d28022ac04a7dc294,Kiwoom DRX,oe:team:1d0389df0c5eea93b04122ba167c010,0,1,RED,Kiwoom DRX,BLUE,Bard,Gwen,Ryze,Gnar,Yunara,Nocturne,Jarvan IV,Vi,Cassiopeia,Lee Sin,Jax,Taliyah,Lucian,Kalista,Xayah,Neeko,Corki,Karma,Lulu,Kai'Sa,1659,1659,13,19,19,13,31,50,1.0,0.0,0.0,1.0,0.0,4.0,1.0,0.0,3.0,0.0,0.0,1.0,0.0,1.0,1.0,0.0,2.0,9.0,0.0,1.0,62358,85643,101,90,32,45,242,264,51608,62247,33308,43947,48948,54333,947.0,-947.0,1838.0,-1838.0,463.0,-463.0,418.0,-418.0,990.0,-990.0,-482.0,482.0,-3.0,3.0,-21.0,21.0,-34.0,34.0,oe:team:1d0389df0c5eea93b04122ba167c010|oe:team:b3c72a20aa56f5d28022ac04a7dc294,LCK_20260219_DN_SOOPers_vs_Kiwoom_DRX_S2,2,0,2,"[""Ambessa"", ""Rumble"", ""Azir"", ""Pantheon"", ""Ornn"", ""Orianna"", ""Ezreal"", ""Jhin"", ""Nautilus"", ""Alistar"", ""Varus"", ""Xin Zhao"", ""Ahri"", ""Sivir"", ""Wukong"", ""Aurora"", ""Rakan"", ""Leona"", ""Yorick"", ""Kennen""]",20,False,27.0,13.0,0.48148148148148145,16.0,0.5,7.0,0.5714285714285714,31.0,14.0,0.45161290322580644,19.0,0.47368421052631576,7.0,0.2857142857142857,5.0,0.8,5.0,0.2
LOLTMNT02_355446,2026-02-19 10:37:09+00:00,LCK,2026,4,Cup,0,16.03,complete,,Kiwoom DRX,oe:team:1d0389df0c5eea93b04122ba167c010,DN SOOPers,oe:team:b3c72a20aa56f5d28022ac04a7dc294,0,1,RED,DN SOOPers,BLUE,Lee Sin,Bard,Yunara,Renekton,Nocturne,Nami,Dr. Mundo,Corki,K'Sante,Gwen,Jayce,Rell,Yone,Poppy,Twisted Fate,Naafiri,Zoe,Braum,Karma,Viktor,2191,2191,21,22,22,21,48,51,0.0,1.0,1.0,0.0,2.0,4.0,1.0,0.0,1.0,2.0,0.0,1.0,0.0,1.0,1.0,0.0,3.0,7.0,0.0,1.0,148666,151769,123,137,57,45,363,339,69412,73979,45686,50253,66395,65583,143.0,-143.0,342.0,-342.0,2588.0,-2588.0,-287.0,287.0,-576.0,576.0,-810.0,810.0,2.0,-2.0,-30.0,30.0,-33.0,33.0,oe:team:1d0389df0c5eea93b04122ba167c010|oe:team:b3c72a20aa56f5d28022ac04a7dc294,LCK_20260219_DN_SOOPers_vs_Kiwoom_DRX_S2,1,2,3,"[""Ambessa"", ""Rumble"", ""Azir"", ""Pantheon"", ""Ornn"", ""Orianna"", ""Ezreal"", ""Jhin"", ""Nautilus"", ""Alistar"", ""Varus"", ""Xin Zhao"", ""Ahri"", ""Sivir"", ""Wukong"", ""Aurora"", ""Rakan"", ""Leona"", ""Yorick"", ""Kennen"", ""Ryze"", ""Gnar"", ""Jarvan IV"", ""Vi"", ""Jax"", ""Taliyah"", ""Xayah"", ""Neeko"", ""Lulu"", ""Kai'Sa""]",30,False,32.0,15.0,0.46875,12.0,0.4166666666666667,8.0,0.375,28.0,13.0,0.4642857142857143,11.0,0.45454545454545453,8.0,0.5,6.0,0.3333333333333333,6.0,0.6666666666666666
LOLTMNT02_356582,2026-02-20 08:06:25+00:00,LCK,2026,1,Cup,0,16.03,complete,,DN SOOPers,oe:team:b3c72a20aa56f5d28022ac04a7dc294,Dplus Kia,oe:team:ef69efa6acebe94107f0cf1ba716806,0,1,RED,Dplus Kia,RED,Rumble,Neeko,Corki,Ambessa,Varus,Yunara,Vi,Ezreal,Orianna,Pantheon,Taliyah,Azir,Karma,Renekton,Nautilus,Xin Zhao,Alistar,Nami,Gwen,Leona,2262,2262,14,17,17,14,34,36,1.0,0.0,0.0,1.0,0.0,4.0,0.0,1.0,0.0,0.0,0.0,1.0,0.0,1.0,0.0,1.0,4.0,10.0,0.0,3.0,95390,109326,139,142,73,74,379,426,71653,78834,47203,54384,68068,71243,345.0,-345.0,-545.0,545.0,-2447.0,2447.0,-231.0,231.0,-1631.0,1631.0,-3510.0,3510.0,-25.0,25.0,-40.0,40.0,-86.0,86.0,oe:team:b3c72a20aa56f5d28022ac04a7dc294|oe:team:ef69efa6acebe94107f0cf1ba716806,LCK_20260220_DN_SOOPers_vs_Dplus_Kia_S2,0,0,0,[],0,False,29.0,14.0,0.4827586206896552,17.0,0.47058823529411764,9.0,0.5555555555555556,23.0,12.0,0.5217391304347826,4.0,0.0,9.0,0.4444444444444444,2.0,0.0,2.0,1.0
LOLTMNT02_355631,2026-02-20 09:07:24+00:00,LCK,2026,2,Cup,0,16.03,complete,,Dplus Kia,oe:team:ef69efa6acebe94107f0cf1ba716806,DN SOOPers,oe:team:b3c72a20aa56f5d28022ac04a7dc294,1,0,BLUE,Dplus Kia,RED,Orianna,Cassiopeia,Ryze,Rumble,Pantheon,Gnar,Jarvan IV,Sejuani,Varus,Yunara,K'Sante,Yone,Jhin,Lucian,Aphelios,Kalista,Ashe,Poppy,Lulu,Renata Glasc,2284,2284,17,9,9,17,49,19,1.0,0.0,0.0,1.0,1.0,4.0,0.0,1.0,0.0,0.0,0.0,1.0,1.0,1.0,1.0,0.0,9.0,3.0,1.0,0.0,110040,96762,139,155,79,71,420,410,77936,69456,53261,44781,69920,66685,842.0,-842.0,-61.0,61.0,2069.0,-2069.0,956.0,-956.0,1419.0,-1419.0,2619.0,-2619.0,42.0,-42.0,47.0,-47.0,62.0,-62.0,oe:team:b3c72a20aa56f5d28022ac04a7dc294|oe:team:ef69efa6acebe94107f0cf1ba716806,LCK_20260220_DN_SOOPers_vs_Dplus_Kia_S2,1,0,1,"[""Corki"", ""Ambessa"", ""Vi"", ""Ezreal"", ""Taliyah"", ""Azir"", ""Nautilus"", ""Xin Zhao"", ""Gwen"", ""Leona""]",10,False,24.0,13.0,0.5416666666666666,19.0,0.631578947368421,10.0,0.5,30.0,14.0,0.4666666666666667,12.0,0.5,10.0,0.5,3.0,1.0,3.0,0.0
LOLTMNT02_355637,2026-02-20 10:07:12+00:00,LCK,2026,3,Cup,0,16.03,complete,,Dplus Kia,oe:team:ef69efa6acebe94107f0cf1ba716806,DN SOOPers,oe:team:b3c72a20aa56f5d28022ac04a7dc294,0,1,RED,DN SOOPers,BLUE,Neeko,Orianna,Aurora,Varus,Yorick,Kennen,Lee Sin,Wukong,Ahri,Pantheon,Bard,Rakan,Akali,Sivir,Jhin,Renekton,Viktor,Gnar,LeBlanc,Galio,1971,1971,5,21,21,5,10,43,0.0,1.0,0.0,1.0,0.0,4.0,0.0,1.0,0.0,0.0,0.0,1.0,0.0,2.0,0.0,1.0,1.0,8.0,0.0,2.0,109234,103774,105,108,61,54,332,337,52844,67857,31362,46375,50645,57423,-151.0,151.0,103.0,-103.0,-1907.0,1907.0,746.0,-746.0,1590.0,-1590.0,-639.0,639.0,18.0,-18.0,41.0,-41.0,38.0,-38.0,oe:team:b3c72a20aa56f5d28022ac04a7dc294|oe:team:ef69efa6acebe94107f0cf1ba716806,LCK_20260220_DN_SOOPers_vs_Dplus_Kia_S2,2,0,2,"[""Corki"", ""Ambessa"", ""Vi"", ""Ezreal"", ""Taliyah"", ""Azir"", ""Nautilus"", ""Xin Zhao"", ""Gwen"", ""Leona"", ""Ryze"", ""Rumble"", ""Jarvan IV"", ""Sejuani"", ""K'Sante"", ""Yone"", ""Aphelios"", ""Kalista"", ""Lulu"", ""Renata Glasc""]",20,False,25.0,14.0,0.56,20.0,0.65,11.0,0.5454545454545454,31.0,14.0,0.45161290322580644,13.0,0.46153846153846156,11.0,0.45454545454545453,4.0,1.0,4.0,0.0
LOLTMNT02_356609,2026-02-20 11:02:23+00:00,LCK,2026,4,Cup,0,16.03,complete,,DN SOOPers,oe:team:b3c72a20aa56f5d28022ac04a7dc294,Dplus Kia,oe:team:ef69efa6acebe94107f0cf1ba716806,0,1,RED,Dplus Kia,RED,Orianna,Nocturne,Yunara,Ahri,Lucian,Dr. Mundo,Neeko,Ashe,Pantheon,Sylas,Kennen,Seraphine,Yorick,Akali,Naafiri,Sion,Jayce,Yasuo,Viktor,Aatrox,1792,1792,5,11,11,5,12,27,1.0,0.0,0.0,1.0,2.0,2.0,1.0,0.0,1.0,0.0,0.0,1.0,0.0,1.0,1.0,0.0,2.0,8.0,0.0,1.0,92019,76689,100,82,34,61,254,296,51381,58340,31725,38684,49080,51610,1788.0,-1788.0,645.0,-645.0,488.0,-488.0,962.0,-962.0,-894.0,894.0,-1497.0,1497.0,14.0,-14.0,-12.0,12.0,-16.0,16.0,oe:team:b3c72a20aa56f5d28022ac04a7dc294|oe:team:ef69efa6acebe94107f0cf1ba716806,LCK_20260220_DN_SOOPers_vs_Dplus_Kia_S2,1,2,3,"[""Corki"", ""Ambessa"", ""Vi"", ""Ezreal"", ""Taliyah"", ""Azir"", ""Nautilus"", ""Xin Zhao"", ""Gwen"", ""Leona"", ""Ryze"", ""Rumble"", ""Jarvan IV"", ""Sejuani"", ""K'Sante"", ""Yone"", ""Aphelios"", ""Kalista"", ""Lulu"", ""Renata Glasc"", ""Aurora"", ""Varus"", ""Lee Sin"", ""Wukong"", ""Bard"", ""Rakan"", ""Jhin"", ""Renekton"", ""LeBlanc"", ""Galio""]",30,False,32.0,15.0,0.46875,18.0,0.4444444444444444,12.0,0.5,26.0,14.0,0.5384615384615384,5.0,0.2,12.0,0.5,5.0,0.2,5.0,0.8
LOLTMNT02_356695,2026-02-21 08:08:52+00:00,LCK,2026,1,Cup,0,16.03,complete,,Gen.G,oe:team:50f58982d91a36557ec8aec52ab014f,BNK FEARX,oe:team:5c2e7e9ea8dfcba0150d9a5619baecf,1,0,BLUE,Gen.G,BLUE,Neeko,Rumble,Varus,Pantheon,Yunara,Bard,Taliyah,Azir,Orianna,Gwen,Vi,Ambessa,Ezreal,Renekton,Rakan,Jhin,Sivir,Nautilus,Rek'Sai,Poppy,1906,1906,18,13,13,18,47,33,0.0,1.0,1.0,0.0,4.0,1.0,1.0,0.0,3.0,0.0,1.0,0.0,1.0,0.0,1.0,0.0,9.0,2.0,1.0,0.0,87527,77310,135,122,59,45,353,303,68450,59286,47631,38467,60800,57030,-324.0,324.0,560.0,-560.0,1681.0,-1681.0,992.0,-992.0,1080.0,-1080.0,1490.0,-1490.0,23.0,-23.0,5.0,-5.0,9.0,-9.0,oe:team:50f58982d91a36557ec8aec52ab014f|oe:team:5c2e7e9ea8dfcba0150d9a5619baecf,LCK_20260221_BNK_FEARX_vs_Gen_G_S2,0,0,0,[],0,False,15.0,14.0,0.9333333333333333,9.0,1.0,4.0,0.75,23.0,14.0,0.6086956521739131,10.0,0.7,9.0,0.6666666666666666,2.0,1.0,2.0,0.0
LOLTMNT02_355782,2026-02-21 09:07:41+00:00,LCK,2026,2,Cup,0,16.03,complete,,Gen.G,oe:team:50f58982d91a36557ec8aec52ab014f,BNK FEARX,oe:team:5c2e7e9ea8dfcba0150d9a5619baecf,1,0,BLUE,Gen.G,BLUE,Neeko,Rumble,Aurora,Xin Zhao,Yunara,Gwen,Ashe,Lucian,Ryze,Orianna,Seraphine,Milio,Mel,Dr. Mundo,Wukong,Sion,Twisted Fate,Jarvan IV,Zaahen,Ahri,2014,2014,19,12,12,19,40,31,0.0,1.0,0.0,1.0,1.0,3.0,1.0,0.0,3.0,0.0,1.0,0.0,2.0,0.0,1.0,0.0,9.0,1.0,1.0,0.0,127665,96549,120,115,56,51,364,286,71266,58811,49345,36890,63601,55720,1368.0,-1368.0,631.0,-631.0,1993.0,-1993.0,908.0,-908.0,1031.0,-1031.0,1210.0,-1210.0,47.0,-47.0,71.0,-71.0,84.0,-84.0,oe:team:50f58982d91a36557ec8aec52ab014f|oe:team:5c2e7e9ea8dfcba0150d9a5619baecf,LCK_20260221_BNK_FEARX_vs_Gen_G_S2,1,0,1,"[""Varus"", ""Pantheon"", ""Taliyah"", ""Azir"", ""Vi"", ""Ambessa"", ""Rakan"", ""Jhin"", ""Rek'Sai"", ""Poppy""]",10,False,16.0,15.0,0.9375,10.0,1.0,5.0,0.8,24.0,14.0,0.5833333333333334,11.0,0.6363636363636364,10.0,0.6,3.0,1.0,3.0,0.0
LOLTMNT02_356711,2026-02-21 10:03:38+00:00,LCK,2026,3,Cup,0,16.03,complete,,Gen.G,oe:team:50f58982d91a36557ec8aec52ab014f,BNK FEARX,oe:team:5c2e7e9ea8dfcba0150d9a5619baecf,0,1,RED,BNK FEARX,RED,Rumble,Nocturne,Mel,Twisted Fate,Orianna,Jarvan IV,Yunara,Ezreal,Ryze,Anivia,Lulu,Karma,Kha'Zix,Jax,Aatrox,Dr. Mundo,Lee Sin,Jayce,Gnar,Gwen,1717,1717,5,17,17,5,10,45,1.0,0.0,0.0,1.0,0.0,4.0,1.0,0.0,3.0,0.0,0.0,1.0,0.0,1.0,0.0,1.0,3.0,10.0,0.0,2.0,81028,92981,90,101,46,40,267,263,52101,63140,33210,44249,51468,54063,384.0,-384.0,628.0,-628.0,171.0,-171.0,935.0,-935.0,1549.0,-1549.0,1622.0,-1622.0,23.0,-23.0,29.0,-29.0,54.0,-54.0,oe:team:50f58982d91a36557ec8aec52ab014f|oe:team:5c2e7e9ea8dfcba0150d9a5619baecf,LCK_20260221_BNK_FEARX_vs_Gen_G_S2,2,0,2,"[""Varus"", ""Pantheon"", ""Taliyah"", ""Azir"", ""Vi"", ""Ambessa"", ""Rakan"", ""Jhin"", ""Rek'Sai"", ""Poppy"", ""Aurora"", ""Xin Zhao"", ""Ashe"", ""Lucian"", ""Seraphine"", ""Milio"", ""Wukong"", ""Sion"", ""Zaahen"", ""Ahri""]",20,False,17.0,16.0,0.9411764705882353,11.0,1.0,6.0,0.8333333333333334,25.0,14.0,0.56,12.0,0.5833333333333334,11.0,0.5454545454545454,4.0,1.0,4.0,0.0
LOLTMNT02_355793,2026-02-21 10:56:33+00:00,LCK,2026,4,Cup,0,16.03,complete,,Gen.G,oe:team:50f58982d91a36557ec8aec52ab014f,BNK FEARX,oe:team:5c2e7e9ea8dfcba0150d9a5619baecf,1,0,BLUE,Gen.G,BLUE,Renata Glasc,Rumble,Renekton,Aphelios,Neeko,Corki,Nidalee,Jarvan IV,Orianna,Ryze,Zoe,Thresh,Akali,Leona,Nautilus,Syndra,Galio,Blitzcrank,Jinx,Ornn,1395,1395,22,4,4,22,49,13,1.0,0.0,1.0,0.0,3.0,0.0,1.0,0.0,3.0,0.0,1.0,0.0,1.0,0.0,1.0,0.0,9.0,0.0,2.0,0.0,76329,45564,74,74,27,19,192,167,54028,35756,38421,20149,46295,33360,2106.0,-2106.0,8342.0,-8342.0,12137.0,-12137.0,1082.0,-1082.0,4851.0,-4851.0,8169.0,-8169.0,35.0,-35.0,77.0,-77.0,120.0,-120.0,oe:team:50f58982d91a36557ec8aec52ab014f|oe:team:5c2e7e9ea8dfcba0150d9a5619baecf,LCK_20260221_BNK_FEARX_vs_Gen_G_S2,2,1,3,"[""Varus"", ""Pantheon"", ""Taliyah"", ""Azir"", ""Vi"", ""Ambessa"", ""Rakan"", ""Jhin"", ""Rek'Sai"", ""Poppy"", ""Aurora"", ""Xin Zhao"", ""Ashe"", ""Lucian"", ""Seraphine"", ""Milio"", ""Wukong"", ""Sion"", ""Zaahen"", ""Ahri"", ""Mel"", ""Twisted Fate"", ""Yunara"", ""Ezreal"", ""Lulu"", ""Karma"", ""Aatrox"", ""Dr. Mundo"", ""Gnar"", ""Gwen""]",30,False,18.0,16.0,0.8888888888888888,12.0,0.9166666666666666,7.0,0.7142857142857143,26.0,15.0,0.5769230769230769,13.0,0.6153846153846154,12.0,0.5833333333333334,5.0,0.8,5.0,0.2
LOLTMNT02_356869,2026-02-22 08:08:41+00:00,LCK,2026,1,Cup,0,16.03,complete,,Dplus Kia,oe:team:ef69efa6acebe94107f0cf1ba716806,T1,oe:team:ce499dea30cfce118f4fe85da0227e8,0,1,RED,T1,RED,Bard,Vi,Orianna,Rumble,Nocturne,Ambessa,Jarvan IV,Azir,Varus,Pantheon,K'Sante,Xin Zhao,Jhin,Lulu,Ashe,Zeri,Nami,Karma,Seraphine,Yuumi,2097,2097,13,20,20,13,31,46,1.0,0.0,0.0,1.0,1.0,3.0,0.0,1.0,0.0,0.0,0.0,1.0,0.0,1.0,0.0,1.0,5.0,9.0,0.0,1.0,97258,127636,108,124,63,61,343,348,65294,73144,42527,50377,63415,67815,684.0,-684.0,-296.0,296.0,-3847.0,3847.0,293.0,-293.0,73.0,-73.0,-1563.0,1563.0,12.0,-12.0,19.0,-19.0,30.0,-30.0,oe:team:ce499dea30cfce118f4fe85da0227e8|oe:team:ef69efa6acebe94107f0cf1ba716806,LCK_20260222_Dplus_Kia_vs_T1_S2,0,0,0,[],0,False,27.0,15.0,0.5555555555555556,21.0,0.6190476190476191,13.0,0.5384615384615384,18.0,12.0,0.6666666666666666,8.0,0.75,4.0,0.25,3.0,0.0,3.0,1.0
LOLTMNT02_356875,2026-02-22 09:08:21+00:00,LCK,2026,2,Cup,0,16.03,complete,,Dplus Kia,oe:team:ef69efa6acebe94107f0cf1ba716806,T1,oe:team:ce499dea30cfce118f4fe85da0227e8,0,1,RED,T1,RED,Bard,Vi,Ryze,Pantheon,Nocturne,Ambessa,Lee Sin,Jayce,Anivia,Varus,Sion,Taliyah,Nautilus,Lulu,Ezreal,Yunara,Kalista,Leona,Blitzcrank,Karma,1744,1744,7,24,25,7,11,54,1.0,0.0,0.0,1.0,0.0,3.0,1.0,0.0,0.0,2.0,0.0,1.0,0.0,2.0,0.0,1.0,2.0,9.0,0.0,1.0,57732,112921,111,110,41,51,283,305,49767,64925,30600,45758,48788,56835,828.0,-828.0,-497.0,497.0,-2560.0,2560.0,-73.0,73.0,-130.0,130.0,-2324.0,2324.0,-17.0,17.0,-38.0,38.0,-62.0,62.0,oe:team:ce499dea30cfce118f4fe85da0227e8|oe:team:ef69efa6acebe94107f0cf1ba716806,LCK_20260222_Dplus_Kia_vs_T1_S2,0,1,1,"[""Orianna"", ""Rumble"", ""Jarvan IV"", ""Azir"", ""K'Sante"", ""Xin Zhao"", ""Ashe"", ""Zeri"", ""Seraphine"", ""Yuumi""]",10,False,28.0,15.0,0.5357142857142857,22.0,0.5909090909090909,14.0,0.5,19.0,13.0,0.6842105263157895,9.0,0.7777777777777778,5.0,0.4,4.0,0.0,4.0,1.0
LOLTMNT02_356881,2026-02-22 10:01:38+00:00,LCK,2026,3,Cup,0,16.03,complete,,T1,oe:team:ce499dea30cfce118f4fe85da0227e8,Dplus Kia,oe:team:ef69efa6acebe94107f0cf1ba716806,0,1,RED,Dplus Kia,RED,Varus,Bard,Aphelios,Ambessa,Vi,Nocturne,Lulu,Lucian,Dr. Mundo,Nautilus,Renekton,Nami,Aurora,Wukong,Twisted Fate,Ahri,Gnar,Sejuani,Kha'Zix,Olaf,2351,2351,9,15,15,9,10,33,1.0,0.0,1.0,0.0,1.0,4.0,0.0,1.0,1.0,0.0,1.0,0.0,1.0,1.0,0.0,1.0,3.0,9.0,0.0,1.0,92839,102787,128,125,61,67,361,386,73864,79269,48506,53911,69990,70405,1117.0,-1117.0,1780.0,-1780.0,3778.0,-3778.0,-246.0,246.0,1115.0,-1115.0,856.0,-856.0,-9.0,9.0,-20.0,20.0,-19.0,19.0,oe:team:ce499dea30cfce118f4fe85da0227e8|oe:team:ef69efa6acebe94107f0cf1ba716806,LCK_20260222_Dplus_Kia_vs_T1_S2,2,0,2,"[""Orianna"", ""Rumble"", ""Jarvan IV"", ""Azir"", ""K'Sante"", ""Xin Zhao"", ""Ashe"", ""Zeri"", ""Seraphine"", ""Yuumi"", ""Ryze"", ""Pantheon"", ""Lee Sin"", ""Jayce"", ""Sion"", ""Taliyah"", ""Ezreal"", ""Yunara"", ""Blitzcrank"", ""Karma""]",20,False,20.0,14.0,0.7,10.0,0.6,6.0,0.5,29.0,15.0,0.5172413793103449,6.0,0.3333333333333333,15.0,0.4666666666666667,5.0,1.0,5.0,0.0
LOLTMNT02_355917,2026-02-22 11:04:59+00:00,LCK,2026,4,Cup,0,16.03,complete,,Dplus Kia,oe:team:ef69efa6acebe94107f0cf1ba716806,T1,oe:team:ce499dea30cfce118f4fe85da0227e8,1,0,BLUE,Dplus Kia,RED,Bard,Vi,Wukong,Varus,Nocturne,Ziggs,Sivir,Zaahen,Aurora,Zoe,Gnar,Galio,Kennen,Neeko,Alistar,Sylas,Renata Glasc,Poppy,Cassiopeia,Rakan,2033,2033,14,14,14,14,25,23,0.0,1.0,1.0,0.0,4.0,1.0,1.0,0.0,0.0,3.0,,,0.0,0.0,1.0,0.0,7.0,3.0,1.0,0.0,99921,90127,146,128,56,69,372,372,68198,61432,46083,39317,59696,57228,-689.0,689.0,-1476.0,1476.0,812.0,-812.0,504.0,-504.0,-460.0,460.0,721.0,-721.0,35.0,-35.0,29.0,-29.0,25.0,-25.0,oe:team:ce499dea30cfce118f4fe85da0227e8|oe:team:ef69efa6acebe94107f0cf1ba716806,LCK_20260222_Dplus_Kia_vs_T1_S2,1,2,3,"[""Orianna"", ""Rumble"", ""Jarvan IV"", ""Azir"", ""K'Sante"", ""Xin Zhao"", ""Ashe"", ""Zeri"", ""Seraphine"", ""Yuumi"", ""Ryze"", ""Pantheon"", ""Lee Sin"", ""Jayce"", ""Sion"", ""Taliyah"", ""Ezreal"", ""Yunara"", ""Blitzcrank"", ""Karma"", ""Aphelios"", ""Ambessa"", ""Lulu"", ""Lucian"", ""Renekton"", ""Nami"", ""Twisted Fate"", ""Ahri"", ""Kha'Zix"", ""Olaf""]",30,False,30.0,16.0,0.5333333333333333,23.0,0.5652173913043478,16.0,0.5,21.0,14.0,0.6666666666666666,10.0,0.8,7.0,0.42857142857142855,6.0,0.16666666666666666,6.0,0.8333333333333334
LOLTMNT02_356890,2026-02-22 12:02:50+00:00,LCK,2026,5,Cup,0,16.03,complete,,Dplus Kia,oe:team:ef69efa6acebe94107f0cf1ba716806,T1,oe:team:ce499dea30cfce118f4fe85da0227e8,1,0,BLUE,Dplus Kia,RED,Bard,Zoe,Gwen,Kennen,Nocturne,Vi,Neeko,Kalista,Aurora,Yorick,Miss Fortune,Renata Glasc,Viktor,Yone,Maokai,Anivia,Trundle,Akali,Tristana,Aatrox,1893,1893,15,9,9,15,36,14,0.0,1.0,0.0,1.0,3.0,2.0,1.0,0.0,3.0,0.0,1.0,0.0,1.0,0.0,0.0,1.0,6.0,1.0,1.0,0.0,75219,60711,108,124,54,44,336,297,63286,55225,42599,34538,55475,51025,-600.0,600.0,-801.0,801.0,930.0,-930.0,41.0,-41.0,44.0,-44.0,849.0,-849.0,-18.0,18.0,-24.0,24.0,-23.0,23.0,oe:team:ce499dea30cfce118f4fe85da0227e8|oe:team:ef69efa6acebe94107f0cf1ba716806,LCK_20260222_Dplus_Kia_vs_T1_S2,2,2,4,"[""Orianna"", ""Rumble"", ""Jarvan IV"", ""Azir"", ""K'Sante"", ""Xin Zhao"", ""Ashe"", ""Zeri"", ""Seraphine"", ""Yuumi"", ""Ryze"", ""Pantheon"", ""Lee Sin"", ""Jayce"", ""Sion"", ""Taliyah"", ""Ezreal"", ""Yunara"", ""Blitzcrank"", ""Karma"", ""Aphelios"", ""Ambessa"", ""Lulu"", ""Lucian"", ""Renekton"", ""Nami"", ""Twisted Fate"", ""Ahri"", ""Kha'Zix"", ""Olaf"", ""Wukong"", ""Varus"", ""Sivir"", ""Zaahen"", ""Gnar"", ""Galio"", ""Alistar"", ""Sylas"", ""Cassiopeia"", ""Rakan""]",40,False,31.0,17.0,0.5483870967741935,24.0,0.5833333333333334,17.0,0.5294117647058824,22.0,14.0,0.6363636363636364,11.0,0.7272727272727273,8.0,0.375,7.0,0.2857142857142857,7.0,0.7142857142857143
LOLTMNT02_360177,2026-02-28 08:23:00+00:00,LCK,2026,1,Cup,0,16.03,complete,,Dplus Kia,oe:team:ef69efa6acebe94107f0cf1ba716806,BNK FEARX,oe:team:5c2e7e9ea8dfcba0150d9a5619baecf,0,1,RED,BNK FEARX,BLUE,Renekton,Rumble,Azir,Varus,Pantheon,Orianna,Xin Zhao,Jarvan IV,Vi,Ambessa,Ezreal,Taliyah,Nautilus,Leona,Yuumi,Karma,Rek'Sai,Gwen,Sion,Gnar,1733,1733,9,18,18,9,15,49,1.0,0.0,0.0,1.0,1.0,3.0,0.0,1.0,1.0,2.0,0.0,1.0,0.0,1.0,0.0,1.0,2.0,13.0,0.0,3.0,66103,98341,93,114,34,39,220,281,52277,63934,33222,44879,50738,57253,-1636.0,1636.0,-1439.0,1439.0,-4341.0,4341.0,-694.0,694.0,-500.0,500.0,-1764.0,1764.0,-25.0,25.0,-24.0,24.0,-58.0,58.0,oe:team:5c2e7e9ea8dfcba0150d9a5619baecf|oe:team:ef69efa6acebe94107f0cf1ba716806,LCK_20260228_BNK_FEARX_vs_Dplus_Kia_S1,0,0,0,[],0,False,32.0,18.0,0.5625,25.0,0.6,18.0,0.5555555555555556,27.0,15.0,0.5555555555555556,14.0,0.5714285714285714,13.0,0.5384615384615384,0.0,,0.0,
LOLTMNT02_360180,2026-02-28 09:16:16+00:00,LCK,2026,2,Cup,0,16.03,complete,,BNK FEARX,oe:team:5c2e7e9ea8dfcba0150d9a5619baecf,Dplus Kia,oe:team:ef69efa6acebe94107f0cf1ba716806,1,0,BLUE,BNK FEARX,BLUE,Ambessa,Orianna,Ashe,Wukong,Poppy,Pantheon,Seraphine,Ziggs,Vi,Rumble,Ryze,Nautilus,Cassiopeia,Dr. Mundo,Renekton,Yone,Olaf,Lee Sin,Trundle,Aurora,2096,2096,20,12,12,20,48,25,0.0,1.0,1.0,0.0,3.0,2.0,1.0,0.0,0.0,3.0,1.0,0.0,2.0,0.0,1.0,0.0,10.0,3.0,3.0,0.0,100352,116005,153,119,59,65,375,331,70492,63907,47735,41150,66083,61178,-844.0,844.0,-733.0,733.0,1030.0,-1030.0,-588.0,588.0,-1604.0,1604.0,491.0,-491.0,-21.0,21.0,-26.0,26.0,-29.0,29.0,oe:team:5c2e7e9ea8dfcba0150d9a5619baecf|oe:team:ef69efa6acebe94107f0cf1ba716806,LCK_20260228_BNK_FEARX_vs_Dplus_Kia_S1,1,0,1,"[""Azir"", ""Varus"", ""Xin Zhao"", ""Jarvan IV"", ""Ezreal"", ""Taliyah"", ""Yuumi"", ""Karma"", ""Sion"", ""Gnar""]",10,False,28.0,16.0,0.5714285714285714,13.0,0.5384615384615384,14.0,0.5714285714285714,33.0,18.0,0.5454545454545454,7.0,0.42857142857142855,19.0,0.5263157894736842,1.0,1.0,1.0,0.0
LOLTMNT02_360183,2026-02-28 10:13:45+00:00,LCK,2026,3,Cup,0,16.03,complete,,BNK FEARX,oe:team:5c2e7e9ea8dfcba0150d9a5619baecf,Dplus Kia,oe:team:ef69efa6acebe94107f0cf1ba716806,1,0,BLUE,BNK FEARX,RED,Orianna,Twisted Fate,Yunara,Pantheon,Vi,Rumble,Lulu,Corki,Ambessa,Lucian,Nocturne,Nami,Gwen,Ahri,K'Sante,Zoe,Akali,Kennen,Syndra,Jax,1854,1854,28,11,11,28,57,22,0.0,1.0,0.0,1.0,2.0,2.0,1.0,0.0,3.0,0.0,1.0,0.0,1.0,0.0,1.0,0.0,10.0,0.0,2.0,0.0,134106,101136,118,111,42,37,292,266,67094,54032,46805,33743,59515,50811,976.0,-976.0,275.0,-275.0,5428.0,-5428.0,-337.0,337.0,-253.0,253.0,4501.0,-4501.0,-15.0,15.0,-17.0,17.0,7.0,-7.0,oe:team:5c2e7e9ea8dfcba0150d9a5619baecf|oe:team:ef69efa6acebe94107f0cf1ba716806,LCK_20260228_BNK_FEARX_vs_Dplus_Kia_S1,2,0,2,"[""Azir"", ""Varus"", ""Xin Zhao"", ""Jarvan IV"", ""Ezreal"", ""Taliyah"", ""Yuumi"", ""Karma"", ""Sion"", ""Gnar"", ""Ashe"", ""Wukong"", ""Seraphine"", ""Ziggs"", ""Ryze"", ""Nautilus"", ""Renekton"", ""Yone"", ""Trundle"", ""Aurora""]",20,False,29.0,17.0,0.5862068965517241,14.0,0.5714285714285714,15.0,0.6,34.0,18.0,0.5294117647058824,8.0,0.375,20.0,0.5,2.0,1.0,2.0,0.0
LOLTMNT02_360283,2026-03-01 08:22:46+00:00,LCK,2026,1,Cup,0,16.03,complete,,Gen.G,oe:team:50f58982d91a36557ec8aec52ab014f,BNK FEARX,oe:team:5c2e7e9ea8dfcba0150d9a5619baecf,1,0,BLUE,Gen.G,BLUE,Yunara,Rumble,Ryze,Varus,Neeko,Vi,Gwen,Pantheon,Azir,Orianna,Jarvan IV,Taliyah,Karma,Ezreal,Sivir,Gnar,Nautilus,Jhin,Bard,Rakan,1673,1673,17,9,9,17,40,16,1.0,0.0,1.0,0.0,3.0,1.0,0.0,1.0,2.0,1.0,1.0,0.0,1.0,0.0,0.0,1.0,5.0,3.0,1.0,0.0,73380,58363,118,114,57,43,326,282,60253,50995,41810,32552,53740,48858,1682.0,-1682.0,605.0,-605.0,350.0,-350.0,1307.0,-1307.0,366.0,-366.0,-11.0,11.0,15.0,-15.0,6.0,-6.0,29.0,-29.0,oe:team:50f58982d91a36557ec8aec52ab014f|oe:team:5c2e7e9ea8dfcba0150d9a5619baecf,LCK_20260301_BNK_FEARX_vs_Gen_G_S3,0,0,0,[],0,False,19.0,17.0,0.8947368421052632,13.0,0.9230769230769231,8.0,0.75,30.0,18.0,0.6,15.0,0.6,16.0,0.625,6.0,0.8333333333333334,6.0,0.16666666666666666
LOLTMNT02_360285,2026-03-01 09:14:27+00:00,LCK,2026,2,Cup,0,16.03,complete,,Gen.G,oe:team:50f58982d91a36557ec8aec52ab014f,BNK FEARX,oe:team:5c2e7e9ea8dfcba0150d9a5619baecf,1,0,BLUE,Gen.G,RED,Rumble,Aurora,Ashe,Orianna,Karma,Vi,Seraphine,Nocturne,Yunara,Nautilus,Galio,Renekton,Neeko,Xin Zhao,Ambessa,Kalista,Zeri,Wukong,Zaahen,Renata Glasc,1447,1447,13,3,3,13,40,4,0.0,1.0,1.0,0.0,3.0,1.0,0.0,1.0,3.0,0.0,1.0,0.0,1.0,0.0,1.0,0.0,8.0,2.0,1.0,0.0,64821,38497,99,85,36,46,225,246,52797,40707,36660,24570,48163,38370,-1513.0,1513.0,-1388.0,1388.0,2755.0,-2755.0,109.0,-109.0,95.0,-95.0,4098.0,-4098.0,-14.0,14.0,-19.0,19.0,-11.0,11.0,oe:team:50f58982d91a36557ec8aec52ab014f|oe:team:5c2e7e9ea8dfcba0150d9a5619baecf,LCK_20260301_BNK_FEARX_vs_Gen_G_S3,1,0,1,"[""Ryze"", ""Varus"", ""Gwen"", ""Pantheon"", ""Jarvan IV"", ""Taliyah"", ""Sivir"", ""Gnar"", ""Bard"", ""Rakan""]",10,False,20.0,18.0,0.9,14.0,0.9285714285714286,9.0,0.7777777777777778,31.0,18.0,0.5806451612903226,16.0,0.5625,17.0,0.5882352941176471,7.0,0.8571428571428571,7.0,0.14285714285714285
LOLTMNT02_360286,2026-03-01 10:01:17+00:00,LCK,2026,3,Cup,0,16.03,complete,,Gen.G,oe:team:50f58982d91a36557ec8aec52ab014f,BNK FEARX,oe:team:5c2e7e9ea8dfcba0150d9a5619baecf,1,0,BLUE,Gen.G,RED,Rumble,Aurora,Neeko,Azir,Lulu,Vi,Wukong,Lucian,Karma,Yone,Yunara,Nami,Xin Zhao,Rek'Sai,Annie,Dr. Mundo,K'Sante,Ahri,Aatrox,Sion,1854,1854,18,3,3,18,41,7,1.0,0.0,1.0,0.0,4.0,1.0,0.0,1.0,3.0,0.0,1.0,0.0,1.0,0.0,0.0,1.0,9.0,4.0,1.0,0.0,119647,79043,113,98,57,44,340,232,63819,53104,43530,32815,55688,50950,900.0,-900.0,1908.0,-1908.0,2768.0,-2768.0,1044.0,-1044.0,1366.0,-1366.0,3660.0,-3660.0,41.0,-41.0,57.0,-57.0,73.0,-73.0,oe:team:50f58982d91a36557ec8aec52ab014f|oe:team:5c2e7e9ea8dfcba0150d9a5619baecf,LCK_20260301_BNK_FEARX_vs_Gen_G_S3,2,0,2,"[""Ryze"", ""Varus"", ""Gwen"", ""Pantheon"", ""Jarvan IV"", ""Taliyah"", ""Sivir"", ""Gnar"", ""Bard"", ""Rakan"", ""Ashe"", ""Orianna"", ""Seraphine"", ""Nocturne"", ""Galio"", ""Renekton"", ""Ambessa"", ""Kalista"", ""Zaahen"", ""Renata Glasc""]",20,False,21.0,19.0,0.9047619047619048,15.0,0.9333333333333333,10.0,0.8,32.0,18.0,0.5625,17.0,0.5294117647058824,18.0,0.5555555555555556,8.0,0.875,8.0,0.125
LOLTMNT02_375568,2026-04-01 08:11:43+00:00,LCK,2026,1,Rounds 1-2,0,16.06,complete,,HANJIN BRION,oe:team:b77b3f6068e20a2b3edc0ecd3dc70d4,Hanwha Life Esports,oe:team:3a1d18f46bcb3716ebcfcf4ef068934,0,1,RED,Hanwha Life Esports,RED,Azir,Orianna,Neeko,Ryze,Karma,Rumble,Jarvan IV,Ezreal,Varus,Sion,Cassiopeia,Bard,Ambessa,Caitlyn,Jhin,Jayce,Xin Zhao,K'Sante,Yorick,Pantheon,1927,1927,5,16,16,5,13,38,0.0,1.0,1.0,0.0,1.0,3.0,1.0,0.0,0.0,3.0,0.0,1.0,0.0,2.0,0.0,1.0,2.0,9.0,0.0,3.0,64764,92184,115,127,50,54,299,313,57599,69358,36566,48325,54488,62938,-1983.0,1983.0,-4988.0,4988.0,-5963.0,5963.0,-888.0,888.0,-1988.0,1988.0,-2334.0,2334.0,-12.0,12.0,-28.0,28.0,-48.0,48.0,oe:team:3a1d18f46bcb3716ebcfcf4ef068934|oe:team:b77b3f6068e20a2b3edc0ecd3dc70d4,LCK_20260401_HANJIN_BRION_vs_Hanwha_Life_Esports_S2,0,0,0,[],0,False,19.0,6.0,0.3157894736842105,8.0,0.25,0.0,,14.0,5.0,0.35714285714285715,10.0,0.4,0.0,,3.0,0.3333333333333333,3.0,0.6666666666666666
LOLTMNT02_375577,2026-04-01 09:05:37+00:00,LCK,2026,2,Rounds 1-2,0,16.06,complete,,Hanwha Life Esports,oe:team:3a1d18f46bcb3716ebcfcf4ef068934,HANJIN BRION,oe:team:b77b3f6068e20a2b3edc0ecd3dc70d4,1,0,BLUE,Hanwha Life Esports,RED,Orianna,Varus,Ashe,Azir,Caitlyn,Rumble,Xin Zhao,Trundle,Poppy,Karma,Seraphine,Renekton,Nautilus,Akali,Ziggs,Mel,Yunara,Kennen,Gnar,Pyke,1774,1774,19,15,15,19,42,24,0.0,1.0,0.0,1.0,1.0,3.0,1.0,0.0,3.0,0.0,1.0,0.0,1.0,0.0,1.0,0.0,11.0,1.0,3.0,0.0,95020,69156,97,114,50,49,297,295,62116,55604,42643,36131,56828,52843,-688.0,688.0,3093.0,-3093.0,7309.0,-7309.0,570.0,-570.0,2882.0,-2882.0,4000.0,-4000.0,17.0,-17.0,28.0,-28.0,21.0,-21.0,oe:team:3a1d18f46bcb3716ebcfcf4ef068934|oe:team:b77b3f6068e20a2b3edc0ecd3dc70d4,LCK_20260401_HANJIN_BRION_vs_Hanwha_Life_Esports_S2,1,0,1,"[""Neeko"", ""Ryze"", ""Jarvan IV"", ""Ezreal"", ""Cassiopeia"", ""Bard"", ""Jhin"", ""Jayce"", ""Yorick"", ""Pantheon""]",10,False,15.0,6.0,0.4,4.0,0.25,1.0,1.0,20.0,6.0,0.3,11.0,0.36363636363636365,1.0,0.0,4.0,0.75,4.0,0.25
LOLTMNT02_374657,2026-04-01 10:23:34+00:00,LCK,2026,1,Rounds 1-2,0,16.06,complete,,KT Rolster,oe:team:d723992568441c6bafa2658129eade7,T1,oe:team:ce499dea30cfce118f4fe85da0227e8,1,0,BLUE,KT Rolster,RED,Bard,Varus,Ryze,Orianna,Rumble,Vi,Pantheon,Jarvan IV,Karma,Azir,Jayce,Ezreal,Yorick,Lulu,Ashe,Anivia,Nautilus,Nami,Seraphine,Ambessa,1440,1440,12,0,0,12,27,0,1.0,0.0,1.0,0.0,2.0,0.0,1.0,0.0,3.0,0.0,1.0,0.0,1.0,0.0,1.0,0.0,8.0,1.0,1.0,0.0,61358,36073,75,80,38,35,220,212,50423,38607,34357,22541,41335,36873,2078.0,-2078.0,3119.0,-3119.0,5365.0,-5365.0,1345.0,-1345.0,1759.0,-1759.0,3932.0,-3932.0,56.0,-56.0,52.0,-52.0,76.0,-76.0,oe:team:ce499dea30cfce118f4fe85da0227e8|oe:team:d723992568441c6bafa2658129eade7,LCK_20260401_KT_Rolster_vs_T1_S2,0,0,0,[],0,False,17.0,6.0,0.35294117647058826,6.0,0.5,0.0,,23.0,14.0,0.6086956521739131,12.0,0.6666666666666666,0.0,,2.0,0.0,2.0,1.0
LOLTMNT02_374671,2026-04-01 11:09:27+00:00,LCK,2026,2,Rounds 1-2,0,16.06,complete,,KT Rolster,oe:team:d723992568441c6bafa2658129eade7,T1,oe:team:ce499dea30cfce118f4fe85da0227e8,1,0,BLUE,KT Rolster,RED,Bard,Aurora,Yunara,Vi,Rumble,Karma,Nocturne,Corki,Azir,Yone,Lulu,Nami,Ahri,Gnar,Annie,K'Sante,Galio,Renekton,Vayne,Taliyah,2434,2434,27,12,12,27,66,23,0.0,1.0,0.0,1.0,3.0,3.0,0.0,1.0,3.0,0.0,1.0,0.0,1.0,1.0,0.0,1.0,9.0,3.0,0.0,0.0,145329,103184,174,155,76,76,441,415,79497,71160,53292,44955,72660,68523,1276.0,-1276.0,116.0,-116.0,1837.0,-1837.0,-585.0,585.0,-1191.0,1191.0,-76.0,76.0,22.0,-22.0,25.0,-25.0,4.0,-4.0,oe:team:ce499dea30cfce118f4fe85da0227e8|oe:team:d723992568441c6bafa2658129eade7,LCK_20260401_KT_Rolster_vs_T1_S2,1,0,1,"[""Ryze"", ""Orianna"", ""Pantheon"", ""Jarvan IV"", ""Jayce"", ""Ezreal"", ""Ashe"", ""Anivia"", ""Seraphine"", ""Ambessa""]",10,False,18.0,7.0,0.3888888888888889,7.0,0.5714285714285714,1.0,1.0,24.0,14.0,0.5833333333333334,13.0,0.6153846153846154,1.0,0.0,3.0,0.3333333333333333,3.0,0.6666666666666666
LOLTMNT02_374985,2026-04-02 08:08:29+00:00,LCK,2026,1,Rounds 1-2,0,16.06,complete,,Nongshim RedForce,oe:team:5cd2cd09ec94296f605dd13a2924d6c,Dplus Kia,oe:team:ef69efa6acebe94107f0cf1ba716806,1,0,BLUE,Nongshim RedForce,RED,Rumble,Pantheon,Vi,Azir,Ashe,Karma,Varus,Xin Zhao,Poppy,Orianna,Gnar,Renekton,Bard,Ziggs,LeBlanc,Sivir,Yunara,Taliyah,Anivia,Alistar,1979,1979,19,11,11,19,36,26,1.0,0.0,1.0,0.0,3.0,2.0,1.0,0.0,3.0,0.0,1.0,0.0,2.0,0.0,1.0,0.0,10.0,2.0,2.0,0.0,130004,84444,110,135,68,44,360,286,68734,61172,47170,39608,61193,60320,2505.0,-2505.0,5002.0,-5002.0,7644.0,-7644.0,2506.0,-2506.0,3269.0,-3269.0,6246.0,-6246.0,60.0,-60.0,72.0,-72.0,109.0,-109.0,oe:team:5cd2cd09ec94296f605dd13a2924d6c|oe:team:ef69efa6acebe94107f0cf1ba716806,LCK_20260402_Dplus_Kia_vs_Nongshim_RedForce_S2,0,0,0,[],0,False,21.0,8.0,0.38095238095238093,7.0,0.2857142857142857,0.0,,35.0,18.0,0.5142857142857142,9.0,0.3333333333333333,0.0,,3.0,0.3333333333333333,3.0,0.6666666666666666
LOLTMNT02_374997,2026-04-02 09:03:28+00:00,LCK,2026,2,Rounds 1-2,0,16.06,complete,,Nongshim RedForce,oe:team:5cd2cd09ec94296f605dd13a2924d6c,Dplus Kia,oe:team:ef69efa6acebe94107f0cf1ba716806,1,0,BLUE,Nongshim RedForce,RED,Rumble,Pantheon,Jarvan IV,Ryze,Ashe,Nocturne,Orianna,Ambessa,Karma,Bard,K'Sante,Jayce,Ezreal,Lulu,Yunara,Corki,Nami,Neeko,Nautilus,Leona,1406,1406,21,4,4,21,55,9,1.0,0.0,1.0,0.0,3.0,0.0,1.0,0.0,0.0,3.0,1.0,0.0,1.0,0.0,1.0,0.0,7.0,0.0,1.0,0.0,74178,51575,77,79,39,27,228,194,52891,38775,37172,23056,47195,37123,331.0,-331.0,2646.0,-2646.0,6556.0,-6556.0,318.0,-318.0,3056.0,-3056.0,6034.0,-6034.0,-7.0,7.0,38.0,-38.0,33.0,-33.0,oe:team:5cd2cd09ec94296f605dd13a2924d6c|oe:team:ef69efa6acebe94107f0cf1ba716806,LCK_20260402_Dplus_Kia_vs_Nongshim_RedForce_S2,1,0,1,"[""Vi"", ""Azir"", ""Varus"", ""Xin Zhao"", ""Gnar"", ""Renekton"", ""LeBlanc"", ""Sivir"", ""Anivia"", ""Alistar""]",10,False,22.0,9.0,0.4090909090909091,8.0,0.375,1.0,1.0,36.0,18.0,0.5,10.0,0.3,1.0,0.0,4.0,0.5,4.0,0.5
LOLTMNT02_376019,2026-04-02 10:15:16+00:00,LCK,2026,1,Rounds 1-2,0,16.06,complete,,Kiwoom DRX,oe:team:1d0389df0c5eea93b04122ba167c010,DN SOOPers,oe:team:b3c72a20aa56f5d28022ac04a7dc294,0,1,RED,DN SOOPers,BLUE,Pantheon,Orianna,Azir,Ziggs,Vi,Rumble,Xin Zhao,Jarvan IV,Karma,Bard,Jayce,Yone,Sion,Poppy,Yunara,Yorick,K'Sante,Corki,Nautilus,Leona,1999,1999,8,14,14,8,21,38,0.0,1.0,0.0,1.0,1.0,4.0,1.0,0.0,2.0,1.0,1.0,0.0,1.0,0.0,0.0,1.0,4.0,10.0,0.0,1.0,95603,79526,113,133,62,49,351,339,62499,65125,40731,43357,59530,55118,-396.0,396.0,-1643.0,1643.0,-523.0,523.0,-886.0,886.0,-2584.0,2584.0,-848.0,848.0,-5.0,5.0,-17.0,17.0,5.0,-5.0,oe:team:1d0389df0c5eea93b04122ba167c010|oe:team:b3c72a20aa56f5d28022ac04a7dc294,LCK_20260402_DN_SOOPers_vs_Kiwoom_DRX_S3,0,0,0,[],0,False,33.0,15.0,0.45454545454545453,13.0,0.38461538461538464,0.0,,33.0,15.0,0.45454545454545453,14.0,0.5,0.0,,7.0,0.2857142857142857,7.0,0.7142857142857143
LOLTMNT02_376026,2026-04-02 11:09:57+00:00,LCK,2026,2,Rounds 1-2,0,16.06,complete,,Kiwoom DRX,oe:team:1d0389df0c5eea93b04122ba167c010,DN SOOPers,oe:team:b3c72a20aa56f5d28022ac04a7dc294,0,1,RED,DN SOOPers,BLUE,Vi,Orianna,Ryze,Cassiopeia,Karma,Rumble,Ambessa,Bard,Nocturne,Pantheon,Varus,Sivir,Wukong,Alistar,Anivia,Naafiri,Lee Sin,Neeko,Gnar,Sylas,1795,1795,6,22,22,7,8,57,1.0,0.0,0.0,1.0,1.0,3.0,1.0,0.0,1.0,2.0,0.0,1.0,0.0,1.0,1.0,0.0,4.0,9.0,0.0,1.0,74953,85740,101,106,45,43,306,294,52933,65058,33246,45371,50888,62095,966.0,-966.0,1785.0,-1785.0,-760.0,760.0,-349.0,349.0,513.0,-513.0,-2779.0,2779.0,7.0,-7.0,-6.0,6.0,-10.0,10.0,oe:team:1d0389df0c5eea93b04122ba167c010|oe:team:b3c72a20aa56f5d28022ac04a7dc294,LCK_20260402_DN_SOOPers_vs_Kiwoom_DRX_S3,0,1,1,"[""Azir"", ""Ziggs"", ""Xin Zhao"", ""Jarvan IV"", ""Jayce"", ""Yone"", ""Yunara"", ""Yorick"", ""Nautilus"", ""Leona""]",10,False,34.0,15.0,0.4411764705882353,14.0,0.35714285714285715,1.0,0.0,34.0,16.0,0.47058823529411764,15.0,0.5333333333333333,1.0,1.0,8.0,0.25,8.0,0.75
LOLTMNT02_377156,2026-04-03 08:10:24+00:00,LCK,2026,1,Rounds 1-2,0,16.06,complete,,KT Rolster,oe:team:d723992568441c6bafa2658129eade7,Gen.G,oe:team:50f58982d91a36557ec8aec52ab014f,1,0,BLUE,KT Rolster,RED,Rumble,Nautilus,Ezreal,Aurora,Ryze,Pantheon,Karma,Ashe,Orianna,Azir,Jayce,Seraphine,Yorick,Annie,Xin Zhao,K'Sante,Vi,Mel,Zoe,Nocturne,1553,1553,14,9,9,14,25,15,1.0,0.0,0.0,1.0,3.0,1.0,1.0,0.0,3.0,0.0,1.0,0.0,1.0,0.0,1.0,0.0,9.0,3.0,1.0,0.0,66413,54968,103,86,42,40,278,238,53524,46568,36305,29349,44283,45620,1047.0,-1047.0,1321.0,-1321.0,3817.0,-3817.0,-435.0,435.0,-392.0,392.0,-257.0,257.0,29.0,-29.0,40.0,-40.0,22.0,-22.0,oe:team:50f58982d91a36557ec8aec52ab014f|oe:team:d723992568441c6bafa2658129eade7,LCK_20260403_Gen_G_vs_KT_Rolster_S2,0,0,0,[],0,False,19.0,8.0,0.42105263157894735,8.0,0.625,2.0,1.0,22.0,20.0,0.9090909090909091,6.0,0.8333333333333334,0.0,,2.0,0.0,2.0,1.0
LOLTMNT02_376203,2026-04-03 08:58:48+00:00,LCK,2026,2,Rounds 1-2,0,16.06,complete,,Gen.G,oe:team:50f58982d91a36557ec8aec52ab014f,KT Rolster,oe:team:d723992568441c6bafa2658129eade7,1,0,BLUE,Gen.G,RED,Rumble,Nautilus,Pantheon,Ryze,Yunara,Anivia,Varus,Sivir,Jarvan IV,Orianna,Azir,Bard,Vi,Alistar,Neeko,Renekton,Ambessa,Rakan,Jhin,Aatrox,1717,1717,23,5,5,23,34,8,1.0,0.0,1.0,0.0,4.0,0.0,1.0,0.0,0.0,3.0,1.0,0.0,1.0,0.0,1.0,0.0,10.0,1.0,2.0,0.0,110409,49041,106,114,58,49,328,281,62651,45772,43760,26881,54955,43075,341.0,-341.0,3942.0,-3942.0,9291.0,-9291.0,145.0,-145.0,2998.0,-2998.0,6483.0,-6483.0,34.0,-34.0,61.0,-61.0,90.0,-90.0,oe:team:50f58982d91a36557ec8aec52ab014f|oe:team:d723992568441c6bafa2658129eade7,LCK_20260403_Gen_G_vs_KT_Rolster_S2,0,1,1,"[""Ezreal"", ""Aurora"", ""Karma"", ""Ashe"", ""Jayce"", ""Seraphine"", ""Xin Zhao"", ""K'Sante"", ""Zoe"", ""Nocturne""]",10,False,23.0,20.0,0.8695652173913043,16.0,0.9375,1.0,0.0,20.0,9.0,0.45,11.0,0.2727272727272727,3.0,1.0,3.0,0.6666666666666666,3.0,0.3333333333333333
LOLTMNT02_376207,2026-04-03 09:48:35+00:00,LCK,2026,3,Rounds 1-2,0,16.06,complete,,Gen.G,oe:team:50f58982d91a36557ec8aec52ab014f,KT Rolster,oe:team:d723992568441c6bafa2658129eade7,0,1,RED,KT Rolster,BLUE,Lulu,Rumble,Ambessa,Jarvan IV,Nami,Vi,Wukong,Yunara,Poppy,Orianna,Annie,Alistar,Syndra,Rakan,Caitlyn,Zaahen,Cassiopeia,Nautilus,Elise,Akali,1982,1982,13,24,24,13,29,51,0.0,1.0,1.0,0.0,2.0,3.0,0.0,1.0,0.0,3.0,0.0,1.0,0.0,1.0,0.0,1.0,1.0,7.0,0.0,1.0,103780,92454,111,129,62,49,346,314,60561,66760,38967,45166,58818,58873,1252.0,-1252.0,-163.0,163.0,-995.0,995.0,322.0,-322.0,-905.0,905.0,-2494.0,2494.0,41.0,-41.0,50.0,-50.0,82.0,-82.0,oe:team:50f58982d91a36557ec8aec52ab014f|oe:team:d723992568441c6bafa2658129eade7,LCK_20260403_Gen_G_vs_KT_Rolster_S2,1,1,2,"[""Ezreal"", ""Aurora"", ""Karma"", ""Ashe"", ""Jayce"", ""Seraphine"", ""Xin Zhao"", ""K'Sante"", ""Zoe"", ""Nocturne"", ""Pantheon"", ""Ryze"", ""Varus"", ""Sivir"", ""Azir"", ""Bard"", ""Neeko"", ""Renekton"", ""Jhin"", ""Aatrox""]",20,False,24.0,21.0,0.875,17.0,0.9411764705882353,2.0,0.5,21.0,9.0,0.42857142857142855,12.0,0.25,4.0,0.75,4.0,0.75,4.0,0.25
LOLTMNT02_376241,2026-04-03 11:10:37+00:00,LCK,2026,1,Rounds 1-2,0,16.06,complete,,HANJIN BRION,oe:team:b77b3f6068e20a2b3edc0ecd3dc70d4,BNK FEARX,oe:team:5c2e7e9ea8dfcba0150d9a5619baecf,1,0,BLUE,HANJIN BRION,RED,Azir,Orianna,Pantheon,Ryze,Rumble,Varus,Jayce,Jarvan IV,Karma,Cassiopeia,Anivia,Bard,K'Sante,Corki,Ezreal,Jhin,Sivir,Nautilus,Elise,Yorick,2506,2506,20,6,6,20,45,15,1.0,0.0,1.0,0.0,5.0,1.0,1.0,0.0,0.0,3.0,1.0,0.0,2.0,2.0,0.0,1.0,9.0,9.0,1.0,2.0,135886,81308,176,194,66,85,428,467,89153,80626,62214,53687,80513,80313,763.0,-763.0,1347.0,-1347.0,4443.0,-4443.0,86.0,-86.0,1775.0,-1775.0,4436.0,-4436.0,0.0,0.0,29.0,-29.0,28.0,-28.0,oe:team:5c2e7e9ea8dfcba0150d9a5619baecf|oe:team:b77b3f6068e20a2b3edc0ecd3dc70d4,LCK_20260403_BNK_FEARX_vs_HANJIN_BRION_S2,0,0,0,[],0,False,21.0,6.0,0.2857142857142857,9.0,0.2222222222222222,2.0,0.0,33.0,18.0,0.5454545454545454,18.0,0.5,0.0,,3.0,0.3333333333333333,3.0,0.6666666666666666
LOLTMNT02_377199,2026-04-03 12:14:25+00:00,LCK,2026,2,Rounds 1-2,0,16.06,complete,,BNK FEARX,oe:team:5c2e7e9ea8dfcba0150d9a5619baecf,HANJIN BRION,oe:team:b77b3f6068e20a2b3edc0ecd3dc70d4,0,1,RED,HANJIN BRION,BLUE,Varus,Rumble,Karma,Xin Zhao,Pyke,Nocturne,Ashe,Caitlyn,Azir,Orianna,Wukong,Seraphine,Mel,Akali,Galio,Annie,Ambessa,Syndra,Kennen,K'Sante,1874,1874,3,14,14,3,6,36,1.0,0.0,0.0,1.0,1.0,4.0,1.0,0.0,3.0,0.0,0.0,1.0,0.0,1.0,1.0,0.0,2.0,7.0,0.0,1.0,70656,78852,116,111,43,59,287,315,53159,61879,32666,41386,51238,55495,940.0,-940.0,1617.0,-1617.0,1257.0,-1257.0,961.0,-961.0,1328.0,-1328.0,56.0,-56.0,37.0,-37.0,54.0,-54.0,40.0,-40.0,oe:team:5c2e7e9ea8dfcba0150d9a5619baecf|oe:team:b77b3f6068e20a2b3edc0ecd3dc70d4,LCK_20260403_BNK_FEARX_vs_HANJIN_BRION_S2,0,1,1,"[""Pantheon"", ""Ryze"", ""Jayce"", ""Jarvan IV"", ""Anivia"", ""Bard"", ""Ezreal"", ""Jhin"", ""Elise"", ""Yorick""]",10,False,34.0,18.0,0.5294117647058824,15.0,0.6,1.0,0.0,22.0,7.0,0.3181818181818182,12.0,0.3333333333333333,3.0,0.3333333333333333,4.0,0.5,4.0,0.5
LOLTMNT02_376401,2026-04-04 08:08:38+00:00,LCK,2026,1,Rounds 1-2,0,16.06,complete,,Hanwha Life Esports,oe:team:3a1d18f46bcb3716ebcfcf4ef068934,T1,oe:team:ce499dea30cfce118f4fe85da0227e8,0,1,RED,T1,RED,Orianna,Varus,Pantheon,Azir,Bard,Karma,Aurora,Xin Zhao,Ryze,Rumble,Anivia,Jayce,Yunara,Seraphine,Jhin,Neeko,Ezreal,Corki,Nautilus,Caitlyn,2194,2194,12,25,25,12,23,59,1.0,0.0,0.0,1.0,1.0,4.0,0.0,0.0,3.0,0.0,1.0,0.0,1.0,1.0,0.0,1.0,5.0,11.0,0.0,4.0,110178,136136,137,152,71,66,386,409,69250,79436,45493,55679,65970,70050,-304.0,304.0,-828.0,828.0,-3422.0,3422.0,39.0,-39.0,95.0,-95.0,-851.0,851.0,8.0,-8.0,-1.0,1.0,-6.0,6.0,oe:team:3a1d18f46bcb3716ebcfcf4ef068934|oe:team:ce499dea30cfce118f4fe85da0227e8,LCK_20260404_Hanwha_Life_Esports_vs_T1_S2,0,0,0,[],0,False,16.0,7.0,0.4375,5.0,0.4,2.0,1.0,25.0,14.0,0.56,14.0,0.5714285714285714,2.0,0.0,3.0,0.3333333333333333,3.0,0.6666666666666666
LOLTMNT02_376413,2026-04-04 09:08:12+00:00,LCK,2026,2,Rounds 1-2,0,16.06,complete,,T1,oe:team:ce499dea30cfce118f4fe85da0227e8,Hanwha Life Esports,oe:team:3a1d18f46bcb3716ebcfcf4ef068934,1,0,BLUE,T1,RED,Rumble,Bard,Gnar,Jarvan IV,Ryze,Karma,Lee Sin,Yunara,Ashe,Orianna,Annie,Lulu,Galio,Corki,Lucian,Taliyah,Kennen,Aphelios,Nami,Vayne,2073,2073,11,8,8,11,18,22,0.0,1.0,0.0,1.0,3.0,2.0,1.0,0.0,3.0,0.0,1.0,0.0,1.0,0.0,1.0,0.0,8.0,3.0,1.0,0.0,73685,58913,143,129,61,81,344,365,68276,64292,45753,41769,60518,61123,-2568.0,2568.0,30.0,-30.0,1755.0,-1755.0,-983.0,983.0,1307.0,-1307.0,2340.0,-2340.0,-23.0,23.0,-19.0,19.0,-31.0,31.0,oe:team:3a1d18f46bcb3716ebcfcf4ef068934|oe:team:ce499dea30cfce118f4fe85da0227e8,LCK_20260404_Hanwha_Life_Esports_vs_T1_S2,1,0,1,"[""Pantheon"", ""Azir"", ""Aurora"", ""Xin Zhao"", ""Anivia"", ""Jayce"", ""Jhin"", ""Neeko"", ""Nautilus"", ""Caitlyn""]",10,False,26.0,15.0,0.5769230769230769,11.0,0.5454545454545454,3.0,0.3333333333333333,17.0,7.0,0.4117647058823529,11.0,0.45454545454545453,3.0,0.6666666666666666,4.0,0.75,4.0,0.25
LOLTMNT02_377394,2026-04-04 10:30:33+00:00,LCK,2026,1,Rounds 1-2,0,16.06,complete,,Dplus Kia,oe:team:ef69efa6acebe94107f0cf1ba716806,Kiwoom DRX,oe:team:1d0389df0c5eea93b04122ba167c010,1,0,BLUE,Dplus Kia,BLUE,Pantheon,Rumble,Karma,Ezreal,Varus,Vi,Orianna,Xin Zhao,Azir,Jayce,Jhin,Ryze,Bard,Nocturne,Wukong,Neeko,Nautilus,Jarvan IV,Gnar,Kennen,1771,1771,17,7,7,17,41,18,1.0,0.0,1.0,0.0,1.0,3.0,1.0,0.0,0.0,3.0,1.0,0.0,1.0,0.0,1.0,0.0,10.0,1.0,1.0,0.0,88003,69531,102,106,50,40,313,263,64136,52546,44694,33104,57811,49958,459.0,-459.0,3328.0,-3328.0,6729.0,-6729.0,462.0,-462.0,2073.0,-2073.0,4038.0,-4038.0,15.0,-15.0,66.0,-66.0,95.0,-95.0,oe:team:1d0389df0c5eea93b04122ba167c010|oe:team:ef69efa6acebe94107f0cf1ba716806,LCK_20260404_Dplus_Kia_vs_Kiwoom_DRX_S3,0,0,0,[],0,False,37.0,18.0,0.4864864864864865,26.0,0.5769230769230769,2.0,0.0,35.0,15.0,0.42857142857142855,20.0,0.5,2.0,0.0,7.0,0.7142857142857143,7.0,0.2857142857142857
LOLTMNT02_376440,2026-04-04 11:29:13+00:00,LCK,2026,2,Rounds 1-2,0,16.06,complete,,Dplus Kia,oe:team:ef69efa6acebe94107f0cf1ba716806,Kiwoom DRX,oe:team:1d0389df0c5eea93b04122ba167c010,1,0,BLUE,Dplus Kia,BLUE,Varus,Rumble,Jarvan IV,Yunara,Pantheon,Jayce,Annie,Ambessa,Vi,Azir,Renekton,K'Sante,Nautilus,Ashe,Corki,Bard,Lulu,Nami,Anivia,Aurora,2267,2267,17,18,18,17,27,34,1.0,0.0,0.0,1.0,0.0,4.0,0.0,1.0,3.0,0.0,0.0,1.0,0.0,1.0,1.0,0.0,7.0,4.0,1.0,0.0,128683,134436,127,134,49,49,396,373,74604,70858,50103,46357,65893,68620,1917.0,-1917.0,1206.0,-1206.0,-187.0,187.0,959.0,-959.0,-39.0,39.0,-2335.0,2335.0,41.0,-41.0,54.0,-54.0,37.0,-37.0,oe:team:1d0389df0c5eea93b04122ba167c010|oe:team:ef69efa6acebe94107f0cf1ba716806,LCK_20260404_Dplus_Kia_vs_Kiwoom_DRX_S3,1,0,1,"[""Karma"", ""Ezreal"", ""Orianna"", ""Xin Zhao"", ""Jhin"", ""Ryze"", ""Wukong"", ""Neeko"", ""Gnar"", ""Kennen""]",10,False,38.0,19.0,0.5,27.0,0.5925925925925926,3.0,0.3333333333333333,36.0,15.0,0.4166666666666667,21.0,0.47619047619047616,3.0,0.0,8.0,0.75,8.0,0.25
LOLTMNT02_377509,2026-04-05 08:10:33+00:00,LCK,2026,1,Rounds 1-2,0,16.06,complete,,Nongshim RedForce,oe:team:5cd2cd09ec94296f605dd13a2924d6c,DN SOOPers,oe:team:b3c72a20aa56f5d28022ac04a7dc294,1,0,BLUE,Nongshim RedForce,BLUE,Karma,Rumble,Azir,LeBlanc,Vi,Orianna,Jarvan IV,Pantheon,Varus,Seraphine,Jayce,Yorick,Lulu,Sivir,Jhin,Caitlyn,Ezreal,Nautilus,Bard,Neeko,1958,1958,16,13,13,16,38,13,1.0,0.0,0.0,1.0,0.0,4.0,1.0,0.0,3.0,0.0,1.0,0.0,1.0,0.0,0.0,1.0,7.0,5.0,1.0,0.0,91412,88922,112,132,61,53,322,338,65604,59799,44254,38449,58520,57388,254.0,-254.0,-2278.0,2278.0,-2570.0,2570.0,-312.0,312.0,-2154.0,2154.0,-3674.0,3674.0,8.0,-8.0,6.0,-6.0,-13.0,13.0,oe:team:5cd2cd09ec94296f605dd13a2924d6c|oe:team:b3c72a20aa56f5d28022ac04a7dc294,LCK_20260405_DN_SOOPers_vs_Nongshim_RedForce_S2,0,0,0,[],0,False,23.0,10.0,0.43478260869565216,9.0,0.4444444444444444,2.0,1.0,35.0,17.0,0.4857142857142857,16.0,0.5625,2.0,1.0,3.0,0.3333333333333333,3.0,0.6666666666666666
LOLTMNT02_377512,2026-04-05 09:04:05+00:00,LCK,2026,2,Rounds 1-2,0,16.06,complete,,Nongshim RedForce,oe:team:5cd2cd09ec94296f605dd13a2924d6c,DN SOOPers,oe:team:b3c72a20aa56f5d28022ac04a7dc294,1,0,BLUE,Nongshim RedForce,BLUE,Karma,Rumble,Ryze,Cassiopeia,Varus,Orianna,Lee Sin,Nautilus,Aurora,Vi,Gnar,Ambessa,Wukong,Leona,Sivir,Nocturne,Yunara,Ashe,Anivia,Kai'Sa,1988,1988,26,12,12,26,63,28,1.0,0.0,1.0,0.0,5.0,0.0,1.0,0.0,3.0,0.0,0.0,1.0,1.0,1.0,1.0,0.0,8.0,0.0,1.0,0.0,112832,96035,119,124,49,38,316,296,71054,59003,49398,37347,57978,56575,1261.0,-1261.0,2893.0,-2893.0,5660.0,-5660.0,178.0,-178.0,2256.0,-2256.0,5564.0,-5564.0,21.0,-21.0,68.0,-68.0,78.0,-78.0,oe:team:5cd2cd09ec94296f605dd13a2924d6c|oe:team:b3c72a20aa56f5d28022ac04a7dc294,LCK_20260405_DN_SOOPers_vs_Nongshim_RedForce_S2,1,0,1,"[""Azir"", ""LeBlanc"", ""Jarvan IV"", ""Pantheon"", ""Jayce"", ""Yorick"", ""Jhin"", ""Caitlyn"", ""Bard"", ""Neeko""]",10,False,24.0,11.0,0.4583333333333333,10.0,0.5,3.0,1.0,36.0,17.0,0.4722222222222222,17.0,0.5294117647058824,3.0,0.6666666666666666,4.0,0.5,4.0,0.5
LOLTMNT02_376564,2026-04-05 10:22:53+00:00,LCK,2026,1,Rounds 1-2,0,16.06,complete,,Gen.G,oe:team:50f58982d91a36557ec8aec52ab014f,BNK FEARX,oe:team:5c2e7e9ea8dfcba0150d9a5619baecf,1,0,BLUE,Gen.G,RED,Rumble,Varus,Pantheon,Ryze,Karma,Orianna,Yunara,Jarvan IV,Ashe,Azir,Anivia,Nautilus,Ezreal,K'Sante,Alistar,Senna,Corki,Neeko,Sion,Jayce,1641,1641,26,10,10,26,59,24,1.0,0.0,0.0,1.0,3.0,1.0,1.0,0.0,3.0,0.0,,,0.0,0.0,1.0,0.0,8.0,1.0,1.0,0.0,82733,74963,102,97,41,38,261,258,59779,47687,41663,29571,53605,46475,506.0,-506.0,3675.0,-3675.0,2837.0,-2837.0,674.0,-674.0,3071.0,-3071.0,2444.0,-2444.0,10.0,-10.0,22.0,-22.0,44.0,-44.0,oe:team:50f58982d91a36557ec8aec52ab014f|oe:team:5c2e7e9ea8dfcba0150d9a5619baecf,LCK_20260405_BNK_FEARX_vs_Gen_G_S4,0,0,0,[],0,False,25.0,21.0,0.84,18.0,0.8888888888888888,3.0,0.3333333333333333,35.0,18.0,0.5142857142857142,19.0,0.47368421052631576,2.0,0.0,9.0,0.8888888888888888,9.0,0.1111111111111111
LOLTMNT02_376566,2026-04-05 11:13:31+00:00,LCK,2026,2,Rounds 1-2,0,16.06,complete,,Gen.G,oe:team:50f58982d91a36557ec8aec52ab014f,BNK FEARX,oe:team:5c2e7e9ea8dfcba0150d9a5619baecf,1,0,BLUE,Gen.G,BLUE,Karma,Orianna,Rumble,Seraphine,Nocturne,Aurora,Caitlyn,Xin Zhao,LeBlanc,Varus,Bard,Ezreal,Ornn,Wukong,Azir,K'Sante,Akali,Vi,Skarner,Mel,1894,1894,18,8,8,18,58,28,1.0,0.0,0.0,1.0,2.0,3.0,0.0,1.0,3.0,0.0,1.0,0.0,1.0,0.0,1.0,0.0,8.0,3.0,1.0,0.0,101085,74050,109,120,67,42,336,281,65278,52464,44581,31767,57695,49663,678.0,-678.0,702.0,-702.0,3415.0,-3415.0,39.0,-39.0,-82.0,82.0,3304.0,-3304.0,-10.0,10.0,20.0,-20.0,40.0,-40.0,oe:team:50f58982d91a36557ec8aec52ab014f|oe:team:5c2e7e9ea8dfcba0150d9a5619baecf,LCK_20260405_BNK_FEARX_vs_Gen_G_S4,1,0,1,"[""Pantheon"", ""Ryze"", ""Yunara"", ""Jarvan IV"", ""Anivia"", ""Nautilus"", ""Alistar"", ""Senna"", ""Sion"", ""Jayce""]",10,False,26.0,22.0,0.8461538461538461,19.0,0.8947368421052632,4.0,0.5,36.0,18.0,0.5,20.0,0.45,3.0,0.0,10.0,0.9,10.0,0.1
LOLTMNT01_360022,2026-04-08 08:06:29+00:00,LCK,2026,1,Rounds 1-2,0,16.07,complete,,Hanwha Life Esports,oe:team:3a1d18f46bcb3716ebcfcf4ef068934,Dplus Kia,oe:team:ef69efa6acebe94107f0cf1ba716806,1,0,BLUE,Hanwha Life Esports,BLUE,Karma,Anivia,Orianna,Azir,Rumble,Varus,Jarvan IV,Jayce,Pantheon,Nocturne,Yorick,Vi,Yunara,Nautilus,Ashe,Ezreal,Bard,Nami,Seraphine,Neeko,2222,2222,24,15,15,24,62,32,1.0,0.0,0.0,1.0,4.0,1.0,1.0,0.0,3.0,0.0,1.0,0.0,2.0,0.0,1.0,0.0,11.0,1.0,2.0,0.0,107787,120274,137,157,78,61,434,367,82614,71855,58572,47813,74858,68273,903.0,-903.0,2719.0,-2719.0,4532.0,-4532.0,359.0,-359.0,1530.0,-1530.0,2326.0,-2326.0,28.0,-28.0,39.0,-39.0,45.0,-45.0,oe:team:3a1d18f46bcb3716ebcfcf4ef068934|oe:team:ef69efa6acebe94107f0cf1ba716806,LCK_20260408_Dplus_Kia_vs_Hanwha_Life_Esports_S1,0,0,0,[],0,False,18.0,7.0,0.3888888888888889,6.0,0.3333333333333333,0.0,,39.0,20.0,0.5128205128205128,11.0,0.2727272727272727,0.0,,0.0,,0.0,
LOLTMNT01_360035,2026-04-08 09:04:42+00:00,LCK,2026,2,Rounds 1-2,0,16.07,complete,,Hanwha Life Esports,oe:team:3a1d18f46bcb3716ebcfcf4ef068934,Dplus Kia,oe:team:ef69efa6acebe94107f0cf1ba716806,1,0,BLUE,Hanwha Life Esports,BLUE,Karma,Anivia,Annie,Yunara,Rumble,Varus,Corki,Lulu,Ryze,Pantheon,Nami,Nocturne,Aurora,Lee Sin,Kha'Zix,Syndra,Galio,Wukong,Gnar,Ambessa,1605,1605,17,8,9,17,37,14,1.0,0.0,1.0,0.0,4.0,0.0,1.0,0.0,3.0,0.0,1.0,0.0,1.0,0.0,1.0,0.0,8.0,1.0,1.0,0.0,75303,54637,92,95,53,40,275,231,59289,49162,41540,31413,51721,45990,2075.0,-2075.0,3460.0,-3460.0,4662.0,-4662.0,-326.0,326.0,443.0,-443.0,272.0,-272.0,4.0,-4.0,18.0,-18.0,35.0,-35.0,oe:team:3a1d18f46bcb3716ebcfcf4ef068934|oe:team:ef69efa6acebe94107f0cf1ba716806,LCK_20260408_Dplus_Kia_vs_Hanwha_Life_Esports_S1,1,0,1,"[""Orianna"", ""Azir"", ""Jarvan IV"", ""Jayce"", ""Yorick"", ""Vi"", ""Ashe"", ""Ezreal"", ""Seraphine"", ""Neeko""]",10,False,19.0,8.0,0.42105263157894735,7.0,0.42857142857142855,1.0,1.0,40.0,20.0,0.5,12.0,0.25,1.0,0.0,1.0,1.0,1.0,0.0
LOLTMNT01_360054,2026-04-08 10:19:02+00:00,LCK,2026,1,Rounds 1-2,0,16.07,complete,,Gen.G,oe:team:50f58982d91a36557ec8aec52ab014f,T1,oe:team:ce499dea30cfce118f4fe85da0227e8,1,0,BLUE,Gen.G,RED,Rumble,Varus,Bard,Ryze,Azir,Pantheon,Anivia,Jarvan IV,Orianna,Ezreal,Xin Zhao,Jayce,Lulu,Yorick,Sion,Kalista,Nautilus,Caitlyn,Corki,Renata Glasc,1552,1552,16,6,6,16,43,8,1.0,0.0,1.0,0.0,4.0,0.0,1.0,0.0,3.0,0.0,1.0,0.0,1.0,0.0,0.0,1.0,8.0,2.0,1.0,0.0,74445,61596,104,93,42,41,275,260,54404,45396,37196,28188,48383,43705,315.0,-315.0,-1484.0,1484.0,1074.0,-1074.0,1437.0,-1437.0,683.0,-683.0,3995.0,-3995.0,4.0,-4.0,-10.0,10.0,9.0,-9.0,oe:team:50f58982d91a36557ec8aec52ab014f|oe:team:ce499dea30cfce118f4fe85da0227e8,LCK_20260408_Gen_G_vs_T1_S1,0,0,0,[],0,False,27.0,23.0,0.8518518518518519,20.0,0.9,0.0,,27.0,16.0,0.5925925925925926,15.0,0.6,0.0,,0.0,,0.0,
LOLTMNT01_360067,2026-04-08 11:07:42+00:00,LCK,2026,2,Rounds 1-2,0,16.07,complete,,Gen.G,oe:team:50f58982d91a36557ec8aec52ab014f,T1,oe:team:ce499dea30cfce118f4fe85da0227e8,1,0,BLUE,Gen.G,RED,Karma,Varus,Yunara,Pantheon,Orianna,Ashe,Nocturne,Aurora,Azir,Rumble,Annie,Lulu,Sivir,Nautilus,Neeko,Galio,Kog'Maw,Yorick,Ambessa,Zeri,1746,1746,19,6,6,19,49,15,1.0,0.0,1.0,0.0,4.0,0.0,1.0,0.0,1.0,2.0,1.0,0.0,1.0,0.0,1.0,0.0,11.0,0.0,2.0,0.0,81042,53102,106,102,54,37,305,254,65087,46973,45900,27786,57805,45190,2010.0,-2010.0,2043.0,-2043.0,5726.0,-5726.0,1484.0,-1484.0,1367.0,-1367.0,4352.0,-4352.0,41.0,-41.0,47.0,-47.0,86.0,-86.0,oe:team:50f58982d91a36557ec8aec52ab014f|oe:team:ce499dea30cfce118f4fe85da0227e8,LCK_20260408_Gen_G_vs_T1_S1,1,0,1,"[""Bard"", ""Ryze"", ""Anivia"", ""Jarvan IV"", ""Xin Zhao"", ""Jayce"", ""Sion"", ""Kalista"", ""Corki"", ""Renata Glasc""]",10,False,28.0,24.0,0.8571428571428571,21.0,0.9047619047619048,1.0,1.0,28.0,16.0,0.5714285714285714,16.0,0.5625,1.0,0.0,1.0,1.0,1.0,0.0
LOLTMNT01_359784,2026-04-09 08:06:21+00:00,LCK,2026,1,Rounds 1-2,0,16.07,complete,,Kiwoom DRX,oe:team:1d0389df0c5eea93b04122ba167c010,HANJIN BRION,oe:team:b77b3f6068e20a2b3edc0ecd3dc70d4,0,1,RED,HANJIN BRION,RED,Karma,Varus,Nocturne,Orianna,Rumble,Bard,Azir,Ezreal,Jarvan IV,Pantheon,Jayce,Neeko,Yorick,Lulu,Anivia,Kha'Zix,Xin Zhao,Seraphine,Sivir,Sion,1836,1836,5,23,24,5,15,45,0.0,1.0,0.0,1.0,0.0,4.0,1.0,0.0,2.0,1.0,0.0,1.0,0.0,2.0,1.0,0.0,3.0,10.0,0.0,1.0,75271,92138,112,116,48,45,310,302,56035,70262,35930,50157,53590,60528,-19.0,19.0,-495.0,495.0,-887.0,887.0,48.0,-48.0,-516.0,516.0,-2974.0,2974.0,23.0,-23.0,31.0,-31.0,15.0,-15.0,oe:team:1d0389df0c5eea93b04122ba167c010|oe:team:b77b3f6068e20a2b3edc0ecd3dc70d4,LCK_20260409_HANJIN_BRION_vs_Kiwoom_DRX_S3,0,0,0,[],0,False,37.0,15.0,0.40540540540540543,15.0,0.3333333333333333,0.0,,23.0,8.0,0.34782608695652173,13.0,0.38461538461538464,0.0,,8.0,0.625,8.0,0.375
LOLTMNT01_359808,2026-04-09 09:00:11+00:00,LCK,2026,2,Rounds 1-2,0,16.07,complete,,HANJIN BRION,oe:team:b77b3f6068e20a2b3edc0ecd3dc70d4,Kiwoom DRX,oe:team:1d0389df0c5eea93b04122ba167c010,0,1,RED,Kiwoom DRX,RED,Rumble,Pantheon,Aurora,Annie,Ryze,Jarvan IV,Lee Sin,Wukong,Karma,Xin Zhao,Varus,Gnar,Yunara,Caitlyn,Nautilus,Kalista,Bard,Kennen,Ambessa,Renata Glasc,2868,2868,26,27,27,26,51,73,1.0,0.0,0.0,1.0,3.0,4.0,0.0,0.0,1.0,2.0,1.0,0.0,2.0,0.0,1.0,0.0,10.0,7.0,1.0,1.0,139838,131289,207,165,68,87,513,525,97142,95342,66510,64710,93330,87586,438.0,-438.0,3376.0,-3376.0,4998.0,-4998.0,612.0,-612.0,2811.0,-2811.0,3508.0,-3508.0,-12.0,12.0,17.0,-17.0,50.0,-50.0,oe:team:1d0389df0c5eea93b04122ba167c010|oe:team:b77b3f6068e20a2b3edc0ecd3dc70d4,LCK_20260409_HANJIN_BRION_vs_Kiwoom_DRX_S3,1,0,1,"[""Nocturne"", ""Orianna"", ""Azir"", ""Ezreal"", ""Jayce"", ""Neeko"", ""Anivia"", ""Kha'Zix"", ""Sivir"", ""Sion""]",10,False,24.0,9.0,0.375,10.0,0.3,1.0,1.0,38.0,15.0,0.39473684210526316,22.0,0.45454545454545453,1.0,0.0,9.0,0.4444444444444444,9.0,0.5555555555555556
LOLTMNT01_359829,2026-04-09 10:10:03+00:00,LCK,2026,3,Rounds 1-2,0,16.07,complete,,Kiwoom DRX,oe:team:1d0389df0c5eea93b04122ba167c010,HANJIN BRION,oe:team:b77b3f6068e20a2b3edc0ecd3dc70d4,1,0,BLUE,Kiwoom DRX,RED,Karma,Kennen,Renekton,Pantheon,Rumble,Xin Zhao,Jarvan IV,Yunara,Ryze,Cassiopeia,Mel,Lulu,Gwen,Nami,Corki,Zaahen,K'Sante,Seraphine,Bard,Viktor,1674,1674,14,7,7,14,31,19,1.0,0.0,1.0,0.0,4.0,0.0,1.0,0.0,3.0,0.0,1.0,0.0,1.0,0.0,1.0,0.0,8.0,1.0,1.0,0.0,60048,63405,97,98,47,40,274,257,57787,50076,39334,31623,47523,48878,909.0,-909.0,1334.0,-1334.0,3817.0,-3817.0,-208.0,208.0,300.0,-300.0,1956.0,-1956.0,13.0,-13.0,26.0,-26.0,10.0,-10.0,oe:team:1d0389df0c5eea93b04122ba167c010|oe:team:b77b3f6068e20a2b3edc0ecd3dc70d4,LCK_20260409_HANJIN_BRION_vs_Kiwoom_DRX_S3,1,1,2,"[""Nocturne"", ""Orianna"", ""Azir"", ""Ezreal"", ""Jayce"", ""Neeko"", ""Anivia"", ""Kha'Zix"", ""Sivir"", ""Sion"", ""Aurora"", ""Annie"", ""Lee Sin"", ""Wukong"", ""Varus"", ""Gnar"", ""Nautilus"", ""Kalista"", ""Ambessa"", ""Renata Glasc""]",20,False,39.0,16.0,0.41025641025641024,16.0,0.3125,2.0,0.5,25.0,9.0,0.36,14.0,0.42857142857142855,2.0,0.5,10.0,0.6,10.0,0.4
LOLTMNT01_359892,2026-04-09 11:25:00+00:00,LCK,2026,1,Rounds 1-2,0,16.07,complete,,Nongshim RedForce,oe:team:5cd2cd09ec94296f605dd13a2924d6c,KT Rolster,oe:team:d723992568441c6bafa2658129eade7,0,1,RED,KT Rolster,RED,Rumble,Nautilus,Ezreal,Pantheon,Ashe,Anivia,Karma,Jayce,Nocturne,Xin Zhao,Azir,Ryze,Sivir,Yorick,K'Sante,Bard,Varus,Sion,Jarvan IV,Caitlyn,2275,2275,19,23,23,19,46,51,1.0,0.0,0.0,1.0,2.0,3.0,1.0,0.0,3.0,0.0,1.0,0.0,1.0,2.0,1.0,0.0,4.0,12.0,0.0,2.0,121192,131209,142,172,76,59,425,418,77731,79982,53148,55399,76228,74515,1752.0,-1752.0,640.0,-640.0,-1920.0,1920.0,1069.0,-1069.0,-452.0,452.0,-4859.0,4859.0,22.0,-22.0,28.0,-28.0,5.0,-5.0,oe:team:5cd2cd09ec94296f605dd13a2924d6c|oe:team:d723992568441c6bafa2658129eade7,LCK_20260409_KT_Rolster_vs_Nongshim_RedForce_S2,0,0,0,[],0,False,25.0,12.0,0.48,11.0,0.5454545454545454,0.0,,22.0,10.0,0.45454545454545453,13.0,0.3076923076923077,0.0,,5.0,0.6,5.0,0.4
LOLTMNT01_359914,2026-04-09 12:25:37+00:00,LCK,2026,2,Rounds 1-2,0,16.07,complete,,KT Rolster,oe:team:d723992568441c6bafa2658129eade7,Nongshim RedForce,oe:team:5cd2cd09ec94296f605dd13a2924d6c,1,0,BLUE,KT Rolster,BLUE,Varus,Rumble,Ambessa,Yunara,Anivia,Orianna,Vi,Nocturne,Renekton,Ashe,Ziggs,Lulu,Annie,Leona,Ahri,Zaahen,Aurora,Nautilus,Alistar,Sylas,1728,1728,28,13,13,28,78,32,0.0,1.0,0.0,1.0,1.0,3.0,0.0,1.0,3.0,0.0,1.0,0.0,1.0,0.0,1.0,0.0,8.0,1.0,1.0,0.0,121998,85409,111,94,29,44,262,271,63081,52711,44077,33707,55630,51963,-597.0,597.0,3381.0,-3381.0,4857.0,-4857.0,212.0,-212.0,2867.0,-2867.0,5026.0,-5026.0,35.0,-35.0,59.0,-59.0,92.0,-92.0,oe:team:5cd2cd09ec94296f605dd13a2924d6c|oe:team:d723992568441c6bafa2658129eade7,LCK_20260409_KT_Rolster_vs_Nongshim_RedForce_S2,1,0,1,"[""Ezreal"", ""Pantheon"", ""Karma"", ""Jayce"", ""Azir"", ""Ryze"", ""K'Sante"", ""Bard"", ""Jarvan IV"", ""Caitlyn""]",10,False,23.0,11.0,0.4782608695652174,9.0,0.6666666666666666,1.0,1.0,26.0,12.0,0.46153846153846156,14.0,0.42857142857142855,1.0,0.0,6.0,0.5,6.0,0.5
LOLTMNT01_362027,2026-04-10 08:09:34+00:00,LCK,2026,1,Rounds 1-2,0,16.07,complete,,DN SOOPers,oe:team:b3c72a20aa56f5d28022ac04a7dc294,T1,oe:team:ce499dea30cfce118f4fe85da0227e8,0,1,RED,T1,RED,Rumble,Varus,Bard,Orianna,Ryze,Pantheon,Nocturne,Ezreal,Karma,LeBlanc,Azir,Neeko,Jarvan IV,Sivir,Caitlyn,Sion,Xin Zhao,Ambessa,Gwen,Lee Sin,1760,1760,10,25,25,10,22,54,0.0,1.0,0.0,1.0,0.0,4.0,0.0,1.0,3.0,0.0,0.0,1.0,0.0,1.0,1.0,0.0,3.0,8.0,0.0,1.0,103521,111744,95,126,60,45,308,295,53400,63648,34070,44318,52540,54823,-896.0,896.0,-3041.0,3041.0,-2232.0,2232.0,-959.0,959.0,-2511.0,2511.0,-1871.0,1871.0,-8.0,8.0,-27.0,27.0,-30.0,30.0,oe:team:b3c72a20aa56f5d28022ac04a7dc294|oe:team:ce499dea30cfce118f4fe85da0227e8,LCK_20260410_DN_SOOPers_vs_T1_S1,0,0,0,[],0,False,37.0,17.0,0.4594594594594595,19.0,0.42105263157894735,0.0,,29.0,16.0,0.5517241379310345,17.0,0.5294117647058824,2.0,0.0,0.0,,0.0,
LOLTMNT01_361274,2026-04-10 09:00:46+00:00,LCK,2026,2,Rounds 1-2,0,16.07,complete,,T1,oe:team:ce499dea30cfce118f4fe85da0227e8,DN SOOPers,oe:team:b3c72a20aa56f5d28022ac04a7dc294,1,0,BLUE,T1,RED,Rumble,Anivia,Annie,Pantheon,Ryze,Varus,Xin Zhao,Yunara,Ambessa,Renekton,Gnar,Lulu,Galio,Seraphine,Milio,Aurora,Jayce,Nami,Lucian,Sylas,1450,1450,11,8,8,11,36,12,1.0,0.0,1.0,0.0,3.0,0.0,1.0,0.0,0.0,0.0,,,0.0,0.0,1.0,0.0,6.0,2.0,1.0,0.0,63367,47227,78,81,37,36,213,205,47992,41630,31824,25462,40828,39315,-42.0,42.0,-638.0,638.0,-1361.0,1361.0,-64.0,64.0,-481.0,481.0,-1824.0,1824.0,7.0,-7.0,13.0,-13.0,4.0,-4.0,oe:team:b3c72a20aa56f5d28022ac04a7dc294|oe:team:ce499dea30cfce118f4fe85da0227e8,LCK_20260410_DN_SOOPers_vs_T1_S1,1,0,1,"[""Bard"", ""Orianna"", ""Nocturne"", ""Ezreal"", ""Azir"", ""Neeko"", ""Caitlyn"", ""Sion"", ""Gwen"", ""Lee Sin""]",10,False,30.0,17.0,0.5666666666666667,12.0,0.5833333333333334,3.0,0.3333333333333333,38.0,17.0,0.4473684210526316,18.0,0.5,1.0,0.0,1.0,1.0,1.0,0.0
LOLTMNT01_362077,2026-04-10 10:10:47+00:00,LCK,2026,1,Rounds 1-2,0,16.07,complete,,BNK FEARX,oe:team:5c2e7e9ea8dfcba0150d9a5619baecf,Hanwha Life Esports,oe:team:3a1d18f46bcb3716ebcfcf4ef068934,0,1,RED,Hanwha Life Esports,RED,Varus,Karma,Ryze,Orianna,Nocturne,Rumble,Jarvan IV,Xin Zhao,Anivia,Pantheon,Yorick,Jayce,Nami,Bard,Ashe,Ziggs,Nautilus,Ezreal,Rell,Pyke,1482,1482,6,23,23,6,12,54,1.0,0.0,1.0,0.0,1.0,1.0,0.0,1.0,0.0,3.0,0.0,1.0,0.0,1.0,0.0,1.0,1.0,10.0,0.0,2.0,45743,84064,88,92,24,34,198,229,41815,59256,25321,42762,39803,51675,-747.0,747.0,-1567.0,1567.0,-9311.0,9311.0,-1584.0,1584.0,-1785.0,1785.0,-5700.0,5700.0,-36.0,36.0,-52.0,52.0,-69.0,69.0,oe:team:3a1d18f46bcb3716ebcfcf4ef068934|oe:team:5c2e7e9ea8dfcba0150d9a5619baecf,LCK_20260410_BNK_FEARX_vs_Hanwha_Life_Esports_S1,0,0,0,[],0,False,37.0,18.0,0.4864864864864865,16.0,0.5625,0.0,,20.0,9.0,0.45,12.0,0.4166666666666667,2.0,1.0,0.0,,0.0,
LOLTMNT01_361313,2026-04-10 10:57:44+00:00,LCK,2026,2,Rounds 1-2,0,16.07,complete,,Hanwha Life Esports,oe:team:3a1d18f46bcb3716ebcfcf4ef068934,BNK FEARX,oe:team:5c2e7e9ea8dfcba0150d9a5619baecf,0,1,RED,BNK FEARX,BLUE,Karma,Varus,Annie,Ezreal,Rumble,Azir,Bard,Neeko,Nocturne,Pantheon,Jhin,Hwei,Naafiri,Lee Sin,Ambessa,Renekton,Vi,Gnar,Kennen,Maokai,1642,1642,10,23,23,11,19,53,1.0,0.0,0.0,1.0,1.0,3.0,1.0,0.0,3.0,0.0,0.0,1.0,0.0,1.0,1.0,0.0,3.0,8.0,0.0,1.0,72294,79516,104,108,46,56,271,288,50605,59141,32479,41015,47495,50718,1218.0,-1218.0,2340.0,-2340.0,1581.0,-1581.0,-84.0,84.0,774.0,-774.0,571.0,-571.0,-3.0,3.0,-4.0,4.0,17.0,-17.0,oe:team:3a1d18f46bcb3716ebcfcf4ef068934|oe:team:5c2e7e9ea8dfcba0150d9a5619baecf,LCK_20260410_BNK_FEARX_vs_Hanwha_Life_Esports_S1,1,0,1,"[""Ryze"", ""Orianna"", ""Jarvan IV"", ""Xin Zhao"", ""Yorick"", ""Jayce"", ""Ashe"", ""Ziggs"", ""Rell"", ""Pyke""]",10,False,21.0,10.0,0.47619047619047616,8.0,0.5,3.0,1.0,38.0,18.0,0.47368421052631576,21.0,0.42857142857142855,1.0,0.0,1.0,1.0,1.0,0.0
LOLTMNT01_361350,2026-04-10 11:46:50+00:00,LCK,2026,3,Rounds 1-2,0,16.07,complete,,BNK FEARX,oe:team:5c2e7e9ea8dfcba0150d9a5619baecf,Hanwha Life Esports,oe:team:3a1d18f46bcb3716ebcfcf4ef068934,0,1,RED,Hanwha Life Esports,RED,Varus,Karma,Lucian,Gnar,Pantheon,Rumble,Aurora,Vi,Nami,Yunara,Milio,Ahri,Nautilus,Sylas,Naafiri,Xayah,Alistar,Poppy,Mel,Rakan,1425,1425,10,23,23,10,20,60,1.0,0.0,0.0,1.0,0.0,3.0,1.0,0.0,2.0,1.0,0.0,1.0,0.0,1.0,1.0,0.0,2.0,8.0,0.0,1.0,60752,62392,81,84,37,45,222,223,42920,55185,27007,39272,37555,49263,753.0,-753.0,-2691.0,2691.0,-6949.0,6949.0,-163.0,163.0,-3459.0,3459.0,-6820.0,6820.0,-19.0,19.0,-69.0,69.0,-119.0,119.0,oe:team:3a1d18f46bcb3716ebcfcf4ef068934|oe:team:5c2e7e9ea8dfcba0150d9a5619baecf,LCK_20260410_BNK_FEARX_vs_Hanwha_Life_Esports_S1,1,1,2,"[""Ryze"", ""Orianna"", ""Jarvan IV"", ""Xin Zhao"", ""Yorick"", ""Jayce"", ""Ashe"", ""Ziggs"", ""Rell"", ""Pyke"", ""Annie"", ""Ezreal"", ""Bard"", ""Neeko"", ""Jhin"", ""Hwei"", ""Ambessa"", ""Renekton"", ""Kennen"", ""Maokai""]",20,False,39.0,19.0,0.48717948717948717,17.0,0.5294117647058824,2.0,0.5,22.0,10.0,0.45454545454545453,13.0,0.46153846153846156,4.0,0.75,2.0,0.5,2.0,0.5
LOLTMNT01_362622,2026-04-11 08:06:17+00:00,LCK,2026,1,Rounds 1-2,0,16.07,complete,,Kiwoom DRX,oe:team:1d0389df0c5eea93b04122ba167c010,Nongshim RedForce,oe:team:5cd2cd09ec94296f605dd13a2924d6c,1,0,BLUE,Kiwoom DRX,RED,Karma,Bard,Ezreal,Jarvan IV,Rumble,Varus,Orianna,Jayce,Pantheon,Nocturne,Yorick,Ryze,Sivir,Xin Zhao,Neeko,Anivia,Yunara,Naafiri,Vi,Jhin,1964,1964,24,11,11,24,44,24,0.0,1.0,0.0,1.0,3.0,2.0,1.0,0.0,3.0,0.0,1.0,0.0,1.0,0.0,0.0,1.0,9.0,3.0,1.0,0.0,116280,83407,128,109,56,54,346,316,69224,59515,47813,38104,60326,57630,-1391.0,1391.0,-2909.0,2909.0,-1858.0,1858.0,831.0,-831.0,-612.0,612.0,956.0,-956.0,20.0,-20.0,-8.0,8.0,-13.0,13.0,oe:team:1d0389df0c5eea93b04122ba167c010|oe:team:5cd2cd09ec94296f605dd13a2924d6c,LCK_20260411_Kiwoom_DRX_vs_Nongshim_RedForce_S3,0,0,0,[],0,False,40.0,17.0,0.425,17.0,0.35294117647058826,3.0,0.6666666666666666,27.0,12.0,0.4444444444444444,15.0,0.4,2.0,0.0,6.0,0.8333333333333334,6.0,0.16666666666666666
LOLTMNT01_362650,2026-04-11 08:59:12+00:00,LCK,2026,2,Rounds 1-2,0,16.07,complete,,Kiwoom DRX,oe:team:1d0389df0c5eea93b04122ba167c010,Nongshim RedForce,oe:team:5cd2cd09ec94296f605dd13a2924d6c,1,0,BLUE,Kiwoom DRX,RED,Karma,Bard,Yunara,Pantheon,Varus,Ashe,Gnar,Ambessa,Azir,Rumble,Aurora,Annie,Caitlyn,Nocturne,Poppy,Corki,Nami,Xin Zhao,Alistar,Nautilus,1701,1701,14,7,7,14,37,14,0.0,1.0,1.0,0.0,2.0,1.0,0.0,1.0,0.0,3.0,1.0,0.0,1.0,0.0,0.0,1.0,9.0,2.0,1.0,0.0,65744,68501,96,91,47,39,286,244,57102,48787,38374,30059,48813,46778,-18.0,18.0,1144.0,-1144.0,-397.0,397.0,947.0,-947.0,1826.0,-1826.0,837.0,-837.0,20.0,-20.0,30.0,-30.0,47.0,-47.0,oe:team:1d0389df0c5eea93b04122ba167c010|oe:team:5cd2cd09ec94296f605dd13a2924d6c,LCK_20260411_Kiwoom_DRX_vs_Nongshim_RedForce_S3,1,0,1,"[""Ezreal"", ""Jarvan IV"", ""Orianna"", ""Jayce"", ""Yorick"", ""Ryze"", ""Neeko"", ""Anivia"", ""Vi"", ""Jhin""]",10,False,41.0,18.0,0.43902439024390244,18.0,0.3888888888888889,4.0,0.75,28.0,12.0,0.42857142857142855,16.0,0.375,3.0,0.0,7.0,0.8571428571428571,7.0,0.14285714285714285
LOLTMNT01_361912,2026-04-11 10:14:53+00:00,LCK,2026,1,Rounds 1-2,0,16.07,complete,,Dplus Kia,oe:team:ef69efa6acebe94107f0cf1ba716806,Gen.G,oe:team:50f58982d91a36557ec8aec52ab014f,1,0,BLUE,Dplus Kia,RED,Rumble,Karma,Jarvan IV,Pantheon,Orianna,Varus,Bard,Ezreal,Azir,LeBlanc,Anivia,Ryze,Leona,Sivir,Caitlyn,K'Sante,Nautilus,Jhin,Gnar,Pyke,1742,1742,13,6,6,13,35,15,0.0,1.0,0.0,1.0,1.0,3.0,1.0,0.0,3.0,0.0,1.0,0.0,1.0,0.0,1.0,0.0,9.0,1.0,2.0,0.0,75850,60811,117,111,47,53,288,307,60829,51736,41683,32590,54108,52388,7.0,-7.0,173.0,-173.0,-1324.0,1324.0,423.0,-423.0,331.0,-331.0,-3025.0,3025.0,20.0,-20.0,24.0,-24.0,-19.0,19.0,oe:team:50f58982d91a36557ec8aec52ab014f|oe:team:ef69efa6acebe94107f0cf1ba716806,LCK_20260411_Dplus_Kia_vs_Gen_G_S3,0,0,0,[],0,False,41.0,20.0,0.4878048780487805,28.0,0.6071428571428571,2.0,0.0,29.0,25.0,0.8620689655172413,7.0,0.7142857142857143,2.0,1.0,6.0,0.16666666666666666,6.0,0.8333333333333334
LOLTMNT01_361920,2026-04-11 11:07:33+00:00,LCK,2026,2,Rounds 1-2,0,16.07,complete,,Gen.G,oe:team:50f58982d91a36557ec8aec52ab014f,Dplus Kia,oe:team:ef69efa6acebe94107f0cf1ba716806,0,1,RED,Dplus Kia,RED,Rumble,Varus,Xin Zhao,Annie,Orianna,Jayce,Aurora,Wukong,Karma,Azir,Yunara,Renekton,Ashe,Lulu,Zaahen,Kalista,Nami,Neeko,Seraphine,Renata Glasc,2253,2253,6,17,17,6,9,42,0.0,1.0,0.0,1.0,3.0,3.0,0.0,1.0,0.0,3.0,1.0,0.0,1.0,0.0,0.0,1.0,4.0,7.0,0.0,1.0,101999,124389,121,127,73,71,381,402,67276,74242,42917,49883,66968,67098,-1197.0,1197.0,-715.0,715.0,-224.0,224.0,-696.0,696.0,-975.0,975.0,935.0,-935.0,-24.0,24.0,-18.0,18.0,-4.0,4.0,oe:team:50f58982d91a36557ec8aec52ab014f|oe:team:ef69efa6acebe94107f0cf1ba716806,LCK_20260411_Dplus_Kia_vs_Gen_G_S3,0,1,1,"[""Jarvan IV"", ""Pantheon"", ""Bard"", ""Ezreal"", ""Anivia"", ""Ryze"", ""Caitlyn"", ""K'Sante"", ""Gnar"", ""Pyke""]",10,False,30.0,25.0,0.8333333333333334,22.0,0.9090909090909091,3.0,0.6666666666666666,42.0,21.0,0.5,13.0,0.23076923076923078,3.0,0.3333333333333333,7.0,0.7142857142857143,7.0,0.2857142857142857
LOLTMNT01_364097,2026-04-12 08:05:05+00:00,LCK,2026,1,Rounds 1-2,0,16.07,complete,,BNK FEARX,oe:team:5c2e7e9ea8dfcba0150d9a5619baecf,DN SOOPers,oe:team:b3c72a20aa56f5d28022ac04a7dc294,1,0,BLUE,BNK FEARX,BLUE,Varus,Rumble,Ryze,Ezreal,Pantheon,Karma,Jarvan IV,Vi,Azir,Orianna,Neeko,Cassiopeia,Bard,Kai'Sa,Xayah,Rakan,Alistar,Jayce,Renekton,Zaahen,1816,1816,22,10,10,22,62,22,1.0,0.0,1.0,0.0,4.0,1.0,1.0,0.0,3.0,0.0,0.0,1.0,1.0,1.0,1.0,0.0,7.0,1.0,1.0,0.0,94663,70897,115,135,65,52,336,327,65547,55436,45646,35535,57135,53576,760.0,-760.0,3827.0,-3827.0,4433.0,-4433.0,1187.0,-1187.0,3681.0,-3681.0,844.0,-844.0,19.0,-19.0,38.0,-38.0,-8.0,8.0,oe:team:5c2e7e9ea8dfcba0150d9a5619baecf|oe:team:b3c72a20aa56f5d28022ac04a7dc294,LCK_20260412_BNK_FEARX_vs_DN_SOOPers_S3,0,0,0,[],0,False,40.0,19.0,0.475,18.0,0.5,3.0,0.3333333333333333,39.0,17.0,0.4358974358974359,19.0,0.47368421052631576,2.0,0.0,9.0,0.6666666666666666,9.0,0.3333333333333333
LOLTMNT01_363354,2026-04-12 08:56:52+00:00,LCK,2026,2,Rounds 1-2,0,16.07,complete,,BNK FEARX,oe:team:5c2e7e9ea8dfcba0150d9a5619baecf,DN SOOPers,oe:team:b3c72a20aa56f5d28022ac04a7dc294,1,0,BLUE,BNK FEARX,RED,Orianna,Varus,Seraphine,Azir,Rumble,Karma,Xin Zhao,Lee Sin,Ziggs,Pantheon,Ashe,Ambessa,Mel,Jayce,Yorick,Jhin,Bard,Annie,Akali,Rell,1562,1562,15,8,8,15,37,17,0.0,1.0,0.0,1.0,1.0,1.0,1.0,0.0,3.0,0.0,1.0,0.0,1.0,0.0,1.0,0.0,9.0,1.0,2.0,0.0,74251,60069,86,101,39,30,236,228,55969,45360,38659,28050,46878,43280,-356.0,356.0,-967.0,967.0,2064.0,-2064.0,-1.0,1.0,-158.0,158.0,1656.0,-1656.0,5.0,-5.0,-6.0,6.0,7.0,-7.0,oe:team:5c2e7e9ea8dfcba0150d9a5619baecf|oe:team:b3c72a20aa56f5d28022ac04a7dc294,LCK_20260412_BNK_FEARX_vs_DN_SOOPers_S3,1,0,1,"[""Ryze"", ""Ezreal"", ""Jarvan IV"", ""Vi"", ""Neeko"", ""Cassiopeia"", ""Xayah"", ""Rakan"", ""Renekton"", ""Zaahen""]",10,False,41.0,20.0,0.4878048780487805,19.0,0.5263157894736842,4.0,0.5,40.0,17.0,0.425,20.0,0.45,3.0,0.0,10.0,0.7,10.0,0.3
LOLTMNT01_364137,2026-04-12 10:09:24+00:00,LCK,2026,1,Rounds 1-2,0,16.07,complete,,KT Rolster,oe:team:d723992568441c6bafa2658129eade7,HANJIN BRION,oe:team:b77b3f6068e20a2b3edc0ecd3dc70d4,1,0,BLUE,KT Rolster,RED,Rumble,Azir,Jarvan IV,Annie,Pantheon,Karma,Ashe,Xin Zhao,Orianna,Ryze,Seraphine,Ezreal,Nautilus,Syndra,Mel,Bard,Neeko,Akali,Yorick,Jayce,1485,1485,17,0,0,17,43,0,1.0,0.0,1.0,0.0,3.0,0.0,1.0,0.0,3.0,0.0,1.0,0.0,1.0,0.0,1.0,0.0,9.0,3.0,1.0,0.0,60447,41587,94,81,43,40,280,214,53853,43157,37328,26632,47358,41273,2293.0,-2293.0,4574.0,-4574.0,5988.0,-5988.0,2359.0,-2359.0,4069.0,-4069.0,5436.0,-5436.0,21.0,-21.0,53.0,-53.0,60.0,-60.0,oe:team:b77b3f6068e20a2b3edc0ecd3dc70d4|oe:team:d723992568441c6bafa2658129eade7,LCK_20260412_HANJIN_BRION_vs_KT_Rolster_S2,0,0,0,[],0,False,24.0,12.0,0.5,10.0,0.7,2.0,1.0,26.0,9.0,0.34615384615384615,15.0,0.4,3.0,0.3333333333333333,3.0,0.6666666666666666,3.0,0.3333333333333333
LOLTMNT01_364149,2026-04-12 10:55:22+00:00,LCK,2026,2,Rounds 1-2,0,16.07,complete,,KT Rolster,oe:team:d723992568441c6bafa2658129eade7,HANJIN BRION,oe:team:b77b3f6068e20a2b3edc0ecd3dc70d4,1,0,BLUE,KT Rolster,RED,Rumble,Karma,Yunara,Orianna,Pantheon,Ryze,Vi,Caitlyn,Varus,Azir,Lulu,Neeko,Nocturne,Akali,Ahri,Wukong,Naafiri,Syndra,Gnar,Renekton,2001,2001,18,4,4,18,41,6,1.0,0.0,1.0,0.0,4.0,1.0,0.0,1.0,0.0,3.0,1.0,0.0,1.0,0.0,0.0,1.0,7.0,2.0,2.0,0.0,83106,54675,133,130,76,60,386,341,71059,57819,49271,36031,63268,54663,-75.0,75.0,2256.0,-2256.0,4344.0,-4344.0,-256.0,256.0,2284.0,-2284.0,4828.0,-4828.0,-25.0,25.0,5.0,-5.0,45.0,-45.0,oe:team:b77b3f6068e20a2b3edc0ecd3dc70d4|oe:team:d723992568441c6bafa2658129eade7,LCK_20260412_HANJIN_BRION_vs_KT_Rolster_S2,1,0,1,"[""Jarvan IV"", ""Annie"", ""Ashe"", ""Xin Zhao"", ""Seraphine"", ""Ezreal"", ""Mel"", ""Bard"", ""Yorick"", ""Jayce""]",10,False,25.0,13.0,0.52,11.0,0.7272727272727273,3.0,1.0,27.0,9.0,0.3333333333333333,16.0,0.375,4.0,0.25,4.0,0.75,4.0,0.25
LOLTMNT01_365453,2026-04-15 08:04:27+00:00,LCK,2026,1,Rounds 1-2,0,16.07,complete,,BNK FEARX,oe:team:5c2e7e9ea8dfcba0150d9a5619baecf,Nongshim RedForce,oe:team:5cd2cd09ec94296f605dd13a2924d6c,0,1,RED,Nongshim RedForce,RED,Rumble,Karma,Ezreal,Pantheon,Varus,Jarvan IV,Xin Zhao,Azir,Orianna,Ryze,Neeko,Jayce,Bard,Yorick,K'Sante,Yunara,Anivia,Sion,Akali,Lulu,1597,1597,11,21,21,11,16,52,1.0,0.0,1.0,0.0,2.0,2.0,0.0,1.0,0.0,3.0,0.0,1.0,0.0,1.0,1.0,0.0,2.0,8.0,0.0,1.0,53970,88643,100,100,31,46,234,275,49187,58506,31520,40839,48408,52085,-649.0,649.0,-3503.0,3503.0,-2401.0,2401.0,229.0,-229.0,-2258.0,2258.0,-55.0,55.0,3.0,-3.0,-7.0,7.0,3.0,-3.0,oe:team:5c2e7e9ea8dfcba0150d9a5619baecf|oe:team:5cd2cd09ec94296f605dd13a2924d6c,LCK_20260415_BNK_FEARX_vs_Nongshim_RedForce_S2,0,0,0,[],0,False,42.0,21.0,0.5,20.0,0.55,5.0,0.6,29.0,12.0,0.41379310344827586,17.0,0.35294117647058826,4.0,0.0,2.0,1.0,2.0,0.0
LOLTMNT01_365467,2026-04-15 08:53:44+00:00,LCK,2026,2,Rounds 1-2,0,16.07,complete,,BNK FEARX,oe:team:5c2e7e9ea8dfcba0150d9a5619baecf,Nongshim RedForce,oe:team:5cd2cd09ec94296f605dd13a2924d6c,0,1,RED,Nongshim RedForce,RED,Varus,Karma,Ryze,Jarvan IV,Nocturne,Ashe,Lee Sin,Anivia,Orianna,Rumble,Gnar,Bard,Ambessa,Nautilus,Kalista,Jhin,Caitlyn,Lucian,Renata Glasc,Sion,1794,1794,10,28,28,10,31,88,0.0,1.0,0.0,1.0,2.0,2.0,1.0,0.0,0.0,3.0,0.0,1.0,0.0,1.0,1.0,0.0,3.0,10.0,0.0,1.0,101302,102695,111,109,37,46,271,290,58180,64020,38503,44343,55548,57335,-1742.0,1742.0,-3010.0,3010.0,-4026.0,4026.0,-645.0,645.0,-2289.0,2289.0,-7210.0,7210.0,9.0,-9.0,5.0,-5.0,-33.0,33.0,oe:team:5c2e7e9ea8dfcba0150d9a5619baecf|oe:team:5cd2cd09ec94296f605dd13a2924d6c,LCK_20260415_BNK_FEARX_vs_Nongshim_RedForce_S2,0,1,1,"[""Ezreal"", ""Pantheon"", ""Xin Zhao"", ""Azir"", ""Neeko"", ""Jayce"", ""K'Sante"", ""Yunara"", ""Akali"", ""Lulu""]",10,False,43.0,21.0,0.4883720930232558,21.0,0.5238095238095238,6.0,0.5,30.0,13.0,0.43333333333333335,18.0,0.3888888888888889,5.0,0.2,3.0,0.6666666666666666,3.0,0.3333333333333333
LOLTMNT01_366241,2026-04-15 10:10:22+00:00,LCK,2026,1,Rounds 1-2,0,16.07,complete,,Dplus Kia,oe:team:ef69efa6acebe94107f0cf1ba716806,KT Rolster,oe:team:d723992568441c6bafa2658129eade7,1,0,BLUE,Dplus Kia,RED,Pantheon,Nocturne,Orianna,Karma,Rumble,Bard,Jarvan IV,Ezreal,Jayce,Varus,Nautilus,Ryze,Xin Zhao,Sivir,Gnar,Vayne,Vi,Miss Fortune,Kai'Sa,Wukong,1914,1914,14,5,5,14,29,12,1.0,0.0,1.0,0.0,4.0,0.0,1.0,0.0,1.0,2.0,1.0,0.0,2.0,0.0,0.0,1.0,9.0,1.0,1.0,0.0,60831,55400,149,138,67,69,365,354,66269,54344,45368,33443,61578,52981,1380.0,-1380.0,1506.0,-1506.0,2306.0,-2306.0,1311.0,-1311.0,-94.0,94.0,1474.0,-1474.0,15.0,-15.0,-5.0,5.0,24.0,-24.0,oe:team:d723992568441c6bafa2658129eade7|oe:team:ef69efa6acebe94107f0cf1ba716806,LCK_20260415_Dplus_Kia_vs_KT_Rolster_S1,0,0,0,[],0,False,43.0,22.0,0.5116279069767442,29.0,0.6206896551724138,4.0,0.5,26.0,14.0,0.5384615384615384,14.0,0.35714285714285715,4.0,1.0,0.0,,0.0,
LOLTMNT01_366261,2026-04-15 11:04:40+00:00,LCK,2026,2,Rounds 1-2,0,16.07,complete,,KT Rolster,oe:team:d723992568441c6bafa2658129eade7,Dplus Kia,oe:team:ef69efa6acebe94107f0cf1ba716806,1,0,BLUE,KT Rolster,RED,Rumble,Azir,Ashe,Annie,Bard,Pantheon,Xin Zhao,Jayce,Vi,Nocturne,Seraphine,Lee Sin,Yuumi,K'Sante,Yorick,Ziggs,Varus,Mel,Hwei,Pyke,2424,2424,33,15,15,33,58,32,1.0,0.0,1.0,0.0,5.0,0.0,1.0,0.0,0.0,3.0,1.0,0.0,1.0,1.0,0.0,1.0,10.0,8.0,2.0,2.0,124588,125353,164,165,78,60,485,419,84927,79948,58824,53845,75498,80965,1076.0,-1076.0,225.0,-225.0,-87.0,87.0,148.0,-148.0,-241.0,241.0,413.0,-413.0,4.0,-4.0,-6.0,6.0,-19.0,19.0,oe:team:d723992568441c6bafa2658129eade7|oe:team:ef69efa6acebe94107f0cf1ba716806,LCK_20260415_Dplus_Kia_vs_KT_Rolster_S1,0,1,1,"[""Orianna"", ""Karma"", ""Jarvan IV"", ""Ezreal"", ""Nautilus"", ""Ryze"", ""Gnar"", ""Vayne"", ""Kai'Sa"", ""Wukong""]",10,False,27.0,14.0,0.5185185185185185,12.0,0.75,5.0,0.8,44.0,23.0,0.5227272727272727,14.0,0.2857142857142857,5.0,0.6,1.0,0.0,1.0,1.0
LOLTMNT01_366284,2026-04-15 12:08:03+00:00,LCK,2026,3,Rounds 1-2,0,16.07,complete,,KT Rolster,oe:team:d723992568441c6bafa2658129eade7,Dplus Kia,oe:team:ef69efa6acebe94107f0cf1ba716806,1,0,BLUE,KT Rolster,RED,Rumble,Azir,Yunara,Varus,Bard,Nocturne,Lulu,Ambessa,Vi,Pantheon,Trundle,Twisted Fate,Nami,Jax,Ahri,Aphelios,Blitzcrank,Mel,Naafiri,Thresh,2728,2728,21,9,9,21,60,20,0.0,1.0,1.0,0.0,4.0,2.0,0.0,1.0,1.0,2.0,0.0,1.0,1.0,2.0,0.0,1.0,9.0,5.0,2.0,0.0,118078,101579,191,172,100,84,516,467,88240,83813,59036,54609,78348,82045,-1559.0,1559.0,-4003.0,4003.0,-3765.0,3765.0,-1151.0,1151.0,-3596.0,3596.0,-1451.0,1451.0,-33.0,33.0,-57.0,57.0,-43.0,43.0,oe:team:d723992568441c6bafa2658129eade7|oe:team:ef69efa6acebe94107f0cf1ba716806,LCK_20260415_Dplus_Kia_vs_KT_Rolster_S1,1,1,2,"[""Orianna"", ""Karma"", ""Jarvan IV"", ""Ezreal"", ""Nautilus"", ""Ryze"", ""Gnar"", ""Vayne"", ""Kai'Sa"", ""Wukong"", ""Ashe"", ""Annie"", ""Xin Zhao"", ""Jayce"", ""Seraphine"", ""Lee Sin"", ""Yorick"", ""Ziggs"", ""Hwei"", ""Pyke""]",20,False,28.0,15.0,0.5357142857142857,13.0,0.7692307692307693,6.0,0.8333333333333334,45.0,23.0,0.5111111111111111,15.0,0.26666666666666666,6.0,0.5,2.0,0.5,2.0,0.5
LOLTMNT01_366570,2026-04-16 08:07:45+00:00,LCK,2026,1,Rounds 1-2,0,16.07,complete,,HANJIN BRION,oe:team:b77b3f6068e20a2b3edc0ecd3dc70d4,Gen.G,oe:team:50f58982d91a36557ec8aec52ab014f,0,1,RED,Gen.G,BLUE,Bard,Orianna,Jarvan IV,Xin Zhao,Varus,Karma,Akali,Azir,Pantheon,Rumble,Jayce,Sion,Lulu,Elise,Neeko,Ezreal,Kalista,Seraphine,Caitlyn,Nami,1751,1751,9,16,16,9,18,42,1.0,0.0,1.0,0.0,2.0,3.0,1.0,0.0,3.0,0.0,0.0,1.0,0.0,1.0,1.0,0.0,4.0,9.0,0.0,2.0,67280,80891,99,110,52,47,305,276,55622,61060,36384,41822,54685,53388,2112.0,-2112.0,4040.0,-4040.0,2252.0,-2252.0,188.0,-188.0,1172.0,-1172.0,-1024.0,1024.0,26.0,-26.0,39.0,-39.0,14.0,-14.0,oe:team:50f58982d91a36557ec8aec52ab014f|oe:team:b77b3f6068e20a2b3edc0ecd3dc70d4,LCK_20260416_Gen_G_vs_HANJIN_BRION_S1,0,0,0,[],0,False,28.0,9.0,0.32142857142857145,11.0,0.2727272727272727,5.0,0.2,31.0,25.0,0.8064516129032258,8.0,0.625,4.0,0.5,0.0,,0.0,
LOLTMNT01_365803,2026-04-16 09:01:02+00:00,LCK,2026,2,Rounds 1-2,0,16.07,complete,,Gen.G,oe:team:50f58982d91a36557ec8aec52ab014f,HANJIN BRION,oe:team:b77b3f6068e20a2b3edc0ecd3dc70d4,1,0,BLUE,Gen.G,RED,Orianna,Bard,Yunara,Pantheon,Ashe,Varus,Nocturne,Lulu,Rumble,Karma,Anivia,Ryze,Tristana,Nautilus,Gnar,Xayah,Sivir,Seraphine,Alistar,Ambessa,1943,1943,21,10,10,21,51,25,1.0,0.0,0.0,1.0,4.0,1.0,1.0,0.0,3.0,0.0,1.0,0.0,2.0,0.0,1.0,0.0,11.0,1.0,2.0,0.0,100851,90144,126,104,64,38,342,267,74076,58707,52879,37510,66143,58310,2030.0,-2030.0,2452.0,-2452.0,5721.0,-5721.0,1705.0,-1705.0,1712.0,-1712.0,4422.0,-4422.0,65.0,-65.0,100.0,-100.0,130.0,-130.0,oe:team:50f58982d91a36557ec8aec52ab014f|oe:team:b77b3f6068e20a2b3edc0ecd3dc70d4,LCK_20260416_Gen_G_vs_HANJIN_BRION_S1,1,0,1,"[""Jarvan IV"", ""Xin Zhao"", ""Akali"", ""Azir"", ""Jayce"", ""Sion"", ""Neeko"", ""Ezreal"", ""Caitlyn"", ""Nami""]",10,False,32.0,26.0,0.8125,23.0,0.8695652173913043,5.0,0.6,29.0,9.0,0.3103448275862069,17.0,0.35294117647058826,6.0,0.16666666666666666,1.0,1.0,1.0,0.0
LOLTMNT01_366617,2026-04-16 10:19:53+00:00,LCK,2026,1,Rounds 1-2,0,16.07,complete,,DN SOOPers,oe:team:b3c72a20aa56f5d28022ac04a7dc294,Hanwha Life Esports,oe:team:3a1d18f46bcb3716ebcfcf4ef068934,0,1,RED,Hanwha Life Esports,RED,Orianna,Jarvan IV,Varus,Xin Zhao,Ryze,Ezreal,Vi,Bard,Pantheon,Rumble,Ahri,Jhin,Jayce,Nautilus,Neeko,Anivia,Annie,Ambessa,Yorick,Aurora,1366,1366,4,24,24,4,9,48,0.0,1.0,1.0,0.0,1.0,2.0,0.0,1.0,0.0,3.0,0.0,1.0,0.0,1.0,0.0,1.0,2.0,10.0,0.0,2.0,49797,71915,72,76,23,40,173,223,38296,54808,22985,39497,37258,47995,-2947.0,2947.0,-6700.0,6700.0,-12277.0,12277.0,-1989.0,1989.0,-5271.0,5271.0,-9458.0,9458.0,-44.0,44.0,-76.0,76.0,-123.0,123.0,oe:team:3a1d18f46bcb3716ebcfcf4ef068934|oe:team:b3c72a20aa56f5d28022ac04a7dc294,LCK_20260416_DN_SOOPers_vs_Hanwha_Life_Esports_S2,0,0,0,[],0,False,41.0,17.0,0.4146341463414634,20.0,0.4,4.0,0.0,23.0,11.0,0.4782608695652174,14.0,0.5,5.0,0.8,3.0,0.3333333333333333,3.0,0.6666666666666666
LOLTMNT01_365830,2026-04-16 11:03:24+00:00,LCK,2026,2,Rounds 1-2,0,16.07,complete,,Hanwha Life Esports,oe:team:3a1d18f46bcb3716ebcfcf4ef068934,DN SOOPers,oe:team:b3c72a20aa56f5d28022ac04a7dc294,1,0,BLUE,Hanwha Life Esports,RED,Orianna,Jayce,Pantheon,Jarvan IV,Rumble,Karma,Ashe,Gnar,LeBlanc,Ryze,Seraphine,Mel,Pyke,Vayne,Annie,Azir,Nautilus,Akali,Yone,Rell,1924,1924,18,17,17,18,46,40,0.0,1.0,0.0,1.0,2.0,2.0,1.0,0.0,3.0,0.0,0.0,1.0,0.0,1.0,1.0,0.0,8.0,2.0,2.0,0.0,98604,81819,110,124,61,53,341,319,64507,58677,43504,37674,59070,56763,-163.0,163.0,191.0,-191.0,1226.0,-1226.0,847.0,-847.0,-702.0,702.0,-520.0,520.0,16.0,-16.0,19.0,-19.0,23.0,-23.0,oe:team:3a1d18f46bcb3716ebcfcf4ef068934|oe:team:b3c72a20aa56f5d28022ac04a7dc294,LCK_20260416_DN_SOOPers_vs_Hanwha_Life_Esports_S2,1,0,1,"[""Varus"", ""Xin Zhao"", ""Vi"", ""Bard"", ""Ahri"", ""Jhin"", ""Neeko"", ""Anivia"", ""Yorick"", ""Aurora""]",10,False,24.0,12.0,0.5,9.0,0.4444444444444444,6.0,0.8333333333333334,42.0,17.0,0.40476190476190477,21.0,0.42857142857142855,5.0,0.0,4.0,0.75,4.0,0.25
LOLTMNT01_367097,2026-04-17 08:09:20+00:00,LCK,2026,1,Rounds 1-2,0,16.07,complete,,BNK FEARX,oe:team:5c2e7e9ea8dfcba0150d9a5619baecf,Kiwoom DRX,oe:team:1d0389df0c5eea93b04122ba167c010,1,0,BLUE,BNK FEARX,RED,Rumble,Karma,Ezreal,Azir,Varus,Jarvan IV,Xin Zhao,Bard,Orianna,Pantheon,Neeko,Jayce,Caitlyn,Yorick,K'Sante,Yunara,Skarner,Akali,Aurora,Vi,1461,1461,17,4,4,17,25,12,1.0,0.0,1.0,0.0,4.0,0.0,1.0,0.0,3.0,0.0,1.0,0.0,1.0,0.0,1.0,0.0,11.0,1.0,1.0,0.0,58467,49931,86,82,35,25,230,194,52919,42108,36639,25828,46613,40445,1400.0,-1400.0,3622.0,-3622.0,7644.0,-7644.0,2062.0,-2062.0,2503.0,-2503.0,5832.0,-5832.0,9.0,-9.0,14.0,-14.0,29.0,-29.0,oe:team:1d0389df0c5eea93b04122ba167c010|oe:team:5c2e7e9ea8dfcba0150d9a5619baecf,LCK_20260417_BNK_FEARX_vs_Kiwoom_DRX_S1,0,0,0,[],0,False,44.0,21.0,0.4772727272727273,22.0,0.5,7.0,0.42857142857142855,42.0,19.0,0.4523809523809524,23.0,0.4782608695652174,5.0,0.8,0.0,,0.0,
LOLTMNT01_367103,2026-04-17 08:56:00+00:00,LCK,2026,2,Rounds 1-2,0,16.07,complete,,BNK FEARX,oe:team:5c2e7e9ea8dfcba0150d9a5619baecf,Kiwoom DRX,oe:team:1d0389df0c5eea93b04122ba167c010,1,0,BLUE,BNK FEARX,RED,Rumble,Ryze,Pantheon,Karma,Orianna,Ashe,Renekton,Caitlyn,Varus,Jarvan IV,Annie,Gnar,Nocturne,Nautilus,Kalista,Mel,Hwei,Lulu,Soraka,Dr. Mundo,2046,2046,20,9,9,20,58,20,1.0,0.0,1.0,0.0,2.0,3.0,1.0,0.0,3.0,0.0,1.0,0.0,1.0,0.0,0.0,1.0,8.0,2.0,1.0,0.0,113891,103782,131,108,45,59,316,336,67281,59448,45034,37201,60860,57453,-932.0,932.0,-521.0,521.0,-2865.0,2865.0,-1645.0,1645.0,-1169.0,1169.0,-3927.0,3927.0,-34.0,34.0,-33.0,33.0,-53.0,53.0,oe:team:1d0389df0c5eea93b04122ba167c010|oe:team:5c2e7e9ea8dfcba0150d9a5619baecf,LCK_20260417_BNK_FEARX_vs_Kiwoom_DRX_S1,1,0,1,"[""Ezreal"", ""Azir"", ""Xin Zhao"", ""Bard"", ""Neeko"", ""Jayce"", ""K'Sante"", ""Yunara"", ""Aurora"", ""Vi""]",10,False,45.0,22.0,0.4888888888888889,23.0,0.5217391304347826,8.0,0.5,43.0,19.0,0.4418604651162791,24.0,0.4583333333333333,6.0,0.6666666666666666,1.0,1.0,1.0,0.0
LOLTMNT01_367128,2026-04-17 10:18:08+00:00,LCK,2026,1,Rounds 1-2,0,16.07,complete,,T1,oe:team:ce499dea30cfce118f4fe85da0227e8,Dplus Kia,oe:team:ef69efa6acebe94107f0cf1ba716806,0,1,RED,Dplus Kia,RED,Orianna,Bard,Ezreal,Karma,Varus,Nocturne,Pantheon,Jhin,Caitlyn,Azir,Ryze,Xin Zhao,Twisted Fate,Yuumi,Neeko,Cassiopeia,Anivia,Jayce,Ambessa,Rumble,2045,2045,2,17,17,2,3,36,0.0,1.0,0.0,1.0,0.0,4.0,1.0,0.0,3.0,0.0,0.0,1.0,0.0,1.0,0.0,1.0,2.0,9.0,0.0,1.0,82735,90070,130,141,60,56,332,378,58903,70646,36666,48409,56633,61660,-594.0,594.0,-2899.0,2899.0,-2362.0,2362.0,375.0,-375.0,-460.0,460.0,-647.0,647.0,-5.0,5.0,-4.0,4.0,27.0,-27.0,oe:team:ce499dea30cfce118f4fe85da0227e8|oe:team:ef69efa6acebe94107f0cf1ba716806,LCK_20260417_Dplus_Kia_vs_T1_S3,0,0,0,[],0,False,31.0,18.0,0.5806451612903226,13.0,0.6153846153846154,4.0,0.5,46.0,23.0,0.5,16.0,0.25,7.0,0.42857142857142855,8.0,0.625,8.0,0.375
LOLTMNT01_367136,2026-04-17 11:14:57+00:00,LCK,2026,2,Rounds 1-2,0,16.07,complete,,Dplus Kia,oe:team:ef69efa6acebe94107f0cf1ba716806,T1,oe:team:ce499dea30cfce118f4fe85da0227e8,0,1,RED,T1,RED,Bard,Varus,LeBlanc,Azir,Orianna,Jarvan IV,Vi,Nocturne,Poppy,Sion,K'Sante,Jayce,Renata Glasc,Ashe,Lulu,Caitlyn,Nautilus,Yunara,Miss Fortune,Lux,1773,1773,4,15,15,4,10,31,0.0,1.0,0.0,1.0,1.0,3.0,0.0,0.0,3.0,0.0,0.0,1.0,0.0,1.0,1.0,0.0,2.0,10.0,0.0,2.0,56161,85327,108,109,49,46,291,278,50588,60944,31125,41481,49455,55055,-1047.0,1047.0,-1372.0,1372.0,-2004.0,2004.0,-8.0,8.0,267.0,-267.0,458.0,-458.0,-17.0,17.0,-3.0,3.0,-7.0,7.0,oe:team:ce499dea30cfce118f4fe85da0227e8|oe:team:ef69efa6acebe94107f0cf1ba716806,LCK_20260417_Dplus_Kia_vs_T1_S3,1,0,1,"[""Ezreal"", ""Karma"", ""Pantheon"", ""Jhin"", ""Ryze"", ""Xin Zhao"", ""Neeko"", ""Cassiopeia"", ""Ambessa"", ""Rumble""]",10,False,47.0,24.0,0.5106382978723404,30.0,0.6333333333333333,8.0,0.5,32.0,18.0,0.5625,18.0,0.5555555555555556,5.0,0.4,9.0,0.4444444444444444,9.0,0.5555555555555556
LOLTMNT01_366902,2026-04-17 12:07:48+00:00,LCK,2026,3,Rounds 1-2,0,16.07,complete,,T1,oe:team:ce499dea30cfce118f4fe85da0227e8,Dplus Kia,oe:team:ef69efa6acebe94107f0cf1ba716806,0,1,RED,Dplus Kia,RED,Orianna,Bard,Gnar,Annie,Varus,Ashe,Jarvan IV,Lee Sin,Yunara,Nami,Aurora,Vayne,Sivir,Nautilus,Pyke,Corki,Ziggs,Kalista,Mel,Poppy,2161,2161,17,27,27,17,31,45,1.0,0.0,1.0,0.0,1.0,3.0,0.0,1.0,2.0,1.0,0.0,1.0,0.0,2.0,1.0,0.0,4.0,9.0,0.0,2.0,80638,93383,165,166,76,54,444,369,67615,76076,44195,52656,66498,68276,3087.0,-3087.0,2672.0,-2672.0,3390.0,-3390.0,1840.0,-1840.0,97.0,-97.0,163.0,-163.0,9.0,-9.0,-9.0,9.0,22.0,-22.0,oe:team:ce499dea30cfce118f4fe85da0227e8|oe:team:ef69efa6acebe94107f0cf1ba716806,LCK_20260417_Dplus_Kia_vs_T1_S3,1,1,2,"[""Ezreal"", ""Karma"", ""Pantheon"", ""Jhin"", ""Ryze"", ""Xin Zhao"", ""Neeko"", ""Cassiopeia"", ""Ambessa"", ""Rumble"", ""LeBlanc"", ""Azir"", ""Vi"", ""Nocturne"", ""K'Sante"", ""Jayce"", ""Lulu"", ""Caitlyn"", ""Miss Fortune"", ""Lux""]",20,False,33.0,19.0,0.5757575757575758,14.0,0.5714285714285714,6.0,0.5,48.0,24.0,0.5,17.0,0.29411764705882354,9.0,0.4444444444444444,10.0,0.6,10.0,0.4
LOLTMNT01_368128,2026-04-18 08:07:24+00:00,LCK,2026,1,Rounds 1-2,0,16.07,complete,,Gen.G,oe:team:50f58982d91a36557ec8aec52ab014f,Hanwha Life Esports,oe:team:3a1d18f46bcb3716ebcfcf4ef068934,0,1,RED,Hanwha Life Esports,BLUE,Karma,Orianna,Bard,Jarvan IV,Varus,Ezreal,Xin Zhao,Jhin,Nautilus,Rumble,Jayce,Yorick,Pyke,Yunara,Corki,Rell,Akali,Azir,Anivia,Aurora,1773,1773,8,24,24,8,16,66,0.0,1.0,0.0,1.0,0.0,4.0,0.0,1.0,3.0,0.0,0.0,1.0,0.0,1.0,0.0,1.0,2.0,8.0,0.0,3.0,59648,99117,100,105,48,43,289,276,55212,64045,35749,44582,53653,59913,211.0,-211.0,-1969.0,1969.0,-6543.0,6543.0,293.0,-293.0,-1642.0,1642.0,-6696.0,6696.0,-6.0,6.0,-12.0,12.0,-39.0,39.0,oe:team:3a1d18f46bcb3716ebcfcf4ef068934|oe:team:50f58982d91a36557ec8aec52ab014f,LCK_20260418_Gen_G_vs_Hanwha_Life_Esports_S2,0,0,0,[],0,False,33.0,27.0,0.8181818181818182,24.0,0.875,6.0,0.6666666666666666,25.0,13.0,0.52,15.0,0.5333333333333333,7.0,0.8571428571428571,3.0,1.0,3.0,0.0
LOLTMNT01_368133,2026-04-18 09:00:18+00:00,LCK,2026,2,Rounds 1-2,0,16.07,complete,,Hanwha Life Esports,oe:team:3a1d18f46bcb3716ebcfcf4ef068934,Gen.G,oe:team:50f58982d91a36557ec8aec52ab014f,1,0,BLUE,Hanwha Life Esports,BLUE,Varus,Orianna,Rumble,Pantheon,Ezreal,Karma,Vi,Seraphine,Nocturne,Nautilus,Yone,Ashe,Ahri,Ziggs,Yunara,Ambessa,Annie,Mel,Lulu,Akali,2004,2004,23,13,13,23,67,38,0.0,1.0,0.0,1.0,1.0,4.0,0.0,1.0,1.0,2.0,1.0,0.0,1.0,0.0,0.0,1.0,7.0,2.0,1.0,0.0,98869,89626,138,117,53,60,347,340,68997,61810,47178,39991,63390,59935,-307.0,307.0,386.0,-386.0,1721.0,-1721.0,-353.0,353.0,-267.0,267.0,917.0,-917.0,-29.0,29.0,-31.0,31.0,-31.0,31.0,oe:team:3a1d18f46bcb3716ebcfcf4ef068934|oe:team:50f58982d91a36557ec8aec52ab014f,LCK_20260418_Gen_G_vs_Hanwha_Life_Esports_S2,1,0,1,"[""Bard"", ""Jarvan IV"", ""Xin Zhao"", ""Jhin"", ""Jayce"", ""Yorick"", ""Corki"", ""Rell"", ""Anivia"", ""Aurora""]",10,False,26.0,14.0,0.5384615384615384,10.0,0.5,8.0,0.875,34.0,27.0,0.7941176470588235,9.0,0.6666666666666666,7.0,0.5714285714285714,4.0,0.25,4.0,0.75
LOLTMNT01_368165,2026-04-18 10:19:42+00:00,LCK,2026,1,Rounds 1-2,0,16.07,complete,,DN SOOPers,oe:team:b3c72a20aa56f5d28022ac04a7dc294,KT Rolster,oe:team:d723992568441c6bafa2658129eade7,0,1,RED,KT Rolster,RED,Rumble,Nautilus,Jarvan IV,Karma,Ryze,Yorick,Ashe,Pantheon,Varus,Orianna,Seraphine,Ezreal,Jayce,Azir,Annie,Renekton,Mel,Aurora,Gnar,Akali,1688,1688,1,12,12,1,1,23,0.0,1.0,0.0,1.0,0.0,4.0,0.0,1.0,1.0,2.0,,,0.0,0.0,0.0,1.0,0.0,8.0,0.0,1.0,45977,61762,96,101,50,56,266,300,44664,59555,26068,40959,42223,53888,-532.0,532.0,-3376.0,3376.0,-4802.0,4802.0,-119.0,119.0,-2299.0,2299.0,-3100.0,3100.0,2.0,-2.0,-48.0,48.0,-60.0,60.0,oe:team:b3c72a20aa56f5d28022ac04a7dc294|oe:team:d723992568441c6bafa2658129eade7,LCK_20260418_DN_SOOPers_vs_KT_Rolster_S3,0,0,0,[],0,False,43.0,17.0,0.3953488372093023,21.0,0.38095238095238093,6.0,0.0,29.0,16.0,0.5517241379310345,15.0,0.3333333333333333,7.0,0.8571428571428571,5.0,0.6,5.0,0.4
LOLTMNT01_367338,2026-04-18 11:10:20+00:00,LCK,2026,2,Rounds 1-2,0,16.07,complete,,KT Rolster,oe:team:d723992568441c6bafa2658129eade7,DN SOOPers,oe:team:b3c72a20aa56f5d28022ac04a7dc294,1,0,BLUE,KT Rolster,RED,Rumble,Varus,Ryze,Orianna,Ambessa,Jayce,Nocturne,Yunara,Lee Sin,Xin Zhao,Bard,Lulu,Naafiri,Caitlyn,Jhin,Vi,Wukong,Vayne,Zaahen,K'Sante,1646,1646,18,6,6,18,42,14,1.0,0.0,1.0,0.0,4.0,0.0,1.0,0.0,3.0,0.0,1.0,0.0,1.0,0.0,1.0,0.0,10.0,0.0,2.0,0.0,83331,64720,92,91,61,31,298,209,60789,45600,42622,27433,53083,44660,1453.0,-1453.0,2577.0,-2577.0,5420.0,-5420.0,1236.0,-1236.0,1252.0,-1252.0,3262.0,-3262.0,29.0,-29.0,36.0,-36.0,78.0,-78.0,oe:team:b3c72a20aa56f5d28022ac04a7dc294|oe:team:d723992568441c6bafa2658129eade7,LCK_20260418_DN_SOOPers_vs_KT_Rolster_S3,1,0,1,"[""Jarvan IV"", ""Karma"", ""Ashe"", ""Pantheon"", ""Seraphine"", ""Ezreal"", ""Annie"", ""Renekton"", ""Gnar"", ""Akali""]",10,False,30.0,17.0,0.5666666666666667,14.0,0.7857142857142857,8.0,0.875,44.0,17.0,0.38636363636363635,22.0,0.4090909090909091,7.0,0.0,6.0,0.5,6.0,0.5
LOLTMNT01_368322,2026-04-19 08:06:04+00:00,LCK,2026,1,Rounds 1-2,0,16.07,complete,,HANJIN BRION,oe:team:b77b3f6068e20a2b3edc0ecd3dc70d4,Nongshim RedForce,oe:team:5cd2cd09ec94296f605dd13a2924d6c,1,0,BLUE,HANJIN BRION,RED,Rumble,Varus,Neeko,Xin Zhao,Orianna,Karma,Ezreal,Yunara,Jarvan IV,Pantheon,Nocturne,Lulu,Azir,Ryze,Aurora,Jayce,Annie,K'Sante,Sion,LeBlanc,2207,2207,23,11,11,23,63,25,1.0,0.0,0.0,1.0,3.0,3.0,1.0,0.0,2.0,1.0,1.0,0.0,1.0,0.0,0.0,1.0,9.0,4.0,2.0,0.0,108591,107981,153,128,51,64,360,387,75897,70953,52008,47064,68648,67440,113.0,-113.0,1009.0,-1009.0,1383.0,-1383.0,275.0,-275.0,501.0,-501.0,1467.0,-1467.0,-6.0,6.0,-25.0,25.0,-35.0,35.0,oe:team:5cd2cd09ec94296f605dd13a2924d6c|oe:team:b77b3f6068e20a2b3edc0ecd3dc70d4,LCK_20260419_HANJIN_BRION_vs_Nongshim_RedForce_S1,0,0,0,[],0,False,30.0,9.0,0.3,12.0,0.25,7.0,0.14285714285714285,31.0,14.0,0.45161290322580644,19.0,0.42105263157894735,6.0,0.3333333333333333,0.0,,0.0,
LOLTMNT01_367468,2026-04-19 09:06:05+00:00,LCK,2026,2,Rounds 1-2,0,16.07,complete,,Nongshim RedForce,oe:team:5cd2cd09ec94296f605dd13a2924d6c,HANJIN BRION,oe:team:b77b3f6068e20a2b3edc0ecd3dc70d4,1,0,BLUE,Nongshim RedForce,RED,Rumble,Varus,Caitlyn,Karma,Jarvan IV,Pantheon,Bard,Jhin,Orianna,Nautilus,Azir,Ryze,Naafiri,Vi,Renekton,Lee Sin,Ambessa,Gnar,Poppy,K'Sante,2008,2008,14,12,12,14,33,23,1.0,0.0,0.0,1.0,4.0,1.0,1.0,0.0,3.0,0.0,1.0,0.0,1.0,0.0,0.0,1.0,10.0,6.0,2.0,0.0,94397,97113,123,145,77,34,384,300,65572,61350,43712,39490,58625,59060,-1053.0,1053.0,66.0,-66.0,260.0,-260.0,407.0,-407.0,2139.0,-2139.0,842.0,-842.0,1.0,-1.0,50.0,-50.0,24.0,-24.0,oe:team:5cd2cd09ec94296f605dd13a2924d6c|oe:team:b77b3f6068e20a2b3edc0ecd3dc70d4,LCK_20260419_HANJIN_BRION_vs_Nongshim_RedForce_S1,0,1,1,"[""Neeko"", ""Xin Zhao"", ""Ezreal"", ""Yunara"", ""Nocturne"", ""Lulu"", ""Aurora"", ""Jayce"", ""Sion"", ""LeBlanc""]",10,False,32.0,14.0,0.4375,12.0,0.5,7.0,0.2857142857142857,31.0,10.0,0.3225806451612903,18.0,0.3333333333333333,8.0,0.25,1.0,0.0,1.0,1.0
LOLTMNT01_368343,2026-04-19 10:01:26+00:00,LCK,2026,3,Rounds 1-2,0,16.07,complete,,HANJIN BRION,oe:team:b77b3f6068e20a2b3edc0ecd3dc70d4,Nongshim RedForce,oe:team:5cd2cd09ec94296f605dd13a2924d6c,0,1,RED,Nongshim RedForce,RED,Orianna,Varus,Ashe,Vi,Rumble,Jarvan IV,Seraphine,Ambessa,Pantheon,Annie,Gnar,Ziggs,Nautilus,Galio,Taliyah,Yone,Ahri,Akali,Naafiri,Leona,2187,2187,13,19,19,13,30,42,1.0,0.0,0.0,1.0,1.0,4.0,1.0,0.0,0.0,3.0,0.0,1.0,0.0,2.0,0.0,1.0,3.0,10.0,0.0,1.0,82615,90478,153,135,38,64,350,392,66789,76464,43104,52779,64698,69085,-10.0,10.0,-158.0,158.0,761.0,-761.0,-946.0,946.0,-494.0,494.0,1083.0,-1083.0,-1.0,1.0,-19.0,19.0,-41.0,41.0,oe:team:5cd2cd09ec94296f605dd13a2924d6c|oe:team:b77b3f6068e20a2b3edc0ecd3dc70d4,LCK_20260419_HANJIN_BRION_vs_Nongshim_RedForce_S1,1,1,2,"[""Neeko"", ""Xin Zhao"", ""Ezreal"", ""Yunara"", ""Nocturne"", ""Lulu"", ""Aurora"", ""Jayce"", ""Sion"", ""LeBlanc"", ""Caitlyn"", ""Karma"", ""Bard"", ""Jhin"", ""Azir"", ""Ryze"", ""Renekton"", ""Lee Sin"", ""Poppy"", ""K'Sante""]",20,False,32.0,10.0,0.3125,13.0,0.3076923076923077,9.0,0.2222222222222222,33.0,15.0,0.45454545454545453,20.0,0.4,8.0,0.375,2.0,0.5,2.0,0.5
LOLTMNT01_368366,2026-04-19 11:23:50+00:00,LCK,2026,1,Rounds 1-2,0,16.07,complete,,T1,oe:team:ce499dea30cfce118f4fe85da0227e8,Kiwoom DRX,oe:team:1d0389df0c5eea93b04122ba167c010,1,0,BLUE,T1,RED,Karma,Bard,Rumble,Ezreal,Varus,Neeko,Xin Zhao,Ryze,Orianna,Azir,Twisted Fate,Anivia,Pantheon,Caitlyn,Jhin,Jarvan IV,Nautilus,Yunara,Camille,K'Sante,1911,1911,20,9,9,20,41,23,1.0,0.0,0.0,1.0,3.0,2.0,1.0,0.0,0.0,2.0,0.0,1.0,0.0,1.0,1.0,0.0,7.0,1.0,1.0,0.0,98484,65033,125,108,54,65,343,343,68595,56401,47725,35531,59010,53953,1527.0,-1527.0,2817.0,-2817.0,4012.0,-4012.0,822.0,-822.0,2105.0,-2105.0,3091.0,-3091.0,20.0,-20.0,42.0,-42.0,27.0,-27.0,oe:team:1d0389df0c5eea93b04122ba167c010|oe:team:ce499dea30cfce118f4fe85da0227e8,LCK_20260419_Kiwoom_DRX_vs_T1_S2,0,0,0,[],0,False,34.0,19.0,0.5588235294117647,15.0,0.5333333333333333,7.0,0.42857142857142855,44.0,19.0,0.4318181818181818,25.0,0.44,7.0,0.5714285714285714,3.0,0.6666666666666666,3.0,0.3333333333333333
LOLTMNT01_368375,2026-04-19 12:15:21+00:00,LCK,2026,2,Rounds 1-2,0,16.07,complete,,T1,oe:team:ce499dea30cfce118f4fe85da0227e8,Kiwoom DRX,oe:team:1d0389df0c5eea93b04122ba167c010,1,0,BLUE,T1,RED,Karma,Bard,Azir,Orianna,Varus,Jayce,Pantheon,Renekton,Nocturne,Gnar,Vayne,Vi,Nautilus,Neeko,Ashe,Yunara,Pyke,Caitlyn,Seraphine,Lulu,2235,2235,17,11,11,17,33,17,1.0,0.0,0.0,1.0,3.0,3.0,1.0,0.0,0.0,3.0,,,0.0,0.0,1.0,0.0,8.0,8.0,1.0,0.0,112495,66340,140,120,68,74,381,392,75465,67852,51290,43677,62158,64805,40.0,-40.0,1441.0,-1441.0,2263.0,-2263.0,-549.0,549.0,317.0,-317.0,186.0,-186.0,18.0,-18.0,40.0,-40.0,41.0,-41.0,oe:team:1d0389df0c5eea93b04122ba167c010|oe:team:ce499dea30cfce118f4fe85da0227e8,LCK_20260419_Kiwoom_DRX_vs_T1_S2,1,0,1,"[""Rumble"", ""Ezreal"", ""Xin Zhao"", ""Ryze"", ""Twisted Fate"", ""Anivia"", ""Jhin"", ""Jarvan IV"", ""Camille"", ""K'Sante""]",10,False,35.0,20.0,0.5714285714285714,16.0,0.5625,8.0,0.5,45.0,19.0,0.4222222222222222,26.0,0.4230769230769231,8.0,0.5,4.0,0.75,4.0,0.25
LOLTMNT02_384269,2026-04-22 08:04:37+00:00,LCK,2026,1,Rounds 1-2,0,16.08,complete,,Kiwoom DRX,oe:team:1d0389df0c5eea93b04122ba167c010,KT Rolster,oe:team:d723992568441c6bafa2658129eade7,0,1,RED,KT Rolster,RED,Rumble,Bard,Ezreal,Pantheon,Karma,Yorick,Xin Zhao,Jayce,Ryze,Orianna,Sion,Annie,Ashe,Nautilus,Neeko,Sivir,Yunara,Azir,Aurora,Yuumi,2220,2220,17,24,24,17,32,63,1.0,0.0,0.0,1.0,3.0,2.0,1.0,0.0,3.0,0.0,0.0,1.0,0.0,1.0,0.0,1.0,2.0,9.0,0.0,2.0,91762,163216,138,148,57,60,384,392,66256,77497,42234,53475,63188,71370,523.0,-523.0,478.0,-478.0,1756.0,-1756.0,236.0,-236.0,633.0,-633.0,3149.0,-3149.0,-35.0,35.0,-39.0,39.0,-29.0,29.0,oe:team:1d0389df0c5eea93b04122ba167c010|oe:team:d723992568441c6bafa2658129eade7,LCK_20260422_KT_Rolster_vs_Kiwoom_DRX_S1,0,0,0,[],0,False,46.0,19.0,0.41304347826086957,19.0,0.42105263157894735,0.0,,31.0,18.0,0.5806451612903226,16.0,0.375,0.0,,0.0,,0.0,
LOLTMNT02_383295,2026-04-22 09:04:09+00:00,LCK,2026,2,Rounds 1-2,0,16.08,complete,,Kiwoom DRX,oe:team:1d0389df0c5eea93b04122ba167c010,KT Rolster,oe:team:d723992568441c6bafa2658129eade7,0,1,RED,KT Rolster,RED,Karma,Bard,Nocturne,Orianna,Rumble,Varus,Nautilus,Ashe,Ryze,Jarvan IV,Azir,Seraphine,Wukong,Jhin,Gnar,Trundle,Renekton,Yunara,Corki,Vayne,1493,1493,6,20,20,6,11,50,0.0,1.0,0.0,1.0,0.0,4.0,0.0,1.0,0.0,3.0,0.0,1.0,0.0,1.0,0.0,1.0,2.0,10.0,0.0,1.0,41330,75986,80,95,38,35,228,237,43496,54790,26889,38183,41466,47608,-1272.0,1272.0,-3229.0,3229.0,-4489.0,4489.0,-876.0,876.0,-1494.0,1494.0,-3770.0,3770.0,-43.0,43.0,-53.0,53.0,-66.0,66.0,oe:team:1d0389df0c5eea93b04122ba167c010|oe:team:d723992568441c6bafa2658129eade7,LCK_20260422_KT_Rolster_vs_Kiwoom_DRX_S1,0,1,1,"[""Ezreal"", ""Pantheon"", ""Xin Zhao"", ""Jayce"", ""Sion"", ""Annie"", ""Neeko"", ""Sivir"", ""Aurora"", ""Yuumi""]",10,False,47.0,19.0,0.40425531914893614,20.0,0.4,1.0,0.0,32.0,19.0,0.59375,17.0,0.4117647058823529,1.0,1.0,1.0,0.0,1.0,1.0
LOLTMNT02_383315,2026-04-22 10:16:00+00:00,LCK,2026,1,Rounds 1-2,0,16.08,complete,,Hanwha Life Esports,oe:team:3a1d18f46bcb3716ebcfcf4ef068934,Nongshim RedForce,oe:team:5cd2cd09ec94296f605dd13a2924d6c,1,0,BLUE,Hanwha Life Esports,BLUE,Varus,Orianna,Jarvan IV,Karma,Rumble,Ashe,Nautilus,Caitlyn,Ezreal,Bard,Aurora,Ryze,Xin Zhao,Jhin,Miss Fortune,Pantheon,Sion,Ziggs,Jayce,Yorick,1729,1729,16,5,5,16,41,8,1.0,0.0,0.0,1.0,3.0,1.0,1.0,0.0,2.0,1.0,1.0,0.0,1.0,0.0,0.0,1.0,8.0,4.0,1.0,0.0,70941,40691,95,94,47,41,277,263,62079,51405,43065,32391,56585,50108,2225.0,-2225.0,2001.0,-2001.0,5281.0,-5281.0,858.0,-858.0,-1763.0,1763.0,772.0,-772.0,25.0,-25.0,12.0,-12.0,28.0,-28.0,oe:team:3a1d18f46bcb3716ebcfcf4ef068934|oe:team:5cd2cd09ec94296f605dd13a2924d6c,LCK_20260422_Hanwha_Life_Esports_vs_Nongshim_RedForce_S2,0,0,0,[],0,False,27.0,15.0,0.5555555555555556,11.0,0.5454545454545454,0.0,,34.0,16.0,0.47058823529411764,21.0,0.42857142857142855,0.0,,2.0,0.0,2.0,1.0
LOLTMNT02_384348,2026-04-22 11:06:38+00:00,LCK,2026,2,Rounds 1-2,0,16.08,complete,,Hanwha Life Esports,oe:team:3a1d18f46bcb3716ebcfcf4ef068934,Nongshim RedForce,oe:team:5cd2cd09ec94296f605dd13a2924d6c,0,1,RED,Nongshim RedForce,BLUE,Varus,Orianna,Xin Zhao,Azir,Ezreal,Ashe,Bard,Poppy,Yunara,Rumble,Ziggs,Gnar,Lucian,Vayne,Sivir,Corki,Kalista,Jhin,Anivia,Nami,2168,2168,11,26,27,11,24,54,1.0,0.0,0.0,1.0,0.0,5.0,1.0,0.0,3.0,0.0,1.0,0.0,1.0,1.0,1.0,0.0,4.0,9.0,0.0,2.0,127944,134512,148,115,56,72,362,375,64489,76445,40997,52953,62285,67451,174.0,-174.0,66.0,-66.0,1467.0,-1467.0,234.0,-234.0,-249.0,249.0,2413.0,-2413.0,29.0,-29.0,17.0,-17.0,0.0,0.0,oe:team:3a1d18f46bcb3716ebcfcf4ef068934|oe:team:5cd2cd09ec94296f605dd13a2924d6c,LCK_20260422_Hanwha_Life_Esports_vs_Nongshim_RedForce_S2,1,0,1,"[""Jarvan IV"", ""Karma"", ""Nautilus"", ""Caitlyn"", ""Aurora"", ""Ryze"", ""Miss Fortune"", ""Pantheon"", ""Jayce"", ""Yorick""]",10,False,28.0,16.0,0.5714285714285714,12.0,0.5833333333333334,1.0,1.0,35.0,16.0,0.45714285714285713,22.0,0.4090909090909091,1.0,0.0,3.0,0.3333333333333333,3.0,0.6666666666666666
LOLTMNT02_384385,2026-04-22 12:05:40+00:00,LCK,2026,3,Rounds 1-2,0,16.08,complete,,Nongshim RedForce,oe:team:5cd2cd09ec94296f605dd13a2924d6c,Hanwha Life Esports,oe:team:3a1d18f46bcb3716ebcfcf4ef068934,0,1,RED,Hanwha Life Esports,BLUE,Ashe,Orianna,Yunara,Lulu,Varus,Rumble,Wukong,Nocturne,Vi,Annie,Neeko,Xayah,Vayne,LeBlanc,Ambessa,Ahri,Mel,Renekton,Akali,Rek'Sai,1849,1849,15,20,20,15,35,49,0.0,1.0,0.0,1.0,1.0,3.0,1.0,0.0,3.0,0.0,0.0,1.0,1.0,1.0,1.0,0.0,5.0,10.0,0.0,3.0,106677,99631,92,101,39,44,244,301,60526,65232,40288,44994,58423,57260,-1527.0,1527.0,-230.0,230.0,914.0,-914.0,-1198.0,1198.0,-1335.0,1335.0,942.0,-942.0,-4.0,4.0,-9.0,9.0,6.0,-6.0,oe:team:3a1d18f46bcb3716ebcfcf4ef068934|oe:team:5cd2cd09ec94296f605dd13a2924d6c,LCK_20260422_Hanwha_Life_Esports_vs_Nongshim_RedForce_S2,1,1,2,"[""Jarvan IV"", ""Karma"", ""Nautilus"", ""Caitlyn"", ""Aurora"", ""Ryze"", ""Miss Fortune"", ""Pantheon"", ""Jayce"", ""Yorick"", ""Xin Zhao"", ""Azir"", ""Bard"", ""Poppy"", ""Ziggs"", ""Gnar"", ""Sivir"", ""Corki"", ""Anivia"", ""Nami""]",20,False,36.0,17.0,0.4722222222222222,13.0,0.5384615384615384,2.0,0.5,29.0,16.0,0.5517241379310345,16.0,0.5625,2.0,0.5,4.0,0.75,4.0,0.25
LOLTMNT05_186248,2026-04-23 08:05:27+00:00,LCK,2026,1,Rounds 1-2,0,16.08,complete,,HANJIN BRION,oe:team:b77b3f6068e20a2b3edc0ecd3dc70d4,Dplus Kia,oe:team:ef69efa6acebe94107f0cf1ba716806,0,1,RED,Dplus Kia,RED,Rumble,Nocturne,Pantheon,Varus,Orianna,Ryze,Ezreal,Lee Sin,Karma,Nautilus,Neeko,Annie,Ashe,Azir,Anivia,Jhin,Lulu,Jax,Aurora,Bard,2200,2200,8,15,15,8,15,35,0.0,1.0,0.0,1.0,3.0,3.0,1.0,0.0,3.0,0.0,0.0,1.0,0.0,1.0,1.0,0.0,3.0,6.0,0.0,1.0,69024,91509,154,160,73,79,408,424,65174,72355,41356,48537,61543,66695,-531.0,531.0,-156.0,156.0,218.0,-218.0,43.0,-43.0,1456.0,-1456.0,2234.0,-2234.0,1.0,-1.0,21.0,-21.0,-11.0,11.0,oe:team:b77b3f6068e20a2b3edc0ecd3dc70d4|oe:team:ef69efa6acebe94107f0cf1ba716806,LCK_20260423_Dplus_Kia_vs_HANJIN_BRION_S2,0,0,0,[],0,False,33.0,10.0,0.30303030303030304,14.0,0.2857142857142857,0.0,,49.0,25.0,0.5102040816326531,18.0,0.3333333333333333,0.0,,2.0,0.0,2.0,1.0
LOLTMNT05_186249,2026-04-23 09:03:37+00:00,LCK,2026,2,Rounds 1-2,0,16.08,complete,,Dplus Kia,oe:team:ef69efa6acebe94107f0cf1ba716806,HANJIN BRION,oe:team:b77b3f6068e20a2b3edc0ecd3dc70d4,1,0,BLUE,Dplus Kia,RED,Orianna,Vi,Jayce,Rumble,Nocturne,Ryze,Jarvan IV,Yunara,Ashe,Karma,Ahri,Lulu,Xin Zhao,Nami,Aphelios,Sejuani,Poppy,Nautilus,Thresh,Yone,1553,1553,21,6,6,21,58,13,1.0,0.0,1.0,0.0,3.0,1.0,1.0,0.0,0.0,3.0,1.0,0.0,1.0,0.0,1.0,0.0,10.0,0.0,3.0,0.0,78947,48813,83,81,43,27,247,183,61083,44113,43864,26894,57490,41860,4149.0,-4149.0,7116.0,-7116.0,12731.0,-12731.0,2602.0,-2602.0,3316.0,-3316.0,7643.0,-7643.0,68.0,-68.0,79.0,-79.0,132.0,-132.0,oe:team:b77b3f6068e20a2b3edc0ecd3dc70d4|oe:team:ef69efa6acebe94107f0cf1ba716806,LCK_20260423_Dplus_Kia_vs_HANJIN_BRION_S2,1,0,1,"[""Pantheon"", ""Varus"", ""Ezreal"", ""Lee Sin"", ""Neeko"", ""Annie"", ""Anivia"", ""Jhin"", ""Aurora"", ""Bard""]",10,False,50.0,26.0,0.52,31.0,0.6129032258064516,1.0,1.0,34.0,10.0,0.29411764705882354,19.0,0.3157894736842105,1.0,0.0,3.0,1.0,3.0,0.0
LOLTMNT05_186273,2026-04-23 10:15:14+00:00,LCK,2026,1,Rounds 1-2,0,16.08,complete,,DN SOOPers,oe:team:b3c72a20aa56f5d28022ac04a7dc294,Gen.G,oe:team:50f58982d91a36557ec8aec52ab014f,0,1,RED,Gen.G,BLUE,Bard,Rumble,Seraphine,Jarvan IV,Pantheon,Karma,Xin Zhao,Azir,Varus,Orianna,Ashe,Nautilus,Jayce,Akali,Aurora,Ziggs,Jhin,LeBlanc,Renekton,Gnar,2277,2277,13,15,15,13,39,40,0.0,1.0,0.0,1.0,2.0,3.0,0.0,1.0,1.0,2.0,1.0,0.0,1.0,0.0,0.0,1.0,6.0,9.0,0.0,1.0,95422,145861,152,165,87,84,449,473,70852,75202,46249,50599,65545,68723,-925.0,925.0,-729.0,729.0,-1633.0,1633.0,-510.0,510.0,-511.0,511.0,-805.0,805.0,-8.0,8.0,-8.0,8.0,-13.0,13.0,oe:team:50f58982d91a36557ec8aec52ab014f|oe:team:b3c72a20aa56f5d28022ac04a7dc294,LCK_20260423_DN_SOOPers_vs_Gen_G_S1,0,0,0,[],0,False,45.0,17.0,0.37777777777777777,22.0,0.36363636363636365,0.0,,35.0,27.0,0.7714285714285715,10.0,0.6,0.0,,0.0,,0.0,
LOLTMNT05_186277,2026-04-23 11:13:51+00:00,LCK,2026,2,Rounds 1-2,0,16.08,complete,,Gen.G,oe:team:50f58982d91a36557ec8aec52ab014f,DN SOOPers,oe:team:b3c72a20aa56f5d28022ac04a7dc294,1,0,BLUE,Gen.G,RED,Karma,Bard,Yunara,Varus,Rumble,Pantheon,Lulu,Wukong,Orianna,Ryze,Maokai,Annie,Nami,Jayce,Akali,Lucian,Neeko,Hwei,Naafiri,Milio,1536,1536,16,6,6,16,34,10,0.0,1.0,0.0,1.0,2.0,1.0,1.0,0.0,2.0,1.0,1.0,0.0,1.0,0.0,1.0,0.0,9.0,2.0,1.0,0.0,69788,59679,88,72,36,29,229,187,53945,41942,36900,24897,46040,40118,1500.0,-1500.0,1744.0,-1744.0,2900.0,-2900.0,1477.0,-1477.0,-190.0,190.0,1264.0,-1264.0,29.0,-29.0,19.0,-19.0,43.0,-43.0,oe:team:50f58982d91a36557ec8aec52ab014f|oe:team:b3c72a20aa56f5d28022ac04a7dc294,LCK_20260423_DN_SOOPers_vs_Gen_G_S1,1,0,1,"[""Seraphine"", ""Jarvan IV"", ""Xin Zhao"", ""Azir"", ""Ashe"", ""Nautilus"", ""Aurora"", ""Ziggs"", ""Renekton"", ""Gnar""]",10,False,36.0,28.0,0.7777777777777778,25.0,0.84,1.0,1.0,46.0,17.0,0.3695652173913043,23.0,0.391304347826087,1.0,0.0,1.0,1.0,1.0,0.0
LOLTMNT05_185400,2026-04-24 08:07:08+00:00,LCK,2026,1,Rounds 1-2,0,16.08,complete,,BNK FEARX,oe:team:5c2e7e9ea8dfcba0150d9a5619baecf,KT Rolster,oe:team:d723992568441c6bafa2658129eade7,0,1,RED,KT Rolster,RED,Varus,Ezreal,Caitlyn,Karma,Orianna,Jarvan IV,Xin Zhao,Trundle,Rumble,Pantheon,Bard,Jhin,Azir,Annie,Renekton,Ryze,Jayce,Gnar,Anivia,K'Sante,2696,2696,13,23,23,14,37,63,0.0,1.0,0.0,1.0,3.0,4.0,1.0,0.0,1.0,2.0,1.0,0.0,1.0,1.0,0.0,1.0,5.0,9.0,0.0,1.0,144777,198865,183,186,96,84,507,488,81581,88661,52704,59784,77840,79833,-1829.0,1829.0,-2798.0,2798.0,-3579.0,3579.0,-1049.0,1049.0,-1460.0,1460.0,-1914.0,1914.0,-12.0,12.0,-39.0,39.0,-26.0,26.0,oe:team:5c2e7e9ea8dfcba0150d9a5619baecf|oe:team:d723992568441c6bafa2658129eade7,LCK_20260424_BNK_FEARX_vs_KT_Rolster_S1,0,0,0,[],0,False,46.0,23.0,0.5,24.0,0.5416666666666666,0.0,,33.0,20.0,0.6060606060606061,18.0,0.4444444444444444,2.0,1.0,0.0,,0.0,
LOLTMNT05_185401,2026-04-24 09:15:07+00:00,LCK,2026,2,Rounds 1-2,0,16.08,complete,,BNK FEARX,oe:team:5c2e7e9ea8dfcba0150d9a5619baecf,KT Rolster,oe:team:d723992568441c6bafa2658129eade7,0,1,RED,KT Rolster,RED,Varus,Nocturne,Ezreal,Jarvan IV,Rumble,Vi,Neeko,Jayce,Orianna,Pantheon,Sion,Annie,Lulu,Akali,Hwei,Sivir,Seraphine,Azir,Lee Sin,Yuumi,1892,1892,12,26,26,12,24,60,0.0,1.0,1.0,0.0,1.0,4.0,1.0,0.0,0.0,3.0,1.0,0.0,1.0,0.0,0.0,1.0,3.0,8.0,0.0,1.0,76521,118477,126,108,32,63,248,320,56973,64875,36297,44199,53803,57380,-2009.0,2009.0,-6290.0,6290.0,-3595.0,3595.0,-444.0,444.0,-4011.0,4011.0,-1081.0,1081.0,-24.0,24.0,-55.0,55.0,-49.0,49.0,oe:team:5c2e7e9ea8dfcba0150d9a5619baecf|oe:team:d723992568441c6bafa2658129eade7,LCK_20260424_BNK_FEARX_vs_KT_Rolster_S1,0,1,1,"[""Caitlyn"", ""Karma"", ""Xin Zhao"", ""Trundle"", ""Bard"", ""Jhin"", ""Renekton"", ""Ryze"", ""Anivia"", ""K'Sante""]",10,False,47.0,23.0,0.48936170212765956,25.0,0.52,1.0,0.0,34.0,21.0,0.6176470588235294,19.0,0.47368421052631576,3.0,1.0,1.0,0.0,1.0,1.0
LOLTMNT05_186436,2026-04-24 10:32:53+00:00,LCK,2026,1,Rounds 1-2,0,16.08,complete,,Kiwoom DRX,oe:team:1d0389df0c5eea93b04122ba167c010,Hanwha Life Esports,oe:team:3a1d18f46bcb3716ebcfcf4ef068934,0,1,RED,Hanwha Life Esports,BLUE,Varus,Orianna,Xin Zhao,Bard,Karma,Rumble,Yunara,Pantheon,Jarvan IV,Ezreal,Nautilus,Caitlyn,Azir,LeBlanc,Cassiopeia,Ryze,Yorick,Anivia,Jayce,Vayne,1969,1969,9,23,23,9,23,48,1.0,0.0,1.0,0.0,3.0,1.0,0.0,1.0,3.0,0.0,0.0,1.0,0.0,2.0,0.0,1.0,1.0,10.0,0.0,2.0,76773,99900,123,135,57,64,340,370,58330,69629,36868,48167,53570,64373,221.0,-221.0,-755.0,755.0,-2511.0,2511.0,626.0,-626.0,-712.0,712.0,-390.0,390.0,-8.0,8.0,-27.0,27.0,-21.0,21.0,oe:team:1d0389df0c5eea93b04122ba167c010|oe:team:3a1d18f46bcb3716ebcfcf4ef068934,LCK_20260424_Hanwha_Life_Esports_vs_Kiwoom_DRX_S1,0,0,0,[],0,False,48.0,19.0,0.3958333333333333,21.0,0.38095238095238093,2.0,0.0,30.0,17.0,0.5666666666666667,17.0,0.5882352941176471,3.0,0.6666666666666666,0.0,,0.0,
LOLTMNT05_185414,2026-04-24 11:29:42+00:00,LCK,2026,2,Rounds 1-2,0,16.08,complete,,Hanwha Life Esports,oe:team:3a1d18f46bcb3716ebcfcf4ef068934,Kiwoom DRX,oe:team:1d0389df0c5eea93b04122ba167c010,1,0,BLUE,Hanwha Life Esports,RED,Orianna,Jarvan IV,Gnar,Karma,Rumble,Varus,Annie,Jhin,Ezreal,Azir,Naafiri,Ambessa,Aurora,Ashe,Miss Fortune,Poppy,Vi,Corki,Rell,Mel,1580,1580,14,9,9,14,36,15,1.0,0.0,0.0,1.0,0.0,1.0,1.0,0.0,3.0,0.0,1.0,0.0,1.0,0.0,1.0,0.0,9.0,0.0,2.0,0.0,75641,58636,91,89,41,31,244,234,57130,44680,39636,27186,50333,42930,-218.0,218.0,912.0,-912.0,5688.0,-5688.0,-42.0,42.0,1026.0,-1026.0,2372.0,-2372.0,29.0,-29.0,86.0,-86.0,93.0,-93.0,oe:team:1d0389df0c5eea93b04122ba167c010|oe:team:3a1d18f46bcb3716ebcfcf4ef068934,LCK_20260424_Hanwha_Life_Esports_vs_Kiwoom_DRX_S1,1,0,1,"[""Xin Zhao"", ""Bard"", ""Yunara"", ""Pantheon"", ""Nautilus"", ""Caitlyn"", ""Cassiopeia"", ""Ryze"", ""Jayce"", ""Vayne""]",10,False,31.0,18.0,0.5806451612903226,13.0,0.5384615384615384,4.0,0.75,49.0,19.0,0.3877551020408163,27.0,0.4074074074074074,3.0,0.0,1.0,1.0,1.0,0.0
LOLTMNT02_388457,2026-04-25 08:07:29+00:00,LCK,2026,1,Rounds 1-2,0,16.08,complete,,HANJIN BRION,oe:team:b77b3f6068e20a2b3edc0ecd3dc70d4,T1,oe:team:ce499dea30cfce118f4fe85da0227e8,0,1,RED,T1,RED,Bard,Pantheon,Xin Zhao,Azir,Orianna,Rumble,Ezreal,Neeko,Karma,Varus,Akali,Nocturne,Caitlyn,Gnar,Renekton,Jhin,Jayce,Gwen,Elise,Aurora,2887,2887,25,20,20,25,30,36,1.0,0.0,0.0,1.0,4.0,4.0,1.0,0.0,3.0,0.0,1.0,0.0,1.0,1.0,0.0,1.0,7.0,8.0,1.0,2.0,142316,193661,196,219,102,92,567,591,92819,95369,61994,64544,87038,91545,-630.0,630.0,44.0,-44.0,-1742.0,1742.0,801.0,-801.0,910.0,-910.0,1009.0,-1009.0,6.0,-6.0,19.0,-19.0,-6.0,6.0,oe:team:b77b3f6068e20a2b3edc0ecd3dc70d4|oe:team:ce499dea30cfce118f4fe85da0227e8,LCK_20260425_HANJIN_BRION_vs_T1_S1,0,0,0,[],0,False,35.0,10.0,0.2857142857142857,15.0,0.26666666666666666,2.0,0.0,36.0,21.0,0.5833333333333334,19.0,0.5789473684210527,0.0,,0.0,,0.0,
LOLTMNT02_388485,2026-04-25 09:20:29+00:00,LCK,2026,2,Rounds 1-2,0,16.08,complete,,T1,oe:team:ce499dea30cfce118f4fe85da0227e8,HANJIN BRION,oe:team:b77b3f6068e20a2b3edc0ecd3dc70d4,1,0,BLUE,T1,RED,Orianna,Bard,Anivia,Annie,Varus,Ryze,Jarvan IV,Rumble,Pantheon,Karma,Sion,Vi,Nautilus,Ashe,Caitlyn,Miss Fortune,Yunara,Pyke,Morgana,Leona,2632,2632,20,17,17,20,59,30,1.0,0.0,1.0,0.0,3.0,3.0,1.0,0.0,0.0,3.0,1.0,0.0,1.0,1.0,1.0,0.0,8.0,4.0,1.0,0.0,134307,143473,183,173,99,76,535,435,86920,84370,58696,56146,80080,84135,1475.0,-1475.0,1572.0,-1572.0,2628.0,-2628.0,264.0,-264.0,-905.0,905.0,-1412.0,1412.0,10.0,-10.0,22.0,-22.0,7.0,-7.0,oe:team:b77b3f6068e20a2b3edc0ecd3dc70d4|oe:team:ce499dea30cfce118f4fe85da0227e8,LCK_20260425_HANJIN_BRION_vs_T1_S1,1,0,1,"[""Xin Zhao"", ""Azir"", ""Ezreal"", ""Neeko"", ""Akali"", ""Nocturne"", ""Renekton"", ""Jhin"", ""Elise"", ""Aurora""]",10,False,37.0,22.0,0.5945945945945946,17.0,0.5882352941176471,1.0,1.0,36.0,10.0,0.2777777777777778,20.0,0.3,3.0,0.0,1.0,1.0,1.0,0.0
LOLTMNT05_185498,2026-04-25 10:52:42+00:00,LCK,2026,1,Rounds 1-2,0,16.08,complete,,Dplus Kia,oe:team:ef69efa6acebe94107f0cf1ba716806,DN SOOPers,oe:team:b3c72a20aa56f5d28022ac04a7dc294,1,0,BLUE,Dplus Kia,RED,Rumble,Jarvan IV,Karma,Orianna,Nocturne,Ryze,Pantheon,Lee Sin,Xin Zhao,Varus,Sivir,Nautilus,Yunara,LeBlanc,Twisted Fate,Renekton,Jhin,Jayce,Illaoi,Corki,1672,1672,15,6,6,15,33,16,1.0,0.0,0.0,1.0,1.0,3.0,1.0,0.0,0.0,3.0,1.0,0.0,1.0,0.0,1.0,0.0,9.0,0.0,1.0,0.0,80269,52403,110,110,54,49,307,273,60877,49613,42445,31181,53060,47018,1515.0,-1515.0,3861.0,-3861.0,6245.0,-6245.0,51.0,-51.0,2210.0,-2210.0,3611.0,-3611.0,-24.0,24.0,0.0,0.0,19.0,-19.0,oe:team:b3c72a20aa56f5d28022ac04a7dc294|oe:team:ef69efa6acebe94107f0cf1ba716806,LCK_20260425_DN_SOOPers_vs_Dplus_Kia_S3,0,0,0,[],0,False,51.0,27.0,0.5294117647058824,32.0,0.625,2.0,1.0,47.0,17.0,0.3617021276595745,24.0,0.375,2.0,0.0,6.0,0.8333333333333334,6.0,0.16666666666666666
LOLTMNT05_185506,2026-04-25 11:43:02+00:00,LCK,2026,2,Rounds 1-2,0,16.08,complete,,Dplus Kia,oe:team:ef69efa6acebe94107f0cf1ba716806,DN SOOPers,oe:team:b3c72a20aa56f5d28022ac04a7dc294,1,0,BLUE,Dplus Kia,BLUE,Nocturne,Jarvan IV,Rumble,K'Sante,Varus,Jayce,Yunara,Xin Zhao,Ambessa,Bard,Lulu,Azir,Ashe,Vi,Sejuani,Ezreal,Caitlyn,LeBlanc,Yone,Neeko,2024,2024,17,10,10,17,41,15,1.0,0.0,0.0,1.0,3.0,2.0,0.0,1.0,3.0,0.0,1.0,0.0,2.0,0.0,1.0,0.0,10.0,2.0,3.0,0.0,108179,94857,118,125,62,51,353,313,73148,63932,51125,41909,67925,62573,237.0,-237.0,-271.0,271.0,3105.0,-3105.0,345.0,-345.0,46.0,-46.0,3738.0,-3738.0,9.0,-9.0,12.0,-12.0,40.0,-40.0,oe:team:b3c72a20aa56f5d28022ac04a7dc294|oe:team:ef69efa6acebe94107f0cf1ba716806,LCK_20260425_DN_SOOPers_vs_Dplus_Kia_S3,1,0,1,"[""Karma"", ""Orianna"", ""Pantheon"", ""Lee Sin"", ""Sivir"", ""Nautilus"", ""Twisted Fate"", ""Renekton"", ""Illaoi"", ""Corki""]",10,False,52.0,28.0,0.5384615384615384,33.0,0.6363636363636364,3.0,1.0,48.0,17.0,0.3541666666666667,25.0,0.36,3.0,0.0,7.0,0.8571428571428571,7.0,0.14285714285714285
LOLTMNT02_390173,2026-04-26 08:06:17+00:00,LCK,2026,1,Rounds 1-2,0,16.08,complete,,BNK FEARX,oe:team:5c2e7e9ea8dfcba0150d9a5619baecf,T1,oe:team:ce499dea30cfce118f4fe85da0227e8,0,1,RED,T1,RED,Bard,Pantheon,Ezreal,Orianna,Jarvan IV,Karma,Nocturne,Xin Zhao,Varus,Rumble,Neeko,Jhin,Nautilus,Akali,Aurelion Sol,Jayce,Pyke,Sion,Yorick,Alistar,1417,1417,8,20,20,8,11,30,0.0,1.0,0.0,1.0,0.0,3.0,0.0,1.0,0.0,3.0,0.0,1.0,0.0,1.0,0.0,1.0,2.0,8.0,0.0,2.0,58845,77777,80,82,25,34,179,209,43263,55303,27432,39472,40151,46605,-1874.0,1874.0,-5525.0,5525.0,-7402.0,7402.0,-1425.0,1425.0,-3951.0,3951.0,-3592.0,3592.0,-16.0,16.0,-61.0,61.0,-91.0,91.0,oe:team:5c2e7e9ea8dfcba0150d9a5619baecf|oe:team:ce499dea30cfce118f4fe85da0227e8,LCK_20260426_BNK_FEARX_vs_T1_S3,0,0,0,[],0,False,48.0,23.0,0.4791666666666667,26.0,0.5,2.0,0.0,38.0,23.0,0.6052631578947368,20.0,0.6,2.0,1.0,7.0,0.5714285714285714,7.0,0.42857142857142855
LOLTMNT02_390189,2026-04-26 08:50:58+00:00,LCK,2026,2,Rounds 1-2,0,16.08,complete,,BNK FEARX,oe:team:5c2e7e9ea8dfcba0150d9a5619baecf,T1,oe:team:ce499dea30cfce118f4fe85da0227e8,0,1,RED,T1,RED,Bard,Lucian,Yunara,Rumble,Varus,Karma,Lulu,Vi,Jarvan IV,Pantheon,Akali,Azir,Nautilus,Lee Sin,K'Sante,Caitlyn,Nami,Ambessa,Naafiri,Lux,2247,2247,27,25,25,27,59,54,0.0,1.0,0.0,1.0,3.0,3.0,1.0,0.0,3.0,0.0,1.0,0.0,2.0,0.0,1.0,0.0,8.0,8.0,0.0,2.0,102907,138090,150,156,52,56,373,389,73276,79480,48979,55183,69980,73470,-1286.0,1286.0,1292.0,-1292.0,2784.0,-2784.0,-446.0,446.0,3658.0,-3658.0,4047.0,-4047.0,-35.0,35.0,-19.0,19.0,-51.0,51.0,oe:team:5c2e7e9ea8dfcba0150d9a5619baecf|oe:team:ce499dea30cfce118f4fe85da0227e8,LCK_20260426_BNK_FEARX_vs_T1_S3,0,1,1,"[""Ezreal"", ""Orianna"", ""Nocturne"", ""Xin Zhao"", ""Neeko"", ""Jhin"", ""Aurelion Sol"", ""Jayce"", ""Yorick"", ""Alistar""]",10,False,49.0,23.0,0.46938775510204084,27.0,0.48148148148148145,3.0,0.0,39.0,24.0,0.6153846153846154,21.0,0.6190476190476191,3.0,1.0,8.0,0.5,8.0,0.5
LOLTMNT05_185559,2026-04-26 10:15:14+00:00,LCK,2026,1,Rounds 1-2,0,16.08,complete,,Nongshim RedForce,oe:team:5cd2cd09ec94296f605dd13a2924d6c,Gen.G,oe:team:50f58982d91a36557ec8aec52ab014f,0,1,RED,Gen.G,BLUE,Varus,Rumble,Azir,Bard,Ezreal,Karma,Yunara,Jarvan IV,Pantheon,Orianna,Nautilus,Jhin,LeBlanc,Xin Zhao,Nocturne,Annie,Aurora,Poppy,Jayce,Sion,1868,1868,7,25,25,7,7,75,0.0,1.0,0.0,1.0,1.0,3.0,0.0,1.0,3.0,0.0,0.0,1.0,0.0,2.0,1.0,0.0,3.0,11.0,0.0,1.0,70689,88083,92,115,46,47,260,302,55189,66874,34757,46442,53145,60020,-430.0,430.0,-908.0,908.0,-412.0,412.0,288.0,-288.0,-330.0,330.0,-1436.0,1436.0,8.0,-8.0,11.0,-11.0,19.0,-19.0,oe:team:50f58982d91a36557ec8aec52ab014f|oe:team:5cd2cd09ec94296f605dd13a2924d6c,LCK_20260426_Gen_G_vs_Nongshim_RedForce_S1,0,0,0,[],0,False,37.0,17.0,0.4594594594594595,14.0,0.5,3.0,0.3333333333333333,37.0,29.0,0.7837837837837838,11.0,0.6363636363636364,2.0,1.0,0.0,,0.0,
LOLTMNT05_185563,2026-04-26 11:09:55+00:00,LCK,2026,2,Rounds 1-2,0,16.08,complete,,Nongshim RedForce,oe:team:5cd2cd09ec94296f605dd13a2924d6c,Gen.G,oe:team:50f58982d91a36557ec8aec52ab014f,0,1,RED,Gen.G,RED,Orianna,Vi,Xin Zhao,Karma,Ezreal,Varus,Gnar,Trundle,Rumble,Pantheon,Aurora,Caitlyn,Ryze,Ziggs,Nami,Twisted Fate,Vayne,Ashe,Corki,Mel,1573,1573,5,17,17,5,12,37,0.0,1.0,0.0,1.0,0.0,4.0,1.0,0.0,0.0,3.0,0.0,1.0,0.0,1.0,0.0,1.0,0.0,9.0,0.0,1.0,59375,89667,72,102,32,43,184,269,43017,57603,25594,40180,40996,49765,-2167.0,2167.0,-3854.0,3854.0,-6647.0,6647.0,-588.0,588.0,-1364.0,1364.0,-2903.0,2903.0,-43.0,43.0,-54.0,54.0,-96.0,96.0,oe:team:50f58982d91a36557ec8aec52ab014f|oe:team:5cd2cd09ec94296f605dd13a2924d6c,LCK_20260426_Gen_G_vs_Nongshim_RedForce_S1,0,1,1,"[""Azir"", ""Bard"", ""Yunara"", ""Jarvan IV"", ""Nautilus"", ""Jhin"", ""Nocturne"", ""Annie"", ""Jayce"", ""Sion""]",10,False,38.0,17.0,0.4473684210526316,15.0,0.4666666666666667,4.0,0.25,38.0,30.0,0.7894736842105263,12.0,0.6666666666666666,3.0,1.0,1.0,0.0,1.0,1.0
LOLTMNT05_185757,2026-04-29 08:05:12+00:00,LCK,2026,1,Rounds 1-2,0,16.08,complete,,Nongshim RedForce,oe:team:5cd2cd09ec94296f605dd13a2924d6c,T1,oe:team:ce499dea30cfce118f4fe85da0227e8,0,1,RED,T1,RED,Rumble,Pantheon,Ezreal,Karma,Bard,Nautilus,Jarvan IV,Anivia,Orianna,Varus,Azir,Xin Zhao,Caitlyn,Jayce,Neeko,Jhin,Sivir,Leona,Sion,Akali,1789,1789,7,24,24,7,15,49,1.0,0.0,0.0,1.0,0.0,4.0,0.0,1.0,3.0,0.0,0.0,1.0,0.0,1.0,0.0,1.0,1.0,10.0,0.0,1.0,85626,110153,87,122,45,39,259,270,49439,65748,29813,46122,48013,58855,-1058.0,1058.0,-2612.0,2612.0,-4787.0,4787.0,-528.0,528.0,-1731.0,1731.0,-4018.0,4018.0,-14.0,14.0,-25.0,25.0,-39.0,39.0,oe:team:5cd2cd09ec94296f605dd13a2924d6c|oe:team:ce499dea30cfce118f4fe85da0227e8,LCK_20260429_Nongshim_RedForce_vs_T1_S1,0,0,0,[],0,False,39.0,17.0,0.4358974358974359,16.0,0.4375,5.0,0.2,40.0,25.0,0.625,22.0,0.6363636363636364,4.0,1.0,0.0,,0.0,
LOLTMNT05_185758,2026-04-29 08:56:14+00:00,LCK,2026,2,Rounds 1-2,0,16.08,complete,,T1,oe:team:ce499dea30cfce118f4fe85da0227e8,Nongshim RedForce,oe:team:5cd2cd09ec94296f605dd13a2924d6c,1,0,BLUE,T1,RED,Nautilus,Bard,Ambessa,Rumble,Orianna,Varus,Nocturne,Pantheon,Annie,Ryze,Twisted Fate,Aurora,Lucian,Caitlyn,Lulu,Kalista,Yunara,Ashe,Kog'Maw,Renata Glasc,1787,1787,24,12,12,24,73,19,0.0,1.0,0.0,1.0,2.0,3.0,1.0,0.0,0.0,3.0,1.0,0.0,1.0,0.0,1.0,0.0,8.0,1.0,1.0,0.0,101185,94063,112,90,37,44,259,279,66449,52120,46844,32515,58160,51650,618.0,-618.0,2044.0,-2044.0,5807.0,-5807.0,-428.0,428.0,-211.0,211.0,2507.0,-2507.0,15.0,-15.0,-2.0,2.0,17.0,-17.0,oe:team:5cd2cd09ec94296f605dd13a2924d6c|oe:team:ce499dea30cfce118f4fe85da0227e8,LCK_20260429_Nongshim_RedForce_vs_T1_S1,1,0,1,"[""Ezreal"", ""Karma"", ""Jarvan IV"", ""Anivia"", ""Azir"", ""Xin Zhao"", ""Neeko"", ""Jhin"", ""Sion"", ""Akali""]",10,False,41.0,26.0,0.6341463414634146,18.0,0.6111111111111112,5.0,1.0,40.0,17.0,0.425,23.0,0.43478260869565216,6.0,0.16666666666666666,1.0,1.0,1.0,0.0
LOLTMNT05_185774,2026-04-29 10:15:19+00:00,LCK,2026,1,Rounds 1-2,0,16.08,complete,,KT Rolster,oe:team:d723992568441c6bafa2658129eade7,Hanwha Life Esports,oe:team:3a1d18f46bcb3716ebcfcf4ef068934,0,1,RED,Hanwha Life Esports,BLUE,Bard,Rumble,Pantheon,Ashe,Varus,Karma,Jayce,Seraphine,Jarvan IV,Orianna,Annie,Yorick,Xin Zhao,Ziggs,Ezreal,Vi,Nocturne,Yuumi,Nautilus,Aurora,1750,1750,12,23,23,12,24,62,1.0,0.0,0.0,1.0,0.0,4.0,1.0,0.0,3.0,0.0,0.0,1.0,0.0,1.0,0.0,1.0,2.0,6.0,0.0,1.0,81650,97195,108,92,44,56,266,321,52005,60920,32777,41692,50268,56208,-6.0,6.0,-626.0,626.0,-1417.0,1417.0,-443.0,443.0,-2259.0,2259.0,-2918.0,2918.0,9.0,-9.0,-4.0,4.0,-10.0,10.0,oe:team:3a1d18f46bcb3716ebcfcf4ef068934|oe:team:d723992568441c6bafa2658129eade7,LCK_20260429_Hanwha_Life_Esports_vs_KT_Rolster_S1,0,0,0,[],0,False,35.0,22.0,0.6285714285714286,15.0,0.8,4.0,1.0,32.0,19.0,0.59375,18.0,0.6111111111111112,5.0,0.8,0.0,,0.0,
LOLTMNT05_185776,2026-04-29 11:07:22+00:00,LCK,2026,2,Rounds 1-2,0,16.08,complete,,Hanwha Life Esports,oe:team:3a1d18f46bcb3716ebcfcf4ef068934,KT Rolster,oe:team:d723992568441c6bafa2658129eade7,1,0,BLUE,Hanwha Life Esports,BLUE,Ryze,Orianna,Jarvan IV,Lulu,Karma,Bard,Lucian,Yunara,Varus,Rumble,Milio,Xin Zhao,Akali,Gnar,Ahri,Anivia,Mel,Azir,Jax,Renekton,1878,1878,20,8,8,20,50,21,1.0,0.0,1.0,0.0,3.0,1.0,1.0,0.0,3.0,0.0,1.0,0.0,1.0,0.0,1.0,0.0,10.0,1.0,1.0,0.0,99397,72886,114,112,54,54,307,318,64638,53436,44104,32902,60408,52655,1431.0,-1431.0,3027.0,-3027.0,5236.0,-5236.0,1062.0,-1062.0,594.0,-594.0,1922.0,-1922.0,-13.0,13.0,6.0,-6.0,0.0,0.0,oe:team:3a1d18f46bcb3716ebcfcf4ef068934|oe:team:d723992568441c6bafa2658129eade7,LCK_20260429_Hanwha_Life_Esports_vs_KT_Rolster_S1,1,0,1,"[""Pantheon"", ""Ashe"", ""Jayce"", ""Seraphine"", ""Annie"", ""Yorick"", ""Ezreal"", ""Vi"", ""Nautilus"", ""Aurora""]",10,False,33.0,20.0,0.6060606060606061,14.0,0.5714285714285714,6.0,0.8333333333333334,36.0,22.0,0.6111111111111112,20.0,0.5,5.0,0.8,1.0,1.0,1.0,0.0
LOLTMNT02_394110,2026-04-30 08:06:44+00:00,LCK,2026,1,Rounds 1-2,0,16.08,complete,,Gen.G,oe:team:50f58982d91a36557ec8aec52ab014f,Kiwoom DRX,oe:team:1d0389df0c5eea93b04122ba167c010,1,0,BLUE,Gen.G,BLUE,Bard,Orianna,Jarvan IV,Ezreal,Varus,Rumble,Ashe,Neeko,Nautilus,Karma,Seraphine,Pantheon,Jayce,Anivia,Renekton,Aurora,Ryze,Azir,Annie,Gnar,1573,1573,20,5,5,20,37,9,0.0,1.0,1.0,0.0,4.0,0.0,1.0,0.0,3.0,0.0,,,0.0,0.0,1.0,0.0,7.0,1.0,1.0,0.0,79577,50188,83,80,52,31,269,208,57032,45134,39609,27711,52290,43376,1348.0,-1348.0,3822.0,-3822.0,6869.0,-6869.0,581.0,-581.0,1552.0,-1552.0,4048.0,-4048.0,34.0,-34.0,29.0,-29.0,71.0,-71.0,oe:team:1d0389df0c5eea93b04122ba167c010|oe:team:50f58982d91a36557ec8aec52ab014f,LCK_20260430_Gen_G_vs_Kiwoom_DRX_S2,0,0,0,[],0,False,39.0,31.0,0.7948717948717948,26.0,0.8461538461538461,4.0,1.0,50.0,19.0,0.38,28.0,0.39285714285714285,4.0,0.0,2.0,1.0,2.0,0.0
LOLTMNT02_395085,2026-04-30 08:55:13+00:00,LCK,2026,2,Rounds 1-2,0,16.08,complete,,Kiwoom DRX,oe:team:1d0389df0c5eea93b04122ba167c010,Gen.G,oe:team:50f58982d91a36557ec8aec52ab014f,1,0,BLUE,Kiwoom DRX,BLUE,Varus,Orianna,Ryze,Yunara,Anivia,Karma,Rumble,Vi,Xin Zhao,Bard,Wukong,Lulu,Ambessa,Nautilus,Lucian,Jayce,Azir,Nami,Milio,Akali,1840,1840,27,16,16,27,57,36,1.0,0.0,1.0,0.0,3.0,1.0,0.0,1.0,3.0,0.0,0.0,1.0,0.0,1.0,1.0,0.0,7.0,1.0,1.0,0.0,96498,92055,117,107,40,50,308,300,64721,58864,44575,38718,58643,58570,577.0,-577.0,3888.0,-3888.0,4427.0,-4427.0,275.0,-275.0,4718.0,-4718.0,2781.0,-2781.0,-16.0,16.0,0.0,0.0,-27.0,27.0,oe:team:1d0389df0c5eea93b04122ba167c010|oe:team:50f58982d91a36557ec8aec52ab014f,LCK_20260430_Gen_G_vs_Kiwoom_DRX_S2,0,1,1,"[""Jarvan IV"", ""Ezreal"", ""Ashe"", ""Neeko"", ""Seraphine"", ""Pantheon"", ""Renekton"", ""Aurora"", ""Annie"", ""Gnar""]",10,False,51.0,19.0,0.37254901960784315,22.0,0.36363636363636365,5.0,0.0,40.0,32.0,0.8,13.0,0.6923076923076923,5.0,1.0,3.0,0.0,3.0,1.0
LOLTMNT02_395093,2026-04-30 09:47:45+00:00,LCK,2026,3,Rounds 1-2,0,16.08,complete,,Kiwoom DRX,oe:team:1d0389df0c5eea93b04122ba167c010,Gen.G,oe:team:50f58982d91a36557ec8aec52ab014f,0,1,RED,Gen.G,BLUE,Anivia,Orianna,Xin Zhao,Bard,Azir,Karma,Nautilus,Trundle,Nocturne,Varus,Miss Fortune,Jhin,Vayne,Ahri,Shen,K'Sante,Twisted Fate,Ambessa,Viktor,Sylas,2272,2272,11,13,13,11,38,40,1.0,0.0,0.0,1.0,3.0,3.0,0.0,1.0,0.0,3.0,0.0,1.0,0.0,2.0,0.0,1.0,2.0,9.0,0.0,4.0,132897,108728,126,134,55,76,350,429,68095,75652,43543,51100,62350,72240,-102.0,102.0,-759.0,759.0,-2391.0,2391.0,237.0,-237.0,-693.0,693.0,-1741.0,1741.0,-22.0,22.0,-45.0,45.0,-79.0,79.0,oe:team:1d0389df0c5eea93b04122ba167c010|oe:team:50f58982d91a36557ec8aec52ab014f,LCK_20260430_Gen_G_vs_Kiwoom_DRX_S2,1,1,2,"[""Jarvan IV"", ""Ezreal"", ""Ashe"", ""Neeko"", ""Seraphine"", ""Pantheon"", ""Renekton"", ""Aurora"", ""Annie"", ""Gnar"", ""Ryze"", ""Yunara"", ""Rumble"", ""Vi"", ""Wukong"", ""Lulu"", ""Lucian"", ""Jayce"", ""Milio"", ""Akali""]",20,False,52.0,20.0,0.38461538461538464,23.0,0.391304347826087,6.0,0.16666666666666666,41.0,32.0,0.7804878048780488,14.0,0.6428571428571429,6.0,0.8333333333333334,4.0,0.25,4.0,0.75
LOLTMNT02_394154,2026-04-30 11:13:48+00:00,LCK,2026,1,Rounds 1-2,0,16.08,complete,,BNK FEARX,oe:team:5c2e7e9ea8dfcba0150d9a5619baecf,Dplus Kia,oe:team:ef69efa6acebe94107f0cf1ba716806,0,1,RED,Dplus Kia,BLUE,Varus,Rumble,Jarvan IV,Annie,Karma,Nocturne,Lucian,Lee Sin,Caitlyn,Orianna,Milio,Jayce,Nautilus,Yorick,K'Sante,Zeri,Lulu,Anivia,Ryze,Yuumi,1924,1924,10,18,18,10,23,42,0.0,1.0,1.0,0.0,2.0,2.0,1.0,0.0,0.0,3.0,,,0.0,0.0,1.0,0.0,3.0,7.0,0.0,1.0,66316,102767,112,118,56,50,298,310,57677,64669,36674,43666,53905,54810,-381.0,381.0,-479.0,479.0,-1788.0,1788.0,515.0,-515.0,436.0,-436.0,-2136.0,2136.0,-3.0,3.0,12.0,-12.0,-10.0,10.0,oe:team:5c2e7e9ea8dfcba0150d9a5619baecf|oe:team:ef69efa6acebe94107f0cf1ba716806,LCK_20260430_BNK_FEARX_vs_Dplus_Kia_S2,0,0,0,[],0,False,50.0,23.0,0.46,28.0,0.4642857142857143,4.0,0.0,53.0,29.0,0.5471698113207547,19.0,0.3684210526315789,4.0,1.0,3.0,1.0,3.0,0.0
LOLTMNT02_395149,2026-04-30 12:08:17+00:00,LCK,2026,2,Rounds 1-2,0,16.08,complete,,BNK FEARX,oe:team:5c2e7e9ea8dfcba0150d9a5619baecf,Dplus Kia,oe:team:ef69efa6acebe94107f0cf1ba716806,0,1,RED,Dplus Kia,BLUE,Varus,Rumble,Xin Zhao,Trundle,Karma,Orianna,Ezreal,Ashe,Caitlyn,Nocturne,Seraphine,Lulu,Vayne,Azir,Ambessa,Gnar,Twisted Fate,Anivia,Akali,Ahri,1694,1694,5,17,17,5,8,34,0.0,1.0,0.0,1.0,0.0,4.0,0.0,1.0,2.0,0.0,0.0,1.0,0.0,1.0,0.0,1.0,2.0,9.0,0.0,2.0,64582,84987,88,92,34,50,219,302,47172,60892,28515,42235,45878,52851,-206.0,206.0,-126.0,126.0,-2794.0,2794.0,-810.0,810.0,54.0,-54.0,-1539.0,1539.0,-27.0,27.0,-23.0,23.0,-61.0,61.0,oe:team:5c2e7e9ea8dfcba0150d9a5619baecf|oe:team:ef69efa6acebe94107f0cf1ba716806,LCK_20260430_BNK_FEARX_vs_Dplus_Kia_S2,0,1,1,"[""Jarvan IV"", ""Annie"", ""Lucian"", ""Lee Sin"", ""Milio"", ""Jayce"", ""K'Sante"", ""Zeri"", ""Ryze"", ""Yuumi""]",10,False,51.0,23.0,0.45098039215686275,29.0,0.4482758620689655,5.0,0.0,54.0,30.0,0.5555555555555556,20.0,0.4,5.0,1.0,4.0,0.75,4.0,0.25
LOLTMNT02_395369,2026-05-01 08:06:11+00:00,LCK,2026,1,Rounds 1-2,0,16.08,complete,,HANJIN BRION,oe:team:b77b3f6068e20a2b3edc0ecd3dc70d4,DN SOOPers,oe:team:b3c72a20aa56f5d28022ac04a7dc294,1,0,BLUE,HANJIN BRION,RED,Orianna,Varus,Lucian,Jarvan IV,Karma,Ezreal,Milio,Yunara,Lee Sin,Rumble,Xin Zhao,Lulu,Akali,Jayce,Annie,Aurora,Azir,Ryze,Gnar,Renekton,1853,1853,13,2,2,13,32,6,1.0,0.0,1.0,0.0,3.0,1.0,1.0,0.0,0.0,3.0,1.0,0.0,1.0,0.0,1.0,0.0,11.0,1.0,3.0,0.0,91071,51269,94,87,40,46,279,263,65276,51128,44997,30849,56513,50010,2012.0,-2012.0,2214.0,-2214.0,4018.0,-4018.0,1658.0,-1658.0,636.0,-636.0,1997.0,-1997.0,16.0,-16.0,6.0,-6.0,35.0,-35.0,oe:team:b3c72a20aa56f5d28022ac04a7dc294|oe:team:b77b3f6068e20a2b3edc0ecd3dc70d4,LCK_20260501_DN_SOOPers_vs_HANJIN_BRION_S1,0,0,0,[],0,False,37.0,10.0,0.2702702702702703,16.0,0.25,4.0,0.0,49.0,17.0,0.3469387755102041,26.0,0.34615384615384615,4.0,0.0,0.0,,0.0,
LOLTMNT02_394364,2026-05-01 08:58:55+00:00,LCK,2026,2,Rounds 1-2,0,16.08,complete,,HANJIN BRION,oe:team:b77b3f6068e20a2b3edc0ecd3dc70d4,DN SOOPers,oe:team:b3c72a20aa56f5d28022ac04a7dc294,1,0,BLUE,HANJIN BRION,RED,Orianna,Varus,Nocturne,Rumble,Karma,Ezreal,Ambessa,Vi,Ashe,Ryze,Neeko,Ahri,Bard,Akali,Galio,Jhin,Xayah,Kai'Sa,Corki,Alistar,2139,2139,22,9,10,22,50,24,0.0,1.0,0.0,1.0,3.0,2.0,1.0,0.0,3.0,0.0,1.0,0.0,2.0,0.0,1.0,0.0,8.0,1.0,1.0,0.0,107640,88510,135,132,75,54,403,358,77253,63157,54057,39961,71128,62965,-785.0,785.0,-721.0,721.0,2300.0,-2300.0,-84.0,84.0,-42.0,42.0,1562.0,-1562.0,-24.0,24.0,-33.0,33.0,-19.0,19.0,oe:team:b3c72a20aa56f5d28022ac04a7dc294|oe:team:b77b3f6068e20a2b3edc0ecd3dc70d4,LCK_20260501_DN_SOOPers_vs_HANJIN_BRION_S1,1,0,1,"[""Lucian"", ""Jarvan IV"", ""Milio"", ""Yunara"", ""Xin Zhao"", ""Lulu"", ""Annie"", ""Aurora"", ""Gnar"", ""Renekton""]",10,False,38.0,11.0,0.2894736842105263,17.0,0.29411764705882354,5.0,0.2,50.0,17.0,0.34,27.0,0.3333333333333333,5.0,0.0,1.0,1.0,1.0,0.0
LOLTMNT02_395396,2026-05-01 10:22:34+00:00,LCK,2026,1,Rounds 1-2,0,16.08,complete,,Hanwha Life Esports,oe:team:3a1d18f46bcb3716ebcfcf4ef068934,T1,oe:team:ce499dea30cfce118f4fe85da0227e8,1,0,BLUE,Hanwha Life Esports,RED,Orianna,Aurora,Azir,Varus,Rumble,Ashe,Bard,Karma,Ezreal,Akali,Jarvan IV,Jhin,Xin Zhao,Caitlyn,Miss Fortune,Annie,Lee Sin,Jax,Yorick,Nocturne,2007,2007,19,18,18,19,46,35,0.0,1.0,0.0,1.0,2.0,3.0,0.0,0.0,3.0,0.0,1.0,0.0,2.0,0.0,1.0,0.0,8.0,3.0,1.0,0.0,92230,101876,132,142,57,54,371,355,72261,61586,50412,39737,63158,57800,-432.0,432.0,-2108.0,2108.0,-462.0,462.0,202.0,-202.0,-2406.0,2406.0,-394.0,394.0,-6.0,6.0,-26.0,26.0,-14.0,14.0,oe:team:3a1d18f46bcb3716ebcfcf4ef068934|oe:team:ce499dea30cfce118f4fe85da0227e8,LCK_20260501_Hanwha_Life_Esports_vs_T1_S3,0,0,0,[],0,False,34.0,21.0,0.6176470588235294,15.0,0.6,7.0,0.8571428571428571,42.0,27.0,0.6428571428571429,23.0,0.6521739130434783,6.0,1.0,5.0,0.2,5.0,0.8
LOLTMNT02_395404,2026-05-01 11:19:40+00:00,LCK,2026,2,Rounds 1-2,0,16.08,complete,,Hanwha Life Esports,oe:team:3a1d18f46bcb3716ebcfcf4ef068934,T1,oe:team:ce499dea30cfce118f4fe85da0227e8,0,1,RED,T1,RED,Orianna,Aurora,Xin Zhao,Milio,Rumble,Ashe,Lucian,Aphelios,Caitlyn,Vi,Anivia,Twisted Fate,Pantheon,Rell,Alistar,Sion,Jayce,Gnar,Gwen,Lee Sin,2088,2088,8,18,18,8,16,52,1.0,0.0,0.0,1.0,1.0,4.0,1.0,0.0,3.0,0.0,1.0,0.0,1.0,1.0,1.0,0.0,3.0,6.0,0.0,1.0,93336,105292,138,151,62,55,351,355,60903,72289,38227,49613,60030,64420,-552.0,552.0,-132.0,132.0,2471.0,-2471.0,-567.0,567.0,737.0,-737.0,2768.0,-2768.0,-5.0,5.0,18.0,-18.0,43.0,-43.0,oe:team:3a1d18f46bcb3716ebcfcf4ef068934|oe:team:ce499dea30cfce118f4fe85da0227e8,LCK_20260501_Hanwha_Life_Esports_vs_T1_S3,1,0,1,"[""Azir"", ""Varus"", ""Bard"", ""Karma"", ""Jarvan IV"", ""Jhin"", ""Miss Fortune"", ""Annie"", ""Yorick"", ""Nocturne""]",10,False,35.0,22.0,0.6285714285714286,16.0,0.625,8.0,0.875,43.0,27.0,0.627906976744186,24.0,0.625,7.0,0.8571428571428571,6.0,0.3333333333333333,6.0,0.6666666666666666
LOLTMNT02_395414,2026-05-01 12:17:37+00:00,LCK,2026,3,Rounds 1-2,0,16.08,complete,,T1,oe:team:ce499dea30cfce118f4fe85da0227e8,Hanwha Life Esports,oe:team:3a1d18f46bcb3716ebcfcf4ef068934,0,1,RED,Hanwha Life Esports,RED,Orianna,Caitlyn,Aurora,Jayce,Ashe,Ryze,Pantheon,Vi,Rumble,Ambessa,Gragas,Ahri,Nami,Lulu,Poppy,Rakan,Sivir,Neeko,Kai'Sa,Xayah,1806,1806,10,19,19,10,21,43,0.0,1.0,0.0,1.0,0.0,4.0,0.0,1.0,0.0,3.0,0.0,1.0,0.0,1.0,0.0,1.0,1.0,8.0,0.0,1.0,60811,89550,131,119,45,64,304,367,52539,64555,32740,44756,49790,56940,-2046.0,2046.0,-3625.0,3625.0,-4069.0,4069.0,-738.0,738.0,-3422.0,3422.0,-2666.0,2666.0,-42.0,42.0,-76.0,76.0,-72.0,72.0,oe:team:3a1d18f46bcb3716ebcfcf4ef068934|oe:team:ce499dea30cfce118f4fe85da0227e8,LCK_20260501_Hanwha_Life_Esports_vs_T1_S3,1,1,2,"[""Azir"", ""Varus"", ""Bard"", ""Karma"", ""Jarvan IV"", ""Jhin"", ""Miss Fortune"", ""Annie"", ""Yorick"", ""Nocturne"", ""Xin Zhao"", ""Milio"", ""Lucian"", ""Aphelios"", ""Anivia"", ""Twisted Fate"", ""Alistar"", ""Sion"", ""Gwen"", ""Lee Sin""]",20,False,44.0,28.0,0.6363636363636364,19.0,0.631578947368421,8.0,0.875,36.0,22.0,0.6111111111111112,19.0,0.631578947368421,9.0,0.7777777777777778,7.0,0.7142857142857143,7.0,0.2857142857142857
LOLTMNT02_395585,2026-05-02 08:06:29+00:00,LCK,2026,1,Rounds 1-2,0,16.08,complete,,Dplus Kia,oe:team:ef69efa6acebe94107f0cf1ba716806,Gen.G,oe:team:50f58982d91a36557ec8aec52ab014f,0,1,RED,Gen.G,BLUE,Varus,Orianna,Annie,Bard,Nocturne,Karma,Jayce,Ryze,Anivia,Rumble,Lee Sin,Caitlyn,Vi,Nautilus,Lucian,Xin Zhao,Pantheon,Jhin,Nami,Sion,1635,1635,4,11,11,4,7,28,0.0,1.0,0.0,1.0,0.0,3.0,1.0,0.0,3.0,0.0,0.0,1.0,0.0,1.0,0.0,1.0,2.0,7.0,0.0,1.0,71579,56347,98,108,42,52,256,298,48179,55531,30124,37476,45970,46160,-582.0,582.0,1157.0,-1157.0,656.0,-656.0,-252.0,252.0,-453.0,453.0,-2243.0,2243.0,-14.0,14.0,-13.0,13.0,-10.0,10.0,oe:team:50f58982d91a36557ec8aec52ab014f|oe:team:ef69efa6acebe94107f0cf1ba716806,LCK_20260502_Dplus_Kia_vs_Gen_G_S4,0,0,0,[],0,False,55.0,31.0,0.5636363636363636,34.0,0.6470588235294118,6.0,1.0,42.0,33.0,0.7857142857142857,15.0,0.6666666666666666,7.0,0.8571428571428571,8.0,0.375,8.0,0.625
LOLTMNT02_395589,2026-05-02 08:55:15+00:00,LCK,2026,2,Rounds 1-2,0,16.08,complete,,Gen.G,oe:team:50f58982d91a36557ec8aec52ab014f,Dplus Kia,oe:team:ef69efa6acebe94107f0cf1ba716806,0,1,RED,Dplus Kia,RED,Orianna,Varus,Seraphine,Jarvan IV,Karma,Nocturne,Ashe,Mel,Rumble,Azir,Aurora,Pyke,Twisted Fate,Skarner,Vi,Ahri,Renekton,Vayne,Aatrox,Gnar,1888,1888,8,14,14,8,17,30,0.0,1.0,0.0,1.0,0.0,4.0,0.0,1.0,0.0,3.0,0.0,1.0,0.0,1.0,0.0,1.0,0.0,9.0,0.0,1.0,60674,73984,114,115,57,56,340,336,54465,67363,33829,46727,52880,59028,-591.0,591.0,-1037.0,1037.0,-3095.0,3095.0,-917.0,917.0,-1573.0,1573.0,-3469.0,3469.0,-24.0,24.0,-33.0,33.0,-50.0,50.0,oe:team:50f58982d91a36557ec8aec52ab014f|oe:team:ef69efa6acebe94107f0cf1ba716806,LCK_20260502_Dplus_Kia_vs_Gen_G_S4,1,0,1,"[""Annie"", ""Bard"", ""Jayce"", ""Ryze"", ""Lee Sin"", ""Caitlyn"", ""Lucian"", ""Xin Zhao"", ""Nami"", ""Sion""]",10,False,43.0,34.0,0.7906976744186046,27.0,0.8518518518518519,8.0,0.875,56.0,31.0,0.5535714285714286,21.0,0.42857142857142855,7.0,0.8571428571428571,9.0,0.6666666666666666,9.0,0.3333333333333333
LOLTMNT02_394531,2026-05-02 09:50:07+00:00,LCK,2026,3,Rounds 1-2,0,16.08,complete,,Dplus Kia,oe:team:ef69efa6acebe94107f0cf1ba716806,Gen.G,oe:team:50f58982d91a36557ec8aec52ab014f,0,1,RED,Gen.G,RED,Rumble,Lulu,Orianna,Karma,Azir,Varus,Pantheon,Skarner,Nocturne,Nautilus,Rakan,Ezreal,Twisted Fate,Jhin,Renekton,Nidalee,Akali,Vayne,Sivir,Sylas,1624,1624,5,14,14,5,13,33,0.0,1.0,0.0,1.0,0.0,4.0,0.0,1.0,0.0,3.0,0.0,1.0,0.0,1.0,0.0,1.0,0.0,10.0,0.0,2.0,62647,90528,98,95,37,50,240,269,45136,58020,27193,40077,44615,52871,-2790.0,2790.0,-2552.0,2552.0,-5921.0,5921.0,-2001.0,2001.0,-2637.0,2637.0,-4877.0,4877.0,-20.0,20.0,-38.0,38.0,-50.0,50.0,oe:team:50f58982d91a36557ec8aec52ab014f|oe:team:ef69efa6acebe94107f0cf1ba716806,LCK_20260502_Dplus_Kia_vs_Gen_G_S4,1,1,2,"[""Annie"", ""Bard"", ""Jayce"", ""Ryze"", ""Lee Sin"", ""Caitlyn"", ""Lucian"", ""Xin Zhao"", ""Nami"", ""Sion"", ""Seraphine"", ""Jarvan IV"", ""Ashe"", ""Mel"", ""Aurora"", ""Pyke"", ""Vi"", ""Ahri"", ""Aatrox"", ""Gnar""]",20,False,57.0,32.0,0.5614035087719298,35.0,0.6285714285714286,8.0,0.875,44.0,34.0,0.7727272727272727,16.0,0.6875,9.0,0.7777777777777778,10.0,0.4,10.0,0.6
LOLTMNT02_394554,2026-05-02 11:03:54+00:00,LCK,2026,1,Rounds 1-2,0,16.08,complete,,Kiwoom DRX,oe:team:1d0389df0c5eea93b04122ba167c010,Nongshim RedForce,oe:team:5cd2cd09ec94296f605dd13a2924d6c,1,0,BLUE,Kiwoom DRX,BLUE,Varus,Rumble,Jarvan IV,Ezreal,Karma,Orianna,Gnar,Neeko,Jayce,Bard,Ryze,Vayne,Xin Zhao,Yunara,Ashe,Anivia,Azir,Lucian,Seraphine,Lee Sin,1712,1712,25,7,7,25,66,13,1.0,0.0,1.0,0.0,4.0,0.0,1.0,0.0,3.0,0.0,1.0,0.0,1.0,0.0,1.0,0.0,11.0,2.0,3.0,0.0,92673,70145,99,92,50,41,296,241,61191,49750,42351,30910,56168,47213,744.0,-744.0,-464.0,464.0,3479.0,-3479.0,86.0,-86.0,-1126.0,1126.0,2511.0,-2511.0,-4.0,4.0,-5.0,5.0,-3.0,3.0,oe:team:1d0389df0c5eea93b04122ba167c010|oe:team:5cd2cd09ec94296f605dd13a2924d6c,LCK_20260502_Kiwoom_DRX_vs_Nongshim_RedForce_S4,0,0,0,[],0,False,53.0,20.0,0.37735849056603776,24.0,0.375,7.0,0.14285714285714285,41.0,17.0,0.4146341463414634,24.0,0.4166666666666667,7.0,0.14285714285714285,8.0,0.875,8.0,0.125
LOLTMNT02_395635,2026-05-02 11:52:31+00:00,LCK,2026,2,Rounds 1-2,0,16.08,complete,,Kiwoom DRX,oe:team:1d0389df0c5eea93b04122ba167c010,Nongshim RedForce,oe:team:5cd2cd09ec94296f605dd13a2924d6c,1,0,BLUE,Kiwoom DRX,BLUE,Varus,Rumble,Annie,Lucian,Karma,Orianna,Xin Zhao,Milio,Jayce,Bard,Renekton,Trundle,Azir,Lulu,Yunara,Sion,Aurora,Corki,Nautilus,Hwei,2273,2273,26,17,17,26,64,42,1.0,0.0,1.0,0.0,4.0,1.0,1.0,0.0,3.0,0.0,1.0,0.0,2.0,0.0,0.0,1.0,8.0,1.0,1.0,0.0,167622,137780,123,142,65,54,376,349,75220,67853,50657,43290,69105,65340,462.0,-462.0,-2.0,2.0,-103.0,103.0,903.0,-903.0,493.0,-493.0,772.0,-772.0,8.0,-8.0,1.0,-1.0,-11.0,11.0,oe:team:1d0389df0c5eea93b04122ba167c010|oe:team:5cd2cd09ec94296f605dd13a2924d6c,LCK_20260502_Kiwoom_DRX_vs_Nongshim_RedForce_S4,1,0,1,"[""Jarvan IV"", ""Ezreal"", ""Gnar"", ""Neeko"", ""Ryze"", ""Vayne"", ""Ashe"", ""Anivia"", ""Seraphine"", ""Lee Sin""]",10,False,54.0,21.0,0.3888888888888889,25.0,0.4,8.0,0.25,42.0,17.0,0.40476190476190477,25.0,0.4,8.0,0.125,9.0,0.8888888888888888,9.0,0.1111111111111111
LOLTMNT02_395698,2026-05-03 08:05:43+00:00,LCK,2026,1,Rounds 1-2,0,16.08,complete,,KT Rolster,oe:team:d723992568441c6bafa2658129eade7,HANJIN BRION,oe:team:b77b3f6068e20a2b3edc0ecd3dc70d4,0,1,RED,HANJIN BRION,BLUE,Varus,Rumble,Jarvan IV,Annie,Nocturne,Karma,Caitlyn,Lee Sin,Lucian,Orianna,Bard,Ezreal,Jayce,Azir,Renekton,Elise,Nautilus,Ryze,Mel,Gnar,2446,2446,13,26,26,13,31,56,0.0,1.0,1.0,0.0,1.0,5.0,0.0,1.0,3.0,0.0,0.0,1.0,0.0,2.0,0.0,1.0,3.0,8.0,0.0,2.0,89769,153364,171,207,101,104,520,582,75468,85420,49141,59093,72645,76321,200.0,-200.0,62.0,-62.0,-2303.0,2303.0,-456.0,456.0,214.0,-214.0,-1353.0,1353.0,5.0,-5.0,5.0,-5.0,4.0,-4.0,oe:team:b77b3f6068e20a2b3edc0ecd3dc70d4|oe:team:d723992568441c6bafa2658129eade7,LCK_20260503_HANJIN_BRION_vs_KT_Rolster_S3,0,0,0,[],0,False,37.0,22.0,0.5945945945945946,16.0,0.75,6.0,0.6666666666666666,39.0,12.0,0.3076923076923077,21.0,0.2857142857142857,6.0,0.3333333333333333,5.0,0.8,5.0,0.2
LOLTMNT02_395710,2026-05-03 09:08:53+00:00,LCK,2026,2,Rounds 1-2,0,16.08,complete,,HANJIN BRION,oe:team:b77b3f6068e20a2b3edc0ecd3dc70d4,KT Rolster,oe:team:d723992568441c6bafa2658129eade7,1,0,BLUE,HANJIN BRION,BLUE,Varus,Rumble,Ashe,Seraphine,Karma,Nocturne,Lulu,Jhin,Lucian,Orianna,Xin Zhao,Wukong,Ryze,Anivia,Jayce,Ahri,Vayne,Ambessa,Aurora,Yorick,1853,1853,18,7,7,18,46,16,1.0,0.0,0.0,1.0,2.0,2.0,1.0,0.0,1.0,2.0,1.0,0.0,1.0,0.0,1.0,0.0,10.0,3.0,2.0,0.0,115299,78608,118,119,55,63,332,333,66459,54565,46180,34286,59360,51206,-321.0,321.0,-427.0,427.0,-605.0,605.0,-136.0,136.0,528.0,-528.0,-369.0,369.0,-5.0,5.0,26.0,-26.0,30.0,-30.0,oe:team:b77b3f6068e20a2b3edc0ecd3dc70d4|oe:team:d723992568441c6bafa2658129eade7,LCK_20260503_HANJIN_BRION_vs_KT_Rolster_S3,1,0,1,"[""Jarvan IV"", ""Annie"", ""Caitlyn"", ""Lee Sin"", ""Bard"", ""Ezreal"", ""Renekton"", ""Elise"", ""Mel"", ""Gnar""]",10,False,40.0,13.0,0.325,18.0,0.3333333333333333,7.0,0.42857142857142855,38.0,22.0,0.5789473684210527,21.0,0.47619047619047616,7.0,0.5714285714285714,6.0,0.3333333333333333,6.0,0.6666666666666666
LOLTMNT02_395739,2026-05-03 10:24:27+00:00,LCK,2026,1,Rounds 1-2,0,16.08,complete,,BNK FEARX,oe:team:5c2e7e9ea8dfcba0150d9a5619baecf,DN SOOPers,oe:team:b3c72a20aa56f5d28022ac04a7dc294,1,0,BLUE,BNK FEARX,RED,Orianna,Varus,Lucian,Jarvan IV,Karma,Bard,Milio,Ashe,Lee Sin,Rumble,Pantheon,Seraphine,Azir,Jayce,Annie,Renekton,Akali,Ryze,Gnar,Aurora,1635,1635,18,7,7,19,41,16,1.0,0.0,0.0,1.0,2.0,1.0,0.0,1.0,0.0,2.0,1.0,0.0,1.0,0.0,1.0,0.0,9.0,1.0,1.0,0.0,91987,57927,91,82,43,37,239,225,58781,47409,40726,29354,48428,45820,367.0,-367.0,-1276.0,1276.0,3082.0,-3082.0,691.0,-691.0,-861.0,861.0,3782.0,-3782.0,14.0,-14.0,-3.0,3.0,23.0,-23.0,oe:team:5c2e7e9ea8dfcba0150d9a5619baecf|oe:team:b3c72a20aa56f5d28022ac04a7dc294,LCK_20260503_BNK_FEARX_vs_DN_SOOPers_S4,0,0,0,[],0,False,52.0,23.0,0.4423076923076923,30.0,0.43333333333333335,6.0,0.0,51.0,17.0,0.3333333333333333,28.0,0.32142857142857145,6.0,0.0,11.0,0.7272727272727273,11.0,0.2727272727272727
LOLTMNT02_395741,2026-05-03 11:12:34+00:00,LCK,2026,2,Rounds 1-2,0,16.08,complete,,BNK FEARX,oe:team:5c2e7e9ea8dfcba0150d9a5619baecf,DN SOOPers,oe:team:b3c72a20aa56f5d28022ac04a7dc294,1,0,BLUE,BNK FEARX,RED,Orianna,Varus,Ezreal,Xin Zhao,Karma,Bard,Trundle,Yunara,Rumble,Ryze,Neeko,Lulu,Akali,Jayce,Azir,Sylas,Zaahen,Ahri,Vayne,Ambessa,1802,1802,23,9,10,23,45,20,0.0,1.0,1.0,0.0,3.0,1.0,1.0,0.0,0.0,3.0,0.0,1.0,1.0,1.0,1.0,0.0,10.0,2.0,2.0,0.0,85473,46257,124,112,43,51,294,283,63309,53117,43551,33359,54566,50365,4010.0,-4010.0,6179.0,-6179.0,6937.0,-6937.0,2625.0,-2625.0,3356.0,-3356.0,4350.0,-4350.0,51.0,-51.0,75.0,-75.0,100.0,-100.0,oe:team:5c2e7e9ea8dfcba0150d9a5619baecf|oe:team:b3c72a20aa56f5d28022ac04a7dc294,LCK_20260503_BNK_FEARX_vs_DN_SOOPers_S4,1,0,1,"[""Lucian"", ""Jarvan IV"", ""Milio"", ""Ashe"", ""Pantheon"", ""Seraphine"", ""Annie"", ""Renekton"", ""Gnar"", ""Aurora""]",10,False,53.0,24.0,0.4528301886792453,31.0,0.45161290322580644,7.0,0.14285714285714285,52.0,17.0,0.3269230769230769,29.0,0.3103448275862069,7.0,0.0,12.0,0.75,12.0,0.25
LOLTMNT01_375534,2026-05-06 08:06:15+00:00,LCK,2026,1,Rounds 1-2,0,16.09,complete,,Nongshim RedForce,oe:team:5cd2cd09ec94296f605dd13a2924d6c,Gen.G,oe:team:50f58982d91a36557ec8aec52ab014f,0,1,RED,Gen.G,BLUE,Varus,Rumble,Nocturne,Xin Zhao,Karma,Orianna,Ezreal,Seraphine,Bard,Jarvan IV,Neeko,Ashe,Anivia,Jayce,Sion,Renekton,Gnar,Vayne,Ryze,Cassiopeia,2536,2536,20,27,28,20,44,65,1.0,0.0,0.0,1.0,2.0,4.0,1.0,0.0,3.0,0.0,0.0,1.0,2.0,2.0,1.0,0.0,9.0,7.0,2.0,1.0,166128,169031,149,158,70,85,398,466,83731,86133,56486,58888,83203,76500,141.0,-141.0,-532.0,532.0,649.0,-649.0,-368.0,368.0,-756.0,756.0,-11.0,11.0,-12.0,12.0,-6.0,6.0,-15.0,15.0,oe:team:50f58982d91a36557ec8aec52ab014f|oe:team:5cd2cd09ec94296f605dd13a2924d6c,LCK_20260506_Gen_G_vs_Nongshim_RedForce_S2,0,0,0,[],0,False,43.0,17.0,0.3953488372093023,17.0,0.4117647058823529,0.0,,45.0,35.0,0.7777777777777778,17.0,0.7058823529411765,0.0,,2.0,0.0,2.0,1.0
LOLTMNT01_375573,2026-05-06 09:11:56+00:00,LCK,2026,2,Rounds 1-2,0,16.09,complete,,Gen.G,oe:team:50f58982d91a36557ec8aec52ab014f,Nongshim RedForce,oe:team:5cd2cd09ec94296f605dd13a2924d6c,1,0,BLUE,Gen.G,BLUE,Varus,Rumble,Karma,Pantheon,Bard,Orianna,Skarner,Nautilus,Annie,Jarvan IV,Jhin,Miss Fortune,Jayce,Akali,Gnar,Azir,Vayne,LeBlanc,Mel,Twisted Fate,2174,2174,26,8,8,26,64,16,1.0,0.0,1.0,0.0,3.0,2.0,1.0,0.0,1.0,2.0,1.0,0.0,1.0,1.0,0.0,1.0,12.0,3.0,3.0,0.0,122218,90137,134,135,75,52,399,332,75027,65147,51474,41594,68798,63375,1250.0,-1250.0,1882.0,-1882.0,739.0,-739.0,-132.0,132.0,1330.0,-1330.0,-48.0,48.0,2.0,-2.0,13.0,-13.0,18.0,-18.0,oe:team:50f58982d91a36557ec8aec52ab014f|oe:team:5cd2cd09ec94296f605dd13a2924d6c,LCK_20260506_Gen_G_vs_Nongshim_RedForce_S2,1,0,1,"[""Nocturne"", ""Xin Zhao"", ""Ezreal"", ""Seraphine"", ""Neeko"", ""Ashe"", ""Sion"", ""Renekton"", ""Ryze"", ""Cassiopeia""]",10,False,46.0,36.0,0.782608695652174,28.0,0.8214285714285714,1.0,1.0,44.0,17.0,0.38636363636363635,26.0,0.38461538461538464,1.0,0.0,3.0,1.0,3.0,0.0
LOLTMNT01_376550,2026-05-06 10:34:43+00:00,LCK,2026,1,Rounds 1-2,0,16.09,complete,,DN SOOPers,oe:team:b3c72a20aa56f5d28022ac04a7dc294,Hanwha Life Esports,oe:team:3a1d18f46bcb3716ebcfcf4ef068934,0,1,RED,Hanwha Life Esports,BLUE,Varus,Rumble,Pantheon,Bard,Ryze,Orianna,Karma,Caitlyn,Jarvan IV,Ezreal,Jhin,Xin Zhao,Jayce,Akali,Ahri,Aurora,Annie,Azir,Renekton,Gnar,1590,1590,7,22,22,7,12,48,0.0,1.0,0.0,1.0,0.0,4.0,0.0,1.0,3.0,0.0,,,0.0,0.0,0.0,1.0,0.0,7.0,0.0,1.0,67023,98356,85,95,38,50,256,270,45598,57381,28002,39785,42615,50198,-566.0,566.0,-1384.0,1384.0,-7104.0,7104.0,-365.0,365.0,-1714.0,1714.0,-7885.0,7885.0,-7.0,7.0,-13.0,13.0,-64.0,64.0,oe:team:3a1d18f46bcb3716ebcfcf4ef068934|oe:team:b3c72a20aa56f5d28022ac04a7dc294,LCK_20260506_DN_SOOPers_vs_Hanwha_Life_Esports_S3,0,0,0,[],0,False,53.0,17.0,0.32075471698113206,23.0,0.34782608695652173,0.0,,37.0,23.0,0.6216216216216216,20.0,0.65,0.0,,5.0,0.2,5.0,0.8
LOLTMNT01_376585,2026-05-06 11:22:02+00:00,LCK,2026,2,Rounds 1-2,0,16.09,complete,,Hanwha Life Esports,oe:team:3a1d18f46bcb3716ebcfcf4ef068934,DN SOOPers,oe:team:b3c72a20aa56f5d28022ac04a7dc294,1,0,BLUE,Hanwha Life Esports,BLUE,Varus,Orianna,Nocturne,Ryze,Vi,Rumble,Lucian,Naafiri,Lee Sin,Jarvan IV,Milio,Nautilus,Miss Fortune,Cassiopeia,Twisted Fate,Senna,Yorick,Anivia,Jayce,K'Sante,2141,2141,21,17,18,21,52,45,0.0,1.0,1.0,0.0,3.0,2.0,0.0,1.0,0.0,3.0,0.0,1.0,0.0,2.0,1.0,0.0,7.0,1.0,1.0,0.0,149655,98581,135,122,69,53,373,339,72200,66083,48984,42867,65132,65150,315.0,-315.0,781.0,-781.0,2361.0,-2361.0,507.0,-507.0,645.0,-645.0,-282.0,282.0,-10.0,10.0,-14.0,14.0,-10.0,10.0,oe:team:3a1d18f46bcb3716ebcfcf4ef068934|oe:team:b3c72a20aa56f5d28022ac04a7dc294,LCK_20260506_DN_SOOPers_vs_Hanwha_Life_Esports_S3,1,0,1,"[""Pantheon"", ""Bard"", ""Karma"", ""Caitlyn"", ""Jhin"", ""Xin Zhao"", ""Ahri"", ""Aurora"", ""Renekton"", ""Gnar""]",10,False,38.0,24.0,0.631578947368421,17.0,0.5882352941176471,1.0,1.0,54.0,17.0,0.3148148148148148,30.0,0.3,1.0,0.0,6.0,0.8333333333333334,6.0,0.16666666666666666
LOLTMNT01_378089,2026-05-07 08:07:34+00:00,LCK,2026,1,Rounds 1-2,0,16.09,complete,,KT Rolster,oe:team:d723992568441c6bafa2658129eade7,Dplus Kia,oe:team:ef69efa6acebe94107f0cf1ba716806,1,0,BLUE,KT Rolster,RED,Rumble,Varus,Ashe,Orianna,Lucian,Nocturne,Jarvan IV,Xin Zhao,Karma,Nautilus,Seraphine,Bard,Ezreal,Azir,Ryze,Jhin,Caitlyn,Gwen,Zaahen,Sion,1915,1915,10,3,3,10,26,8,0.0,1.0,1.0,0.0,3.0,1.0,0.0,1.0,0.0,0.0,1.0,0.0,1.0,0.0,0.0,1.0,9.0,2.0,2.0,0.0,93286,76320,110,107,56,61,327,328,62733,55421,41822,34510,53118,53765,-859.0,859.0,-989.0,989.0,-1572.0,1572.0,-413.0,413.0,-1702.0,1702.0,-2385.0,2385.0,30.0,-30.0,-7.0,7.0,-6.0,6.0,oe:team:d723992568441c6bafa2658129eade7|oe:team:ef69efa6acebe94107f0cf1ba716806,LCK_20260507_Dplus_Kia_vs_KT_Rolster_S2,0,0,0,[],0,False,39.0,22.0,0.5641025641025641,17.0,0.7058823529411765,0.0,,58.0,32.0,0.5517241379310345,22.0,0.45454545454545453,0.0,,3.0,0.6666666666666666,3.0,0.3333333333333333
LOLTMNT01_378106,2026-05-07 09:01:55+00:00,LCK,2026,2,Rounds 1-2,0,16.09,complete,,KT Rolster,oe:team:d723992568441c6bafa2658129eade7,Dplus Kia,oe:team:ef69efa6acebe94107f0cf1ba716806,1,0,BLUE,KT Rolster,RED,Rumble,Varus,Yunara,Jayce,Lucian,Nocturne,Lulu,Caitlyn,Karma,Nautilus,Yorick,Lux,Twisted Fate,Vi,Naafiri,Viktor,Lee Sin,Pantheon,Taliyah,Skarner,2454,2454,15,13,13,15,39,30,0.0,1.0,1.0,0.0,3.0,3.0,0.0,1.0,3.0,0.0,0.0,1.0,1.0,1.0,0.0,1.0,10.0,8.0,3.0,2.0,102680,110062,171,149,90,80,433,471,84998,78990,58589,52581,80813,78755,-1845.0,1845.0,-4201.0,4201.0,-5691.0,5691.0,-995.0,995.0,-3280.0,3280.0,-4748.0,4748.0,-27.0,27.0,-79.0,79.0,-97.0,97.0,oe:team:d723992568441c6bafa2658129eade7|oe:team:ef69efa6acebe94107f0cf1ba716806,LCK_20260507_Dplus_Kia_vs_KT_Rolster_S2,1,0,1,"[""Ashe"", ""Orianna"", ""Jarvan IV"", ""Xin Zhao"", ""Seraphine"", ""Bard"", ""Ryze"", ""Jhin"", ""Zaahen"", ""Sion""]",10,False,40.0,23.0,0.575,18.0,0.7222222222222222,1.0,1.0,59.0,32.0,0.5423728813559322,23.0,0.43478260869565216,1.0,0.0,4.0,0.75,4.0,0.25
LOLTMNT01_378144,2026-05-07 10:30:17+00:00,LCK,2026,1,Rounds 1-2,0,16.09,complete,,BNK FEARX,oe:team:5c2e7e9ea8dfcba0150d9a5619baecf,HANJIN BRION,oe:team:b77b3f6068e20a2b3edc0ecd3dc70d4,0,1,RED,HANJIN BRION,RED,Rumble,Varus,Bard,Nocturne,Orianna,Lee Sin,Ezreal,Neeko,Jarvan IV,Karma,Pantheon,Jhin,Annie,Akali,Renekton,Gnar,Jayce,Azir,Anivia,Ryze,1760,1760,6,20,20,6,16,48,0.0,1.0,0.0,1.0,2.0,2.0,0.0,1.0,2.0,1.0,0.0,1.0,0.0,1.0,0.0,1.0,1.0,5.0,0.0,1.0,63253,104101,113,117,50,48,295,310,50398,64020,31068,44690,48548,55743,-542.0,542.0,-2763.0,2763.0,-6285.0,6285.0,426.0,-426.0,-1298.0,1298.0,-3500.0,3500.0,-2.0,2.0,-20.0,20.0,-53.0,53.0,oe:team:5c2e7e9ea8dfcba0150d9a5619baecf|oe:team:b77b3f6068e20a2b3edc0ecd3dc70d4,LCK_20260507_BNK_FEARX_vs_HANJIN_BRION_S3,0,0,0,[],0,False,54.0,25.0,0.46296296296296297,32.0,0.46875,0.0,,41.0,14.0,0.34146341463414637,22.0,0.3181818181818182,0.0,,5.0,0.4,5.0,0.6
LOLTMNT01_378170,2026-05-07 11:22:31+00:00,LCK,2026,2,Rounds 1-2,0,16.09,complete,,HANJIN BRION,oe:team:b77b3f6068e20a2b3edc0ecd3dc70d4,BNK FEARX,oe:team:5c2e7e9ea8dfcba0150d9a5619baecf,1,0,BLUE,HANJIN BRION,BLUE,Varus,Rumble,Lucian,Ashe,Caitlyn,Orianna,Trundle,Seraphine,Lee Sin,Jarvan IV,Milio,Vi,Vayne,Jayce,Aurora,Ambessa,Akali,Annie,Zaahen,Ahri,2071,2071,19,15,15,19,48,40,1.0,0.0,1.0,0.0,3.0,2.0,0.0,1.0,3.0,0.0,1.0,0.0,1.0,0.0,1.0,0.0,8.0,1.0,1.0,0.0,96984,115828,121,124,56,60,324,340,68447,61726,45945,39224,64071,62565,-165.0,165.0,267.0,-267.0,-3077.0,3077.0,31.0,-31.0,-930.0,930.0,-2712.0,2712.0,13.0,-13.0,-6.0,6.0,-7.0,7.0,oe:team:5c2e7e9ea8dfcba0150d9a5619baecf|oe:team:b77b3f6068e20a2b3edc0ecd3dc70d4,LCK_20260507_BNK_FEARX_vs_HANJIN_BRION_S3,1,0,1,"[""Bard"", ""Nocturne"", ""Ezreal"", ""Neeko"", ""Pantheon"", ""Jhin"", ""Renekton"", ""Gnar"", ""Anivia"", ""Ryze""]",10,False,42.0,15.0,0.35714285714285715,19.0,0.3684210526315789,1.0,1.0,55.0,25.0,0.45454545454545453,22.0,0.45454545454545453,1.0,0.0,6.0,0.6666666666666666,6.0,0.3333333333333333
LOLTMNT01_378734,2026-05-08 08:05:48+00:00,LCK,2026,1,Rounds 1-2,0,16.09,complete,,T1,oe:team:ce499dea30cfce118f4fe85da0227e8,DN SOOPers,oe:team:b3c72a20aa56f5d28022ac04a7dc294,1,0,BLUE,T1,BLUE,Jarvan IV,Bard,Ashe,Ziggs,Varus,Karma,Xin Zhao,Vi,Rumble,Orianna,Seraphine,Yone,Nautilus,Annie,Jayce,Camille,Pyke,Aurora,Ahri,K'Sante,1530,1530,19,6,6,19,48,4,0.0,1.0,0.0,1.0,3.0,1.0,0.0,1.0,0.0,3.0,1.0,0.0,1.0,0.0,1.0,0.0,9.0,1.0,2.0,0.0,87666,45722,83,81,37,30,253,196,57121,44201,40137,27217,52155,41540,430.0,-430.0,1040.0,-1040.0,4186.0,-4186.0,528.0,-528.0,-32.0,32.0,3999.0,-3999.0,6.0,-6.0,-8.0,8.0,37.0,-37.0,oe:team:b3c72a20aa56f5d28022ac04a7dc294|oe:team:ce499dea30cfce118f4fe85da0227e8,LCK_20260508_DN_SOOPers_vs_T1_S2,0,0,0,[],0,False,45.0,28.0,0.6222222222222222,20.0,0.6,0.0,,55.0,17.0,0.3090909090909091,31.0,0.2903225806451613,2.0,0.0,2.0,1.0,2.0,0.0
LOLTMNT01_378764,2026-05-08 08:52:21+00:00,LCK,2026,2,Rounds 1-2,0,16.09,complete,,T1,oe:team:ce499dea30cfce118f4fe85da0227e8,DN SOOPers,oe:team:b3c72a20aa56f5d28022ac04a7dc294,1,0,BLUE,T1,BLUE,Rumble,Bard,Orianna,Akali,Varus,Karma,Jarvan IV,Nocturne,Ezreal,Lee Sin,Neeko,Jhin,Pantheon,Kai'Sa,Sivir,Rakan,Vayne,Caitlyn,Renekton,Gnar,1485,1485,18,4,4,18,46,9,1.0,0.0,1.0,0.0,4.0,0.0,1.0,0.0,3.0,0.0,,,0.0,0.0,1.0,0.0,9.0,0.0,1.0,0.0,77186,43886,92,76,30,42,239,206,54947,40385,38422,23860,49965,39393,3094.0,-3094.0,6270.0,-6270.0,9987.0,-9987.0,1999.0,-1999.0,4525.0,-4525.0,6880.0,-6880.0,37.0,-37.0,73.0,-73.0,97.0,-97.0,oe:team:b3c72a20aa56f5d28022ac04a7dc294|oe:team:ce499dea30cfce118f4fe85da0227e8,LCK_20260508_DN_SOOPers_vs_T1_S2,1,0,1,"[""Ashe"", ""Ziggs"", ""Xin Zhao"", ""Vi"", ""Seraphine"", ""Yone"", ""Jayce"", ""Camille"", ""Ahri"", ""K'Sante""]",10,False,46.0,29.0,0.6304347826086957,21.0,0.6190476190476191,1.0,1.0,56.0,17.0,0.30357142857142855,32.0,0.28125,3.0,0.0,3.0,1.0,3.0,0.0
LOLTMNT01_378900,2026-05-08 10:40:52+00:00,LCK,2026,1,Rounds 1-2,0,16.09,complete,,Gen.G,oe:team:50f58982d91a36557ec8aec52ab014f,Kiwoom DRX,oe:team:1d0389df0c5eea93b04122ba167c010,1,0,BLUE,Gen.G,BLUE,Bard,Orianna,Karma,Ezreal,Varus,Rumble,Jhin,Jarvan IV,Nocturne,Xin Zhao,Pantheon,Ryze,Nautilus,Azir,Sion,Seraphine,Gwen,Jayce,Anivia,Gnar,1679,1679,29,5,6,29,69,12,1.0,0.0,0.0,1.0,3.0,1.0,1.0,0.0,3.0,0.0,1.0,0.0,1.0,0.0,1.0,0.0,11.0,0.0,2.0,0.0,108472,81148,99,77,32,32,272,222,62501,46440,43997,27936,55770,45501,1892.0,-1892.0,4418.0,-4418.0,9587.0,-9587.0,1380.0,-1380.0,4663.0,-4663.0,8112.0,-8112.0,19.0,-19.0,36.0,-36.0,49.0,-49.0,oe:team:1d0389df0c5eea93b04122ba167c010|oe:team:50f58982d91a36557ec8aec52ab014f,LCK_20260508_Gen_G_vs_Kiwoom_DRX_S3,0,0,0,[],0,False,47.0,37.0,0.7872340425531915,29.0,0.8275862068965517,2.0,1.0,55.0,22.0,0.4,29.0,0.3793103448275862,0.0,,5.0,0.8,5.0,0.2
LOLTMNT01_377874,2026-05-08 11:32:42+00:00,LCK,2026,2,Rounds 1-2,0,16.09,complete,,Gen.G,oe:team:50f58982d91a36557ec8aec52ab014f,Kiwoom DRX,oe:team:1d0389df0c5eea93b04122ba167c010,1,0,BLUE,Gen.G,BLUE,Varus,Orianna,Annie,Lucian,Bard,Rumble,Kog'Maw,Milio,Nocturne,Caitlyn,Lulu,Xin Zhao,Aurora,Trundle,Shen,Renekton,Jayce,Lee Sin,Naafiri,Viktor,1791,1791,19,7,7,19,46,19,1.0,0.0,0.0,1.0,2.0,2.0,1.0,0.0,3.0,0.0,1.0,0.0,1.0,0.0,1.0,0.0,10.0,0.0,2.0,0.0,145084,78305,101,86,51,45,288,246,65408,52036,45762,32390,57500,49970,1233.0,-1233.0,1855.0,-1855.0,5239.0,-5239.0,984.0,-984.0,1627.0,-1627.0,3652.0,-3652.0,17.0,-17.0,33.0,-33.0,52.0,-52.0,oe:team:1d0389df0c5eea93b04122ba167c010|oe:team:50f58982d91a36557ec8aec52ab014f,LCK_20260508_Gen_G_vs_Kiwoom_DRX_S3,1,0,1,"[""Karma"", ""Ezreal"", ""Jhin"", ""Jarvan IV"", ""Pantheon"", ""Ryze"", ""Sion"", ""Seraphine"", ""Anivia"", ""Gnar""]",10,False,48.0,38.0,0.7916666666666666,30.0,0.8333333333333334,3.0,1.0,56.0,22.0,0.39285714285714285,30.0,0.36666666666666664,1.0,0.0,6.0,0.8333333333333334,6.0,0.16666666666666666
LOLTMNT01_380497,2026-05-09 08:06:41+00:00,LCK,2026,1,Rounds 1-2,0,16.09,complete,,KT Rolster,oe:team:d723992568441c6bafa2658129eade7,BNK FEARX,oe:team:5c2e7e9ea8dfcba0150d9a5619baecf,0,1,RED,BNK FEARX,RED,Rumble,Varus,Ashe,Jarvan IV,Karma,Lucian,Seraphine,Mel,Orianna,Bard,Xin Zhao,Skarner,Gnar,Ryze,Jayce,Olaf,Vayne,Azir,Taliyah,Aurora,1854,1854,5,16,16,5,13,37,0.0,1.0,0.0,1.0,0.0,4.0,0.0,1.0,0.0,3.0,0.0,1.0,0.0,1.0,0.0,1.0,2.0,8.0,0.0,1.0,59129,69220,123,116,35,51,267,338,54052,63055,33763,42766,52580,55625,-139.0,139.0,-1565.0,1565.0,-4740.0,4740.0,-612.0,612.0,-2362.0,2362.0,-4805.0,4805.0,13.0,-13.0,2.0,-2.0,-24.0,24.0,oe:team:5c2e7e9ea8dfcba0150d9a5619baecf|oe:team:d723992568441c6bafa2658129eade7,LCK_20260509_BNK_FEARX_vs_KT_Rolster_S2,0,0,0,[],0,False,41.0,24.0,0.5853658536585366,19.0,0.7368421052631579,2.0,1.0,56.0,25.0,0.44642857142857145,23.0,0.43478260869565216,2.0,0.0,2.0,1.0,2.0,0.0
LOLTMNT01_380553,2026-05-09 08:59:58+00:00,LCK,2026,2,Rounds 1-2,0,16.09,complete,,KT Rolster,oe:team:d723992568441c6bafa2658129eade7,BNK FEARX,oe:team:5c2e7e9ea8dfcba0150d9a5619baecf,0,1,RED,BNK FEARX,BLUE,Varus,Rumble,Vi,Bard,Nocturne,Karma,Yunara,Renekton,Lucian,Orianna,Lulu,Caitlyn,Pantheon,Ryze,K'Sante,Wukong,Annie,Gnar,Ahri,Lissandra,1728,1728,8,20,20,8,17,47,1.0,0.0,0.0,1.0,0.0,4.0,0.0,1.0,3.0,0.0,0.0,1.0,0.0,1.0,0.0,1.0,0.0,7.0,0.0,1.0,63838,76486,113,108,40,63,289,316,48479,61786,29475,42782,46860,52663,435.0,-435.0,-2411.0,2411.0,-3177.0,3177.0,-306.0,306.0,-3311.0,3311.0,-1951.0,1951.0,0.0,0.0,-35.0,35.0,-34.0,34.0,oe:team:5c2e7e9ea8dfcba0150d9a5619baecf|oe:team:d723992568441c6bafa2658129eade7,LCK_20260509_BNK_FEARX_vs_KT_Rolster_S2,0,1,1,"[""Ashe"", ""Jarvan IV"", ""Seraphine"", ""Mel"", ""Xin Zhao"", ""Skarner"", ""Jayce"", ""Olaf"", ""Taliyah"", ""Aurora""]",10,False,42.0,24.0,0.5714285714285714,20.0,0.7,3.0,0.6666666666666666,57.0,26.0,0.45614035087719296,24.0,0.4583333333333333,3.0,0.3333333333333333,3.0,0.6666666666666666,3.0,0.3333333333333333
LOLTMNT01_379647,2026-05-09 10:15:45+00:00,LCK,2026,1,Rounds 1-2,0,16.09,complete,,HANJIN BRION,oe:team:b77b3f6068e20a2b3edc0ecd3dc70d4,Nongshim RedForce,oe:team:5cd2cd09ec94296f605dd13a2924d6c,1,0,BLUE,HANJIN BRION,RED,Orianna,Varus,Rumble,Jarvan IV,Karma,Ezreal,Lucian,Caitlyn,Azir,Lee Sin,Milio,Bard,Anivia,Nocturne,Ryze,Ambessa,Cassiopeia,Vi,Xin Zhao,Annie,2059,2059,13,6,7,13,30,16,1.0,0.0,0.0,1.0,2.0,3.0,1.0,0.0,3.0,0.0,1.0,0.0,1.0,0.0,0.0,1.0,9.0,3.0,2.0,0.0,91053,66663,133,133,63,64,390,354,67603,58563,45223,36183,59825,57245,836.0,-836.0,1103.0,-1103.0,1541.0,-1541.0,911.0,-911.0,1952.0,-1952.0,1698.0,-1698.0,37.0,-37.0,28.0,-28.0,25.0,-25.0,oe:team:5cd2cd09ec94296f605dd13a2924d6c|oe:team:b77b3f6068e20a2b3edc0ecd3dc70d4,LCK_20260509_HANJIN_BRION_vs_Nongshim_RedForce_S2,0,0,0,[],0,False,43.0,16.0,0.37209302325581395,20.0,0.4,2.0,1.0,45.0,17.0,0.37777777777777777,27.0,0.37037037037037035,2.0,0.0,3.0,0.3333333333333333,3.0,0.6666666666666666
LOLTMNT01_380657,2026-05-09 11:12:58+00:00,LCK,2026,2,Rounds 1-2,0,16.09,complete,,HANJIN BRION,oe:team:b77b3f6068e20a2b3edc0ecd3dc70d4,Nongshim RedForce,oe:team:5cd2cd09ec94296f605dd13a2924d6c,1,0,BLUE,HANJIN BRION,BLUE,Varus,Orianna,Pantheon,Ashe,Azir,Ezreal,Miss Fortune,Seraphine,Karma,Nocturne,Nautilus,Skarner,Viktor,Jayce,Twisted Fate,Gnar,Renekton,Vayne,Aurora,Taliyah,1817,1817,18,13,13,18,35,36,0.0,1.0,0.0,1.0,1.0,3.0,1.0,0.0,3.0,0.0,1.0,0.0,1.0,0.0,0.0,1.0,9.0,1.0,1.0,0.0,94479,73689,120,105,47,50,297,304,61827,51446,41916,31535,55745,48698,959.0,-959.0,19.0,-19.0,1425.0,-1425.0,234.0,-234.0,979.0,-979.0,1209.0,-1209.0,21.0,-21.0,42.0,-42.0,17.0,-17.0,oe:team:5cd2cd09ec94296f605dd13a2924d6c|oe:team:b77b3f6068e20a2b3edc0ecd3dc70d4,LCK_20260509_HANJIN_BRION_vs_Nongshim_RedForce_S2,1,0,1,"[""Rumble"", ""Jarvan IV"", ""Lucian"", ""Caitlyn"", ""Milio"", ""Bard"", ""Ryze"", ""Ambessa"", ""Xin Zhao"", ""Annie""]",10,False,44.0,17.0,0.38636363636363635,21.0,0.42857142857142855,3.0,1.0,46.0,17.0,0.3695652173913043,28.0,0.35714285714285715,3.0,0.0,4.0,0.5,4.0,0.5
LOLTMNT01_382057,2026-05-10 08:09:29+00:00,LCK,2026,1,Rounds 1-2,0,16.09,complete,,T1,oe:team:ce499dea30cfce118f4fe85da0227e8,Dplus Kia,oe:team:ef69efa6acebe94107f0cf1ba716806,1,0,BLUE,T1,RED,Orianna,Nocturne,Ashe,Rumble,Karma,Bard,Xin Zhao,Seraphine,Jarvan IV,Varus,Lulu,Trundle,Ezreal,Azir,Twisted Fate,Caitlyn,Miss Fortune,Anivia,Yorick,Sylas,1531,1531,14,9,9,14,29,18,1.0,0.0,0.0,1.0,2.0,1.0,1.0,0.0,3.0,0.0,1.0,0.0,1.0,0.0,1.0,0.0,10.0,2.0,1.0,0.0,70059,54591,86,79,36,36,231,223,57163,47207,40169,30213,50003,46478,-3.0,3.0,658.0,-658.0,4232.0,-4232.0,-397.0,397.0,-18.0,18.0,2952.0,-2952.0,12.0,-12.0,12.0,-12.0,-1.0,1.0,oe:team:ce499dea30cfce118f4fe85da0227e8|oe:team:ef69efa6acebe94107f0cf1ba716806,LCK_20260510_Dplus_Kia_vs_T1_S4,0,0,0,[],0,False,47.0,30.0,0.6382978723404256,22.0,0.6363636363636364,2.0,1.0,60.0,32.0,0.5333333333333333,24.0,0.4166666666666667,2.0,0.0,11.0,0.5454545454545454,11.0,0.45454545454545453
LOLTMNT01_382071,2026-05-10 08:58:19+00:00,LCK,2026,2,Rounds 1-2,0,16.09,complete,,T1,oe:team:ce499dea30cfce118f4fe85da0227e8,Dplus Kia,oe:team:ef69efa6acebe94107f0cf1ba716806,1,0,BLUE,T1,RED,Orianna,Nocturne,Vi,Lucian,Karma,Bard,Ezreal,Milio,Lee Sin,Varus,Neeko,Jarvan IV,Akali,Gnar,Anivia,Sion,Jayce,Azir,Ambessa,Viktor,2138,2138,21,16,16,21,49,38,0.0,1.0,1.0,0.0,4.0,0.0,1.0,0.0,0.0,3.0,1.0,0.0,1.0,0.0,1.0,0.0,8.0,3.0,1.0,0.0,144455,135411,133,129,60,60,364,359,72141,65433,48955,42247,66128,64820,-390.0,390.0,-204.0,204.0,361.0,-361.0,206.0,-206.0,664.0,-664.0,634.0,-634.0,27.0,-27.0,47.0,-47.0,44.0,-44.0,oe:team:ce499dea30cfce118f4fe85da0227e8|oe:team:ef69efa6acebe94107f0cf1ba716806,LCK_20260510_Dplus_Kia_vs_T1_S4,1,0,1,"[""Ashe"", ""Rumble"", ""Xin Zhao"", ""Seraphine"", ""Lulu"", ""Trundle"", ""Twisted Fate"", ""Caitlyn"", ""Yorick"", ""Sylas""]",10,False,48.0,31.0,0.6458333333333334,23.0,0.6521739130434783,3.0,1.0,61.0,32.0,0.5245901639344263,25.0,0.4,3.0,0.0,12.0,0.5833333333333334,12.0,0.4166666666666667
LOLTMNT01_382136,2026-05-10 10:31:52+00:00,LCK,2026,1,Rounds 1-2,0,16.09,complete,,Kiwoom DRX,oe:team:1d0389df0c5eea93b04122ba167c010,Hanwha Life Esports,oe:team:3a1d18f46bcb3716ebcfcf4ef068934,1,0,BLUE,Kiwoom DRX,BLUE,Varus,Orianna,Jarvan IV,Bard,Jayce,Rumble,Gnar,Xin Zhao,Vayne,Ezreal,Ryze,Cassiopeia,Caitlyn,Yunara,Miss Fortune,Tristana,Jhin,Karma,Nautilus,Sivir,1568,1568,24,12,12,24,67,28,1.0,0.0,1.0,0.0,4.0,0.0,1.0,0.0,0.0,3.0,,,0.0,0.0,0.0,1.0,7.0,1.0,1.0,0.0,89730,74330,84,93,42,42,253,257,58040,48958,40668,31586,49623,47995,1216.0,-1216.0,-729.0,729.0,2236.0,-2236.0,258.0,-258.0,-1655.0,1655.0,2195.0,-2195.0,4.0,-4.0,-3.0,3.0,12.0,-12.0,oe:team:1d0389df0c5eea93b04122ba167c010|oe:team:3a1d18f46bcb3716ebcfcf4ef068934,LCK_20260510_Hanwha_Life_Esports_vs_Kiwoom_DRX_S2,0,0,0,[],0,False,57.0,22.0,0.38596491228070173,26.0,0.4230769230769231,2.0,0.0,39.0,25.0,0.6410256410256411,21.0,0.6666666666666666,2.0,1.0,2.0,0.0,2.0,1.0
LOLTMNT01_382172,2026-05-10 11:20:52+00:00,LCK,2026,2,Rounds 1-2,0,16.09,complete,,Kiwoom DRX,oe:team:1d0389df0c5eea93b04122ba167c010,Hanwha Life Esports,oe:team:3a1d18f46bcb3716ebcfcf4ef068934,0,1,RED,Hanwha Life Esports,RED,Orianna,Varus,Anivia,Rumble,Jayce,Karma,Lucian,Vi,Yone,Aurora,Annie,Ahri,Jhin,Milio,Lee Sin,Ashe,Caitlyn,Wukong,Nami,Seraphine,1483,1483,8,26,26,8,14,48,1.0,0.0,0.0,1.0,0.0,3.0,0.0,1.0,0.0,3.0,0.0,1.0,0.0,1.0,0.0,1.0,0.0,10.0,0.0,1.0,52596,89787,74,75,20,29,174,215,41991,57034,25486,40529,39070,50350,-2084.0,2084.0,-4680.0,4680.0,-9769.0,9769.0,-991.0,991.0,-5049.0,5049.0,-9035.0,9035.0,-8.0,8.0,-68.0,68.0,-108.0,108.0,oe:team:1d0389df0c5eea93b04122ba167c010|oe:team:3a1d18f46bcb3716ebcfcf4ef068934,LCK_20260510_Hanwha_Life_Esports_vs_Kiwoom_DRX_S2,1,0,1,"[""Jarvan IV"", ""Bard"", ""Gnar"", ""Xin Zhao"", ""Ryze"", ""Cassiopeia"", ""Miss Fortune"", ""Tristana"", ""Nautilus"", ""Sivir""]",10,False,58.0,23.0,0.39655172413793105,27.0,0.4444444444444444,3.0,0.3333333333333333,40.0,25.0,0.625,22.0,0.6363636363636364,3.0,0.6666666666666666,3.0,0.3333333333333333,3.0,0.6666666666666666
LOLTMNT01_382190,2026-05-10 12:06:37+00:00,LCK,2026,3,Rounds 1-2,0,16.09,complete,,Hanwha Life Esports,oe:team:3a1d18f46bcb3716ebcfcf4ef068934,Kiwoom DRX,oe:team:1d0389df0c5eea93b04122ba167c010,1,0,BLUE,Hanwha Life Esports,RED,Orianna,Jayce,Lulu,Varus,Karma,Vayne,Yunara,Nocturne,Ezreal,Twisted Fate,Jax,Aurora,Caitlyn,Taliyah,Sylas,Poppy,Renekton,Azir,Pantheon,K'Sante,1527,1527,21,17,17,21,39,28,1.0,0.0,0.0,1.0,3.0,1.0,1.0,0.0,3.0,0.0,,,0.0,0.0,1.0,0.0,8.0,1.0,1.0,0.0,83598,82658,72,78,33,25,206,207,56051,48853,39098,31900,47493,45790,1807.0,-1807.0,1549.0,-1549.0,2694.0,-2694.0,-43.0,43.0,-232.0,232.0,266.0,-266.0,13.0,-13.0,32.0,-32.0,32.0,-32.0,oe:team:1d0389df0c5eea93b04122ba167c010|oe:team:3a1d18f46bcb3716ebcfcf4ef068934,LCK_20260510_Hanwha_Life_Esports_vs_Kiwoom_DRX_S2,1,1,2,"[""Jarvan IV"", ""Bard"", ""Gnar"", ""Xin Zhao"", ""Ryze"", ""Cassiopeia"", ""Miss Fortune"", ""Tristana"", ""Nautilus"", ""Sivir"", ""Anivia"", ""Rumble"", ""Lucian"", ""Vi"", ""Annie"", ""Ahri"", ""Lee Sin"", ""Ashe"", ""Nami"", ""Seraphine""]",20,False,41.0,26.0,0.6341463414634146,18.0,0.6111111111111112,4.0,0.75,59.0,23.0,0.3898305084745763,31.0,0.3548387096774194,4.0,0.25,4.0,0.75,4.0,0.25
LOLTMNT01_384714,2026-05-13 08:06:21+00:00,LCK,2026,1,Rounds 1-2,0,16.09,complete,,T1,oe:team:ce499dea30cfce118f4fe85da0227e8,Nongshim RedForce,oe:team:5cd2cd09ec94296f605dd13a2924d6c,1,0,BLUE,T1,BLUE,Varus,Bard,Ashe,Jarvan IV,Lucian,Karma,Xin Zhao,Ezreal,Rumble,Orianna,Seraphine,Neeko,Azir,Gnar,Ryze,Twisted Fate,Akali,Annie,Sion,Ambessa,1450,1450,22,6,6,22,43,11,1.0,0.0,0.0,1.0,2.0,1.0,1.0,0.0,0.0,3.0,1.0,0.0,1.0,0.0,1.0,0.0,7.0,0.0,1.0,0.0,78723,58432,76,79,35,33,216,198,54405,40792,38237,24624,48305,39788,307.0,-307.0,2467.0,-2467.0,5865.0,-5865.0,566.0,-566.0,2400.0,-2400.0,6699.0,-6699.0,39.0,-39.0,52.0,-52.0,77.0,-77.0,oe:team:5cd2cd09ec94296f605dd13a2924d6c|oe:team:ce499dea30cfce118f4fe85da0227e8,LCK_20260513_Nongshim_RedForce_vs_T1_S2,0,0,0,[],0,False,49.0,32.0,0.6530612244897959,24.0,0.6666666666666666,4.0,1.0,47.0,17.0,0.3617021276595745,29.0,0.3448275862068966,4.0,0.0,2.0,1.0,2.0,0.0
LOLTMNT01_383765,2026-05-13 08:53:32+00:00,LCK,2026,2,Rounds 1-2,0,16.09,complete,,Nongshim RedForce,oe:team:5cd2cd09ec94296f605dd13a2924d6c,T1,oe:team:ce499dea30cfce118f4fe85da0227e8,0,1,RED,T1,RED,Karma,Varus,Pantheon,Lucian,Orianna,Trundle,Rumble,K'Sante,Vi,Nocturne,Viktor,Milio,Skarner,Caitlyn,Corki,Akali,Lee Sin,Lulu,Nami,Wukong,1876,1876,17,20,20,17,38,30,1.0,0.0,0.0,1.0,2.0,2.0,1.0,0.0,2.0,0.0,0.0,1.0,0.0,1.0,0.0,1.0,2.0,9.0,0.0,1.0,104924,106007,108,110,39,43,281,284,56669,64457,36156,43944,56238,53053,-787.0,787.0,-1102.0,1102.0,211.0,-211.0,-1767.0,1767.0,-2597.0,2597.0,-2269.0,2269.0,-11.0,11.0,-33.0,33.0,-68.0,68.0,oe:team:5cd2cd09ec94296f605dd13a2924d6c|oe:team:ce499dea30cfce118f4fe85da0227e8,LCK_20260513_Nongshim_RedForce_vs_T1_S2,0,1,1,"[""Ashe"", ""Jarvan IV"", ""Xin Zhao"", ""Ezreal"", ""Seraphine"", ""Neeko"", ""Ryze"", ""Twisted Fate"", ""Sion"", ""Ambessa""]",10,False,48.0,17.0,0.3541666666666667,18.0,0.3888888888888889,5.0,0.0,50.0,33.0,0.66,25.0,0.64,5.0,1.0,3.0,0.0,3.0,1.0
LOLTMNT01_384771,2026-05-13 10:12:11+00:00,LCK,2026,1,Rounds 1-2,0,16.09,complete,,Dplus Kia,oe:team:ef69efa6acebe94107f0cf1ba716806,DN SOOPers,oe:team:b3c72a20aa56f5d28022ac04a7dc294,1,0,BLUE,Dplus Kia,BLUE,Varus,Orianna,Jarvan IV,Lucian,Nocturne,Rumble,Caitlyn,Milio,Vi,Karma,Lux,Xin Zhao,Gnar,Anivia,Cassiopeia,Viktor,Twisted Fate,Akali,Sion,Gwen,1548,1548,18,5,5,18,29,11,0.0,1.0,1.0,0.0,3.0,0.0,1.0,0.0,0.0,2.0,1.0,0.0,1.0,0.0,1.0,0.0,10.0,0.0,2.0,0.0,81518,64416,80,78,39,34,245,205,56455,43032,39287,25864,51350,40420,2453.0,-2453.0,5504.0,-5504.0,8324.0,-8324.0,885.0,-885.0,3008.0,-3008.0,3873.0,-3873.0,38.0,-38.0,60.0,-60.0,59.0,-59.0,oe:team:b3c72a20aa56f5d28022ac04a7dc294|oe:team:ef69efa6acebe94107f0cf1ba716806,LCK_20260513_DN_SOOPers_vs_Dplus_Kia_S4,0,0,0,[],0,False,62.0,32.0,0.5161290322580645,36.0,0.6111111111111112,4.0,0.0,57.0,17.0,0.2982456140350877,33.0,0.2727272727272727,4.0,0.0,8.0,0.875,8.0,0.125
LOLTMNT01_383870,2026-05-13 11:00:26+00:00,LCK,2026,2,Rounds 1-2,0,16.09,complete,,Dplus Kia,oe:team:ef69efa6acebe94107f0cf1ba716806,DN SOOPers,oe:team:b3c72a20aa56f5d28022ac04a7dc294,1,0,BLUE,Dplus Kia,BLUE,Varus,Rumble,Ashe,Pantheon,Nocturne,Orianna,Lulu,Seraphine,Trundle,Karma,Skarner,Ezreal,Jayce,Twisted Fate,Gnar,Ryze,Vayne,Anivia,Taliyah,Sylas,1575,1575,9,4,4,9,20,6,0.0,1.0,1.0,0.0,2.0,0.0,1.0,0.0,3.0,0.0,1.0,0.0,1.0,0.0,1.0,0.0,10.0,1.0,2.0,0.0,72826,45305,99,77,48,35,285,200,54373,44319,36930,26876,49443,42798,650.0,-650.0,1900.0,-1900.0,4883.0,-4883.0,377.0,-377.0,2274.0,-2274.0,3528.0,-3528.0,25.0,-25.0,76.0,-76.0,91.0,-91.0,oe:team:b3c72a20aa56f5d28022ac04a7dc294|oe:team:ef69efa6acebe94107f0cf1ba716806,LCK_20260513_DN_SOOPers_vs_Dplus_Kia_S4,1,0,1,"[""Jarvan IV"", ""Lucian"", ""Caitlyn"", ""Milio"", ""Lux"", ""Xin Zhao"", ""Cassiopeia"", ""Viktor"", ""Sion"", ""Gwen""]",10,False,63.0,33.0,0.5238095238095238,37.0,0.6216216216216216,5.0,0.2,58.0,17.0,0.29310344827586204,34.0,0.2647058823529412,5.0,0.0,9.0,0.8888888888888888,9.0,0.1111111111111111
LOLTMNT01_387134,2026-05-14 08:07:03+00:00,LCK,2026,1,Rounds 1-2,0,16.09,complete,,BNK FEARX,oe:team:5c2e7e9ea8dfcba0150d9a5619baecf,Gen.G,oe:team:50f58982d91a36557ec8aec52ab014f,0,1,RED,Gen.G,RED,Karma,Varus,Ashe,Jarvan IV,Orianna,Bard,Seraphine,Lucian,Rumble,Xin Zhao,Vi,Milio,Twisted Fate,Gnar,Renekton,Sion,Annie,Ahri,Akali,Cassiopeia,1908,1908,6,17,17,6,14,54,1.0,0.0,0.0,1.0,1.0,4.0,0.0,1.0,0.0,3.0,0.0,1.0,0.0,1.0,1.0,0.0,3.0,9.0,0.0,1.0,67756,99183,96,130,51,46,290,314,56395,67723,35555,46883,54345,61000,962.0,-962.0,730.0,-730.0,-1030.0,1030.0,356.0,-356.0,522.0,-522.0,-2231.0,2231.0,-2.0,2.0,-4.0,4.0,-7.0,7.0,oe:team:50f58982d91a36557ec8aec52ab014f|oe:team:5c2e7e9ea8dfcba0150d9a5619baecf,LCK_20260514_BNK_FEARX_vs_Gen_G_S5,0,0,0,[],0,False,58.0,27.0,0.46551724137931033,33.0,0.45454545454545453,4.0,0.5,49.0,39.0,0.7959183673469388,18.0,0.7222222222222222,4.0,1.0,11.0,0.09090909090909091,11.0,0.9090909090909091
LOLTMNT01_388121,2026-05-14 09:00:54+00:00,LCK,2026,2,Rounds 1-2,0,16.09,complete,,BNK FEARX,oe:team:5c2e7e9ea8dfcba0150d9a5619baecf,Gen.G,oe:team:50f58982d91a36557ec8aec52ab014f,0,1,RED,Gen.G,BLUE,Varus,Rumble,Nocturne,Neeko,Bard,Karma,Yunara,Wukong,Ezreal,Orianna,Lulu,Ryze,Corki,Anivia,Annie,Jhin,Caitlyn,Twisted Fate,Gnar,Vayne,1768,1768,8,20,20,8,17,39,0.0,1.0,0.0,1.0,0.0,4.0,1.0,0.0,3.0,0.0,0.0,1.0,0.0,1.0,1.0,0.0,2.0,8.0,0.0,1.0,67823,84308,95,118,49,46,258,287,51669,62763,32257,43351,49358,54718,-208.0,208.0,-1277.0,1277.0,-480.0,480.0,-42.0,42.0,-822.0,822.0,-517.0,517.0,7.0,-7.0,-13.0,13.0,3.0,-3.0,oe:team:50f58982d91a36557ec8aec52ab014f|oe:team:5c2e7e9ea8dfcba0150d9a5619baecf,LCK_20260514_BNK_FEARX_vs_Gen_G_S5,0,1,1,"[""Ashe"", ""Jarvan IV"", ""Seraphine"", ""Lucian"", ""Vi"", ""Milio"", ""Renekton"", ""Sion"", ""Akali"", ""Cassiopeia""]",10,False,59.0,27.0,0.4576271186440678,34.0,0.4411764705882353,5.0,0.4,50.0,40.0,0.8,19.0,0.7368421052631579,5.0,1.0,12.0,0.08333333333333333,12.0,0.9166666666666666
LOLTMNT01_387204,2026-05-14 10:15:56+00:00,LCK,2026,1,Rounds 1-2,0,16.09,complete,,Kiwoom DRX,oe:team:1d0389df0c5eea93b04122ba167c010,KT Rolster,oe:team:d723992568441c6bafa2658129eade7,0,1,RED,KT Rolster,RED,Orianna,Varus,Ezreal,Karma,Rumble,Lucian,Xin Zhao,Sivir,Trundle,Jarvan IV,Bard,Pantheon,Cassiopeia,Gnar,Renekton,Jayce,Viktor,Ryze,Aurora,Annie,1446,1446,3,23,23,3,7,51,0.0,1.0,0.0,1.0,1.0,2.0,0.0,1.0,0.0,3.0,0.0,1.0,0.0,1.0,0.0,1.0,0.0,10.0,0.0,2.0,46926,94462,64,79,28,29,179,215,38334,54655,22207,38528,35823,48655,-1732.0,1732.0,-4799.0,4799.0,-10679.0,10679.0,-693.0,693.0,-3452.0,3452.0,-8089.0,8089.0,-27.0,27.0,-58.0,58.0,-115.0,115.0,oe:team:1d0389df0c5eea93b04122ba167c010|oe:team:d723992568441c6bafa2658129eade7,LCK_20260514_KT_Rolster_vs_Kiwoom_DRX_S2,0,0,0,[],0,False,60.0,23.0,0.38333333333333336,28.0,0.42857142857142855,5.0,0.2,43.0,24.0,0.5581395348837209,22.0,0.45454545454545453,4.0,0.5,2.0,0.0,2.0,1.0
LOLTMNT01_387218,2026-05-14 11:00:58+00:00,LCK,2026,2,Rounds 1-2,0,16.09,complete,,KT Rolster,oe:team:d723992568441c6bafa2658129eade7,Kiwoom DRX,oe:team:1d0389df0c5eea93b04122ba167c010,0,1,RED,Kiwoom DRX,RED,Rumble,Varus,Gnar,Orianna,Lucian,Ashe,Jarvan IV,Yunara,Nocturne,Vayne,Ryze,Lulu,Naafiri,Caitlyn,Corki,Vi,Lee Sin,Nautilus,Nami,Kennen,1879,1879,11,22,22,11,29,38,0.0,1.0,0.0,1.0,0.0,4.0,0.0,1.0,3.0,0.0,0.0,1.0,0.0,2.0,0.0,1.0,5.0,8.0,0.0,1.0,60867,100160,106,106,46,61,283,330,59107,66032,38563,45488,57411,60225,-841.0,841.0,-2252.0,2252.0,-3966.0,3966.0,-1155.0,1155.0,-3286.0,3286.0,-4490.0,4490.0,-9.0,9.0,-44.0,44.0,-42.0,42.0,oe:team:1d0389df0c5eea93b04122ba167c010|oe:team:d723992568441c6bafa2658129eade7,LCK_20260514_KT_Rolster_vs_Kiwoom_DRX_S2,1,0,1,"[""Ezreal"", ""Karma"", ""Xin Zhao"", ""Sivir"", ""Bard"", ""Pantheon"", ""Renekton"", ""Jayce"", ""Aurora"", ""Annie""]",10,False,44.0,25.0,0.5681818181818182,21.0,0.6666666666666666,5.0,0.6,61.0,23.0,0.3770491803278688,32.0,0.34375,6.0,0.16666666666666666,3.0,1.0,3.0,0.0
LOLTMNT01_388206,2026-05-14 11:54:30+00:00,LCK,2026,3,Rounds 1-2,0,16.09,complete,,Kiwoom DRX,oe:team:1d0389df0c5eea93b04122ba167c010,KT Rolster,oe:team:d723992568441c6bafa2658129eade7,0,1,RED,KT Rolster,BLUE,Varus,Rumble,Caitlyn,Neeko,Ashe,Lucian,Lux,Naafiri,Trundle,Nocturne,K'Sante,Jhin,Vayne,Lee Sin,Poppy,Zaahen,Ambessa,Skarner,Cassiopeia,Hwei,2062,2062,16,22,22,16,35,52,0.0,1.0,0.0,1.0,0.0,4.0,1.0,0.0,0.0,3.0,1.0,0.0,1.0,0.0,0.0,1.0,2.0,6.0,0.0,1.0,103211,118542,104,125,54,48,298,318,64754,65782,42344,43372,61575,61663,-168.0,168.0,246.0,-246.0,-566.0,566.0,-889.0,889.0,-405.0,405.0,-148.0,148.0,-1.0,1.0,29.0,-29.0,28.0,-28.0,oe:team:1d0389df0c5eea93b04122ba167c010|oe:team:d723992568441c6bafa2658129eade7,LCK_20260514_KT_Rolster_vs_Kiwoom_DRX_S2,1,1,2,"[""Ezreal"", ""Karma"", ""Xin Zhao"", ""Sivir"", ""Bard"", ""Pantheon"", ""Renekton"", ""Jayce"", ""Aurora"", ""Annie"", ""Gnar"", ""Orianna"", ""Jarvan IV"", ""Yunara"", ""Ryze"", ""Lulu"", ""Corki"", ""Vi"", ""Nami"", ""Kennen""]",20,False,62.0,24.0,0.3870967741935484,29.0,0.41379310344827586,7.0,0.2857142857142857,45.0,25.0,0.5555555555555556,23.0,0.4782608695652174,6.0,0.5,4.0,0.25,4.0,0.75
LOLTMNT01_388455,2026-05-15 08:07:51+00:00,LCK,2026,1,Rounds 1-2,0,16.09,complete,,Hanwha Life Esports,oe:team:3a1d18f46bcb3716ebcfcf4ef068934,Dplus Kia,oe:team:ef69efa6acebe94107f0cf1ba716806,1,0,BLUE,Hanwha Life Esports,BLUE,Varus,Lucian,Orianna,Jarvan IV,Ezreal,Bard,Caitlyn,Ashe,Rumble,Nocturne,Karma,Seraphine,Gnar,Xin Zhao,Sion,Zyra,Viktor,Naafiri,Lee Sin,Irelia,2250,2250,23,17,17,23,48,37,1.0,0.0,0.0,1.0,2.0,3.0,1.0,0.0,3.0,0.0,1.0,0.0,3.0,0.0,0.0,1.0,9.0,6.0,2.0,0.0,101728,107550,146,158,67,67,364,402,78103,73218,53775,48890,70090,71070,895.0,-895.0,397.0,-397.0,-1748.0,1748.0,515.0,-515.0,1011.0,-1011.0,995.0,-995.0,27.0,-27.0,24.0,-24.0,-27.0,27.0,oe:team:3a1d18f46bcb3716ebcfcf4ef068934|oe:team:ef69efa6acebe94107f0cf1ba716806,LCK_20260515_Dplus_Kia_vs_Hanwha_Life_Esports_S2,0,0,0,[],0,False,42.0,27.0,0.6428571428571429,19.0,0.631578947368421,5.0,0.8,64.0,34.0,0.53125,26.0,0.38461538461538464,6.0,0.3333333333333333,2.0,1.0,2.0,0.0
LOLTMNT01_387607,2026-05-15 09:08:46+00:00,LCK,2026,2,Rounds 1-2,0,16.09,complete,,Hanwha Life Esports,oe:team:3a1d18f46bcb3716ebcfcf4ef068934,Dplus Kia,oe:team:ef69efa6acebe94107f0cf1ba716806,1,0,BLUE,Hanwha Life Esports,RED,Bard,Varus,Xin Zhao,Lulu,Rumble,Nautilus,Corki,Yunara,Vi,Lucian,Nami,Twisted Fate,Pantheon,Azir,Cassiopeia,Nocturne,Skarner,Annie,Yorick,Jayce,1505,1505,15,8,8,15,31,15,1.0,0.0,0.0,1.0,2.0,1.0,0.0,1.0,3.0,0.0,1.0,0.0,1.0,0.0,0.0,1.0,9.0,2.0,1.0,0.0,78578,80295,84,81,29,34,211,213,53402,45719,36673,28990,46931,44575,103.0,-103.0,-1548.0,1548.0,-635.0,635.0,645.0,-645.0,-462.0,462.0,2754.0,-2754.0,32.0,-32.0,34.0,-34.0,45.0,-45.0,oe:team:3a1d18f46bcb3716ebcfcf4ef068934|oe:team:ef69efa6acebe94107f0cf1ba716806,LCK_20260515_Dplus_Kia_vs_Hanwha_Life_Esports_S2,1,0,1,"[""Orianna"", ""Jarvan IV"", ""Caitlyn"", ""Ashe"", ""Karma"", ""Seraphine"", ""Sion"", ""Zyra"", ""Lee Sin"", ""Irelia""]",10,False,43.0,28.0,0.6511627906976745,20.0,0.65,6.0,0.8333333333333334,65.0,34.0,0.5230769230769231,27.0,0.37037037037037035,7.0,0.2857142857142857,3.0,1.0,3.0,0.0
LOLTMNT01_388537,2026-05-15 10:22:39+00:00,LCK,2026,1,Rounds 1-2,0,16.09,complete,,HANJIN BRION,oe:team:b77b3f6068e20a2b3edc0ecd3dc70d4,DN SOOPers,oe:team:b3c72a20aa56f5d28022ac04a7dc294,1,0,BLUE,HANJIN BRION,RED,Orianna,Varus,Karma,Jarvan IV,Rumble,Ezreal,Jhin,Ashe,Lucian,Caitlyn,Ryze,Seraphine,Cassiopeia,Nocturne,Lee Sin,Taliyah,Anivia,Jayce,Sion,Renekton,1626,1626,24,5,5,24,60,14,1.0,0.0,1.0,0.0,4.0,0.0,1.0,0.0,3.0,0.0,1.0,0.0,1.0,0.0,1.0,0.0,9.0,1.0,1.0,0.0,89131,71200,110,92,38,40,267,234,60597,46287,42634,28324,56050,44665,1912.0,-1912.0,4290.0,-4290.0,5652.0,-5652.0,1089.0,-1089.0,3058.0,-3058.0,4011.0,-4011.0,14.0,-14.0,32.0,-32.0,30.0,-30.0,oe:team:b3c72a20aa56f5d28022ac04a7dc294|oe:team:b77b3f6068e20a2b3edc0ecd3dc70d4,LCK_20260515_DN_SOOPers_vs_HANJIN_BRION_S2,0,0,0,[],0,False,45.0,18.0,0.4,22.0,0.45454545454545453,4.0,1.0,59.0,17.0,0.288135593220339,35.0,0.2571428571428571,6.0,0.0,2.0,1.0,2.0,0.0
LOLTMNT01_387661,2026-05-15 11:12:17+00:00,LCK,2026,2,Rounds 1-2,0,16.09,complete,,DN SOOPers,oe:team:b3c72a20aa56f5d28022ac04a7dc294,HANJIN BRION,oe:team:b77b3f6068e20a2b3edc0ecd3dc70d4,0,1,RED,HANJIN BRION,RED,Orianna,Varus,Cassiopeia,Ezreal,Nocturne,Caitlyn,Vi,Neeko,Lucian,Rumble,Ambessa,Xin Zhao,Jayce,Lulu,Corki,Zaahen,Annie,Bard,Nami,Akali,1559,1559,4,18,18,4,6,40,1.0,0.0,0.0,1.0,0.0,4.0,1.0,0.0,3.0,0.0,0.0,1.0,0.0,1.0,0.0,1.0,2.0,8.0,0.0,1.0,62094,82012,82,92,27,43,205,256,42230,55740,24950,38460,40038,48721,-945.0,945.0,-1708.0,1708.0,-3857.0,3857.0,-868.0,868.0,-960.0,960.0,-2993.0,2993.0,10.0,-10.0,16.0,-16.0,7.0,-7.0,oe:team:b3c72a20aa56f5d28022ac04a7dc294|oe:team:b77b3f6068e20a2b3edc0ecd3dc70d4,LCK_20260515_DN_SOOPers_vs_HANJIN_BRION_S2,0,1,1,"[""Karma"", ""Jarvan IV"", ""Jhin"", ""Ashe"", ""Ryze"", ""Seraphine"", ""Lee Sin"", ""Taliyah"", ""Sion"", ""Renekton""]",10,False,60.0,17.0,0.2833333333333333,24.0,0.3333333333333333,7.0,0.0,46.0,19.0,0.41304347826086957,23.0,0.34782608695652173,5.0,1.0,3.0,0.0,3.0,1.0
LOLTMNT01_387874,2026-05-16 08:05:55+00:00,LCK,2026,1,Rounds 1-2,0,16.09,complete,,Gen.G,oe:team:50f58982d91a36557ec8aec52ab014f,T1,oe:team:ce499dea30cfce118f4fe85da0227e8,1,0,BLUE,Gen.G,RED,Orianna,Varus,Ezreal,Ashe,Karma,Lucian,Seraphine,Xin Zhao,Bard,Jarvan IV,Rumble,Lulu,Cassiopeia,Trundle,Skarner,Yorick,Ryze,Vi,Renekton,Twisted Fate,1629,1629,24,9,9,24,49,24,0.0,1.0,1.0,0.0,3.0,1.0,1.0,0.0,3.0,0.0,1.0,0.0,1.0,0.0,1.0,0.0,7.0,1.0,1.0,0.0,76235,55835,107,88,46,40,282,232,60493,49246,42499,31252,53118,47628,2199.0,-2199.0,1500.0,-1500.0,3189.0,-3189.0,2169.0,-2169.0,2559.0,-2559.0,4810.0,-4810.0,27.0,-27.0,41.0,-41.0,48.0,-48.0,oe:team:50f58982d91a36557ec8aec52ab014f|oe:team:ce499dea30cfce118f4fe85da0227e8,LCK_20260516_Gen_G_vs_T1_S2,0,0,0,[],0,False,51.0,41.0,0.803921568627451,31.0,0.8387096774193549,6.0,1.0,51.0,34.0,0.6666666666666666,26.0,0.6538461538461539,6.0,1.0,2.0,1.0,2.0,0.0
LOLTMNT01_387878,2026-05-16 08:57:28+00:00,LCK,2026,2,Rounds 1-2,0,16.09,complete,,T1,oe:team:ce499dea30cfce118f4fe85da0227e8,Gen.G,oe:team:50f58982d91a36557ec8aec52ab014f,1,0,BLUE,T1,RED,Orianna,Varus,Caitlyn,Karma,Vi,Bard,Lee Sin,Jhin,Jarvan IV,Lucian,Lux,Sion,Nocturne,Gwen,Ornn,Annie,Cassiopeia,Ryze,Anivia,Wukong,3013,3013,22,26,26,22,55,64,1.0,0.0,0.0,1.0,4.0,4.0,1.0,0.0,0.0,3.0,0.0,1.0,2.0,2.0,0.0,1.0,8.0,6.0,2.0,0.0,195280,228049,218,200,80,105,524,591,96977,95090,64866,62979,91740,95563,980.0,-980.0,1113.0,-1113.0,-76.0,76.0,385.0,-385.0,162.0,-162.0,-1453.0,1453.0,-1.0,1.0,-24.0,24.0,-28.0,28.0,oe:team:50f58982d91a36557ec8aec52ab014f|oe:team:ce499dea30cfce118f4fe85da0227e8,LCK_20260516_Gen_G_vs_T1_S2,0,1,1,"[""Ezreal"", ""Ashe"", ""Seraphine"", ""Xin Zhao"", ""Rumble"", ""Lulu"", ""Skarner"", ""Yorick"", ""Renekton"", ""Twisted Fate""]",10,False,52.0,34.0,0.6538461538461539,25.0,0.68,7.0,0.8571428571428571,52.0,42.0,0.8076923076923077,20.0,0.75,7.0,1.0,3.0,0.0,3.0,1.0
LOLTMNT01_387885,2026-05-16 10:10:31+00:00,LCK,2026,3,Rounds 1-2,0,16.09,complete,,T1,oe:team:ce499dea30cfce118f4fe85da0227e8,Gen.G,oe:team:50f58982d91a36557ec8aec52ab014f,1,0,BLUE,T1,BLUE,Jarvan IV,Bard,Cassiopeia,Corki,Lucian,Orianna,Jayce,Pantheon,Varus,Nocturne,Vi,K'Sante,Nami,Kalista,Mel,Neeko,Akali,Ziggs,Camille,Taliyah,2003,2003,32,14,14,32,60,38,1.0,0.0,1.0,0.0,5.0,0.0,1.0,0.0,3.0,0.0,0.0,1.0,1.0,1.0,1.0,0.0,8.0,2.0,1.0,0.0,111636,93216,142,150,66,51,365,345,74259,62594,52450,40785,66415,62588,2143.0,-2143.0,3935.0,-3935.0,9517.0,-9517.0,734.0,-734.0,2659.0,-2659.0,8387.0,-8387.0,36.0,-36.0,43.0,-43.0,69.0,-69.0,oe:team:50f58982d91a36557ec8aec52ab014f|oe:team:ce499dea30cfce118f4fe85da0227e8,LCK_20260516_Gen_G_vs_T1_S2,1,1,2,"[""Ezreal"", ""Ashe"", ""Seraphine"", ""Xin Zhao"", ""Rumble"", ""Lulu"", ""Skarner"", ""Yorick"", ""Renekton"", ""Twisted Fate"", ""Caitlyn"", ""Karma"", ""Lee Sin"", ""Jhin"", ""Lux"", ""Sion"", ""Ornn"", ""Annie"", ""Anivia"", ""Wukong""]",20,False,53.0,35.0,0.660377358490566,26.0,0.6923076923076923,8.0,0.875,53.0,42.0,0.7924528301886793,21.0,0.7142857142857143,8.0,0.875,4.0,0.25,4.0,0.75
LOLTMNT01_387927,2026-05-16 11:30:05+00:00,LCK,2026,1,Rounds 1-2,0,16.09,complete,,BNK FEARX,oe:team:5c2e7e9ea8dfcba0150d9a5619baecf,Nongshim RedForce,oe:team:5cd2cd09ec94296f605dd13a2924d6c,1,0,BLUE,BNK FEARX,RED,Orianna,Varus,Ezreal,Karma,Rumble,Ashe,Jarvan IV,Caitlyn,Lucian,Vi,Nami,Ryze,Lee Sin,Cassiopeia,Azir,Pantheon,Xin Zhao,Twisted Fate,Sion,Jayce,1930,1930,23,11,11,23,65,21,0.0,1.0,0.0,1.0,2.0,1.0,0.0,1.0,3.0,0.0,,,0.0,0.0,0.0,1.0,7.0,5.0,1.0,0.0,100578,107791,109,97,51,40,307,253,62785,58810,41721,37746,54493,57865,-2440.0,2440.0,-2690.0,2690.0,-547.0,547.0,-1131.0,1131.0,-1869.0,1869.0,3921.0,-3921.0,-20.0,20.0,-26.0,26.0,-10.0,10.0,oe:team:5c2e7e9ea8dfcba0150d9a5619baecf|oe:team:5cd2cd09ec94296f605dd13a2924d6c,LCK_20260516_BNK_FEARX_vs_Nongshim_RedForce_S3,0,0,0,[],0,False,60.0,27.0,0.45,35.0,0.42857142857142855,6.0,0.3333333333333333,49.0,17.0,0.3469387755102041,30.0,0.3333333333333333,6.0,0.0,4.0,0.5,4.0,0.5
LOLTMNT01_387933,2026-05-16 12:25:03+00:00,LCK,2026,2,Rounds 1-2,0,16.09,complete,,BNK FEARX,oe:team:5c2e7e9ea8dfcba0150d9a5619baecf,Nongshim RedForce,oe:team:5cd2cd09ec94296f605dd13a2924d6c,1,0,BLUE,BNK FEARX,RED,Orianna,Varus,Cassiopeia,Lulu,Rumble,Vi,Yunara,Nocturne,Lucian,Seraphine,Milio,Gnar,Akali,Xin Zhao,Naafiri,Kog'Maw,Aphelios,Vayne,Olaf,Galio,2296,2296,14,12,12,14,35,18,0.0,1.0,0.0,1.0,3.0,3.0,1.0,0.0,0.0,0.0,1.0,0.0,2.0,0.0,1.0,0.0,9.0,3.0,2.0,0.0,108166,94277,141,130,67,71,384,362,75988,67218,51191,42421,68535,63728,-1243.0,1243.0,-2337.0,2337.0,-1820.0,1820.0,-927.0,927.0,-1866.0,1866.0,-1256.0,1256.0,16.0,-16.0,13.0,-13.0,23.0,-23.0,oe:team:5c2e7e9ea8dfcba0150d9a5619baecf|oe:team:5cd2cd09ec94296f605dd13a2924d6c,LCK_20260516_BNK_FEARX_vs_Nongshim_RedForce_S3,1,0,1,"[""Ezreal"", ""Karma"", ""Jarvan IV"", ""Caitlyn"", ""Nami"", ""Ryze"", ""Azir"", ""Pantheon"", ""Sion"", ""Jayce""]",10,False,61.0,28.0,0.45901639344262296,36.0,0.4444444444444444,7.0,0.42857142857142855,50.0,17.0,0.34,31.0,0.3225806451612903,7.0,0.0,5.0,0.6,5.0,0.4
LOLTMNT01_390036,2026-05-17 08:05:58+00:00,LCK,2026,1,Rounds 1-2,0,16.09,complete,,KT Rolster,oe:team:d723992568441c6bafa2658129eade7,Hanwha Life Esports,oe:team:3a1d18f46bcb3716ebcfcf4ef068934,1,0,BLUE,KT Rolster,RED,Orianna,Varus,Karma,Jarvan IV,Rumble,Ezreal,Cassiopeia,Miss Fortune,Bard,Annie,Sivir,Nautilus,Akali,Xin Zhao,Pantheon,Azir,Aurora,Trundle,Zaahen,Sion,1801,1801,23,15,16,23,61,38,1.0,0.0,1.0,0.0,2.0,2.0,1.0,0.0,3.0,0.0,1.0,0.0,1.0,0.0,1.0,0.0,8.0,2.0,1.0,0.0,114677,92935,101,110,50,54,280,291,61396,54940,41648,35192,54763,52800,1657.0,-1657.0,1521.0,-1521.0,411.0,-411.0,720.0,-720.0,122.0,-122.0,-919.0,919.0,8.0,-8.0,5.0,-5.0,12.0,-12.0,oe:team:3a1d18f46bcb3716ebcfcf4ef068934|oe:team:d723992568441c6bafa2658129eade7,LCK_20260517_Hanwha_Life_Esports_vs_KT_Rolster_S2,0,0,0,[],0,False,46.0,26.0,0.5652173913043478,22.0,0.6363636363636364,7.0,0.5714285714285714,44.0,29.0,0.6590909090909091,23.0,0.6521739130434783,7.0,0.8571428571428571,2.0,0.0,2.0,1.0
LOLTMNT01_390048,2026-05-17 08:58:43+00:00,LCK,2026,2,Rounds 1-2,0,16.09,complete,,KT Rolster,oe:team:d723992568441c6bafa2658129eade7,Hanwha Life Esports,oe:team:3a1d18f46bcb3716ebcfcf4ef068934,0,1,RED,Hanwha Life Esports,RED,Orianna,Varus,Ashe,Vi,Rumble,Annie,Seraphine,Ziggs,Lucian,Ezreal,Ryze,Pyke,Anivia,Nocturne,Lee Sin,Jayce,Twisted Fate,Yorick,K'Sante,Taliyah,1584,1584,7,23,23,7,16,52,1.0,0.0,1.0,0.0,1.0,3.0,0.0,1.0,0.0,3.0,0.0,1.0,0.0,1.0,0.0,1.0,0.0,10.0,0.0,2.0,48816,85768,95,100,39,50,224,277,45583,62661,28048,45126,43075,56265,-1019.0,1019.0,-3428.0,3428.0,-9056.0,9056.0,-834.0,834.0,-2839.0,2839.0,-6432.0,6432.0,-27.0,27.0,-72.0,72.0,-112.0,112.0,oe:team:3a1d18f46bcb3716ebcfcf4ef068934|oe:team:d723992568441c6bafa2658129eade7,LCK_20260517_Hanwha_Life_Esports_vs_KT_Rolster_S2,1,0,1,"[""Karma"", ""Jarvan IV"", ""Cassiopeia"", ""Miss Fortune"", ""Sivir"", ""Nautilus"", ""Pantheon"", ""Azir"", ""Zaahen"", ""Sion""]",10,False,47.0,27.0,0.574468085106383,23.0,0.6521739130434783,8.0,0.625,45.0,29.0,0.6444444444444445,24.0,0.625,8.0,0.75,3.0,0.3333333333333333,3.0,0.6666666666666666
LOLTMNT01_390055,2026-05-17 09:48:07+00:00,LCK,2026,3,Rounds 1-2,0,16.09,complete,,KT Rolster,oe:team:d723992568441c6bafa2658129eade7,Hanwha Life Esports,oe:team:3a1d18f46bcb3716ebcfcf4ef068934,1,0,BLUE,KT Rolster,BLUE,Varus,Rumble,Lucian,Milio,Caitlyn,Orianna,Renekton,Aurora,Gnar,Annie,Nami,Draven,Shen,Zoe,Skarner,Nocturne,Xin Zhao,Akali,Viktor,Olaf,1774,1774,18,7,7,18,36,15,1.0,0.0,0.0,1.0,3.0,1.0,1.0,0.0,0.0,1.0,1.0,0.0,1.0,0.0,1.0,0.0,7.0,1.0,1.0,0.0,83246,70886,100,91,44,43,276,254,57736,50128,38263,30655,52210,48390,2587.0,-2587.0,4433.0,-4433.0,6457.0,-6457.0,2242.0,-2242.0,3430.0,-3430.0,3583.0,-3583.0,17.0,-17.0,36.0,-36.0,41.0,-41.0,oe:team:3a1d18f46bcb3716ebcfcf4ef068934|oe:team:d723992568441c6bafa2658129eade7,LCK_20260517_Hanwha_Life_Esports_vs_KT_Rolster_S2,1,1,2,"[""Karma"", ""Jarvan IV"", ""Cassiopeia"", ""Miss Fortune"", ""Sivir"", ""Nautilus"", ""Pantheon"", ""Azir"", ""Zaahen"", ""Sion"", ""Ashe"", ""Vi"", ""Seraphine"", ""Ziggs"", ""Ryze"", ""Pyke"", ""Lee Sin"", ""Jayce"", ""K'Sante"", ""Taliyah""]",20,False,48.0,27.0,0.5625,24.0,0.625,9.0,0.5555555555555556,46.0,30.0,0.6521739130434783,25.0,0.64,9.0,0.7777777777777778,4.0,0.25,4.0,0.75
LOLTMNT01_389120,2026-05-17 11:06:33+00:00,LCK,2026,1,Rounds 1-2,0,16.09,complete,,HANJIN BRION,oe:team:b77b3f6068e20a2b3edc0ecd3dc70d4,Kiwoom DRX,oe:team:1d0389df0c5eea93b04122ba167c010,1,0,BLUE,HANJIN BRION,RED,Orianna,Varus,Ezreal,Karma,Rumble,Jayce,Cassiopeia,Lee Sin,Jarvan IV,Vayne,Xin Zhao,Annie,Caitlyn,Sion,Renekton,Miss Fortune,Sivir,Gnar,Bard,K'Sante,2509,2509,22,16,16,22,59,44,1.0,0.0,1.0,0.0,4.0,2.0,0.0,1.0,2.0,1.0,1.0,0.0,1.0,1.0,0.0,1.0,11.0,3.0,4.0,0.0,146218,162230,166,144,60,72,418,435,85400,79221,58430,52251,78763,75295,1389.0,-1389.0,1469.0,-1469.0,-2155.0,2155.0,743.0,-743.0,649.0,-649.0,-2965.0,2965.0,0.0,0.0,0.0,0.0,-7.0,7.0,oe:team:1d0389df0c5eea93b04122ba167c010|oe:team:b77b3f6068e20a2b3edc0ecd3dc70d4,LCK_20260517_HANJIN_BRION_vs_Kiwoom_DRX_S4,0,0,0,[],0,False,47.0,20.0,0.425531914893617,23.0,0.4782608695652174,6.0,1.0,63.0,24.0,0.38095238095238093,33.0,0.36363636363636365,8.0,0.25,11.0,0.36363636363636365,11.0,0.6363636363636364
LOLTMNT01_390098,2026-05-17 12:10:36+00:00,LCK,2026,2,Rounds 1-2,0,16.09,complete,,HANJIN BRION,oe:team:b77b3f6068e20a2b3edc0ecd3dc70d4,Kiwoom DRX,oe:team:1d0389df0c5eea93b04122ba167c010,0,1,RED,Kiwoom DRX,RED,Orianna,Varus,Lucian,Ryze,Rumble,Jayce,Milio,Vi,Jarvan IV,Ashe,Nocturne,Gnar,Lulu,Vayne,Anivia,Yunara,Caitlyn,Twisted Fate,Sion,Nautilus,1809,1809,3,14,14,3,7,41,1.0,0.0,0.0,1.0,0.0,4.0,0.0,1.0,0.0,3.0,0.0,1.0,0.0,1.0,0.0,1.0,1.0,9.0,0.0,2.0,57530,92264,122,99,36,60,274,324,47758,61394,27928,41564,46505,56083,513.0,-513.0,1.0,-1.0,-4232.0,4232.0,-849.0,849.0,-1688.0,1688.0,-4708.0,4708.0,-12.0,12.0,-31.0,31.0,-28.0,28.0,oe:team:1d0389df0c5eea93b04122ba167c010|oe:team:b77b3f6068e20a2b3edc0ecd3dc70d4,LCK_20260517_HANJIN_BRION_vs_Kiwoom_DRX_S4,1,0,1,"[""Ezreal"", ""Karma"", ""Cassiopeia"", ""Lee Sin"", ""Xin Zhao"", ""Annie"", ""Renekton"", ""Miss Fortune"", ""Bard"", ""K'Sante""]",10,False,48.0,21.0,0.4375,24.0,0.5,7.0,1.0,64.0,24.0,0.375,34.0,0.35294117647058826,9.0,0.2222222222222222,12.0,0.4166666666666667,12.0,0.5833333333333334
LOLTMNT01_389127,2026-05-17 13:04:35+00:00,LCK,2026,3,Rounds 1-2,0,16.09,complete,,Kiwoom DRX,oe:team:1d0389df0c5eea93b04122ba167c010,HANJIN BRION,oe:team:b77b3f6068e20a2b3edc0ecd3dc70d4,1,0,BLUE,Kiwoom DRX,RED,Rumble,Varus,Jarvan IV,Caitlyn,Orianna,Ashe,Jhin,Jayce,Neeko,Skarner,Yorick,Elise,Pantheon,Leona,Alistar,Poppy,Naafiri,Twisted Fate,Taliyah,Viktor,2188,2188,19,16,16,19,51,34,1.0,0.0,0.0,1.0,4.0,2.0,0.0,1.0,3.0,0.0,1.0,0.0,2.0,0.0,0.0,1.0,9.0,4.0,2.0,0.0,95337,116322,128,151,61,56,381,394,74114,68490,50418,44794,67133,63870,-69.0,69.0,-835.0,835.0,-2647.0,2647.0,126.0,-126.0,183.0,-183.0,-1544.0,1544.0,-26.0,26.0,-11.0,11.0,-38.0,38.0,oe:team:1d0389df0c5eea93b04122ba167c010|oe:team:b77b3f6068e20a2b3edc0ecd3dc70d4,LCK_20260517_HANJIN_BRION_vs_Kiwoom_DRX_S4,1,1,2,"[""Ezreal"", ""Karma"", ""Cassiopeia"", ""Lee Sin"", ""Xin Zhao"", ""Annie"", ""Renekton"", ""Miss Fortune"", ""Bard"", ""K'Sante"", ""Lucian"", ""Ryze"", ""Milio"", ""Vi"", ""Nocturne"", ""Gnar"", ""Anivia"", ""Yunara"", ""Sion"", ""Nautilus""]",20,False,65.0,25.0,0.38461538461538464,30.0,0.4,10.0,0.3,49.0,21.0,0.42857142857142855,24.0,0.375,8.0,0.875,13.0,0.6153846153846154,13.0,0.38461538461538464
LOLTMNT02_406385,2026-05-20 08:05:29+00:00,LCK,2026,1,Rounds 1-2,0,16.1,complete,,T1,oe:team:ce499dea30cfce118f4fe85da0227e8,Kiwoom DRX,oe:team:1d0389df0c5eea93b04122ba167c010,1,0,BLUE,T1,RED,Orianna,Bard,Lucian,Ryze,Cassiopeia,Karma,Milio,Vi,Varus,Ashe,Anivia,Rumble,Caitlyn,Nocturne,K'Sante,Yunara,Corki,Xin Zhao,Wukong,Nautilus,1696,1696,20,9,9,20,48,18,1.0,0.0,0.0,1.0,2.0,2.0,1.0,0.0,3.0,0.0,1.0,0.0,1.0,0.0,1.0,0.0,10.0,2.0,2.0,0.0,85770,70557,97,88,42,34,263,242,62113,51452,43436,32775,54213,49145,1094.0,-1094.0,2869.0,-2869.0,5544.0,-5544.0,634.0,-634.0,2186.0,-2186.0,4173.0,-4173.0,17.0,-17.0,47.0,-47.0,52.0,-52.0,oe:team:1d0389df0c5eea93b04122ba167c010|oe:team:ce499dea30cfce118f4fe85da0227e8,LCK_20260520_Kiwoom_DRX_vs_T1_S3,0,0,0,[],0,False,54.0,36.0,0.6666666666666666,27.0,0.7037037037037037,0.0,,66.0,26.0,0.3939393939393939,35.0,0.37142857142857144,0.0,,5.0,0.8,5.0,0.2
LOLTMNT02_406405,2026-05-20 08:54:42+00:00,LCK,2026,2,Rounds 1-2,0,16.1,complete,,T1,oe:team:ce499dea30cfce118f4fe85da0227e8,Kiwoom DRX,oe:team:1d0389df0c5eea93b04122ba167c010,0,1,RED,Kiwoom DRX,RED,Orianna,Bard,Varus,Karma,Cassiopeia,Caitlyn,Ezreal,Lee Sin,Jarvan IV,Ashe,Skarner,Annie,Sivir,Galio,Viktor,Miss Fortune,Yorick,Neeko,Tahm Kench,Jax,1865,1865,7,27,27,7,12,59,1.0,0.0,0.0,1.0,0.0,4.0,0.0,1.0,0.0,3.0,0.0,1.0,0.0,1.0,0.0,1.0,1.0,9.0,0.0,1.0,72360,99422,117,122,41,42,262,290,52605,67571,32204,47170,51083,59158,-1180.0,1180.0,-2815.0,2815.0,-5676.0,5676.0,-2038.0,2038.0,-4095.0,4095.0,-6043.0,6043.0,-9.0,9.0,-19.0,19.0,0.0,0.0,oe:team:1d0389df0c5eea93b04122ba167c010|oe:team:ce499dea30cfce118f4fe85da0227e8,LCK_20260520_Kiwoom_DRX_vs_T1_S3,1,0,1,"[""Lucian"", ""Ryze"", ""Milio"", ""Vi"", ""Anivia"", ""Rumble"", ""K'Sante"", ""Yunara"", ""Wukong"", ""Nautilus""]",10,False,55.0,37.0,0.6727272727272727,28.0,0.7142857142857143,1.0,1.0,67.0,26.0,0.3880597014925373,36.0,0.3611111111111111,1.0,0.0,6.0,0.8333333333333334,6.0,0.16666666666666666
LOLTMNT02_405485,2026-05-20 09:47:16+00:00,LCK,2026,3,Rounds 1-2,0,16.1,complete,,Kiwoom DRX,oe:team:1d0389df0c5eea93b04122ba167c010,T1,oe:team:ce499dea30cfce118f4fe85da0227e8,0,1,RED,T1,RED,Bard,Sion,Cassiopeia,Orianna,Ashe,Jarvan IV,Xin Zhao,Trundle,Caitlyn,Nocturne,Yorick,Jayce,Corki,Sivir,Kalista,Ziggs,Zeri,Jhin,Leona,Pyke,1628,1628,6,25,25,7,11,61,0.0,1.0,1.0,0.0,2.0,1.0,0.0,1.0,3.0,0.0,0.0,1.0,0.0,1.0,0.0,1.0,0.0,9.0,0.0,1.0,60081,99577,87,103,28,32,250,249,42001,59546,24017,41562,40038,53538,-1299.0,1299.0,-2690.0,2690.0,-5396.0,5396.0,-244.0,244.0,-147.0,147.0,-2655.0,2655.0,-20.0,20.0,-33.0,33.0,-38.0,38.0,oe:team:1d0389df0c5eea93b04122ba167c010|oe:team:ce499dea30cfce118f4fe85da0227e8,LCK_20260520_Kiwoom_DRX_vs_T1_S3,1,1,2,"[""Lucian"", ""Ryze"", ""Milio"", ""Vi"", ""Anivia"", ""Rumble"", ""K'Sante"", ""Yunara"", ""Wukong"", ""Nautilus"", ""Varus"", ""Karma"", ""Ezreal"", ""Lee Sin"", ""Skarner"", ""Annie"", ""Viktor"", ""Miss Fortune"", ""Tahm Kench"", ""Jax""]",20,False,68.0,27.0,0.39705882352941174,31.0,0.41935483870967744,2.0,0.5,56.0,37.0,0.6607142857142857,27.0,0.6296296296296297,2.0,0.5,7.0,0.2857142857142857,7.0,0.7142857142857143
LOLTMNT02_406455,2026-05-20 11:01:11+00:00,LCK,2026,1,Rounds 1-2,0,16.1,complete,,Nongshim RedForce,oe:team:5cd2cd09ec94296f605dd13a2924d6c,KT Rolster,oe:team:d723992568441c6bafa2658129eade7,1,0,BLUE,Nongshim RedForce,RED,Orianna,Varus,Ryze,Lucian,Cassiopeia,Jarvan IV,Ezreal,Milio,Rumble,Karma,Nami,Annie,Wukong,Vi,Lee Sin,Sion,Pantheon,Gnar,K'Sante,Naafiri,1427,1427,19,6,6,19,45,16,1.0,0.0,1.0,0.0,2.0,1.0,1.0,0.0,2.0,1.0,1.0,0.0,1.0,0.0,1.0,0.0,9.0,0.0,1.0,0.0,75715,63321,83,71,26,32,200,184,52897,39317,36964,23384,46408,37655,1586.0,-1586.0,3476.0,-3476.0,8654.0,-8654.0,972.0,-972.0,3999.0,-3999.0,8290.0,-8290.0,19.0,-19.0,53.0,-53.0,69.0,-69.0,oe:team:5cd2cd09ec94296f605dd13a2924d6c|oe:team:d723992568441c6bafa2658129eade7,LCK_20260520_KT_Rolster_vs_Nongshim_RedForce_S3,0,0,0,[],0,False,51.0,17.0,0.3333333333333333,19.0,0.3684210526315789,0.0,,49.0,28.0,0.5714285714285714,24.0,0.5,0.0,,7.0,0.42857142857142855,7.0,0.5714285714285714
LOLTMNT02_406485,2026-05-20 11:45:01+00:00,LCK,2026,2,Rounds 1-2,0,16.1,complete,,KT Rolster,oe:team:d723992568441c6bafa2658129eade7,Nongshim RedForce,oe:team:5cd2cd09ec94296f605dd13a2924d6c,1,0,BLUE,KT Rolster,BLUE,Varus,Orianna,Jarvan IV,Yunara,Caitlyn,Cassiopeia,Nautilus,Lulu,Ashe,Rumble,Miss Fortune,Xin Zhao,Twisted Fate,Jayce,Aurora,Renekton,Azir,Zaahen,Gnar,Viktor,1832,1832,21,9,9,21,54,16,0.0,1.0,1.0,0.0,3.0,2.0,1.0,0.0,3.0,0.0,1.0,0.0,1.0,0.0,1.0,0.0,9.0,2.0,1.0,0.0,103849,88615,112,110,55,46,322,279,64517,52605,44453,32541,58023,50335,382.0,-382.0,1622.0,-1622.0,1718.0,-1718.0,856.0,-856.0,104.0,-104.0,-1500.0,1500.0,21.0,-21.0,10.0,-10.0,-24.0,24.0,oe:team:5cd2cd09ec94296f605dd13a2924d6c|oe:team:d723992568441c6bafa2658129eade7,LCK_20260520_KT_Rolster_vs_Nongshim_RedForce_S3,0,1,1,"[""Ryze"", ""Lucian"", ""Ezreal"", ""Milio"", ""Nami"", ""Annie"", ""Lee Sin"", ""Sion"", ""K'Sante"", ""Naafiri""]",10,False,50.0,28.0,0.56,25.0,0.64,1.0,0.0,52.0,18.0,0.34615384615384615,32.0,0.3125,1.0,1.0,8.0,0.5,8.0,0.5
LOLTMNT02_406517,2026-05-20 12:36:35+00:00,LCK,2026,3,Rounds 1-2,0,16.1,complete,,KT Rolster,oe:team:d723992568441c6bafa2658129eade7,Nongshim RedForce,oe:team:5cd2cd09ec94296f605dd13a2924d6c,1,0,BLUE,KT Rolster,RED,Orianna,Varus,Pantheon,Caitlyn,Cassiopeia,Ashe,Karma,Bard,Rumble,Nocturne,Sivir,Twisted Fate,Wukong,Ahri,Taliyah,Yorick,Jayce,Jax,Zaahen,Skarner,2026,2026,20,13,13,20,51,29,1.0,0.0,0.0,1.0,3.0,2.0,0.0,1.0,3.0,0.0,1.0,0.0,1.0,0.0,1.0,0.0,12.0,4.0,3.0,0.0,127822,98511,134,137,61,66,369,354,72102,66713,50059,44670,66428,64913,173.0,-173.0,3244.0,-3244.0,1889.0,-1889.0,-520.0,520.0,1187.0,-1187.0,2032.0,-2032.0,-11.0,11.0,-7.0,7.0,22.0,-22.0,oe:team:5cd2cd09ec94296f605dd13a2924d6c|oe:team:d723992568441c6bafa2658129eade7,LCK_20260520_KT_Rolster_vs_Nongshim_RedForce_S3,1,1,2,"[""Ryze"", ""Lucian"", ""Ezreal"", ""Milio"", ""Nami"", ""Annie"", ""Lee Sin"", ""Sion"", ""K'Sante"", ""Naafiri"", ""Jarvan IV"", ""Yunara"", ""Nautilus"", ""Lulu"", ""Miss Fortune"", ""Xin Zhao"", ""Aurora"", ""Renekton"", ""Gnar"", ""Viktor""]",20,False,51.0,29.0,0.5686274509803921,26.0,0.6538461538461539,2.0,0.5,53.0,18.0,0.33962264150943394,33.0,0.30303030303030304,2.0,0.5,9.0,0.5555555555555556,9.0,0.4444444444444444
LOLTMNT02_406958,2026-05-21 08:06:57+00:00,LCK,2026,1,Rounds 1-2,0,16.1,complete,,BNK FEARX,oe:team:5c2e7e9ea8dfcba0150d9a5619baecf,Hanwha Life Esports,oe:team:3a1d18f46bcb3716ebcfcf4ef068934,0,1,RED,Hanwha Life Esports,RED,Orianna,Varus,Karma,Rumble,Cassiopeia,Ezreal,Xin Zhao,Nautilus,Bard,Jarvan IV,Sivir,Miss Fortune,Lee Sin,K'Sante,Ryze,Vi,Trundle,Sion,Galio,Yone,2177,2177,19,25,25,19,56,62,1.0,0.0,1.0,0.0,3.0,3.0,0.0,1.0,0.0,3.0,0.0,1.0,0.0,2.0,0.0,1.0,2.0,9.0,0.0,2.0,110142,115048,143,135,66,78,380,420,67053,79659,43470,56076,62910,71325,140.0,-140.0,-127.0,127.0,-5267.0,5267.0,-141.0,141.0,-1114.0,1114.0,-5452.0,5452.0,-8.0,8.0,-23.0,23.0,-51.0,51.0,oe:team:3a1d18f46bcb3716ebcfcf4ef068934|oe:team:5c2e7e9ea8dfcba0150d9a5619baecf,LCK_20260521_BNK_FEARX_vs_Hanwha_Life_Esports_S2,0,0,0,[],0,False,62.0,29.0,0.46774193548387094,37.0,0.4594594594594595,0.0,,47.0,30.0,0.6382978723404256,26.0,0.6153846153846154,0.0,,3.0,0.3333333333333333,3.0,0.6666666666666666
LOLTMNT02_407057,2026-05-21 09:05:50+00:00,LCK,2026,2,Rounds 1-2,0,16.1,complete,,Hanwha Life Esports,oe:team:3a1d18f46bcb3716ebcfcf4ef068934,BNK FEARX,oe:team:5c2e7e9ea8dfcba0150d9a5619baecf,1,0,BLUE,Hanwha Life Esports,RED,Orianna,Varus,Ashe,Lucian,Cassiopeia,Bard,Seraphine,Milio,Jarvan IV,Ziggs,Mel,Twisted Fate,Nocturne,Naafiri,Pantheon,Sion,Wukong,Lee Sin,Ambessa,Trundle,1811,1811,13,8,8,13,36,15,0.0,1.0,0.0,1.0,2.0,2.0,1.0,0.0,3.0,0.0,1.0,0.0,2.0,0.0,1.0,0.0,8.0,2.0,2.0,0.0,105075,61388,110,102,44,40,278,247,62319,49951,42469,30101,53080,46840,-374.0,374.0,-924.0,924.0,186.0,-186.0,111.0,-111.0,87.0,-87.0,1388.0,-1388.0,19.0,-19.0,34.0,-34.0,65.0,-65.0,oe:team:3a1d18f46bcb3716ebcfcf4ef068934|oe:team:5c2e7e9ea8dfcba0150d9a5619baecf,LCK_20260521_BNK_FEARX_vs_Hanwha_Life_Esports_S2,1,0,1,"[""Karma"", ""Rumble"", ""Xin Zhao"", ""Nautilus"", ""Sivir"", ""Miss Fortune"", ""Ryze"", ""Vi"", ""Galio"", ""Yone""]",10,False,48.0,31.0,0.6458333333333334,21.0,0.6666666666666666,1.0,1.0,63.0,29.0,0.4603174603174603,25.0,0.48,1.0,0.0,4.0,0.75,4.0,0.25
LOLTMNT02_408013,2026-05-21 10:22:05+00:00,LCK,2026,1,Rounds 1-2,0,16.1,complete,,Dplus Kia,oe:team:ef69efa6acebe94107f0cf1ba716806,HANJIN BRION,oe:team:b77b3f6068e20a2b3edc0ecd3dc70d4,1,0,BLUE,Dplus Kia,RED,Nocturne,Varus,Jarvan IV,Orianna,Lucian,Karma,Bard,Nautilus,Elise,Lee Sin,Sivir,Ezreal,Xin Zhao,Cassiopeia,Viktor,Rumble,Naafiri,LeBlanc,K'Sante,Pantheon,2466,2466,16,17,17,16,49,41,0.0,1.0,1.0,0.0,3.0,3.0,1.0,0.0,0.0,3.0,0.0,1.0,0.0,2.0,1.0,0.0,6.0,6.0,1.0,0.0,130183,125090,165,165,86,62,480,387,79973,77257,53442,50726,68625,74368,544.0,-544.0,891.0,-891.0,2469.0,-2469.0,524.0,-524.0,1638.0,-1638.0,3007.0,-3007.0,27.0,-27.0,61.0,-61.0,89.0,-89.0,oe:team:b77b3f6068e20a2b3edc0ecd3dc70d4|oe:team:ef69efa6acebe94107f0cf1ba716806,LCK_20260521_Dplus_Kia_vs_HANJIN_BRION_S3,0,0,0,[],0,False,66.0,34.0,0.5151515151515151,38.0,0.631578947368421,0.0,,50.0,21.0,0.42,25.0,0.36,0.0,,4.0,1.0,4.0,0.0
LOLTMNT02_407136,2026-05-21 11:23:10+00:00,LCK,2026,2,Rounds 1-2,0,16.1,complete,,HANJIN BRION,oe:team:b77b3f6068e20a2b3edc0ecd3dc70d4,Dplus Kia,oe:team:ef69efa6acebe94107f0cf1ba716806,1,0,BLUE,HANJIN BRION,BLUE,Varus,Nocturne,Cassiopeia,Ashe,Twisted Fate,Karma,Vi,Xin Zhao,Lee Sin,Trundle,Jayce,Seraphine,Sion,Pyke,Caitlyn,Anivia,Yorick,Lucian,Lux,Kog'Maw,2157,2157,12,6,6,12,28,16,1.0,0.0,1.0,0.0,4.0,1.0,0.0,1.0,3.0,0.0,0.0,1.0,1.0,1.0,1.0,0.0,9.0,2.0,1.0,0.0,97637,62445,137,152,81,74,402,401,73631,62972,50252,39593,64810,61695,1841.0,-1841.0,3155.0,-3155.0,4389.0,-4389.0,1207.0,-1207.0,1965.0,-1965.0,3773.0,-3773.0,23.0,-23.0,45.0,-45.0,94.0,-94.0,oe:team:b77b3f6068e20a2b3edc0ecd3dc70d4|oe:team:ef69efa6acebe94107f0cf1ba716806,LCK_20260521_Dplus_Kia_vs_HANJIN_BRION_S3,0,1,1,"[""Jarvan IV"", ""Orianna"", ""Bard"", ""Nautilus"", ""Sivir"", ""Ezreal"", ""Viktor"", ""Rumble"", ""K'Sante"", ""Pantheon""]",10,False,51.0,21.0,0.4117647058823529,25.0,0.48,1.0,0.0,67.0,35.0,0.5223880597014925,28.0,0.35714285714285715,1.0,1.0,5.0,0.0,5.0,1.0
LOLTMNT02_407167,2026-05-21 12:22:49+00:00,LCK,2026,3,Rounds 1-2,0,16.1,complete,,HANJIN BRION,oe:team:b77b3f6068e20a2b3edc0ecd3dc70d4,Dplus Kia,oe:team:ef69efa6acebe94107f0cf1ba716806,0,1,RED,Dplus Kia,RED,Lee Sin,Nocturne,Jhin,Karma,Lucian,Varus,Annie,Wukong,Ryze,Elise,Naafiri,Yunara,Sion,Gnar,Renekton,Taliyah,Twisted Fate,Alistar,Neeko,Illaoi,1808,1808,7,13,13,7,14,24,1.0,0.0,0.0,1.0,0.0,4.0,0.0,1.0,3.0,0.0,0.0,1.0,0.0,1.0,0.0,1.0,1.0,9.0,0.0,0.0,66020,76408,105,119,50,47,279,327,52606,62600,32786,42780,51725,57843,-26.0,26.0,-91.0,91.0,-2553.0,2553.0,-552.0,552.0,-1041.0,1041.0,-3464.0,3464.0,-24.0,24.0,-21.0,21.0,-94.0,94.0,oe:team:b77b3f6068e20a2b3edc0ecd3dc70d4|oe:team:ef69efa6acebe94107f0cf1ba716806,LCK_20260521_Dplus_Kia_vs_HANJIN_BRION_S3,1,1,2,"[""Jarvan IV"", ""Orianna"", ""Bard"", ""Nautilus"", ""Sivir"", ""Ezreal"", ""Viktor"", ""Rumble"", ""K'Sante"", ""Pantheon"", ""Cassiopeia"", ""Ashe"", ""Vi"", ""Xin Zhao"", ""Jayce"", ""Seraphine"", ""Caitlyn"", ""Anivia"", ""Lux"", ""Kog'Maw""]",20,False,52.0,22.0,0.4230769230769231,26.0,0.5,2.0,0.5,68.0,35.0,0.5147058823529411,29.0,0.3448275862068966,2.0,0.5,6.0,0.16666666666666666,6.0,0.8333333333333334
LOLTMNT02_408582,2026-05-22 08:06:39+00:00,LCK,2026,1,Rounds 1-2,0,16.1,complete,,DN SOOPers,oe:team:b3c72a20aa56f5d28022ac04a7dc294,Kiwoom DRX,oe:team:1d0389df0c5eea93b04122ba167c010,0,1,RED,Kiwoom DRX,RED,Orianna,Varus,Rumble,Cassiopeia,Jarvan IV,Ezreal,Yone,Xin Zhao,Vi,Lee Sin,Skarner,K'Sante,Nautilus,Ashe,Lucian,Miss Fortune,Yunara,Ziggs,Milio,Bard,2015,2015,5,17,17,5,13,36,1.0,0.0,0.0,1.0,1.0,4.0,1.0,0.0,2.0,1.0,0.0,1.0,0.0,1.0,0.0,1.0,1.0,10.0,0.0,1.0,83637,97190,130,117,53,69,353,379,56417,70029,34486,48098,53435,63220,571.0,-571.0,-490.0,490.0,-2196.0,2196.0,-232.0,232.0,-702.0,702.0,-2533.0,2533.0,17.0,-17.0,8.0,-8.0,-24.0,24.0,oe:team:1d0389df0c5eea93b04122ba167c010|oe:team:b3c72a20aa56f5d28022ac04a7dc294,LCK_20260522_DN_SOOPers_vs_Kiwoom_DRX_S4,0,0,0,[],0,False,61.0,17.0,0.2786885245901639,25.0,0.32,0.0,,69.0,27.0,0.391304347826087,37.0,0.3783783783783784,3.0,0.3333333333333333,9.0,0.7777777777777778,9.0,0.2222222222222222
LOLTMNT02_407674,2026-05-22 09:04:35+00:00,LCK,2026,2,Rounds 1-2,0,16.1,complete,,Kiwoom DRX,oe:team:1d0389df0c5eea93b04122ba167c010,DN SOOPers,oe:team:b3c72a20aa56f5d28022ac04a7dc294,1,0,BLUE,Kiwoom DRX,RED,Orianna,Varus,Ezreal,Lee Sin,Ryze,Vi,Karma,Nautilus,Annie,Jarvan IV,Gnar,Sivir,Sylas,Mel,Pantheon,Ahri,Jayce,Nocturne,Viktor,Ambessa,1699,1699,22,6,6,22,57,16,1.0,0.0,1.0,0.0,3.0,1.0,1.0,0.0,0.0,3.0,1.0,0.0,1.0,0.0,1.0,0.0,6.0,0.0,1.0,0.0,83253,54019,103,117,52,35,318,252,62011,48010,43303,29302,55656,46715,947.0,-947.0,2232.0,-2232.0,5415.0,-5415.0,431.0,-431.0,1045.0,-1045.0,4393.0,-4393.0,9.0,-9.0,30.0,-30.0,44.0,-44.0,oe:team:1d0389df0c5eea93b04122ba167c010|oe:team:b3c72a20aa56f5d28022ac04a7dc294,LCK_20260522_DN_SOOPers_vs_Kiwoom_DRX_S4,1,0,1,"[""Rumble"", ""Cassiopeia"", ""Yone"", ""Xin Zhao"", ""Skarner"", ""K'Sante"", ""Lucian"", ""Miss Fortune"", ""Milio"", ""Bard""]",10,False,70.0,28.0,0.4,32.0,0.40625,4.0,0.5,62.0,17.0,0.27419354838709675,36.0,0.25,1.0,0.0,10.0,0.3,10.0,0.7
LOLTMNT02_407714,2026-05-22 10:20:35+00:00,LCK,2026,1,Rounds 1-2,0,16.1,complete,,KT Rolster,oe:team:d723992568441c6bafa2658129eade7,Gen.G,oe:team:50f58982d91a36557ec8aec52ab014f,0,1,RED,Gen.G,RED,Rumble,Varus,Ezreal,Karma,Orianna,Jarvan IV,Nami,Jhin,Cassiopeia,Nautilus,Pantheon,Ryze,Lee Sin,Taliyah,Anivia,Naafiri,Wukong,Zaahen,Ambessa,Sion,1670,1670,0,17,17,0,0,48,0.0,1.0,0.0,1.0,0.0,4.0,0.0,1.0,0.0,3.0,0.0,1.0,0.0,1.0,1.0,0.0,2.0,10.0,0.0,2.0,58289,86859,102,111,38,60,233,329,43921,59173,25509,40761,42443,49550,-1514.0,1514.0,-2994.0,2994.0,-4394.0,4394.0,-1895.0,1895.0,-2547.0,2547.0,-3621.0,3621.0,-24.0,24.0,-43.0,43.0,-44.0,44.0,oe:team:50f58982d91a36557ec8aec52ab014f|oe:team:d723992568441c6bafa2658129eade7,LCK_20260522_Gen_G_vs_KT_Rolster_S3,0,0,0,[],0,False,52.0,30.0,0.5769230769230769,27.0,0.6666666666666666,3.0,0.6666666666666666,54.0,42.0,0.7777777777777778,22.0,0.6818181818181818,0.0,,5.0,0.4,5.0,0.6
LOLTMNT02_407744,2026-05-22 11:11:42+00:00,LCK,2026,2,Rounds 1-2,0,16.1,complete,,KT Rolster,oe:team:d723992568441c6bafa2658129eade7,Gen.G,oe:team:50f58982d91a36557ec8aec52ab014f,0,1,RED,Gen.G,BLUE,Varus,Orianna,Cassiopeia,Ashe,Caitlyn,Jarvan IV,Nautilus,Galio,Rumble,Lucian,Jayce,Seraphine,Xin Zhao,Miss Fortune,Corki,Nocturne,Yorick,Ziggs,Trundle,Vayne,1985,1985,14,14,14,14,26,37,0.0,1.0,1.0,0.0,3.0,2.0,1.0,0.0,3.0,0.0,1.0,0.0,1.0,0.0,1.0,0.0,7.0,8.0,1.0,1.0,65956,71158,130,128,56,59,330,327,61095,63992,39470,42367,59161,55195,1161.0,-1161.0,3828.0,-3828.0,4182.0,-4182.0,1656.0,-1656.0,2572.0,-2572.0,2974.0,-2974.0,19.0,-19.0,12.0,-12.0,-2.0,2.0,oe:team:50f58982d91a36557ec8aec52ab014f|oe:team:d723992568441c6bafa2658129eade7,LCK_20260522_Gen_G_vs_KT_Rolster_S3,0,1,1,"[""Ezreal"", ""Karma"", ""Nami"", ""Jhin"", ""Pantheon"", ""Ryze"", ""Anivia"", ""Naafiri"", ""Ambessa"", ""Sion""]",10,False,53.0,30.0,0.5660377358490566,28.0,0.6428571428571429,4.0,0.5,55.0,43.0,0.7818181818181819,23.0,0.6956521739130435,1.0,1.0,6.0,0.3333333333333333,6.0,0.6666666666666666
LOLTMNT02_409322,2026-05-23 08:06:07+00:00,LCK,2026,1,Rounds 1-2,0,16.1,complete,,Dplus Kia,oe:team:ef69efa6acebe94107f0cf1ba716806,BNK FEARX,oe:team:5c2e7e9ea8dfcba0150d9a5619baecf,1,0,BLUE,Dplus Kia,RED,Nocturne,Varus,Jarvan IV,Orianna,Ezreal,Bard,Karma,Lucian,Rumble,Cassiopeia,Caitlyn,Milio,Lee Sin,Viktor,Ryze,Naafiri,Xin Zhao,Ambessa,Gnar,Sion,1901,1901,9,7,7,9,14,17,1.0,0.0,1.0,0.0,2.0,3.0,1.0,0.0,1.0,2.0,1.0,0.0,1.0,0.0,1.0,0.0,9.0,1.0,2.0,0.0,85917,78085,139,99,50,57,338,294,64462,54927,43694,34159,57513,52715,1000.0,-1000.0,363.0,-363.0,3173.0,-3173.0,1171.0,-1171.0,615.0,-615.0,3032.0,-3032.0,34.0,-34.0,50.0,-50.0,81.0,-81.0,oe:team:5c2e7e9ea8dfcba0150d9a5619baecf|oe:team:ef69efa6acebe94107f0cf1ba716806,LCK_20260523_BNK_FEARX_vs_Dplus_Kia_S3,0,0,0,[],0,False,69.0,36.0,0.5217391304347826,39.0,0.6410256410256411,3.0,0.6666666666666666,64.0,29.0,0.453125,26.0,0.46153846153846156,2.0,0.0,5.0,0.4,5.0,0.6
LOLTMNT02_409387,2026-05-23 09:01:51+00:00,LCK,2026,2,Rounds 1-2,0,16.1,complete,,BNK FEARX,oe:team:5c2e7e9ea8dfcba0150d9a5619baecf,Dplus Kia,oe:team:ef69efa6acebe94107f0cf1ba716806,1,0,BLUE,BNK FEARX,BLUE,Varus,Nocturne,Ashe,Seraphine,Bard,Trundle,Lulu,Xin Zhao,Cassiopeia,Renekton,Lee Sin,Ezreal,Twisted Fate,Annie,Ambessa,Rumble,Viktor,Akali,Ahri,LeBlanc,1948,1948,24,13,13,24,55,29,0.0,1.0,0.0,1.0,2.0,3.0,1.0,0.0,1.0,2.0,1.0,0.0,2.0,0.0,0.0,1.0,10.0,2.0,2.0,0.0,107354,91480,128,111,57,54,347,308,70614,57736,49366,36488,62525,57013,-297.0,297.0,-898.0,898.0,-270.0,270.0,1576.0,-1576.0,1683.0,-1683.0,2319.0,-2319.0,21.0,-21.0,32.0,-32.0,23.0,-23.0,oe:team:5c2e7e9ea8dfcba0150d9a5619baecf|oe:team:ef69efa6acebe94107f0cf1ba716806,LCK_20260523_BNK_FEARX_vs_Dplus_Kia_S3,0,1,1,"[""Jarvan IV"", ""Orianna"", ""Karma"", ""Lucian"", ""Caitlyn"", ""Milio"", ""Ryze"", ""Naafiri"", ""Gnar"", ""Sion""]",10,False,65.0,29.0,0.4461538461538462,38.0,0.4473684210526316,3.0,0.0,70.0,37.0,0.5285714285714286,30.0,0.36666666666666664,4.0,0.75,6.0,0.5,6.0,0.5
LOLTMNT02_409417,2026-05-23 09:58:25+00:00,LCK,2026,3,Rounds 1-2,0,16.1,complete,,Dplus Kia,oe:team:ef69efa6acebe94107f0cf1ba716806,BNK FEARX,oe:team:5c2e7e9ea8dfcba0150d9a5619baecf,1,0,BLUE,Dplus Kia,BLUE,Varus,Bard,Viktor,Pantheon,Nocturne,Cassiopeia,Skarner,Taliyah,Akali,Wukong,Jayce,Yorick,Nami,Neeko,Poppy,Alistar,Nautilus,Sivir,Jhin,Miss Fortune,1796,1796,16,8,8,16,33,16,0.0,1.0,1.0,0.0,3.0,1.0,1.0,0.0,3.0,0.0,1.0,0.0,1.0,0.0,0.0,1.0,6.0,4.0,1.0,0.0,86058,64351,119,120,61,51,344,308,60858,54387,41161,34690,49955,51668,213.0,-213.0,1497.0,-1497.0,96.0,-96.0,653.0,-653.0,1294.0,-1294.0,175.0,-175.0,27.0,-27.0,19.0,-19.0,9.0,-9.0,oe:team:5c2e7e9ea8dfcba0150d9a5619baecf|oe:team:ef69efa6acebe94107f0cf1ba716806,LCK_20260523_BNK_FEARX_vs_Dplus_Kia_S3,1,1,2,"[""Jarvan IV"", ""Orianna"", ""Karma"", ""Lucian"", ""Caitlyn"", ""Milio"", ""Ryze"", ""Naafiri"", ""Gnar"", ""Sion"", ""Ashe"", ""Seraphine"", ""Lulu"", ""Xin Zhao"", ""Lee Sin"", ""Ezreal"", ""Ambessa"", ""Rumble"", ""Ahri"", ""LeBlanc""]",20,False,71.0,37.0,0.5211267605633803,40.0,0.65,5.0,0.6,66.0,30.0,0.45454545454545453,27.0,0.4444444444444444,4.0,0.25,7.0,0.42857142857142855,7.0,0.5714285714285714
LOLTMNT02_409510,2026-05-23 11:15:14+00:00,LCK,2026,1,Rounds 1-2,0,16.1,complete,,Hanwha Life Esports,oe:team:3a1d18f46bcb3716ebcfcf4ef068934,Nongshim RedForce,oe:team:5cd2cd09ec94296f605dd13a2924d6c,0,1,RED,Nongshim RedForce,RED,Orianna,Varus,Bard,Rumble,Cassiopeia,Karma,Xin Zhao,Lucian,Ezreal,Jarvan IV,Jhin,Milio,Lee Sin,Ryze,Yorick,Annie,Pantheon,Jayce,Akali,Wukong,1825,1825,15,28,28,15,31,73,1.0,0.0,0.0,1.0,1.0,4.0,1.0,0.0,3.0,0.0,0.0,1.0,0.0,1.0,1.0,0.0,4.0,9.0,0.0,2.0,85280,132927,108,94,32,50,250,296,56494,64881,36501,44888,55438,58848,-354.0,354.0,-898.0,898.0,-1621.0,1621.0,304.0,-304.0,-252.0,252.0,-756.0,756.0,4.0,-4.0,-12.0,12.0,23.0,-23.0,oe:team:3a1d18f46bcb3716ebcfcf4ef068934|oe:team:5cd2cd09ec94296f605dd13a2924d6c,LCK_20260523_Hanwha_Life_Esports_vs_Nongshim_RedForce_S3,0,0,0,[],0,False,49.0,32.0,0.6530612244897959,22.0,0.6818181818181818,2.0,1.0,54.0,18.0,0.3333333333333333,34.0,0.29411764705882354,3.0,0.3333333333333333,5.0,0.4,5.0,0.6
LOLTMNT02_410580,2026-05-23 12:08:47+00:00,LCK,2026,2,Rounds 1-2,0,16.1,complete,,Nongshim RedForce,oe:team:5cd2cd09ec94296f605dd13a2924d6c,Hanwha Life Esports,oe:team:3a1d18f46bcb3716ebcfcf4ef068934,0,1,RED,Hanwha Life Esports,RED,Cassiopeia,Varus,Ashe,Vi,Orianna,Ezreal,Pantheon,Ziggs,Ryze,Jarvan IV,Nautilus,Pyke,Jayce,Gnar,Ahri,Aurora,Yone,Azir,Ambessa,Sion,1781,1781,15,39,39,16,34,90,0.0,1.0,0.0,1.0,0.0,4.0,1.0,0.0,0.0,3.0,0.0,1.0,0.0,1.0,0.0,1.0,2.0,6.0,0.0,1.0,93611,128931,87,107,34,39,256,295,55219,66945,35675,47401,52620,61435,-1267.0,1267.0,-386.0,386.0,-3341.0,3341.0,-716.0,716.0,-532.0,532.0,-5723.0,5723.0,-16.0,16.0,-5.0,5.0,-61.0,61.0,oe:team:3a1d18f46bcb3716ebcfcf4ef068934|oe:team:5cd2cd09ec94296f605dd13a2924d6c,LCK_20260523_Hanwha_Life_Esports_vs_Nongshim_RedForce_S3,1,0,1,"[""Bard"", ""Rumble"", ""Xin Zhao"", ""Lucian"", ""Jhin"", ""Milio"", ""Yorick"", ""Annie"", ""Akali"", ""Wukong""]",10,False,55.0,19.0,0.34545454545454546,20.0,0.4,4.0,0.5,50.0,32.0,0.64,27.0,0.6296296296296297,3.0,0.6666666666666666,6.0,0.6666666666666666,6.0,0.3333333333333333
LOLTMNT02_410667,2026-05-23 12:59:35+00:00,LCK,2026,3,Rounds 1-2,0,16.1,complete,,Hanwha Life Esports,oe:team:3a1d18f46bcb3716ebcfcf4ef068934,Nongshim RedForce,oe:team:5cd2cd09ec94296f605dd13a2924d6c,1,0,BLUE,Hanwha Life Esports,RED,Orianna,Varus,Ryze,Jarvan IV,Ezreal,Caitlyn,Lee Sin,Yunara,Cassiopeia,Jayce,Gnar,Lulu,Vayne,Karma,Corki,Twisted Fate,Azir,Thresh,Nami,Renekton,1632,1632,23,13,13,23,44,28,1.0,0.0,1.0,0.0,2.0,1.0,1.0,0.0,2.0,1.0,1.0,0.0,1.0,0.0,1.0,0.0,7.0,2.0,1.0,0.0,95161,72898,108,91,37,38,255,228,59711,49913,41687,31889,50726,47150,1184.0,-1184.0,2423.0,-2423.0,3114.0,-3114.0,715.0,-715.0,2553.0,-2553.0,3634.0,-3634.0,51.0,-51.0,80.0,-80.0,135.0,-135.0,oe:team:3a1d18f46bcb3716ebcfcf4ef068934|oe:team:5cd2cd09ec94296f605dd13a2924d6c,LCK_20260523_Hanwha_Life_Esports_vs_Nongshim_RedForce_S3,1,1,2,"[""Bard"", ""Rumble"", ""Xin Zhao"", ""Lucian"", ""Jhin"", ""Milio"", ""Yorick"", ""Annie"", ""Akali"", ""Wukong"", ""Ashe"", ""Vi"", ""Pantheon"", ""Ziggs"", ""Nautilus"", ""Pyke"", ""Ahri"", ""Aurora"", ""Ambessa"", ""Sion""]",20,False,51.0,33.0,0.6470588235294118,23.0,0.6521739130434783,4.0,0.75,56.0,19.0,0.3392857142857143,35.0,0.3142857142857143,5.0,0.4,7.0,0.42857142857142855,7.0,0.5714285714285714
LOLTMNT02_412046,2026-05-24 08:06:42+00:00,LCK,2026,1,Rounds 1-2,0,16.1,complete,,Gen.G,oe:team:50f58982d91a36557ec8aec52ab014f,DN SOOPers,oe:team:b3c72a20aa56f5d28022ac04a7dc294,1,0,BLUE,Gen.G,RED,Orianna,Varus,Bard,Ryze,Cassiopeia,Jarvan IV,Anivia,Lee Sin,Karma,Ezreal,Caitlyn,Rumble,Nautilus,K'Sante,Skarner,Ashe,Lucian,Nocturne,Ambessa,Seraphine,1683,1683,17,8,9,17,37,19,1.0,0.0,1.0,0.0,3.0,1.0,1.0,0.0,2.0,1.0,1.0,0.0,1.0,0.0,1.0,0.0,10.0,0.0,1.0,0.0,84336,78569,98,105,52,30,293,234,59781,48851,41236,30306,52875,47445,1723.0,-1723.0,6352.0,-6352.0,7080.0,-7080.0,1191.0,-1191.0,5151.0,-5151.0,4580.0,-4580.0,37.0,-37.0,70.0,-70.0,81.0,-81.0,oe:team:50f58982d91a36557ec8aec52ab014f|oe:team:b3c72a20aa56f5d28022ac04a7dc294,LCK_20260524_DN_SOOPers_vs_Gen_G_S2,0,0,0,[],0,False,56.0,44.0,0.7857142857142857,32.0,0.84375,2.0,1.0,63.0,17.0,0.2698412698412698,37.0,0.24324324324324326,2.0,0.0,2.0,1.0,2.0,0.0
LOLTMNT02_412073,2026-05-24 08:56:11+00:00,LCK,2026,2,Rounds 1-2,0,16.1,complete,,Gen.G,oe:team:50f58982d91a36557ec8aec52ab014f,DN SOOPers,oe:team:b3c72a20aa56f5d28022ac04a7dc294,1,0,BLUE,Gen.G,RED,Orianna,Varus,Annie,Wukong,Cassiopeia,Xin Zhao,Lucian,Sion,Karma,Jarvan IV,Milio,Akali,Nautilus,Gwen,Vayne,Corki,Lulu,Trundle,Maokai,Nami,1693,1693,14,6,6,14,37,11,1.0,0.0,0.0,1.0,2.0,2.0,1.0,0.0,3.0,0.0,1.0,0.0,1.0,0.0,1.0,0.0,9.0,1.0,2.0,0.0,101616,50405,100,86,46,49,272,278,59254,47653,40607,29006,52385,44811,2220.0,-2220.0,2515.0,-2515.0,4087.0,-4087.0,897.0,-897.0,811.0,-811.0,1893.0,-1893.0,50.0,-50.0,58.0,-58.0,70.0,-70.0,oe:team:50f58982d91a36557ec8aec52ab014f|oe:team:b3c72a20aa56f5d28022ac04a7dc294,LCK_20260524_DN_SOOPers_vs_Gen_G_S2,1,0,1,"[""Bard"", ""Ryze"", ""Anivia"", ""Lee Sin"", ""Caitlyn"", ""Rumble"", ""Skarner"", ""Ashe"", ""Ambessa"", ""Seraphine""]",10,False,57.0,45.0,0.7894736842105263,33.0,0.8484848484848485,3.0,1.0,64.0,17.0,0.265625,38.0,0.23684210526315788,3.0,0.0,3.0,1.0,3.0,0.0
LOLTMNT02_411297,2026-05-24 10:10:10+00:00,LCK,2026,1,Rounds 1-2,0,16.1,complete,,T1,oe:team:ce499dea30cfce118f4fe85da0227e8,HANJIN BRION,oe:team:b77b3f6068e20a2b3edc0ecd3dc70d4,1,0,BLUE,T1,RED,Orianna,Bard,Twisted Fate,Ryze,Cassiopeia,Varus,Caitlyn,Lee Sin,Karma,Anivia,Lux,Rumble,Nautilus,K'Sante,Sion,Jhin,Lucian,Ambessa,Naafiri,Pyke,1986,1986,13,5,5,13,31,11,1.0,0.0,0.0,1.0,2.0,3.0,1.0,0.0,0.0,3.0,,,0.0,0.0,1.0,0.0,8.0,1.0,1.0,0.0,70680,58331,133,142,81,59,417,364,68068,58087,46433,36452,59325,56500,1044.0,-1044.0,1807.0,-1807.0,470.0,-470.0,-331.0,331.0,-426.0,426.0,-983.0,983.0,-17.0,17.0,-16.0,16.0,10.0,-10.0,oe:team:b77b3f6068e20a2b3edc0ecd3dc70d4|oe:team:ce499dea30cfce118f4fe85da0227e8,LCK_20260524_HANJIN_BRION_vs_T1_S2,0,0,0,[],0,False,57.0,38.0,0.6666666666666666,29.0,0.6896551724137931,3.0,0.6666666666666666,53.0,22.0,0.41509433962264153,26.0,0.34615384615384615,3.0,0.3333333333333333,2.0,1.0,2.0,0.0
LOLTMNT02_411342,2026-05-24 11:10:29+00:00,LCK,2026,2,Rounds 1-2,0,16.1,complete,,T1,oe:team:ce499dea30cfce118f4fe85da0227e8,HANJIN BRION,oe:team:b77b3f6068e20a2b3edc0ecd3dc70d4,1,0,BLUE,T1,RED,Orianna,Bard,Ashe,Lucian,Karma,Varus,Seraphine,Milio,Cassiopeia,Lulu,Xin Zhao,Jarvan IV,Akali,K'Sante,Anivia,Jayce,Annie,Taliyah,Yorick,Aurora,1727,1727,14,15,15,14,26,31,0.0,1.0,0.0,1.0,1.0,3.0,1.0,0.0,0.0,0.0,1.0,0.0,1.0,0.0,0.0,1.0,7.0,3.0,1.0,0.0,81228,80680,93,108,58,44,289,270,58011,53323,39018,34330,49388,52160,-920.0,920.0,-3000.0,3000.0,-4841.0,4841.0,593.0,-593.0,-1948.0,1948.0,-2664.0,2664.0,26.0,-26.0,6.0,-6.0,3.0,-3.0,oe:team:b77b3f6068e20a2b3edc0ecd3dc70d4|oe:team:ce499dea30cfce118f4fe85da0227e8,LCK_20260524_HANJIN_BRION_vs_T1_S2,1,0,1,"[""Twisted Fate"", ""Ryze"", ""Caitlyn"", ""Lee Sin"", ""Lux"", ""Rumble"", ""Sion"", ""Jhin"", ""Naafiri"", ""Pyke""]",10,False,58.0,39.0,0.6724137931034483,30.0,0.7,4.0,0.75,54.0,22.0,0.4074074074074074,27.0,0.3333333333333333,4.0,0.25,3.0,1.0,3.0,0.0
LOLTMNT02_413377,2026-05-27 08:06:37+00:00,LCK,2026,1,Rounds 1-2,0,16.1,complete,,Gen.G,oe:team:50f58982d91a36557ec8aec52ab014f,Hanwha Life Esports,oe:team:3a1d18f46bcb3716ebcfcf4ef068934,0,1,RED,Hanwha Life Esports,RED,Orianna,Varus,Karma,Jarvan IV,Cassiopeia,Ezreal,Annie,Caitlyn,Ryze,Anivia,Jhin,Bard,Jayce,Lee Sin,Gnar,Aurora,Rumble,Vayne,Naafiri,Sion,2587,2587,12,16,16,12,23,46,1.0,0.0,1.0,0.0,3.0,3.0,1.0,0.0,1.0,2.0,1.0,0.0,1.0,2.0,1.0,0.0,8.0,11.0,1.0,3.0,126928,112887,174,164,84,82,495,475,79833,83423,52068,55658,77138,77170,1132.0,-1132.0,1883.0,-1883.0,2563.0,-2563.0,567.0,-567.0,170.0,-170.0,225.0,-225.0,20.0,-20.0,35.0,-35.0,9.0,-9.0,oe:team:3a1d18f46bcb3716ebcfcf4ef068934|oe:team:50f58982d91a36557ec8aec52ab014f,LCK_20260527_Gen_G_vs_Hanwha_Life_Esports_S3,0,0,0,[],0,False,58.0,46.0,0.7931034482758621,34.0,0.8529411764705882,4.0,1.0,52.0,34.0,0.6538461538461539,28.0,0.6428571428571429,5.0,0.8,5.0,0.6,5.0,0.4
LOLTMNT02_414180,2026-05-27 09:12:52+00:00,LCK,2026,2,Rounds 1-2,0,16.1,complete,,Gen.G,oe:team:50f58982d91a36557ec8aec52ab014f,Hanwha Life Esports,oe:team:3a1d18f46bcb3716ebcfcf4ef068934,1,0,BLUE,Gen.G,RED,Jayce,Varus,Vi,Ryze,Nocturne,Anivia,Lucian,Trundle,Cassiopeia,Orianna,Milio,Rumble,Ashe,Ambessa,Yorick,Senna,Nautilus,Taliyah,Ahri,Alistar,1888,1888,27,16,16,27,72,40,0.0,1.0,0.0,1.0,3.0,2.0,0.0,0.0,3.0,0.0,1.0,0.0,1.0,0.0,1.0,0.0,9.0,2.0,1.0,0.0,111228,84278,123,124,65,53,361,344,67247,59141,46611,38505,60133,56138,-1411.0,1411.0,239.0,-239.0,-763.0,763.0,-1426.0,1426.0,502.0,-502.0,346.0,-346.0,-24.0,24.0,-7.0,7.0,16.0,-16.0,oe:team:3a1d18f46bcb3716ebcfcf4ef068934|oe:team:50f58982d91a36557ec8aec52ab014f,LCK_20260527_Gen_G_vs_Hanwha_Life_Esports_S3,0,1,1,"[""Karma"", ""Jarvan IV"", ""Annie"", ""Caitlyn"", ""Jhin"", ""Bard"", ""Gnar"", ""Aurora"", ""Naafiri"", ""Sion""]",10,False,59.0,46.0,0.7796610169491526,35.0,0.8285714285714286,5.0,0.8,53.0,35.0,0.660377358490566,29.0,0.6551724137931034,6.0,0.8333333333333334,6.0,0.5,6.0,0.5
LOLTMNT02_413403,2026-05-27 10:06:53+00:00,LCK,2026,3,Rounds 1-2,0,16.1,complete,,Gen.G,oe:team:50f58982d91a36557ec8aec52ab014f,Hanwha Life Esports,oe:team:3a1d18f46bcb3716ebcfcf4ef068934,1,0,BLUE,Gen.G,RED,Jayce,Varus,Lee Sin,Orianna,Ashe,Ezreal,Galio,Pantheon,Cassiopeia,Skarner,Vayne,Renekton,Poppy,Lulu,Rakan,Nautilus,Miss Fortune,Corki,Sivir,Xayah,1579,1579,22,3,3,22,59,6,1.0,0.0,1.0,0.0,3.0,0.0,0.0,1.0,0.0,3.0,1.0,0.0,1.0,0.0,1.0,0.0,8.0,2.0,1.0,0.0,71624,40232,118,96,39,33,272,240,58940,44480,41456,26996,52690,42650,1783.0,-1783.0,5604.0,-5604.0,4172.0,-4172.0,758.0,-758.0,4412.0,-4412.0,5998.0,-5998.0,14.0,-14.0,20.0,-20.0,29.0,-29.0,oe:team:3a1d18f46bcb3716ebcfcf4ef068934|oe:team:50f58982d91a36557ec8aec52ab014f,LCK_20260527_Gen_G_vs_Hanwha_Life_Esports_S3,1,1,2,"[""Karma"", ""Jarvan IV"", ""Annie"", ""Caitlyn"", ""Jhin"", ""Bard"", ""Gnar"", ""Aurora"", ""Naafiri"", ""Sion"", ""Vi"", ""Ryze"", ""Lucian"", ""Trundle"", ""Milio"", ""Rumble"", ""Yorick"", ""Senna"", ""Ahri"", ""Alistar""]",20,False,60.0,47.0,0.7833333333333333,36.0,0.8333333333333334,6.0,0.8333333333333334,54.0,35.0,0.6481481481481481,30.0,0.6333333333333333,7.0,0.7142857142857143,7.0,0.5714285714285714,7.0,0.42857142857142855
LOLTMNT02_413460,2026-05-27 11:17:26+00:00,LCK,2026,1,Rounds 1-2,0,16.1,complete,,BNK FEARX,oe:team:5c2e7e9ea8dfcba0150d9a5619baecf,Kiwoom DRX,oe:team:1d0389df0c5eea93b04122ba167c010,1,0,BLUE,BNK FEARX,RED,Orianna,Ezreal,Rumble,Jarvan IV,Cassiopeia,Ashe,Ryze,K'Sante,Karma,Varus,Lee Sin,Annie,Nautilus,Lucian,Caitlyn,Miss Fortune,Bard,Yunara,Lux,Rell,2084,2084,16,15,15,16,45,31,0.0,1.0,1.0,0.0,2.0,3.0,0.0,1.0,3.0,0.0,0.0,1.0,0.0,1.0,1.0,0.0,8.0,3.0,1.0,0.0,97209,71481,134,137,59,47,360,354,70256,64760,47621,42125,61455,62060,410.0,-410.0,-92.0,92.0,-1762.0,1762.0,398.0,-398.0,609.0,-609.0,-225.0,225.0,25.0,-25.0,36.0,-36.0,40.0,-40.0,oe:team:1d0389df0c5eea93b04122ba167c010|oe:team:5c2e7e9ea8dfcba0150d9a5619baecf,LCK_20260527_BNK_FEARX_vs_Kiwoom_DRX_S2,0,0,0,[],0,False,67.0,30.0,0.44776119402985076,39.0,0.46153846153846156,5.0,0.2,71.0,29.0,0.4084507042253521,38.0,0.39473684210526316,5.0,0.6,2.0,1.0,2.0,0.0
LOLTMNT02_414278,2026-05-27 12:13:29+00:00,LCK,2026,2,Rounds 1-2,0,16.1,complete,,BNK FEARX,oe:team:5c2e7e9ea8dfcba0150d9a5619baecf,Kiwoom DRX,oe:team:1d0389df0c5eea93b04122ba167c010,0,1,RED,Kiwoom DRX,RED,Orianna,Ashe,Karma,Ezreal,Cassiopeia,Varus,Naafiri,Bard,Xin Zhao,Jayce,Jhin,Gnar,Wukong,Renekton,Aurora,Viktor,Vi,Ahri,Sylas,Pantheon,1930,1930,5,18,18,5,13,33,0.0,1.0,0.0,1.0,2.0,3.0,0.0,1.0,0.0,3.0,0.0,1.0,0.0,2.0,0.0,1.0,1.0,8.0,0.0,2.0,70731,94664,114,112,49,37,291,316,56115,65602,35051,44538,54330,57706,-1230.0,1230.0,-504.0,504.0,-3901.0,3901.0,-1033.0,1033.0,-588.0,588.0,-5352.0,5352.0,-8.0,8.0,14.0,-14.0,18.0,-18.0,oe:team:1d0389df0c5eea93b04122ba167c010|oe:team:5c2e7e9ea8dfcba0150d9a5619baecf,LCK_20260527_BNK_FEARX_vs_Kiwoom_DRX_S2,1,0,1,"[""Rumble"", ""Jarvan IV"", ""Ryze"", ""K'Sante"", ""Lee Sin"", ""Annie"", ""Caitlyn"", ""Miss Fortune"", ""Lux"", ""Rell""]",10,False,68.0,31.0,0.45588235294117646,40.0,0.475,6.0,0.3333333333333333,72.0,29.0,0.4027777777777778,39.0,0.38461538461538464,6.0,0.5,3.0,1.0,3.0,0.0
LOLTMNT02_413504,2026-05-27 13:07:31+00:00,LCK,2026,3,Rounds 1-2,0,16.1,complete,,Kiwoom DRX,oe:team:1d0389df0c5eea93b04122ba167c010,BNK FEARX,oe:team:5c2e7e9ea8dfcba0150d9a5619baecf,0,1,RED,BNK FEARX,RED,Ashe,Varus,Yunara,Lucian,Orianna,Vi,Renekton,Milio,Cassiopeia,Akali,Lulu,Xin Zhao,Sion,Wukong,Jax,Ahri,Jayce,Nocturne,Mel,Shen,2566,2566,12,20,20,12,26,54,1.0,0.0,0.0,1.0,3.0,4.0,0.0,1.0,3.0,0.0,0.0,1.0,0.0,2.0,0.0,1.0,3.0,10.0,0.0,3.0,128484,145752,158,152,60,83,410,468,73895,87026,46344,59475,72258,78950,-1013.0,1013.0,-489.0,489.0,-809.0,809.0,-1135.0,1135.0,1664.0,-1664.0,1826.0,-1826.0,-4.0,4.0,29.0,-29.0,17.0,-17.0,oe:team:1d0389df0c5eea93b04122ba167c010|oe:team:5c2e7e9ea8dfcba0150d9a5619baecf,LCK_20260527_BNK_FEARX_vs_Kiwoom_DRX_S2,1,1,2,"[""Rumble"", ""Jarvan IV"", ""Ryze"", ""K'Sante"", ""Lee Sin"", ""Annie"", ""Caitlyn"", ""Miss Fortune"", ""Lux"", ""Rell"", ""Karma"", ""Ezreal"", ""Naafiri"", ""Bard"", ""Jhin"", ""Gnar"", ""Aurora"", ""Viktor"", ""Sylas"", ""Pantheon""]",20,False,73.0,30.0,0.410958904109589,33.0,0.42424242424242425,7.0,0.5714285714285714,69.0,31.0,0.4492753623188406,28.0,0.42857142857142855,7.0,0.2857142857142857,4.0,0.25,4.0,0.75
LOLTMNT02_414553,2026-05-28 08:03:36+00:00,LCK,2026,1,Rounds 1-2,0,16.1,complete,,DN SOOPers,oe:team:b3c72a20aa56f5d28022ac04a7dc294,Nongshim RedForce,oe:team:5cd2cd09ec94296f605dd13a2924d6c,1,0,BLUE,DN SOOPers,RED,Orianna,Varus,Bard,Cassiopeia,Jarvan IV,Karma,Lee Sin,Ezreal,Lucian,Rumble,Caitlyn,Neeko,Vi,Akali,LeBlanc,Pantheon,Nocturne,Annie,Zaahen,Sion,2143,2143,23,14,14,23,61,34,1.0,0.0,1.0,0.0,1.0,3.0,1.0,0.0,3.0,0.0,0.0,1.0,1.0,2.0,1.0,0.0,9.0,7.0,1.0,1.0,130912,129899,151,131,65,61,400,339,75124,69245,51887,46008,68513,66863,561.0,-561.0,1602.0,-1602.0,2889.0,-2889.0,-34.0,34.0,1243.0,-1243.0,1759.0,-1759.0,3.0,-3.0,10.0,-10.0,19.0,-19.0,oe:team:5cd2cd09ec94296f605dd13a2924d6c|oe:team:b3c72a20aa56f5d28022ac04a7dc294,LCK_20260528_DN_SOOPers_vs_Nongshim_RedForce_S3,0,0,0,[],0,False,65.0,17.0,0.26153846153846155,26.0,0.3076923076923077,4.0,0.0,57.0,19.0,0.3333333333333333,36.0,0.3055555555555556,6.0,0.3333333333333333,5.0,0.4,5.0,0.6
LOLTMNT02_414569,2026-05-28 08:59:44+00:00,LCK,2026,2,Rounds 1-2,0,16.1,complete,,DN SOOPers,oe:team:b3c72a20aa56f5d28022ac04a7dc294,Nongshim RedForce,oe:team:5cd2cd09ec94296f605dd13a2924d6c,0,1,RED,Nongshim RedForce,RED,Orianna,Varus,Annie,Ryze,Jarvan IV,Karma,Wukong,Yunara,Lucian,Vi,Rumble,Lulu,Nocturne,Nautilus,Zeri,Xin Zhao,K'Sante,Ashe,Yuumi,Galio,1488,1488,5,19,19,5,9,36,1.0,0.0,0.0,1.0,0.0,3.0,0.0,1.0,3.0,0.0,0.0,1.0,0.0,1.0,0.0,1.0,0.0,8.0,0.0,1.0,57651,68147,79,89,36,40,204,226,40413,53831,23857,37275,38333,48275,-89.0,89.0,-2029.0,2029.0,-5911.0,5911.0,-439.0,439.0,-1852.0,1852.0,-5177.0,5177.0,-20.0,20.0,-31.0,31.0,-70.0,70.0,oe:team:5cd2cd09ec94296f605dd13a2924d6c|oe:team:b3c72a20aa56f5d28022ac04a7dc294,LCK_20260528_DN_SOOPers_vs_Nongshim_RedForce_S3,1,0,1,"[""Bard"", ""Cassiopeia"", ""Lee Sin"", ""Ezreal"", ""Caitlyn"", ""Neeko"", ""LeBlanc"", ""Pantheon"", ""Zaahen"", ""Sion""]",10,False,66.0,18.0,0.2727272727272727,27.0,0.3333333333333333,5.0,0.2,58.0,19.0,0.3275862068965517,37.0,0.2972972972972973,7.0,0.2857142857142857,6.0,0.5,6.0,0.5
LOLTMNT02_414581,2026-05-28 09:44:44+00:00,LCK,2026,3,Rounds 1-2,0,16.1,complete,,DN SOOPers,oe:team:b3c72a20aa56f5d28022ac04a7dc294,Nongshim RedForce,oe:team:5cd2cd09ec94296f605dd13a2924d6c,0,1,RED,Nongshim RedForce,RED,Orianna,Varus,Naafiri,Nocturne,Jarvan IV,Vi,Karma,Miss Fortune,Lucian,Trundle,Sivir,Nautilus,Twisted Fate,Akali,Aurora,Renekton,Viktor,K'Sante,Gnar,Taliyah,1887,1887,9,15,15,9,19,38,1.0,0.0,0.0,1.0,0.0,4.0,0.0,1.0,0.0,3.0,0.0,1.0,0.0,1.0,0.0,1.0,1.0,9.0,0.0,1.0,77472,83885,111,114,55,57,318,341,54661,64997,34036,44372,52508,61235,662.0,-662.0,-1149.0,1149.0,-3570.0,3570.0,-629.0,629.0,-2497.0,2497.0,-3115.0,3115.0,-54.0,54.0,-63.0,63.0,-85.0,85.0,oe:team:5cd2cd09ec94296f605dd13a2924d6c|oe:team:b3c72a20aa56f5d28022ac04a7dc294,LCK_20260528_DN_SOOPers_vs_Nongshim_RedForce_S3,1,1,2,"[""Bard"", ""Cassiopeia"", ""Lee Sin"", ""Ezreal"", ""Caitlyn"", ""Neeko"", ""LeBlanc"", ""Pantheon"", ""Zaahen"", ""Sion"", ""Annie"", ""Ryze"", ""Wukong"", ""Yunara"", ""Rumble"", ""Lulu"", ""Zeri"", ""Xin Zhao"", ""Yuumi"", ""Galio""]",20,False,67.0,18.0,0.26865671641791045,28.0,0.32142857142857145,6.0,0.16666666666666666,59.0,20.0,0.3389830508474576,38.0,0.3157894736842105,8.0,0.375,7.0,0.42857142857142855,7.0,0.5714285714285714
LOLTMNT02_414612,2026-05-28 11:03:41+00:00,LCK,2026,1,Rounds 1-2,0,16.1,complete,,T1,oe:team:ce499dea30cfce118f4fe85da0227e8,KT Rolster,oe:team:d723992568441c6bafa2658129eade7,1,0,BLUE,T1,RED,Orianna,Varus,Rumble,Lucian,Karma,Bard,Vi,Milio,Cassiopeia,Caitlyn,Anivia,Ryze,Trundle,Seraphine,Xayah,Yorick,K'Sante,Neeko,Rakan,Wukong,1727,1727,11,5,5,11,24,8,0.0,1.0,1.0,0.0,3.0,1.0,0.0,1.0,0.0,3.0,1.0,0.0,1.0,0.0,0.0,1.0,7.0,3.0,1.0,0.0,59708,48973,116,114,58,51,301,330,57561,49711,38568,30718,48655,48231,-1024.0,1024.0,-792.0,792.0,421.0,-421.0,-844.0,844.0,16.0,-16.0,905.0,-905.0,0.0,0.0,14.0,-14.0,66.0,-66.0,oe:team:ce499dea30cfce118f4fe85da0227e8|oe:team:d723992568441c6bafa2658129eade7,LCK_20260528_KT_Rolster_vs_T1_S3,0,0,0,[],0,False,59.0,40.0,0.6779661016949152,31.0,0.7096774193548387,5.0,0.8,54.0,30.0,0.5555555555555556,25.0,0.48,5.0,0.4,4.0,0.5,4.0,0.5
LOLTMNT02_413783,2026-05-28 11:55:14+00:00,LCK,2026,2,Rounds 1-2,0,16.1,complete,,T1,oe:team:ce499dea30cfce118f4fe85da0227e8,KT Rolster,oe:team:d723992568441c6bafa2658129eade7,1,0,BLUE,T1,RED,Orianna,Varus,Ashe,Annie,Cassiopeia,Bard,Seraphine,Nautilus,Karma,Caitlyn,Xin Zhao,Lee Sin,Miss Fortune,Galio,Akali,Mel,Ziggs,Sion,Olaf,Jayce,2127,2127,22,15,15,22,61,20,0.0,1.0,0.0,1.0,1.0,4.0,0.0,1.0,0.0,3.0,0.0,1.0,0.0,1.0,0.0,1.0,7.0,4.0,1.0,0.0,77333,107608,133,167,68,57,370,407,71735,64620,48662,41547,64730,60835,-1975.0,1975.0,-4759.0,4759.0,-4547.0,4547.0,-980.0,980.0,-2293.0,2293.0,-1795.0,1795.0,-29.0,29.0,-65.0,65.0,-49.0,49.0,oe:team:ce499dea30cfce118f4fe85da0227e8|oe:team:d723992568441c6bafa2658129eade7,LCK_20260528_KT_Rolster_vs_T1_S3,1,0,1,"[""Rumble"", ""Lucian"", ""Vi"", ""Milio"", ""Anivia"", ""Ryze"", ""Xayah"", ""Yorick"", ""Rakan"", ""Wukong""]",10,False,60.0,41.0,0.6833333333333333,32.0,0.71875,6.0,0.8333333333333334,55.0,30.0,0.5454545454545454,26.0,0.46153846153846156,6.0,0.3333333333333333,5.0,0.6,5.0,0.4
LOLTMNT02_415033,2026-05-29 08:09:08+00:00,LCK,2026,1,Rounds 1-2,0,16.1,complete,,Dplus Kia,oe:team:ef69efa6acebe94107f0cf1ba716806,Kiwoom DRX,oe:team:1d0389df0c5eea93b04122ba167c010,1,0,BLUE,Dplus Kia,RED,Nocturne,Bard,Viktor,Orianna,Varus,Karma,Lucian,Vi,Rumble,Jarvan IV,Braum,Nautilus,Senna,Xin Zhao,Wukong,Ezreal,Sivir,Jayce,Vayne,Gnar,1694,1694,19,6,6,19,39,6,1.0,0.0,1.0,0.0,4.0,0.0,1.0,0.0,0.0,3.0,,,0.0,0.0,0.0,1.0,9.0,1.0,1.0,0.0,85586,52231,118,92,49,42,311,238,61660,48407,43003,29750,53003,44801,762.0,-762.0,1615.0,-1615.0,-134.0,134.0,994.0,-994.0,1387.0,-1387.0,471.0,-471.0,25.0,-25.0,32.0,-32.0,20.0,-20.0,oe:team:1d0389df0c5eea93b04122ba167c010|oe:team:ef69efa6acebe94107f0cf1ba716806,LCK_20260529_Dplus_Kia_vs_Kiwoom_DRX_S4,0,0,0,[],0,False,72.0,38.0,0.5277777777777778,41.0,0.6585365853658537,6.0,0.6666666666666666,74.0,30.0,0.40540540540540543,40.0,0.4,8.0,0.5,9.0,0.7777777777777778,9.0,0.2222222222222222
LOLTMNT02_415073,2026-05-29 09:00:16+00:00,LCK,2026,2,Rounds 1-2,0,16.1,complete,,Dplus Kia,oe:team:ef69efa6acebe94107f0cf1ba716806,Kiwoom DRX,oe:team:1d0389df0c5eea93b04122ba167c010,0,1,RED,Kiwoom DRX,RED,Cassiopeia,Varus,Ashe,Lee Sin,Bard,Jhin,Xin Zhao,Ryze,Jarvan IV,Caitlyn,Seraphine,K'Sante,Yuumi,Ambessa,Zaahen,Yunara,Pyke,Annie,Taliyah,Lulu,1684,1684,2,16,16,2,5,35,0.0,1.0,0.0,1.0,0.0,4.0,0.0,1.0,1.0,2.0,0.0,1.0,0.0,1.0,0.0,1.0,2.0,9.0,0.0,1.0,44592,72859,92,104,46,41,255,271,48837,61550,30282,42995,47708,51655,-1646.0,1646.0,-2418.0,2418.0,-5438.0,5438.0,-1565.0,1565.0,-2888.0,2888.0,-4676.0,4676.0,10.0,-10.0,-18.0,18.0,-37.0,37.0,oe:team:1d0389df0c5eea93b04122ba167c010|oe:team:ef69efa6acebe94107f0cf1ba716806,LCK_20260529_Dplus_Kia_vs_Kiwoom_DRX_S4,1,0,1,"[""Viktor"", ""Orianna"", ""Lucian"", ""Vi"", ""Braum"", ""Nautilus"", ""Wukong"", ""Ezreal"", ""Vayne"", ""Gnar""]",10,False,73.0,39.0,0.5342465753424658,42.0,0.6666666666666666,7.0,0.7142857142857143,75.0,30.0,0.4,41.0,0.3902439024390244,9.0,0.4444444444444444,10.0,0.8,10.0,0.2
LOLTMNT02_415083,2026-05-29 09:49:54+00:00,LCK,2026,3,Rounds 1-2,0,16.1,complete,,Kiwoom DRX,oe:team:1d0389df0c5eea93b04122ba167c010,Dplus Kia,oe:team:ef69efa6acebe94107f0cf1ba716806,0,1,RED,Dplus Kia,RED,Cassiopeia,Varus,Jhin,Jarvan IV,Caitlyn,Annie,Karma,Miss Fortune,Yuumi,Nocturne,Rumble,Bard,Ambessa,Naafiri,Ahri,Galio,Yorick,Mel,Pantheon,Aurora,1855,1855,7,21,21,8,15,44,0.0,1.0,0.0,1.0,1.0,3.0,0.0,1.0,3.0,0.0,,,0.0,0.0,0.0,1.0,1.0,7.0,0.0,1.0,77779,87678,103,115,38,54,266,330,55120,66462,34821,46163,54350,60090,-88.0,88.0,-1471.0,1471.0,-4424.0,4424.0,-494.0,494.0,-1518.0,1518.0,-3085.0,3085.0,21.0,-21.0,-18.0,18.0,-27.0,27.0,oe:team:1d0389df0c5eea93b04122ba167c010|oe:team:ef69efa6acebe94107f0cf1ba716806,LCK_20260529_Dplus_Kia_vs_Kiwoom_DRX_S4,1,1,2,"[""Viktor"", ""Orianna"", ""Lucian"", ""Vi"", ""Braum"", ""Nautilus"", ""Wukong"", ""Ezreal"", ""Vayne"", ""Gnar"", ""Ashe"", ""Lee Sin"", ""Xin Zhao"", ""Ryze"", ""Seraphine"", ""K'Sante"", ""Zaahen"", ""Yunara"", ""Taliyah"", ""Lulu""]",20,False,76.0,31.0,0.40789473684210525,34.0,0.4117647058823529,10.0,0.5,74.0,39.0,0.527027027027027,31.0,0.3548387096774194,8.0,0.625,11.0,0.2727272727272727,11.0,0.7272727272727273
LOLTMNT02_415144,2026-05-29 11:07:01+00:00,LCK,2026,1,Rounds 1-2,0,16.1,complete,,Gen.G,oe:team:50f58982d91a36557ec8aec52ab014f,HANJIN BRION,oe:team:b77b3f6068e20a2b3edc0ecd3dc70d4,1,0,BLUE,Gen.G,RED,Cassiopeia,Varus,Ryze,Lucian,Caitlyn,Bard,Vi,Xin Zhao,Orianna,Karma,Rumble,Milio,K'Sante,Nautilus,Rakan,Yorick,Galio,Lulu,Xayah,Taliyah,1758,1758,18,2,2,18,50,7,1.0,0.0,0.0,1.0,1.0,3.0,1.0,0.0,3.0,0.0,1.0,0.0,1.0,0.0,1.0,0.0,9.0,2.0,3.0,0.0,84250,53856,114,111,55,43,313,290,64292,48528,44982,29218,59625,45703,1779.0,-1779.0,3810.0,-3810.0,5812.0,-5812.0,-390.0,390.0,578.0,-578.0,4418.0,-4418.0,13.0,-13.0,26.0,-26.0,42.0,-42.0,oe:team:50f58982d91a36557ec8aec52ab014f|oe:team:b77b3f6068e20a2b3edc0ecd3dc70d4,LCK_20260529_Gen_G_vs_HANJIN_BRION_S2,0,0,0,[],0,False,61.0,48.0,0.7868852459016393,37.0,0.8378378378378378,7.0,0.8571428571428571,55.0,22.0,0.4,28.0,0.32142857142857145,5.0,0.2,2.0,1.0,2.0,0.0
LOLTMNT02_414922,2026-05-29 12:01:10+00:00,LCK,2026,2,Rounds 1-2,0,16.1,complete,,Gen.G,oe:team:50f58982d91a36557ec8aec52ab014f,HANJIN BRION,oe:team:b77b3f6068e20a2b3edc0ecd3dc70d4,1,0,BLUE,Gen.G,BLUE,Varus,Orianna,Jarvan IV,Pantheon,Lee Sin,Cassiopeia,Ziggs,Caitlyn,Ezreal,Karma,Nautilus,Aurora,Vayne,Twisted Fate,Ambessa,Sion,Renekton,Gnar,Mel,Tahm Kench,1775,1775,24,8,8,24,63,23,1.0,0.0,0.0,1.0,3.0,1.0,1.0,0.0,3.0,0.0,1.0,0.0,1.0,0.0,1.0,0.0,7.0,0.0,1.0,0.0,128010,71186,125,107,62,38,329,259,67253,49097,47770,29614,59015,48385,415.0,-415.0,809.0,-809.0,6354.0,-6354.0,475.0,-475.0,980.0,-980.0,6546.0,-6546.0,29.0,-29.0,53.0,-53.0,84.0,-84.0,oe:team:50f58982d91a36557ec8aec52ab014f|oe:team:b77b3f6068e20a2b3edc0ecd3dc70d4,LCK_20260529_Gen_G_vs_HANJIN_BRION_S2,1,0,1,"[""Ryze"", ""Lucian"", ""Vi"", ""Xin Zhao"", ""Rumble"", ""Milio"", ""Rakan"", ""Yorick"", ""Xayah"", ""Taliyah""]",10,False,62.0,49.0,0.7903225806451613,38.0,0.8421052631578947,8.0,0.875,56.0,22.0,0.39285714285714285,29.0,0.3103448275862069,6.0,0.16666666666666666,3.0,1.0,3.0,0.0
LOLTMNT02_415309,2026-05-30 08:05:58+00:00,LCK,2026,1,Rounds 1-2,0,16.1,complete,,KT Rolster,oe:team:d723992568441c6bafa2658129eade7,DN SOOPers,oe:team:b3c72a20aa56f5d28022ac04a7dc294,1,0,BLUE,KT Rolster,RED,Cassiopeia,Varus,Lucian,Ryze,Orianna,Jarvan IV,Taliyah,Miss Fortune,Caitlyn,Karma,Braum,Nautilus,Lee Sin,Vi,Xin Zhao,Wukong,Rumble,Zaahen,Gnar,Sion,1831,1831,20,14,14,20,50,39,0.0,1.0,0.0,1.0,2.0,2.0,1.0,0.0,3.0,0.0,0.0,1.0,1.0,1.0,1.0,0.0,8.0,2.0,1.0,0.0,107876,75762,126,114,54,60,344,308,65914,56945,45860,36891,57468,54363,-211.0,211.0,-1449.0,1449.0,1128.0,-1128.0,703.0,-703.0,-487.0,487.0,-547.0,547.0,26.0,-26.0,26.0,-26.0,21.0,-21.0,oe:team:b3c72a20aa56f5d28022ac04a7dc294|oe:team:d723992568441c6bafa2658129eade7,LCK_20260530_DN_SOOPers_vs_KT_Rolster_S4,0,0,0,[],0,False,56.0,30.0,0.5357142857142857,29.0,0.6206896551724138,7.0,0.2857142857142857,68.0,18.0,0.2647058823529412,39.0,0.23076923076923078,7.0,0.14285714285714285,7.0,0.5714285714285714,7.0,0.42857142857142855
LOLTMNT02_415338,2026-05-30 08:58:01+00:00,LCK,2026,2,Rounds 1-2,0,16.1,complete,,KT Rolster,oe:team:d723992568441c6bafa2658129eade7,DN SOOPers,oe:team:b3c72a20aa56f5d28022ac04a7dc294,1,0,BLUE,KT Rolster,RED,Cassiopeia,Varus,Jhin,Caitlyn,Orianna,Jarvan IV,Karma,Lee Sin,Ezreal,Jayce,Annie,Bard,Akali,Pantheon,Rumble,Ambessa,K'Sante,Renekton,Trundle,Galio,2042,2042,18,7,7,18,54,20,1.0,0.0,0.0,1.0,3.0,2.0,1.0,0.0,1.0,2.0,1.0,0.0,1.0,0.0,1.0,0.0,9.0,1.0,2.0,0.0,117556,71874,139,133,68,51,393,321,66025,59693,43819,37487,60480,57985,445.0,-445.0,1888.0,-1888.0,5297.0,-5297.0,583.0,-583.0,1215.0,-1215.0,3420.0,-3420.0,14.0,-14.0,-1.0,1.0,11.0,-11.0,oe:team:b3c72a20aa56f5d28022ac04a7dc294|oe:team:d723992568441c6bafa2658129eade7,LCK_20260530_DN_SOOPers_vs_KT_Rolster_S4,1,0,1,"[""Lucian"", ""Ryze"", ""Taliyah"", ""Miss Fortune"", ""Braum"", ""Nautilus"", ""Xin Zhao"", ""Wukong"", ""Gnar"", ""Sion""]",10,False,57.0,31.0,0.543859649122807,30.0,0.6333333333333333,8.0,0.375,69.0,18.0,0.2608695652173913,40.0,0.225,8.0,0.125,8.0,0.625,8.0,0.375
LOLTMNT02_416145,2026-05-30 10:20:58+00:00,LCK,2026,1,Rounds 1-2,0,16.1,complete,,BNK FEARX,oe:team:5c2e7e9ea8dfcba0150d9a5619baecf,T1,oe:team:ce499dea30cfce118f4fe85da0227e8,0,1,RED,T1,RED,Orianna,Varus,Ezreal,Bard,Cassiopeia,Lucian,Ryze,Anivia,Caitlyn,Karma,Neeko,Jhin,Xin Zhao,Jarvan IV,Wukong,Rumble,Pantheon,Lee Sin,K'Sante,Nocturne,2275,2275,21,25,25,21,35,64,0.0,1.0,1.0,0.0,3.0,3.0,0.0,1.0,2.0,1.0,1.0,0.0,1.0,0.0,1.0,0.0,8.0,7.0,1.0,1.0,138585,153576,141,168,75,56,422,371,74961,77723,50378,53140,70501,71385,1260.0,-1260.0,-508.0,508.0,227.0,-227.0,1054.0,-1054.0,580.0,-580.0,2320.0,-2320.0,40.0,-40.0,41.0,-41.0,47.0,-47.0,oe:team:5c2e7e9ea8dfcba0150d9a5619baecf|oe:team:ce499dea30cfce118f4fe85da0227e8,LCK_20260530_BNK_FEARX_vs_T1_S4,0,0,0,[],0,False,70.0,32.0,0.45714285714285713,41.0,0.4634146341463415,8.0,0.375,61.0,42.0,0.6885245901639344,28.0,0.6428571428571429,7.0,0.8571428571428571,9.0,0.4444444444444444,9.0,0.5555555555555556
LOLTMNT02_415381,2026-05-30 11:23:27+00:00,LCK,2026,2,Rounds 1-2,0,16.1,complete,,BNK FEARX,oe:team:5c2e7e9ea8dfcba0150d9a5619baecf,T1,oe:team:ce499dea30cfce118f4fe85da0227e8,0,1,RED,T1,RED,Orianna,Varus,Caitlyn,Vi,Cassiopeia,Jarvan IV,Karma,Nautilus,Xin Zhao,Trundle,Pantheon,Mel,Akali,Annie,Viktor,Sion,Ahri,Olaf,Gwen,Azir,1787,1787,13,30,30,14,26,63,0.0,1.0,0.0,1.0,0.0,4.0,0.0,1.0,3.0,0.0,0.0,1.0,0.0,1.0,1.0,0.0,2.0,8.0,0.0,1.0,89625,102492,117,116,46,39,309,304,51859,65225,32254,45620,49505,60845,474.0,-474.0,-1619.0,1619.0,-3507.0,3507.0,55.0,-55.0,-2145.0,2145.0,-4881.0,4881.0,-13.0,13.0,-22.0,22.0,-39.0,39.0,oe:team:5c2e7e9ea8dfcba0150d9a5619baecf|oe:team:ce499dea30cfce118f4fe85da0227e8,LCK_20260530_BNK_FEARX_vs_T1_S4,0,1,1,"[""Ezreal"", ""Bard"", ""Ryze"", ""Anivia"", ""Neeko"", ""Jhin"", ""Wukong"", ""Rumble"", ""K'Sante"", ""Nocturne""]",10,False,71.0,32.0,0.4507042253521127,42.0,0.4523809523809524,9.0,0.3333333333333333,62.0,43.0,0.6935483870967742,29.0,0.6551724137931034,8.0,0.875,10.0,0.4,10.0,0.6
LOLTMNT02_416394,2026-05-31 08:06:48+00:00,LCK,2026,1,Rounds 1-2,0,16.1,complete,,Hanwha Life Esports,oe:team:3a1d18f46bcb3716ebcfcf4ef068934,HANJIN BRION,oe:team:b77b3f6068e20a2b3edc0ecd3dc70d4,1,0,BLUE,Hanwha Life Esports,RED,Ezreal,Varus,Bard,Orianna,Nocturne,Karma,Caitlyn,Lee Sin,Rumble,Jarvan IV,Vi,Nautilus,Mel,Cassiopeia,Viktor,Ziggs,Miss Fortune,Sion,K'Sante,Jayce,1997,1997,18,9,9,18,39,18,1.0,0.0,1.0,0.0,3.0,2.0,1.0,0.0,0.0,3.0,1.0,0.0,2.0,0.0,1.0,0.0,9.0,2.0,2.0,0.0,84086,84375,141,137,90,51,423,338,69152,61035,47405,39288,63075,57790,285.0,-285.0,1021.0,-1021.0,4282.0,-4282.0,655.0,-655.0,2324.0,-2324.0,6563.0,-6563.0,9.0,-9.0,24.0,-24.0,41.0,-41.0,oe:team:3a1d18f46bcb3716ebcfcf4ef068934|oe:team:b77b3f6068e20a2b3edc0ecd3dc70d4,LCK_20260531_HANJIN_BRION_vs_Hanwha_Life_Esports_S3,0,0,0,[],0,False,55.0,35.0,0.6363636363636364,24.0,0.6666666666666666,8.0,0.625,57.0,22.0,0.38596491228070173,30.0,0.3,7.0,0.14285714285714285,5.0,0.8,5.0,0.2
LOLTMNT02_416414,2026-05-31 09:03:34+00:00,LCK,2026,2,Rounds 1-2,0,16.1,complete,,Hanwha Life Esports,oe:team:3a1d18f46bcb3716ebcfcf4ef068934,HANJIN BRION,oe:team:b77b3f6068e20a2b3edc0ecd3dc70d4,1,0,BLUE,Hanwha Life Esports,RED,Cassiopeia,Varus,Ryze,Jarvan IV,Nocturne,Xin Zhao,Ashe,Ezreal,Karma,Lucian,Seraphine,Neeko,Aurora,Naafiri,Gnar,Twisted Fate,Rumble,Vayne,Pantheon,Taliyah,1688,1688,14,5,5,14,42,6,0.0,1.0,0.0,1.0,2.0,2.0,1.0,0.0,1.0,2.0,1.0,0.0,1.0,0.0,0.0,1.0,7.0,2.0,1.0,0.0,60009,53635,107,106,55,40,323,262,59411,50536,40815,31940,51383,49788,-873.0,873.0,157.0,-157.0,-169.0,169.0,-427.0,427.0,1073.0,-1073.0,1262.0,-1262.0,-7.0,7.0,24.0,-24.0,27.0,-27.0,oe:team:3a1d18f46bcb3716ebcfcf4ef068934|oe:team:b77b3f6068e20a2b3edc0ecd3dc70d4,LCK_20260531_HANJIN_BRION_vs_Hanwha_Life_Esports_S3,1,0,1,"[""Bard"", ""Orianna"", ""Caitlyn"", ""Lee Sin"", ""Vi"", ""Nautilus"", ""Viktor"", ""Ziggs"", ""K'Sante"", ""Jayce""]",10,False,56.0,36.0,0.6428571428571429,25.0,0.68,9.0,0.6666666666666666,58.0,22.0,0.3793103448275862,31.0,0.2903225806451613,8.0,0.125,6.0,0.8333333333333334,6.0,0.16666666666666666
LOLTMNT02_416470,2026-05-31 10:17:32+00:00,LCK,2026,1,Rounds 1-2,0,16.1,complete,,Nongshim RedForce,oe:team:5cd2cd09ec94296f605dd13a2924d6c,Dplus Kia,oe:team:ef69efa6acebe94107f0cf1ba716806,0,1,RED,Dplus Kia,RED,Cassiopeia,Varus,Ezreal,Karma,Orianna,Nautilus,Ryze,Jarvan IV,Anivia,Nocturne,Bard,Jhin,Twisted Fate,Xin Zhao,Rumble,K'Sante,Annie,Lee Sin,Naafiri,Viktor,1793,1793,10,31,31,10,26,66,0.0,1.0,0.0,1.0,0.0,4.0,0.0,1.0,3.0,0.0,0.0,1.0,0.0,1.0,0.0,1.0,0.0,9.0,0.0,1.0,79762,124358,98,105,35,32,260,267,51912,67867,32245,48200,51038,62845,-1490.0,1490.0,-1880.0,1880.0,-6502.0,6502.0,-644.0,644.0,-1206.0,1206.0,-4430.0,4430.0,-7.0,7.0,-30.0,30.0,-38.0,38.0,oe:team:5cd2cd09ec94296f605dd13a2924d6c|oe:team:ef69efa6acebe94107f0cf1ba716806,LCK_20260531_Dplus_Kia_vs_Nongshim_RedForce_S3,0,0,0,[],0,False,60.0,21.0,0.35,21.0,0.38095238095238093,9.0,0.4444444444444444,75.0,40.0,0.5333333333333333,32.0,0.375,9.0,0.6666666666666666,5.0,0.6,5.0,0.4
LOLTMNT02_416511,2026-05-31 11:10:18+00:00,LCK,2026,2,Rounds 1-2,0,16.1,complete,,Dplus Kia,oe:team:ef69efa6acebe94107f0cf1ba716806,Nongshim RedForce,oe:team:5cd2cd09ec94296f605dd13a2924d6c,1,0,BLUE,Dplus Kia,RED,Orianna,Varus,Lucian,Cassiopeia,Nocturne,Vi,Anivia,Pantheon,Lee Sin,Ashe,Milio,Jayce,Nautilus,Xin Zhao,Skarner,Corki,Lulu,Wukong,Sion,Nami,1733,1733,16,5,5,16,36,12,1.0,0.0,1.0,0.0,3.0,1.0,1.0,0.0,0.0,3.0,0.0,1.0,0.0,1.0,1.0,0.0,7.0,2.0,1.0,0.0,86128,83577,115,96,47,44,302,265,57815,50184,38760,31129,48630,49673,550.0,-550.0,2782.0,-2782.0,1728.0,-1728.0,-518.0,518.0,2007.0,-2007.0,-272.0,272.0,-14.0,14.0,10.0,-10.0,7.0,-7.0,oe:team:5cd2cd09ec94296f605dd13a2924d6c|oe:team:ef69efa6acebe94107f0cf1ba716806,LCK_20260531_Dplus_Kia_vs_Nongshim_RedForce_S3,1,0,1,"[""Ezreal"", ""Karma"", ""Ryze"", ""Jarvan IV"", ""Bard"", ""Jhin"", ""Rumble"", ""K'Sante"", ""Naafiri"", ""Viktor""]",10,False,76.0,41.0,0.5394736842105263,43.0,0.6511627906976745,10.0,0.7,61.0,21.0,0.3442622950819672,39.0,0.3333333333333333,10.0,0.4,6.0,0.5,6.0,0.5
LOLTMNT01_397879,2026-06-06 08:12:31+00:00,LCK,2026,1,Rounds 1-2,1,16.11,complete,,Dplus Kia,oe:team:ef69efa6acebe94107f0cf1ba716806,HANJIN BRION,oe:team:b77b3f6068e20a2b3edc0ecd3dc70d4,1,0,BLUE,Dplus Kia,RED,Nocturne,Varus,Jarvan IV,Orianna,Xin Zhao,Bard,Viktor,Naafiri,Ezreal,Karma,K'Sante,Rumble,Caitlyn,Ashe,Milio,Xayah,Nautilus,Braum,Yunara,Rakan,2063,2063,12,13,13,12,32,33,0.0,1.0,1.0,0.0,1.0,3.0,1.0,0.0,0.0,3.0,0.0,1.0,0.0,1.0,1.0,0.0,7.0,6.0,1.0,0.0,89805,76918,135,143,72,67,407,389,68988,66131,46567,43710,59120,65000,658.0,-658.0,1365.0,-1365.0,1696.0,-1696.0,114.0,-114.0,1016.0,-1016.0,-466.0,466.0,11.0,-11.0,28.0,-28.0,41.0,-41.0,oe:team:b77b3f6068e20a2b3edc0ecd3dc70d4|oe:team:ef69efa6acebe94107f0cf1ba716806,LCK_20260606_Dplus_Kia_vs_HANJIN_BRION_S4,0,0,0,[],0,False,77.0,42.0,0.5454545454545454,44.0,0.6590909090909091,0.0,,59.0,22.0,0.3728813559322034,32.0,0.28125,0.0,,7.0,0.8571428571428571,7.0,0.14285714285714285
LOLTMNT01_397898,2026-06-06 09:11:59+00:00,LCK,2026,2,Rounds 1-2,1,16.11,complete,,Dplus Kia,oe:team:ef69efa6acebe94107f0cf1ba716806,HANJIN BRION,oe:team:b77b3f6068e20a2b3edc0ecd3dc70d4,1,0,BLUE,Dplus Kia,BLUE,Varus,Cassiopeia,Ryze,Anivia,Nocturne,Karma,Lee Sin,Caitlyn,Yorick,Jayce,Ziggs,Bard,Vayne,Nautilus,Tristana,Gnar,Xin Zhao,Pyke,Camille,Pantheon,1322,1322,16,5,5,16,24,9,1.0,0.0,1.0,0.0,3.0,0.0,1.0,0.0,3.0,0.0,,,0.0,0.0,1.0,0.0,8.0,1.0,1.0,0.0,57954,33563,77,78,42,27,236,177,50335,36917,35473,22055,39400,35563,3760.0,-3760.0,6829.0,-6829.0,7141.0,-7141.0,3222.0,-3222.0,5515.0,-5515.0,6087.0,-6087.0,83.0,-83.0,119.0,-119.0,143.0,-143.0,oe:team:b77b3f6068e20a2b3edc0ecd3dc70d4|oe:team:ef69efa6acebe94107f0cf1ba716806,LCK_20260606_Dplus_Kia_vs_HANJIN_BRION_S4,1,0,1,"[""Jarvan IV"", ""Orianna"", ""Viktor"", ""Naafiri"", ""K'Sante"", ""Rumble"", ""Milio"", ""Xayah"", ""Yunara"", ""Rakan""]",10,False,78.0,43.0,0.5512820512820513,45.0,0.6666666666666666,1.0,1.0,60.0,22.0,0.36666666666666664,33.0,0.2727272727272727,1.0,0.0,8.0,0.875,8.0,0.125
LOLTMNT01_397929,2026-06-06 09:57:23+00:00,LCK,2026,3,Rounds 1-2,1,16.11,complete,,Dplus Kia,oe:team:ef69efa6acebe94107f0cf1ba716806,HANJIN BRION,oe:team:b77b3f6068e20a2b3edc0ecd3dc70d4,1,0,BLUE,Dplus Kia,RED,Nocturne,Varus,Annie,Ezreal,Karma,Nautilus,Wukong,Neeko,Cassiopeia,Ashe,Sion,Jayce,Trundle,Yuumi,Mel,Xin Zhao,Akali,Lulu,Shen,Taliyah,1447,1447,16,3,3,16,26,9,1.0,0.0,1.0,0.0,3.0,0.0,1.0,0.0,0.0,3.0,1.0,0.0,1.0,0.0,1.0,0.0,9.0,2.0,1.0,0.0,59129,48825,83,83,40,30,248,202,54577,40275,38440,24138,48988,39448,1398.0,-1398.0,4047.0,-4047.0,7890.0,-7890.0,976.0,-976.0,2923.0,-2923.0,6389.0,-6389.0,25.0,-25.0,63.0,-63.0,91.0,-91.0,oe:team:b77b3f6068e20a2b3edc0ecd3dc70d4|oe:team:ef69efa6acebe94107f0cf1ba716806,LCK_20260606_Dplus_Kia_vs_HANJIN_BRION_S4,2,0,2,"[""Jarvan IV"", ""Orianna"", ""Viktor"", ""Naafiri"", ""K'Sante"", ""Rumble"", ""Milio"", ""Xayah"", ""Yunara"", ""Rakan"", ""Ryze"", ""Anivia"", ""Lee Sin"", ""Caitlyn"", ""Ziggs"", ""Bard"", ""Tristana"", ""Gnar"", ""Camille"", ""Pantheon""]",20,False,79.0,44.0,0.5569620253164557,46.0,0.6739130434782609,2.0,1.0,61.0,22.0,0.36065573770491804,34.0,0.2647058823529412,2.0,0.0,9.0,0.8888888888888888,9.0,0.1111111111111111
LOLTMNT01_399193,2026-06-07 08:09:33+00:00,LCK,2026,1,Rounds 1-2,1,16.11,complete,,KT Rolster,oe:team:d723992568441c6bafa2658129eade7,Dplus Kia,oe:team:ef69efa6acebe94107f0cf1ba716806,0,1,RED,Dplus Kia,RED,Bard,Varus,Rumble,Orianna,Karma,Nocturne,Viktor,Ashe,Jarvan IV,Naafiri,Nautilus,Seraphine,K'Sante,Miss Fortune,Xin Zhao,Wukong,Sion,Trundle,Jhin,Ornn,1423,1423,4,18,18,4,9,40,0.0,1.0,0.0,1.0,1.0,2.0,0.0,1.0,3.0,0.0,0.0,1.0,0.0,1.0,0.0,1.0,0.0,9.0,0.0,1.0,50138,67591,84,89,26,40,194,243,37944,52846,22051,36953,36675,46123,-1593.0,1593.0,-2936.0,2936.0,-9434.0,9434.0,-1546.0,1546.0,-2026.0,2026.0,-7515.0,7515.0,-22.0,22.0,-44.0,44.0,-89.0,89.0,oe:team:d723992568441c6bafa2658129eade7|oe:team:ef69efa6acebe94107f0cf1ba716806,LCK_20260607_Dplus_Kia_vs_KT_Rolster_S3,0,0,0,[],0,False,58.0,32.0,0.5517241379310345,31.0,0.6451612903225806,0.0,,80.0,45.0,0.5625,33.0,0.3939393939393939,3.0,1.0,5.0,0.8,5.0,0.2
LOLTMNT01_399200,2026-06-07 08:58:06+00:00,LCK,2026,2,Rounds 1-2,1,16.11,complete,,KT Rolster,oe:team:d723992568441c6bafa2658129eade7,Dplus Kia,oe:team:ef69efa6acebe94107f0cf1ba716806,0,1,RED,Dplus Kia,RED,Cassiopeia,Varus,Taliyah,Ryze,Bard,Nocturne,Vi,Jayce,Karma,Yorick,K'Sante,Jarvan IV,Ziggs,Lulu,Caitlyn,Mel,Xayah,Lucian,Alistar,Shen,2070,2070,9,24,24,9,20,54,0.0,1.0,0.0,1.0,0.0,5.0,0.0,1.0,3.0,0.0,1.0,0.0,1.0,0.0,0.0,1.0,3.0,9.0,0.0,1.0,63876,83728,138,155,63,70,372,400,63477,74357,40985,51865,59225,67720,-3002.0,3002.0,-4123.0,4123.0,-11314.0,11314.0,-2001.0,2001.0,-2120.0,2120.0,-9714.0,9714.0,-25.0,25.0,-30.0,30.0,-102.0,102.0,oe:team:d723992568441c6bafa2658129eade7|oe:team:ef69efa6acebe94107f0cf1ba716806,LCK_20260607_Dplus_Kia_vs_KT_Rolster_S3,0,1,1,"[""Rumble"", ""Orianna"", ""Viktor"", ""Ashe"", ""Nautilus"", ""Seraphine"", ""Xin Zhao"", ""Wukong"", ""Jhin"", ""Ornn""]",10,False,59.0,32.0,0.5423728813559322,32.0,0.625,1.0,0.0,81.0,46.0,0.5679012345679012,34.0,0.4117647058823529,4.0,1.0,6.0,0.6666666666666666,6.0,0.3333333333333333
LOLTMNT01_398297,2026-06-07 09:56:03+00:00,LCK,2026,3,Rounds 1-2,1,16.11,complete,,Dplus Kia,oe:team:ef69efa6acebe94107f0cf1ba716806,KT Rolster,oe:team:d723992568441c6bafa2658129eade7,0,1,RED,KT Rolster,RED,Cassiopeia,Varus,Lucian,Nocturne,Annie,Bard,Milio,Yunara,Karma,Lee Sin,Skarner,Lulu,Aurora,Ahri,Gnar,Zoe,Vayne,Illaoi,LeBlanc,Renekton,2348,2348,9,21,21,9,23,57,1.0,0.0,0.0,1.0,0.0,4.0,0.0,1.0,3.0,0.0,0.0,1.0,0.0,2.0,1.0,0.0,3.0,11.0,0.0,4.0,116786,116395,138,135,59,66,373,384,70613,79638,45285,54310,68288,72415,-1134.0,1134.0,-472.0,472.0,-1305.0,1305.0,564.0,-564.0,793.0,-793.0,-351.0,351.0,24.0,-24.0,33.0,-33.0,38.0,-38.0,oe:team:d723992568441c6bafa2658129eade7|oe:team:ef69efa6acebe94107f0cf1ba716806,LCK_20260607_Dplus_Kia_vs_KT_Rolster_S3,2,0,2,"[""Rumble"", ""Orianna"", ""Viktor"", ""Ashe"", ""Nautilus"", ""Seraphine"", ""Xin Zhao"", ""Wukong"", ""Jhin"", ""Ornn"", ""Taliyah"", ""Ryze"", ""Vi"", ""Jayce"", ""K'Sante"", ""Jarvan IV"", ""Caitlyn"", ""Mel"", ""Alistar"", ""Shen""]",20,False,82.0,47.0,0.573170731707317,47.0,0.6808510638297872,5.0,1.0,60.0,32.0,0.5333333333333333,27.0,0.4444444444444444,2.0,0.0,7.0,0.42857142857142855,7.0,0.5714285714285714
LOLTMNT01_398312,2026-06-07 10:58:16+00:00,LCK,2026,4,Rounds 1-2,1,16.11,complete,,KT Rolster,oe:team:d723992568441c6bafa2658129eade7,Dplus Kia,oe:team:ef69efa6acebe94107f0cf1ba716806,1,0,BLUE,KT Rolster,RED,Cassiopeia,Varus,Sivir,Bard,Lee Sin,Vayne,Naafiri,Miss Fortune,Ezreal,Annie,Ahri,Pantheon,Ambessa,Yuumi,Karma,Aurora,Twisted Fate,Rakan,Sion,Jax,2753,2753,15,15,15,15,40,31,1.0,0.0,1.0,0.0,2.0,4.0,0.0,1.0,0.0,3.0,0.0,1.0,0.0,1.0,0.0,1.0,6.0,6.0,1.0,1.0,124230,142420,179,194,89,97,486,571,90233,90100,60774,60641,81440,87478,-371.0,371.0,-2036.0,2036.0,-2429.0,2429.0,-708.0,708.0,-1912.0,1912.0,-703.0,703.0,-7.0,7.0,-10.0,10.0,10.0,-10.0,oe:team:d723992568441c6bafa2658129eade7|oe:team:ef69efa6acebe94107f0cf1ba716806,LCK_20260607_Dplus_Kia_vs_KT_Rolster_S3,1,2,3,"[""Rumble"", ""Orianna"", ""Viktor"", ""Ashe"", ""Nautilus"", ""Seraphine"", ""Xin Zhao"", ""Wukong"", ""Jhin"", ""Ornn"", ""Taliyah"", ""Ryze"", ""Vi"", ""Jayce"", ""K'Sante"", ""Jarvan IV"", ""Caitlyn"", ""Mel"", ""Alistar"", ""Shen"", ""Lucian"", ""Nocturne"", ""Milio"", ""Yunara"", ""Skarner"", ""Lulu"", ""Gnar"", ""Zoe"", ""LeBlanc"", ""Renekton""]",30,False,61.0,33.0,0.5409836065573771,33.0,0.6060606060606061,3.0,0.3333333333333333,83.0,47.0,0.5662650602409639,35.0,0.42857142857142855,6.0,0.8333333333333334,8.0,0.625,8.0,0.375
LOLTMNT01_399251,2026-06-07 12:08:41+00:00,LCK,2026,5,Rounds 1-2,1,16.11,complete,,KT Rolster,oe:team:d723992568441c6bafa2658129eade7,Dplus Kia,oe:team:ef69efa6acebe94107f0cf1ba716806,1,0,BLUE,KT Rolster,RED,Cassiopeia,Varus,Poppy,Ambessa,Lee Sin,Vayne,Azir,Maokai,Annie,Trundle,Zaahen,Yone,Kai'Sa,Neeko,Blitzcrank,Xayah,Ezreal,Ziggs,Corki,Rakan,1982,1982,12,8,9,12,24,14,1.0,0.0,0.0,1.0,1.0,4.0,1.0,0.0,3.0,0.0,0.0,1.0,0.0,1.0,0.0,1.0,8.0,7.0,1.0,0.0,67309,70122,138,130,58,57,373,344,64232,63394,42638,41800,55326,62415,-1234.0,1234.0,-357.0,357.0,610.0,-610.0,-181.0,181.0,-1166.0,1166.0,-512.0,512.0,-27.0,27.0,-39.0,39.0,-36.0,36.0,oe:team:d723992568441c6bafa2658129eade7|oe:team:ef69efa6acebe94107f0cf1ba716806,LCK_20260607_Dplus_Kia_vs_KT_Rolster_S3,2,2,4,"[""Rumble"", ""Orianna"", ""Viktor"", ""Ashe"", ""Nautilus"", ""Seraphine"", ""Xin Zhao"", ""Wukong"", ""Jhin"", ""Ornn"", ""Taliyah"", ""Ryze"", ""Vi"", ""Jayce"", ""K'Sante"", ""Jarvan IV"", ""Caitlyn"", ""Mel"", ""Alistar"", ""Shen"", ""Lucian"", ""Nocturne"", ""Milio"", ""Yunara"", ""Skarner"", ""Lulu"", ""Gnar"", ""Zoe"", ""LeBlanc"", ""Renekton"", ""Sivir"", ""Bard"", ""Naafiri"", ""Miss Fortune"", ""Ahri"", ""Pantheon"", ""Karma"", ""Aurora"", ""Sion"", ""Jax""]",40,False,62.0,34.0,0.5483870967741935,34.0,0.6176470588235294,4.0,0.5,84.0,47.0,0.5595238095238095,36.0,0.4166666666666667,7.0,0.7142857142857143,9.0,0.6666666666666666,9.0,0.3333333333333333
LOLTMNT01_405344,2026-06-12 08:25:00+00:00,LCK,2026,1,Rounds 1-2,1,16.11,complete,,Hanwha Life Esports,oe:team:3a1d18f46bcb3716ebcfcf4ef068934,T1,oe:team:ce499dea30cfce118f4fe85da0227e8,1,0,BLUE,Hanwha Life Esports,RED,Orianna,Varus,Jayce,Karma,Bard,Nautilus,Ryze,Ezreal,Cassiopeia,Yone,Ziggs,Sion,Nocturne,Vi,Camille,Anivia,Lee Sin,Naafiri,Trundle,Jarvan IV,2274,2274,20,16,16,20,44,43,0.0,1.0,0.0,1.0,2.0,4.0,1.0,0.0,3.0,0.0,1.0,0.0,2.0,0.0,1.0,0.0,8.0,3.0,1.0,0.0,169942,112219,149,155,56,65,408,398,77250,73046,52677,48473,69508,71648,346.0,-346.0,1622.0,-1622.0,4167.0,-4167.0,-364.0,364.0,590.0,-590.0,1550.0,-1550.0,0.0,0.0,20.0,-20.0,38.0,-38.0,oe:team:3a1d18f46bcb3716ebcfcf4ef068934|oe:team:ce499dea30cfce118f4fe85da0227e8,LCK_20260612_Hanwha_Life_Esports_vs_T1_S4,0,0,0,[],0,False,57.0,37.0,0.6491228070175439,26.0,0.6923076923076923,0.0,,63.0,44.0,0.6984126984126984,30.0,0.6666666666666666,0.0,,8.0,0.375,8.0,0.625
LOLTMNT01_404412,2026-06-12 09:28:28+00:00,LCK,2026,2,Rounds 1-2,1,16.11,complete,,T1,oe:team:ce499dea30cfce118f4fe85da0227e8,Hanwha Life Esports,oe:team:3a1d18f46bcb3716ebcfcf4ef068934,1,0,BLUE,T1,RED,Orianna,Varus,Ambessa,Vi,Rumble,Bard,Nocturne,Rek'Sai,Gnar,Vayne,Lissandra,Ahri,Ashe,Caitlyn,Rakan,Xayah,Lulu,Poppy,Sivir,Renata Glasc,2069,2069,16,11,11,16,45,17,0.0,1.0,1.0,0.0,2.0,3.0,0.0,1.0,0.0,3.0,1.0,0.0,1.0,0.0,0.0,1.0,10.0,3.0,2.0,0.0,103691,73130,144,135,56,68,367,422,74521,63961,52039,41479,69625,61155,-1824.0,1824.0,-1568.0,1568.0,-1146.0,1146.0,-489.0,489.0,-946.0,946.0,-828.0,828.0,-6.0,6.0,5.0,-5.0,29.0,-29.0,oe:team:3a1d18f46bcb3716ebcfcf4ef068934|oe:team:ce499dea30cfce118f4fe85da0227e8,LCK_20260612_Hanwha_Life_Esports_vs_T1_S4,0,1,1,"[""Jayce"", ""Karma"", ""Ryze"", ""Ezreal"", ""Ziggs"", ""Sion"", ""Camille"", ""Anivia"", ""Trundle"", ""Jarvan IV""]",10,False,64.0,44.0,0.6875,33.0,0.7272727272727273,1.0,0.0,58.0,38.0,0.6551724137931034,31.0,0.6129032258064516,1.0,1.0,9.0,0.5555555555555556,9.0,0.4444444444444444
LOLTMNT01_405363,2026-06-12 10:26:31+00:00,LCK,2026,3,Rounds 1-2,1,16.11,complete,,T1,oe:team:ce499dea30cfce118f4fe85da0227e8,Hanwha Life Esports,oe:team:3a1d18f46bcb3716ebcfcf4ef068934,0,1,RED,Hanwha Life Esports,RED,Rumble,Varus,Naafiri,Lee Sin,Orianna,Bard,Renekton,Cassiopeia,Gnar,Vayne,Galio,Shen,Senna,Mel,Milio,Kog'Maw,Nautilus,Caitlyn,Lucian,Lulu,1909,1909,7,20,20,7,18,45,0.0,1.0,0.0,1.0,1.0,4.0,0.0,1.0,2.0,1.0,0.0,1.0,0.0,1.0,1.0,0.0,2.0,9.0,0.0,2.0,82639,107597,114,127,50,46,317,320,55069,67359,34219,46509,53560,58655,-1502.0,1502.0,-2429.0,2429.0,-2053.0,2053.0,-487.0,487.0,-1021.0,1021.0,-823.0,823.0,-3.0,3.0,-17.0,17.0,-1.0,1.0,oe:team:3a1d18f46bcb3716ebcfcf4ef068934|oe:team:ce499dea30cfce118f4fe85da0227e8,LCK_20260612_Hanwha_Life_Esports_vs_T1_S4,1,1,2,"[""Jayce"", ""Karma"", ""Ryze"", ""Ezreal"", ""Ziggs"", ""Sion"", ""Camille"", ""Anivia"", ""Trundle"", ""Jarvan IV"", ""Ambessa"", ""Vi"", ""Nocturne"", ""Rek'Sai"", ""Lissandra"", ""Ahri"", ""Rakan"", ""Xayah"", ""Sivir"", ""Renata Glasc""]",20,False,65.0,45.0,0.6923076923076923,34.0,0.7352941176470589,2.0,0.5,59.0,38.0,0.6440677966101694,32.0,0.59375,2.0,0.5,10.0,0.6,10.0,0.4
LOLTMNT01_405366,2026-06-12 11:22:17+00:00,LCK,2026,4,Rounds 1-2,1,16.11,complete,,Hanwha Life Esports,oe:team:3a1d18f46bcb3716ebcfcf4ef068934,T1,oe:team:ce499dea30cfce118f4fe85da0227e8,1,0,BLUE,Hanwha Life Esports,RED,Bard,Varus,Yone,Rumble,Orianna,Akali,K'Sante,Azir,Annie,Aurora,Maokai,Poppy,Caitlyn,Ashe,Senna,Aphelios,Xin Zhao,Mel,Blitzcrank,Thresh,1937,1937,19,11,11,19,44,27,1.0,0.0,0.0,1.0,2.0,3.0,1.0,0.0,3.0,0.0,1.0,0.0,2.0,0.0,1.0,0.0,14.0,2.0,3.0,0.0,82923,78497,126,135,60,44,353,297,68522,60055,47387,38920,62485,56495,136.0,-136.0,887.0,-887.0,5446.0,-5446.0,-284.0,284.0,462.0,-462.0,3914.0,-3914.0,1.0,-1.0,23.0,-23.0,46.0,-46.0,oe:team:3a1d18f46bcb3716ebcfcf4ef068934|oe:team:ce499dea30cfce118f4fe85da0227e8,LCK_20260612_Hanwha_Life_Esports_vs_T1_S4,2,1,3,"[""Jayce"", ""Karma"", ""Ryze"", ""Ezreal"", ""Ziggs"", ""Sion"", ""Camille"", ""Anivia"", ""Trundle"", ""Jarvan IV"", ""Ambessa"", ""Vi"", ""Nocturne"", ""Rek'Sai"", ""Lissandra"", ""Ahri"", ""Rakan"", ""Xayah"", ""Sivir"", ""Renata Glasc"", ""Naafiri"", ""Lee Sin"", ""Renekton"", ""Cassiopeia"", ""Galio"", ""Shen"", ""Milio"", ""Kog'Maw"", ""Lucian"", ""Lulu""]",30,False,60.0,39.0,0.65,27.0,0.7037037037037037,3.0,0.6666666666666666,66.0,45.0,0.6818181818181818,31.0,0.6451612903225806,3.0,0.3333333333333333,11.0,0.45454545454545453,11.0,0.5454545454545454
LOLTMNT01_404540,2026-06-13 06:22:36+00:00,LCK,2026,1,Rounds 1-2,1,16.11,complete,,Gen.G,oe:team:50f58982d91a36557ec8aec52ab014f,KT Rolster,oe:team:d723992568441c6bafa2658129eade7,1,0,BLUE,Gen.G,RED,Cassiopeia,Varus,Ezreal,Ryze,Orianna,Bard,Karma,Jayce,Jarvan IV,Anivia,Sion,Ziggs,Trundle,Vi,Mel,Camille,Nautilus,Ahri,Xin Zhao,Lee Sin,2299,2299,19,20,20,19,46,44,0.0,1.0,0.0,1.0,3.0,3.0,0.0,1.0,2.0,1.0,1.0,0.0,2.0,0.0,0.0,1.0,8.0,8.0,1.0,0.0,124584,157956,177,176,87,68,470,426,76224,70958,51396,46130,70603,66895,-851.0,851.0,-1870.0,1870.0,-6933.0,6933.0,-637.0,637.0,-2011.0,2011.0,-5057.0,5057.0,-24.0,24.0,-45.0,45.0,-31.0,31.0,oe:team:50f58982d91a36557ec8aec52ab014f|oe:team:d723992568441c6bafa2658129eade7,LCK_20260613_Gen_G_vs_KT_Rolster_S4,0,0,0,[],0,False,63.0,50.0,0.7936507936507936,39.0,0.8461538461538461,0.0,,63.0,35.0,0.5555555555555556,28.0,0.4642857142857143,5.0,0.6,7.0,0.7142857142857143,7.0,0.2857142857142857
LOLTMNT01_405501,2026-06-13 07:26:26+00:00,LCK,2026,2,Rounds 1-2,1,16.11,complete,,KT Rolster,oe:team:d723992568441c6bafa2658129eade7,Gen.G,oe:team:50f58982d91a36557ec8aec52ab014f,0,1,RED,Gen.G,RED,Cassiopeia,Varus,Rumble,Annie,Orianna,Nocturne,Vi,Wukong,Bard,Jarvan IV,Taliyah,Ambessa,Ashe,Lulu,Jhin,Senna,Xayah,Poppy,Rell,Nautilus,2163,2163,9,18,18,9,23,44,0.0,1.0,0.0,1.0,1.0,4.0,1.0,0.0,0.0,3.0,0.0,1.0,0.0,1.0,1.0,0.0,3.0,9.0,0.0,1.0,67360,89708,175,156,63,88,414,461,60771,72444,37330,49003,59330,63333,749.0,-749.0,697.0,-697.0,-839.0,839.0,-230.0,230.0,1559.0,-1559.0,-1050.0,1050.0,-1.0,1.0,-3.0,3.0,-24.0,24.0,oe:team:50f58982d91a36557ec8aec52ab014f|oe:team:d723992568441c6bafa2658129eade7,LCK_20260613_Gen_G_vs_KT_Rolster_S4,0,1,1,"[""Ezreal"", ""Ryze"", ""Karma"", ""Jayce"", ""Sion"", ""Ziggs"", ""Mel"", ""Camille"", ""Xin Zhao"", ""Lee Sin""]",10,False,64.0,35.0,0.546875,35.0,0.6285714285714286,6.0,0.5,64.0,51.0,0.796875,24.0,0.7083333333333334,1.0,1.0,8.0,0.25,8.0,0.75
LOLTMNT01_404562,2026-06-13 08:24:58+00:00,LCK,2026,3,Rounds 1-2,1,16.11,complete,,Gen.G,oe:team:50f58982d91a36557ec8aec52ab014f,KT Rolster,oe:team:d723992568441c6bafa2658129eade7,1,0,BLUE,Gen.G,RED,Orianna,Varus,Gnar,Jarvan IV,Cassiopeia,Vayne,Naafiri,Yunara,Ashe,Bard,Lissandra,Lulu,Aurora,Caitlyn,Xayah,Renekton,Zoe,Lucian,Rakan,Viktor,2737,2737,16,12,12,17,38,36,1.0,0.0,0.0,1.0,4.0,3.0,0.0,1.0,1.0,2.0,1.0,0.0,2.0,0.0,0.0,1.0,10.0,3.0,2.0,0.0,150020,136767,195,193,113,93,558,516,91768,81870,62473,52575,86888,77270,-447.0,447.0,-367.0,367.0,677.0,-677.0,-693.0,693.0,-917.0,917.0,2648.0,-2648.0,-33.0,33.0,-37.0,37.0,22.0,-22.0,oe:team:50f58982d91a36557ec8aec52ab014f|oe:team:d723992568441c6bafa2658129eade7,LCK_20260613_Gen_G_vs_KT_Rolster_S4,2,0,2,"[""Ezreal"", ""Ryze"", ""Karma"", ""Jayce"", ""Sion"", ""Ziggs"", ""Mel"", ""Camille"", ""Xin Zhao"", ""Lee Sin"", ""Rumble"", ""Annie"", ""Vi"", ""Wukong"", ""Taliyah"", ""Ambessa"", ""Jhin"", ""Senna"", ""Rell"", ""Nautilus""]",20,False,65.0,52.0,0.8,40.0,0.85,2.0,1.0,65.0,35.0,0.5384615384615384,29.0,0.4482758620689655,7.0,0.42857142857142855,9.0,0.7777777777777778,9.0,0.2222222222222222
LOLTMNT01_404715,2026-06-14 06:27:21+00:00,LCK,2026,1,Rounds 1-2,1,16.11,complete,,T1,oe:team:ce499dea30cfce118f4fe85da0227e8,Gen.G,oe:team:50f58982d91a36557ec8aec52ab014f,0,1,RED,Gen.G,RED,Orianna,Varus,Cassiopeia,Lee Sin,Karma,Bard,Trundle,Ambessa,Jayce,Vi,Vayne,Galio,Rakan,Poppy,Ziggs,Jhin,Ashe,Lucian,Shen,Camille,1875,1875,10,30,30,10,20,65,0.0,1.0,0.0,1.0,1.0,4.0,0.0,1.0,3.0,0.0,0.0,1.0,0.0,1.0,0.0,1.0,1.0,10.0,0.0,3.0,79186,106409,107,120,44,44,292,305,56438,69690,35935,49187,52553,64625,-1380.0,1380.0,-2164.0,2164.0,-4243.0,4243.0,-1797.0,1797.0,-1901.0,1901.0,-6291.0,6291.0,5.0,-5.0,-12.0,12.0,-30.0,30.0,oe:team:50f58982d91a36557ec8aec52ab014f|oe:team:ce499dea30cfce118f4fe85da0227e8,LCK_20260614_Gen_G_vs_T1_S3,0,0,0,[],0,False,67.0,45.0,0.6716417910447762,35.0,0.7142857142857143,4.0,0.25,66.0,53.0,0.803030303030303,25.0,0.72,3.0,1.0,5.0,0.4,5.0,0.6
LOLTMNT01_405668,2026-06-14 07:24:01+00:00,LCK,2026,2,Rounds 1-2,1,16.11,complete,,T1,oe:team:ce499dea30cfce118f4fe85da0227e8,Gen.G,oe:team:50f58982d91a36557ec8aec52ab014f,1,0,BLUE,T1,RED,Orianna,Bard,Vi,Anivia,Ryze,Varus,Rumble,Xayah,Sion,Karma,Akali,Rakan,Wukong,Caitlyn,Kalista,Maokai,Naafiri,Ashe,Renata Glasc,Yorick,2352,2352,19,12,12,19,55,35,1.0,0.0,1.0,0.0,3.0,3.0,1.0,0.0,1.0,2.0,1.0,0.0,2.0,0.0,1.0,0.0,7.0,3.0,0.0,0.0,113069,101245,161,159,76,98,431,502,79925,74075,54557,48707,73300,71373,439.0,-439.0,760.0,-760.0,925.0,-925.0,396.0,-396.0,1163.0,-1163.0,1629.0,-1629.0,-27.0,27.0,-11.0,11.0,-14.0,14.0,oe:team:50f58982d91a36557ec8aec52ab014f|oe:team:ce499dea30cfce118f4fe85da0227e8,LCK_20260614_Gen_G_vs_T1_S3,0,1,1,"[""Cassiopeia"", ""Lee Sin"", ""Trundle"", ""Ambessa"", ""Vayne"", ""Galio"", ""Ziggs"", ""Jhin"", ""Shen"", ""Camille""]",10,False,68.0,45.0,0.6617647058823529,36.0,0.6944444444444444,5.0,0.2,67.0,54.0,0.8059701492537313,26.0,0.7307692307692307,4.0,1.0,6.0,0.3333333333333333,6.0,0.6666666666666666
LOLTMNT01_405675,2026-06-14 08:27:04+00:00,LCK,2026,3,Rounds 1-2,1,16.11,complete,,T1,oe:team:ce499dea30cfce118f4fe85da0227e8,Gen.G,oe:team:50f58982d91a36557ec8aec52ab014f,1,0,BLUE,T1,RED,Orianna,Bard,Wukong,Annie,Ryze,Nocturne,Senna,Jayce,Varus,Karma,Sion,Mel,Pyke,Viktor,Alistar,Zaahen,Nautilus,Lissandra,Olaf,Poppy,2696,2696,17,14,14,17,46,31,0.0,1.0,0.0,1.0,1.0,4.0,1.0,0.0,0.0,3.0,0.0,1.0,0.0,1.0,0.0,1.0,6.0,4.0,1.0,0.0,114649,169023,195,197,75,90,468,554,86041,83472,57164,54595,77048,85628,-1060.0,1060.0,-633.0,633.0,-614.0,614.0,-490.0,490.0,-524.0,524.0,223.0,-223.0,-16.0,16.0,-35.0,35.0,-24.0,24.0,oe:team:50f58982d91a36557ec8aec52ab014f|oe:team:ce499dea30cfce118f4fe85da0227e8,LCK_20260614_Gen_G_vs_T1_S3,1,1,2,"[""Cassiopeia"", ""Lee Sin"", ""Trundle"", ""Ambessa"", ""Vayne"", ""Galio"", ""Ziggs"", ""Jhin"", ""Shen"", ""Camille"", ""Vi"", ""Anivia"", ""Rumble"", ""Xayah"", ""Akali"", ""Rakan"", ""Kalista"", ""Maokai"", ""Renata Glasc"", ""Yorick""]",20,False,69.0,46.0,0.6666666666666666,37.0,0.7027027027027027,6.0,0.3333333333333333,68.0,54.0,0.7941176470588235,27.0,0.7037037037037037,5.0,0.8,7.0,0.42857142857142855,7.0,0.5714285714285714
LOLTMNT01_405694,2026-06-14 09:36:12+00:00,LCK,2026,4,Rounds 1-2,1,16.11,complete,,T1,oe:team:ce499dea30cfce118f4fe85da0227e8,Gen.G,oe:team:50f58982d91a36557ec8aec52ab014f,0,1,RED,Gen.G,RED,Orianna,Bard,Gnar,Karma,Varus,Caitlyn,Nocturne,Xin Zhao,Ryze,Jarvan IV,Lissandra,Ezreal,Sylas,Sivir,Yunara,Gangplank,Twisted Fate,Neeko,Lulu,Ahri,1963,1963,12,18,18,12,28,47,1.0,0.0,1.0,0.0,1.0,4.0,0.0,1.0,2.0,1.0,0.0,1.0,0.0,2.0,0.0,1.0,3.0,7.0,0.0,1.0,83924,98084,122,127,64,62,346,339,60666,68408,39265,47007,59503,58863,-680.0,680.0,270.0,-270.0,274.0,-274.0,-2258.0,2258.0,-1406.0,1406.0,-923.0,923.0,-10.0,10.0,0.0,0.0,18.0,-18.0,oe:team:50f58982d91a36557ec8aec52ab014f|oe:team:ce499dea30cfce118f4fe85da0227e8,LCK_20260614_Gen_G_vs_T1_S3,2,1,3,"[""Cassiopeia"", ""Lee Sin"", ""Trundle"", ""Ambessa"", ""Vayne"", ""Galio"", ""Ziggs"", ""Jhin"", ""Shen"", ""Camille"", ""Vi"", ""Anivia"", ""Rumble"", ""Xayah"", ""Akali"", ""Rakan"", ""Kalista"", ""Maokai"", ""Renata Glasc"", ""Yorick"", ""Wukong"", ""Annie"", ""Senna"", ""Jayce"", ""Sion"", ""Mel"", ""Alistar"", ""Zaahen"", ""Olaf"", ""Poppy""]",30,False,70.0,47.0,0.6714285714285714,38.0,0.7105263157894737,7.0,0.42857142857142855,69.0,54.0,0.782608695652174,28.0,0.6785714285714286,6.0,0.6666666666666666,8.0,0.5,8.0,0.5
LOLTMNT01_404739,2026-06-14 10:35:36+00:00,LCK,2026,5,Rounds 1-2,1,16.11,complete,,Gen.G,oe:team:50f58982d91a36557ec8aec52ab014f,T1,oe:team:ce499dea30cfce118f4fe85da0227e8,0,1,RED,T1,RED,Bard,Yone,Nidalee,Ryze,Caitlyn,Lucian,Renekton,Naafiri,Orianna,Varus,Twisted Fate,Gragas,Ashe,Blitzcrank,Miss Fortune,Sivir,Thresh,Nautilus,Rell,Neeko,1704,1704,10,19,19,11,25,53,1.0,0.0,0.0,1.0,1.0,3.0,1.0,0.0,2.0,1.0,0.0,1.0,0.0,1.0,1.0,0.0,3.0,9.0,0.0,2.0,74978,88990,97,110,46,44,282,289,52688,61618,33929,42859,50155,53190,468.0,-468.0,1650.0,-1650.0,3435.0,-3435.0,734.0,-734.0,1564.0,-1564.0,4500.0,-4500.0,11.0,-11.0,22.0,-22.0,37.0,-37.0,oe:team:50f58982d91a36557ec8aec52ab014f|oe:team:ce499dea30cfce118f4fe85da0227e8,LCK_20260614_Gen_G_vs_T1_S3,2,2,4,"[""Cassiopeia"", ""Lee Sin"", ""Trundle"", ""Ambessa"", ""Vayne"", ""Galio"", ""Ziggs"", ""Jhin"", ""Shen"", ""Camille"", ""Vi"", ""Anivia"", ""Rumble"", ""Xayah"", ""Akali"", ""Rakan"", ""Kalista"", ""Maokai"", ""Renata Glasc"", ""Yorick"", ""Wukong"", ""Annie"", ""Senna"", ""Jayce"", ""Sion"", ""Mel"", ""Alistar"", ""Zaahen"", ""Olaf"", ""Poppy"", ""Gnar"", ""Karma"", ""Nocturne"", ""Xin Zhao"", ""Lissandra"", ""Ezreal"", ""Yunara"", ""Gangplank"", ""Lulu"", ""Ahri""]",40,False,70.0,55.0,0.7857142857142857,41.0,0.8536585365853658,7.0,0.7142857142857143,71.0,47.0,0.6619718309859155,32.0,0.625,8.0,0.375,9.0,0.5555555555555556,9.0,0.4444444444444444
LOLTMNT02_442746,2026-07-29 08:05:41+00:00,LCK,2026,1,Rounds 3-4,0,16.14,complete,,Kiwoom DRX,oe:team:1d0389df0c5eea93b04122ba167c010,Nongshim RedForce,oe:team:5cd2cd09ec94296f605dd13a2924d6c,0,1,RED,Nongshim RedForce,BLUE,Poppy,Vi,Orianna,Jarvan IV,Rumble,Jayce,Xin Zhao,Locke,Camille,Nocturne,Bard,Ezreal,Vayne,Caitlyn,Gnar,Shen,Karma,Jhin,Yunara,Varus,1643,1643,13,28,28,13,21,56,0.0,1.0,0.0,1.0,0.0,4.0,1.0,0.0,3.0,0.0,0.0,1.0,0.0,1.0,0.0,1.0,1.0,9.0,0.0,1.0,57548,86524,87,95,33,47,215,282,50079,59819,31942,41682,46603,56838,-1655.0,1655.0,-4701.0,4701.0,-4259.0,4259.0,-1055.0,1055.0,-3382.0,3382.0,-4122.0,4122.0,-41.0,41.0,-79.0,79.0,-95.0,95.0,oe:team:1d0389df0c5eea93b04122ba167c010|oe:team:5cd2cd09ec94296f605dd13a2924d6c,LCK_20260729_Kiwoom_DRX_vs_Nongshim_RedForce_S5,0,0,0,[],0,False,77.0,31.0,0.4025974025974026,35.0,0.4,0.0,,62.0,21.0,0.3387096774193548,40.0,0.325,0.0,,10.0,0.9,10.0,0.1
LOLTMNT02_441911,2026-07-29 08:53:53+00:00,LCK,2026,2,Rounds 3-4,0,16.14,complete,,Kiwoom DRX,oe:team:1d0389df0c5eea93b04122ba167c010,Nongshim RedForce,oe:team:5cd2cd09ec94296f605dd13a2924d6c,0,1,RED,Nongshim RedForce,RED,Jayce,Vi,Cassiopeia,Syndra,Rumble,Nocturne,Nautilus,Lee Sin,Lucian,Camille,Skarner,Leona,Olaf,Renekton,Ambessa,Jhin,Vayne,Ziggs,Sivir,Zaahen,2030,2030,18,23,23,18,32,65,0.0,1.0,0.0,1.0,1.0,4.0,1.0,0.0,3.0,0.0,0.0,1.0,0.0,1.0,0.0,1.0,2.0,6.0,0.0,1.0,111930,130933,118,140,48,52,309,361,58976,71388,36892,49304,55650,62968,85.0,-85.0,1901.0,-1901.0,267.0,-267.0,-162.0,162.0,2435.0,-2435.0,3814.0,-3814.0,-6.0,6.0,-10.0,10.0,4.0,-4.0,oe:team:1d0389df0c5eea93b04122ba167c010|oe:team:5cd2cd09ec94296f605dd13a2924d6c,LCK_20260729_Kiwoom_DRX_vs_Nongshim_RedForce_S5,0,1,1,"[""Orianna"", ""Jarvan IV"", ""Xin Zhao"", ""Locke"", ""Bard"", ""Ezreal"", ""Gnar"", ""Shen"", ""Yunara"", ""Varus""]",10,False,78.0,31.0,0.3974358974358974,36.0,0.3888888888888889,1.0,0.0,63.0,22.0,0.3492063492063492,41.0,0.34146341463414637,1.0,1.0,11.0,0.8181818181818182,11.0,0.18181818181818182
LOLTMNT02_441926,2026-07-29 10:14:12+00:00,LCK,2026,1,Rounds 3-4,0,16.14,complete,,T1,oe:team:ce499dea30cfce118f4fe85da0227e8,KT Rolster,oe:team:d723992568441c6bafa2658129eade7,0,1,RED,KT Rolster,RED,Jayce,Bard,Vi,Cassiopeia,Orianna,Poppy,Akali,Ezreal,Locke,Camille,Ambessa,Nautilus,Renekton,Sivir,Leona,Zaahen,Vayne,Shen,Viktor,Pantheon,2142,2142,14,22,22,14,29,52,1.0,0.0,0.0,1.0,2.0,2.0,1.0,0.0,3.0,0.0,0.0,1.0,0.0,1.0,1.0,0.0,5.0,6.0,0.0,1.0,90484,99169,132,137,77,59,386,367,66909,72326,43683,49100,65865,62781,97.0,-97.0,1847.0,-1847.0,1107.0,-1107.0,75.0,-75.0,2648.0,-2648.0,-298.0,298.0,-8.0,8.0,36.0,-36.0,42.0,-42.0,oe:team:ce499dea30cfce118f4fe85da0227e8|oe:team:d723992568441c6bafa2658129eade7,LCK_20260729_KT_Rolster_vs_T1_S4,0,0,0,[],0,False,72.0,48.0,0.6666666666666666,39.0,0.6923076923076923,0.0,,66.0,35.0,0.5303030303030303,30.0,0.43333333333333335,0.0,,6.0,0.6666666666666666,6.0,0.3333333333333333
LOLTMNT02_441944,2026-07-29 11:12:05+00:00,LCK,2026,2,Rounds 3-4,0,16.14,complete,,KT Rolster,oe:team:d723992568441c6bafa2658129eade7,T1,oe:team:ce499dea30cfce118f4fe85da0227e8,1,0,BLUE,KT Rolster,RED,Bard,Poppy,Rumble,Jayce,Orianna,Locke,Jarvan IV,Ryze,Camille,Skarner,Yone,Lee Sin,Ziggs,Mel,Rell,Jhin,Lucian,Syndra,Miss Fortune,Shen,2155,2155,17,10,10,17,41,19,1.0,0.0,1.0,0.0,4.0,1.0,0.0,1.0,0.0,3.0,1.0,0.0,1.0,0.0,0.0,1.0,7.0,6.0,1.0,0.0,73627,85573,160,159,60,76,381,433,69907,67847,46548,44488,63200,66445,588.0,-588.0,-1226.0,1226.0,-2086.0,2086.0,-194.0,194.0,-1957.0,1957.0,-389.0,389.0,-37.0,37.0,-69.0,69.0,-80.0,80.0,oe:team:ce499dea30cfce118f4fe85da0227e8|oe:team:d723992568441c6bafa2658129eade7,LCK_20260729_KT_Rolster_vs_T1_S4,1,0,1,"[""Vi"", ""Cassiopeia"", ""Akali"", ""Ezreal"", ""Ambessa"", ""Nautilus"", ""Leona"", ""Zaahen"", ""Viktor"", ""Pantheon""]",10,False,67.0,36.0,0.5373134328358209,36.0,0.6111111111111112,1.0,1.0,73.0,48.0,0.6575342465753424,33.0,0.6363636363636364,1.0,0.0,7.0,0.42857142857142855,7.0,0.5714285714285714
LOLTMNT02_444167,2026-07-30 08:07:12+00:00,LCK,2026,1,Rounds 3-4,0,16.14,complete,,BNK FEARX,oe:team:5c2e7e9ea8dfcba0150d9a5619baecf,DN SOOPers,oe:team:b3c72a20aa56f5d28022ac04a7dc294,1,0,BLUE,BNK FEARX,BLUE,Poppy,Orianna,Cassiopeia,Syndra,Vi,Locke,Lee Sin,Jarvan IV,Camille,Ezreal,Shen,Jayce,Bard,Olaf,Rumble,Rell,Nautilus,Yorick,Corki,Viktor,1871,1871,17,5,5,17,41,15,1.0,0.0,1.0,0.0,4.0,0.0,0.0,1.0,3.0,0.0,1.0,0.0,1.0,0.0,1.0,0.0,9.0,1.0,1.0,0.0,72194,68620,155,122,59,55,371,328,64409,51760,43947,31298,59743,49100,1381.0,-1381.0,2678.0,-2678.0,2346.0,-2346.0,1198.0,-1198.0,1844.0,-1844.0,1191.0,-1191.0,28.0,-28.0,32.0,-32.0,27.0,-27.0,oe:team:5c2e7e9ea8dfcba0150d9a5619baecf|oe:team:b3c72a20aa56f5d28022ac04a7dc294,LCK_20260730_BNK_FEARX_vs_DN_SOOPers_S5,0,0,0,[],0,False,72.0,32.0,0.4444444444444444,43.0,0.4418604651162791,0.0,,70.0,18.0,0.2571428571428571,41.0,0.21951219512195122,0.0,,13.0,0.7692307692307693,13.0,0.23076923076923078
LOLTMNT02_444200,2026-07-30 09:02:26+00:00,LCK,2026,2,Rounds 3-4,0,16.14,complete,,BNK FEARX,oe:team:5c2e7e9ea8dfcba0150d9a5619baecf,DN SOOPers,oe:team:b3c72a20aa56f5d28022ac04a7dc294,1,0,BLUE,BNK FEARX,RED,Orianna,Poppy,Taliyah,Ryze,Camille,Locke,Pantheon,Naafiri,Vi,Bard,Alistar,Nautilus,Ezreal,Vayne,Sivir,Gnar,Ambessa,Varus,Tristana,Kai'Sa,1667,1667,15,5,5,15,36,7,1.0,0.0,0.0,1.0,2.0,1.0,1.0,0.0,3.0,0.0,1.0,0.0,1.0,0.0,1.0,0.0,9.0,1.0,1.0,0.0,63437,43457,107,98,45,38,281,250,58265,47274,39884,28893,51020,45913,1993.0,-1993.0,2526.0,-2526.0,3406.0,-3406.0,577.0,-577.0,832.0,-832.0,421.0,-421.0,26.0,-26.0,20.0,-20.0,-4.0,4.0,oe:team:5c2e7e9ea8dfcba0150d9a5619baecf|oe:team:b3c72a20aa56f5d28022ac04a7dc294,LCK_20260730_BNK_FEARX_vs_DN_SOOPers_S5,1,0,1,"[""Cassiopeia"", ""Syndra"", ""Lee Sin"", ""Jarvan IV"", ""Shen"", ""Jayce"", ""Rumble"", ""Rell"", ""Corki"", ""Viktor""]",10,False,73.0,33.0,0.4520547945205479,44.0,0.45454545454545453,1.0,1.0,71.0,18.0,0.2535211267605634,42.0,0.21428571428571427,1.0,0.0,14.0,0.7857142857142857,14.0,0.21428571428571427
LOLTMNT02_443344,2026-07-30 10:17:39+00:00,LCK,2026,1,Rounds 3-4,0,16.14,complete,,Hanwha Life Esports,oe:team:3a1d18f46bcb3716ebcfcf4ef068934,Dplus Kia,oe:team:ef69efa6acebe94107f0cf1ba716806,0,1,RED,Dplus Kia,RED,Locke,Nocturne,Camille,Orianna,Jayce,Poppy,Vi,Shen,Bard,Akali,Ambessa,Xin Zhao,Renekton,Ziggs,Cassiopeia,Ezreal,Gnar,Viktor,Aurora,Olaf,1854,1854,8,20,20,8,18,48,1.0,0.0,0.0,1.0,0.0,3.0,1.0,0.0,1.0,2.0,0.0,1.0,0.0,2.0,0.0,1.0,2.0,9.0,0.0,1.0,85224,101458,100,125,51,49,312,330,53883,65559,33594,45270,51395,57953,-305.0,305.0,-299.0,299.0,185.0,-185.0,-644.0,644.0,1172.0,-1172.0,1838.0,-1838.0,-30.0,30.0,-14.0,14.0,-30.0,30.0,oe:team:3a1d18f46bcb3716ebcfcf4ef068934|oe:team:ef69efa6acebe94107f0cf1ba716806,LCK_20260730_Dplus_Kia_vs_Hanwha_Life_Esports_S3,0,0,0,[],0,False,61.0,40.0,0.6557377049180327,28.0,0.7142857142857143,0.0,,85.0,47.0,0.5529411764705883,37.0,0.40540540540540543,0.0,,4.0,1.0,4.0,0.0
LOLTMNT02_444234,2026-07-30 11:12:36+00:00,LCK,2026,2,Rounds 3-4,0,16.14,complete,,Dplus Kia,oe:team:ef69efa6acebe94107f0cf1ba716806,Hanwha Life Esports,oe:team:3a1d18f46bcb3716ebcfcf4ef068934,0,1,RED,Hanwha Life Esports,RED,Nocturne,Poppy,Viktor,Lee Sin,Jayce,Gnar,Skarner,Bard,Lucian,Locke,Pyke,Jhin,Syndra,Vayne,Ryze,Annie,Yone,K'Sante,Renekton,Aatrox,1915,1915,10,24,24,11,20,63,0.0,1.0,0.0,1.0,0.0,5.0,0.0,1.0,3.0,0.0,0.0,1.0,0.0,1.0,1.0,0.0,4.0,9.0,0.0,2.0,92522,115677,140,121,42,65,304,359,61682,69088,40771,48177,60865,58230,23.0,-23.0,-158.0,158.0,-1952.0,1952.0,1188.0,-1188.0,1171.0,-1171.0,-1223.0,1223.0,25.0,-25.0,53.0,-53.0,45.0,-45.0,oe:team:3a1d18f46bcb3716ebcfcf4ef068934|oe:team:ef69efa6acebe94107f0cf1ba716806,LCK_20260730_Dplus_Kia_vs_Hanwha_Life_Esports_S3,1,0,1,"[""Camille"", ""Orianna"", ""Vi"", ""Shen"", ""Ambessa"", ""Xin Zhao"", ""Cassiopeia"", ""Ezreal"", ""Aurora"", ""Olaf""]",10,False,86.0,48.0,0.5581395348837209,48.0,0.6666666666666666,1.0,1.0,62.0,40.0,0.6451612903225806,33.0,0.6060606060606061,1.0,0.0,5.0,0.2,5.0,0.8
LOLTMNT02_443370,2026-07-30 12:07:20+00:00,LCK,2026,3,Rounds 3-4,0,16.14,complete,,Hanwha Life Esports,oe:team:3a1d18f46bcb3716ebcfcf4ef068934,Dplus Kia,oe:team:ef69efa6acebe94107f0cf1ba716806,0,1,RED,Dplus Kia,RED,Locke,Nocturne,Lucian,Jarvan IV,Jayce,Poppy,Milio,Yunara,Caitlyn,Akali,Gnar,Lulu,Vayne,Twisted Fate,Qiyana,Syndra,Tristana,Wukong,Galio,Jax,2181,2181,13,17,17,13,27,38,0.0,1.0,1.0,0.0,3.0,2.0,1.0,0.0,3.0,0.0,1.0,0.0,1.0,1.0,1.0,0.0,6.0,8.0,0.0,1.0,104811,104588,131,136,64,62,382,347,69972,72795,46348,49171,68058,64443,649.0,-649.0,1488.0,-1488.0,1388.0,-1388.0,181.0,-181.0,481.0,-481.0,1889.0,-1889.0,10.0,-10.0,26.0,-26.0,44.0,-44.0,oe:team:3a1d18f46bcb3716ebcfcf4ef068934|oe:team:ef69efa6acebe94107f0cf1ba716806,LCK_20260730_Dplus_Kia_vs_Hanwha_Life_Esports_S3,1,1,2,"[""Camille"", ""Orianna"", ""Vi"", ""Shen"", ""Ambessa"", ""Xin Zhao"", ""Cassiopeia"", ""Ezreal"", ""Aurora"", ""Olaf"", ""Viktor"", ""Lee Sin"", ""Skarner"", ""Bard"", ""Pyke"", ""Jhin"", ""Ryze"", ""Annie"", ""Renekton"", ""Aatrox""]",20,False,63.0,41.0,0.6507936507936508,29.0,0.6896551724137931,2.0,0.5,87.0,48.0,0.5517241379310345,38.0,0.42105263157894735,2.0,0.5,6.0,0.8333333333333334,6.0,0.16666666666666666
LOLTMNT02_444480,2026-07-31 08:15:35+00:00,LCK,2026,1,Rounds 3-4,0,16.14,complete,,Gen.G,oe:team:50f58982d91a36557ec8aec52ab014f,T1,oe:team:ce499dea30cfce118f4fe85da0227e8,0,1,RED,T1,RED,Bard,Vi,Galio,Orianna,Jayce,Camille,Lee Sin,Lucian,Nocturne,Locke,Ambessa,Milio,Poppy,Lulu,Rakan,Gnar,Renekton,Ezreal,Xayah,Jarvan IV,1755,1755,4,13,13,4,7,38,0.0,1.0,0.0,1.0,0.0,4.0,1.0,0.0,3.0,0.0,0.0,1.0,0.0,1.0,0.0,1.0,3.0,9.0,0.0,2.0,46781,82805,110,108,46,49,284,302,49952,59707,30673,40428,48595,52258,-882.0,882.0,-879.0,879.0,-1007.0,1007.0,-850.0,850.0,-748.0,748.0,-2548.0,2548.0,4.0,-4.0,4.0,-4.0,-14.0,14.0,oe:team:50f58982d91a36557ec8aec52ab014f|oe:team:ce499dea30cfce118f4fe85da0227e8,LCK_20260731_Gen_G_vs_T1_S4,0,0,0,[],0,False,71.0,55.0,0.7746478873239436,42.0,0.8333333333333334,0.0,,74.0,48.0,0.6486486486486487,34.0,0.6176470588235294,2.0,0.0,10.0,0.5,10.0,0.5
LOLTMNT02_444494,2026-07-31 09:08:44+00:00,LCK,2026,2,Rounds 3-4,0,16.14,complete,,T1,oe:team:ce499dea30cfce118f4fe85da0227e8,Gen.G,oe:team:50f58982d91a36557ec8aec52ab014f,1,0,BLUE,T1,RED,Jayce,Bard,Ezreal,Vi,Cassiopeia,Poppy,Xin Zhao,Shen,Camille,Nocturne,Ryze,Ziggs,Yone,Pyke,Seraphine,Varus,Locke,Olaf,Jax,Anivia,1986,1986,17,15,15,17,37,32,0.0,1.0,1.0,0.0,2.0,3.0,0.0,1.0,3.0,0.0,1.0,0.0,1.0,0.0,1.0,0.0,7.0,3.0,1.0,0.0,80838,90001,135,140,75,64,427,400,67307,61001,45672,39366,60576,59010,-2760.0,2760.0,-1642.0,1642.0,-3592.0,3592.0,-1444.0,1444.0,-2777.0,2777.0,-3971.0,3971.0,-26.0,26.0,-36.0,36.0,-50.0,50.0,oe:team:50f58982d91a36557ec8aec52ab014f|oe:team:ce499dea30cfce118f4fe85da0227e8,LCK_20260731_Gen_G_vs_T1_S4,1,0,1,"[""Galio"", ""Orianna"", ""Lee Sin"", ""Lucian"", ""Ambessa"", ""Milio"", ""Rakan"", ""Gnar"", ""Xayah"", ""Jarvan IV""]",10,False,75.0,49.0,0.6533333333333333,40.0,0.675,3.0,0.3333333333333333,72.0,55.0,0.7638888888888888,29.0,0.6896551724137931,1.0,0.0,11.0,0.5454545454545454,11.0,0.45454545454545453
LOLTMNT02_444519,2026-07-31 10:28:31+00:00,LCK,2026,1,Rounds 3-4,0,16.14,complete,,Kiwoom DRX,oe:team:1d0389df0c5eea93b04122ba167c010,HANJIN BRION,oe:team:b77b3f6068e20a2b3edc0ecd3dc70d4,0,1,RED,HANJIN BRION,BLUE,Ezreal,Locke,Cassiopeia,Camille,Poppy,Orianna,Naafiri,Jarvan IV,Lee Sin,Vi,Nautilus,Syndra,Jayce,K'Sante,Jhin,Rumble,Ziggs,Akali,Ambessa,Corki,2425,2425,10,24,24,10,14,56,1.0,0.0,1.0,0.0,2.0,4.0,1.0,0.0,0.0,3.0,0.0,1.0,0.0,2.0,0.0,1.0,2.0,9.0,0.0,3.0,70522,107769,149,171,55,61,374,435,69384,84465,43271,58352,68010,80378,-320.0,320.0,-2523.0,2523.0,-3505.0,3505.0,-381.0,381.0,-2362.0,2362.0,-2538.0,2538.0,-26.0,26.0,-46.0,46.0,-42.0,42.0,oe:team:1d0389df0c5eea93b04122ba167c010|oe:team:b77b3f6068e20a2b3edc0ecd3dc70d4,LCK_20260731_HANJIN_BRION_vs_Kiwoom_DRX_S5,0,0,0,[],0,False,79.0,31.0,0.3924050632911392,37.0,0.3783783783783784,2.0,0.0,62.0,22.0,0.3548387096774194,35.0,0.2571428571428571,0.0,,14.0,0.6428571428571429,14.0,0.35714285714285715
LOLTMNT02_443601,2026-07-31 11:31:11+00:00,LCK,2026,2,Rounds 3-4,0,16.14,complete,,Kiwoom DRX,oe:team:1d0389df0c5eea93b04122ba167c010,HANJIN BRION,oe:team:b77b3f6068e20a2b3edc0ecd3dc70d4,1,0,BLUE,Kiwoom DRX,RED,Jayce,Poppy,Annie,Lee Sin,Orianna,Bard,Ezreal,Lucian,Vi,Locke,Karma,Milio,Ryze,Xin Zhao,Pantheon,Aurora,Galio,Wukong,Yorick,Anivia,2178,2178,12,7,7,12,29,17,1.0,0.0,1.0,0.0,3.0,2.0,1.0,0.0,3.0,0.0,1.0,0.0,1.0,0.0,1.0,0.0,10.0,2.0,2.0,0.0,109753,81412,136,141,54,64,350,379,68308,62325,44714,38731,61626,59755,267.0,-267.0,1065.0,-1065.0,1353.0,-1353.0,707.0,-707.0,1959.0,-1959.0,-2233.0,2233.0,9.0,-9.0,37.0,-37.0,-9.0,9.0,oe:team:1d0389df0c5eea93b04122ba167c010|oe:team:b77b3f6068e20a2b3edc0ecd3dc70d4,LCK_20260731_HANJIN_BRION_vs_Kiwoom_DRX_S5,0,1,1,"[""Cassiopeia"", ""Camille"", ""Naafiri"", ""Jarvan IV"", ""Nautilus"", ""Syndra"", ""Jhin"", ""Rumble"", ""Ambessa"", ""Corki""]",10,False,80.0,31.0,0.3875,38.0,0.3684210526315789,3.0,0.0,63.0,23.0,0.36507936507936506,36.0,0.2777777777777778,1.0,1.0,15.0,0.6,15.0,0.4
LOLTMNT02_443609,2026-07-31 12:30:32+00:00,LCK,2026,3,Rounds 3-4,0,16.14,complete,,Kiwoom DRX,oe:team:1d0389df0c5eea93b04122ba167c010,HANJIN BRION,oe:team:b77b3f6068e20a2b3edc0ecd3dc70d4,1,0,BLUE,Kiwoom DRX,RED,Jayce,Poppy,Ryze,Vi,Xin Zhao,Bard,Nocturne,Viktor,Locke,Orianna,Gnar,Alistar,Vayne,Lulu,Shen,Taliyah,Olaf,Rakan,Sivir,Renekton,1931,1931,13,4,4,13,39,9,1.0,0.0,1.0,0.0,3.0,1.0,1.0,0.0,0.0,3.0,,,0.0,0.0,0.0,1.0,7.0,1.0,1.0,0.0,72065,48312,113,128,75,44,363,306,64005,53273,42931,32199,55288,51920,1283.0,-1283.0,2657.0,-2657.0,3107.0,-3107.0,1036.0,-1036.0,1332.0,-1332.0,-33.0,33.0,13.0,-13.0,35.0,-35.0,27.0,-27.0,oe:team:1d0389df0c5eea93b04122ba167c010|oe:team:b77b3f6068e20a2b3edc0ecd3dc70d4,LCK_20260731_HANJIN_BRION_vs_Kiwoom_DRX_S5,1,1,2,"[""Cassiopeia"", ""Camille"", ""Naafiri"", ""Jarvan IV"", ""Nautilus"", ""Syndra"", ""Jhin"", ""Rumble"", ""Ambessa"", ""Corki"", ""Annie"", ""Lee Sin"", ""Ezreal"", ""Lucian"", ""Karma"", ""Milio"", ""Pantheon"", ""Aurora"", ""Yorick"", ""Anivia""]",20,False,81.0,32.0,0.3950617283950617,39.0,0.38461538461538464,4.0,0.25,64.0,23.0,0.359375,37.0,0.2702702702702703,2.0,0.5,16.0,0.625,16.0,0.375
LOLTMNT02_444700,2026-08-01 08:05:28+00:00,LCK,2026,1,Rounds 3-4,0,16.14,complete,,Nongshim RedForce,oe:team:5cd2cd09ec94296f605dd13a2924d6c,BNK FEARX,oe:team:5c2e7e9ea8dfcba0150d9a5619baecf,1,0,BLUE,Nongshim RedForce,BLUE,Poppy,Orianna,Vi,Ezreal,Nocturne,Locke,Rumble,Jarvan IV,Syndra,Cassiopeia,Jhin,Bard,Jayce,Nautilus,Shen,K'Sante,Ambessa,Camille,Ryze,Viktor,1996,1996,21,14,14,21,58,35,0.0,1.0,0.0,1.0,3.0,1.0,0.0,1.0,1.0,2.0,1.0,0.0,1.0,0.0,1.0,0.0,8.0,1.0,1.0,0.0,111172,87448,122,130,57,52,344,345,73014,60306,51277,38569,65205,59698,-1577.0,1577.0,2594.0,-2594.0,4464.0,-4464.0,-766.0,766.0,3457.0,-3457.0,3016.0,-3016.0,-18.0,18.0,24.0,-24.0,4.0,-4.0,oe:team:5c2e7e9ea8dfcba0150d9a5619baecf|oe:team:5cd2cd09ec94296f605dd13a2924d6c,LCK_20260801_BNK_FEARX_vs_Nongshim_RedForce_S4,0,0,0,[],0,False,64.0,23.0,0.359375,22.0,0.36363636363636365,2.0,1.0,74.0,34.0,0.4594594594594595,29.0,0.4482758620689655,2.0,1.0,6.0,0.3333333333333333,6.0,0.6666666666666666
LOLTMNT02_443744,2026-08-01 08:59:42+00:00,LCK,2026,2,Rounds 3-4,0,16.14,complete,,Nongshim RedForce,oe:team:5cd2cd09ec94296f605dd13a2924d6c,BNK FEARX,oe:team:5c2e7e9ea8dfcba0150d9a5619baecf,0,1,RED,BNK FEARX,RED,Orianna,Poppy,Jayce,Cassiopeia,Lucian,Locke,Syndra,Lee Sin,Nocturne,Camille,Xin Zhao,Olaf,Alistar,Lulu,Nautilus,Rell,Leona,Sivir,Kai'Sa,Varus,1853,1853,11,32,32,11,23,65,0.0,1.0,1.0,0.0,2.0,2.0,0.0,1.0,0.0,3.0,0.0,1.0,0.0,1.0,1.0,0.0,3.0,9.0,0.0,2.0,81714,90020,112,141,49,41,289,313,57246,66654,36967,46375,56945,59670,-491.0,491.0,-436.0,436.0,-2282.0,2282.0,-1261.0,1261.0,-1120.0,1120.0,-3118.0,3118.0,-12.0,12.0,-3.0,3.0,-13.0,13.0,oe:team:5c2e7e9ea8dfcba0150d9a5619baecf|oe:team:5cd2cd09ec94296f605dd13a2924d6c,LCK_20260801_BNK_FEARX_vs_Nongshim_RedForce_S4,1,0,1,"[""Vi"", ""Ezreal"", ""Rumble"", ""Jarvan IV"", ""Jhin"", ""Bard"", ""Shen"", ""K'Sante"", ""Ryze"", ""Viktor""]",10,False,65.0,24.0,0.36923076923076925,23.0,0.391304347826087,3.0,1.0,75.0,34.0,0.4533333333333333,30.0,0.43333333333333335,3.0,0.6666666666666666,7.0,0.42857142857142855,7.0,0.5714285714285714
LOLTMNT02_444714,2026-08-01 09:52:11+00:00,LCK,2026,3,Rounds 3-4,0,16.14,complete,,BNK FEARX,oe:team:5c2e7e9ea8dfcba0150d9a5619baecf,Nongshim RedForce,oe:team:5cd2cd09ec94296f605dd13a2924d6c,0,1,RED,Nongshim RedForce,RED,Sivir,Poppy,Camille,Locke,Lucian,Vayne,Ziggs,Leona,Nocturne,Akali,Galio,Pantheon,Taliyah,Wukong,Naafiri,Aatrox,Corki,Skarner,Mordekaiser,Renekton,1958,1958,15,22,22,15,14,48,1.0,0.0,0.0,1.0,0.0,4.0,1.0,0.0,1.0,2.0,0.0,1.0,0.0,2.0,1.0,0.0,3.0,9.0,0.0,1.0,101101,93290,118,110,43,48,282,310,60222,68347,38872,46997,56620,59720,2221.0,-2221.0,3427.0,-3427.0,470.0,-470.0,1670.0,-1670.0,913.0,-913.0,-3029.0,3029.0,4.0,-4.0,1.0,-1.0,-18.0,18.0,oe:team:5c2e7e9ea8dfcba0150d9a5619baecf|oe:team:5cd2cd09ec94296f605dd13a2924d6c,LCK_20260801_BNK_FEARX_vs_Nongshim_RedForce_S4,1,1,2,"[""Vi"", ""Ezreal"", ""Rumble"", ""Jarvan IV"", ""Jhin"", ""Bard"", ""Shen"", ""K'Sante"", ""Ryze"", ""Viktor"", ""Jayce"", ""Cassiopeia"", ""Syndra"", ""Lee Sin"", ""Xin Zhao"", ""Olaf"", ""Nautilus"", ""Rell"", ""Kai'Sa"", ""Varus""]",20,False,76.0,35.0,0.4605263157894737,45.0,0.4666666666666667,4.0,0.75,66.0,24.0,0.36363636363636365,42.0,0.35714285714285715,4.0,0.75,8.0,0.625,8.0,0.375
LOLTMNT02_444730,2026-08-01 12:05:06+00:00,LCK,2026,2,Rounds 3-4,0,16.14,complete,,Dplus Kia,oe:team:ef69efa6acebe94107f0cf1ba716806,Gen.G,oe:team:50f58982d91a36557ec8aec52ab014f,1,0,BLUE,Dplus Kia,RED,Nocturne,Poppy,Bard,Jarvan IV,Orianna,Ezreal,Xin Zhao,Lucian,Jayce,Vi,Caitlyn,Milio,Akali,Syndra,Viktor,Rumble,Anivia,Ryze,K'Sante,Yone,1721,1721,7,2,2,7,17,5,1.0,0.0,1.0,0.0,3.0,0.0,1.0,0.0,0.0,3.0,1.0,0.0,1.0,0.0,1.0,0.0,9.0,1.0,1.0,0.0,53985,43972,110,102,51,59,295,301,57872,47692,38940,28760,48260,47635,1377.0,-1377.0,1649.0,-1649.0,3458.0,-3458.0,1990.0,-1990.0,2126.0,-2126.0,3823.0,-3823.0,52.0,-52.0,61.0,-61.0,61.0,-61.0,oe:team:50f58982d91a36557ec8aec52ab014f|oe:team:ef69efa6acebe94107f0cf1ba716806,LCK_20260801_Dplus_Kia_vs_Gen_G_S5,0,0,0,[],0,False,88.0,49.0,0.5568181818181818,49.0,0.6530612244897959,3.0,0.6666666666666666,73.0,55.0,0.7534246575342466,30.0,0.6666666666666666,2.0,0.0,11.0,0.36363636363636365,11.0,0.6363636363636364
LOLTMNT02_444825,2026-08-02 08:07:10+00:00,LCK,2026,1,Rounds 3-4,0,16.14,complete,,HANJIN BRION,oe:team:b77b3f6068e20a2b3edc0ecd3dc70d4,DN SOOPers,oe:team:b3c72a20aa56f5d28022ac04a7dc294,0,1,RED,DN SOOPers,RED,Orianna,Poppy,Camille,Cassiopeia,Vi,Locke,Ezreal,Lee Sin,Nocturne,Jayce,Xin Zhao,Shen,K'Sante,Syndra,Rumble,Yorick,Ambessa,Vayne,Anivia,Taliyah,1931,1931,5,15,15,5,10,40,1.0,0.0,1.0,0.0,2.0,2.0,0.0,1.0,0.0,3.0,0.0,1.0,0.0,2.0,0.0,1.0,2.0,9.0,0.0,1.0,71377,83644,132,138,58,55,305,351,56614,66886,35540,45812,55043,60608,155.0,-155.0,-3365.0,3365.0,-5505.0,5505.0,27.0,-27.0,-2437.0,2437.0,-3610.0,3610.0,-8.0,8.0,-53.0,53.0,-52.0,52.0,oe:team:b3c72a20aa56f5d28022ac04a7dc294|oe:team:b77b3f6068e20a2b3edc0ecd3dc70d4,LCK_20260802_DN_SOOPers_vs_HANJIN_BRION_S3,0,0,0,[],0,False,65.0,23.0,0.35384615384615387,27.0,0.48148148148148145,3.0,0.3333333333333333,72.0,18.0,0.25,43.0,0.20930232558139536,2.0,0.0,4.0,1.0,4.0,0.0
LOLTMNT02_443839,2026-08-02 09:02:39+00:00,LCK,2026,2,Rounds 3-4,0,16.14,complete,,DN SOOPers,oe:team:b3c72a20aa56f5d28022ac04a7dc294,HANJIN BRION,oe:team:b77b3f6068e20a2b3edc0ecd3dc70d4,0,1,RED,HANJIN BRION,RED,Locke,Vi,Jarvan IV,Annie,Orianna,Poppy,Akali,Naafiri,Jayce,Vayne,Ambessa,Gnar,Lucian,Alistar,Lulu,Yunara,Karma,Bard,Sivir,Nautilus,2233,2233,9,13,13,9,11,26,1.0,0.0,1.0,0.0,3.0,3.0,1.0,0.0,1.0,2.0,0.0,1.0,0.0,2.0,1.0,0.0,3.0,9.0,0.0,2.0,68799,85638,134,150,60,58,393,396,67272,75268,43117,51113,64845,68923,893.0,-893.0,199.0,-199.0,1088.0,-1088.0,657.0,-657.0,469.0,-469.0,1706.0,-1706.0,24.0,-24.0,18.0,-18.0,43.0,-43.0,oe:team:b3c72a20aa56f5d28022ac04a7dc294|oe:team:b77b3f6068e20a2b3edc0ecd3dc70d4,LCK_20260802_DN_SOOPers_vs_HANJIN_BRION_S3,1,0,1,"[""Camille"", ""Cassiopeia"", ""Ezreal"", ""Lee Sin"", ""Xin Zhao"", ""Shen"", ""Rumble"", ""Yorick"", ""Anivia"", ""Taliyah""]",10,False,73.0,19.0,0.2602739726027397,29.0,0.3103448275862069,3.0,0.3333333333333333,66.0,23.0,0.3484848484848485,38.0,0.2631578947368421,4.0,0.25,5.0,0.2,5.0,0.8
LOLTMNT02_443840,2026-08-02 10:02:27+00:00,LCK,2026,3,Rounds 3-4,0,16.14,complete,,HANJIN BRION,oe:team:b77b3f6068e20a2b3edc0ecd3dc70d4,DN SOOPers,oe:team:b3c72a20aa56f5d28022ac04a7dc294,0,1,RED,DN SOOPers,RED,Orianna,Locke,Karma,Caitlyn,Vi,Jayce,Pantheon,Bard,Ryze,Poppy,Jhin,Skarner,K'Sante,Vayne,Ahri,Olaf,Sylas,Syndra,Zaahen,Mel,2322,2322,15,15,15,15,28,39,1.0,0.0,0.0,1.0,1.0,5.0,0.0,1.0,3.0,0.0,0.0,1.0,0.0,2.0,1.0,0.0,3.0,10.0,0.0,3.0,122105,113909,144,143,69,66,386,418,72680,72206,47618,47144,70118,68420,-393.0,393.0,876.0,-876.0,959.0,-959.0,299.0,-299.0,846.0,-846.0,-324.0,324.0,2.0,-2.0,-1.0,1.0,-4.0,4.0,oe:team:b3c72a20aa56f5d28022ac04a7dc294|oe:team:b77b3f6068e20a2b3edc0ecd3dc70d4,LCK_20260802_DN_SOOPers_vs_HANJIN_BRION_S3,1,1,2,"[""Camille"", ""Cassiopeia"", ""Ezreal"", ""Lee Sin"", ""Xin Zhao"", ""Shen"", ""Rumble"", ""Yorick"", ""Anivia"", ""Taliyah"", ""Jarvan IV"", ""Annie"", ""Akali"", ""Naafiri"", ""Ambessa"", ""Gnar"", ""Lulu"", ""Yunara"", ""Sivir"", ""Nautilus""]",20,False,67.0,24.0,0.3582089552238806,28.0,0.4642857142857143,5.0,0.4,74.0,19.0,0.25675675675675674,44.0,0.22727272727272727,4.0,0.25,6.0,0.8333333333333334,6.0,0.16666666666666666
LOLTMNT02_443862,2026-08-02 11:27:57+00:00,LCK,2026,1,Rounds 3-4,0,16.14,complete,,Hanwha Life Esports,oe:team:3a1d18f46bcb3716ebcfcf4ef068934,KT Rolster,oe:team:d723992568441c6bafa2658129eade7,0,1,RED,KT Rolster,RED,Ezreal,Camille,Lucian,Cassiopeia,Jayce,Nocturne,Milio,Nautilus,Orianna,Vi,Jarvan IV,Miss Fortune,Pantheon,Olaf,Locke,Rumble,Gnar,Akali,Ambessa,Skarner,2091,2091,12,36,36,12,39,77,0.0,1.0,1.0,0.0,1.0,4.0,0.0,1.0,1.0,2.0,0.0,1.0,0.0,2.0,0.0,1.0,6.0,8.0,1.0,3.0,95619,139226,107,132,61,53,326,358,68557,73205,45851,50499,69320,64895,-667.0,667.0,-2648.0,2648.0,-2938.0,2938.0,114.0,-114.0,-2068.0,2068.0,-4831.0,4831.0,19.0,-19.0,10.0,-10.0,-26.0,26.0,oe:team:3a1d18f46bcb3716ebcfcf4ef068934|oe:team:d723992568441c6bafa2658129eade7,LCK_20260802_Hanwha_Life_Esports_vs_KT_Rolster_S3,0,0,0,[],0,False,64.0,41.0,0.640625,30.0,0.6666666666666666,3.0,0.3333333333333333,68.0,37.0,0.5441176470588235,31.0,0.45161290322580644,2.0,1.0,5.0,0.6,5.0,0.4
LOLTMNT02_444842,2026-08-02 12:26:34+00:00,LCK,2026,2,Rounds 3-4,0,16.14,complete,,KT Rolster,oe:team:d723992568441c6bafa2658129eade7,Hanwha Life Esports,oe:team:3a1d18f46bcb3716ebcfcf4ef068934,0,1,RED,Hanwha Life Esports,RED,Camille,Ezreal,Pantheon,Ryze,Bard,Poppy,Syndra,Nocturne,Jayce,Orianna,Alistar,Shen,Gnar,Vayne,Corki,Jhin,Olaf,Zaahen,Gragas,Anivia,1717,1717,7,19,19,7,13,51,0.0,1.0,0.0,1.0,1.0,3.0,0.0,1.0,0.0,3.0,0.0,1.0,0.0,1.0,0.0,1.0,1.0,10.0,0.0,2.0,58606,84880,106,110,39,50,277,304,48733,62531,29842,43640,47938,55540,-2835.0,2835.0,-4353.0,4353.0,-5123.0,5123.0,-1688.0,1688.0,-2232.0,2232.0,-4094.0,4094.0,-61.0,61.0,-77.0,77.0,-107.0,107.0,oe:team:3a1d18f46bcb3716ebcfcf4ef068934|oe:team:d723992568441c6bafa2658129eade7,LCK_20260802_Hanwha_Life_Esports_vs_KT_Rolster_S3,1,0,1,"[""Lucian"", ""Cassiopeia"", ""Milio"", ""Nautilus"", ""Jarvan IV"", ""Miss Fortune"", ""Locke"", ""Rumble"", ""Ambessa"", ""Skarner""]",10,False,69.0,38.0,0.5507246376811594,37.0,0.6216216216216216,3.0,1.0,65.0,41.0,0.6307692307692307,34.0,0.6176470588235294,4.0,0.25,6.0,0.5,6.0,0.5
LOLTMNT02_443868,2026-08-02 13:18:02+00:00,LCK,2026,3,Rounds 3-4,0,16.14,complete,,KT Rolster,oe:team:d723992568441c6bafa2658129eade7,Hanwha Life Esports,oe:team:3a1d18f46bcb3716ebcfcf4ef068934,1,0,BLUE,KT Rolster,BLUE,Camille,Orianna,Annie,Seraphine,Bard,Jayce,Yunara,Ashe,Caitlyn,Ezreal,Lulu,Viktor,Vayne,Wukong,Naafiri,Shyvana,Xin Zhao,Olaf,Gnar,Varus,1971,1971,23,11,11,23,52,27,1.0,0.0,0.0,1.0,3.0,2.0,1.0,0.0,1.0,2.0,1.0,0.0,2.0,0.0,1.0,0.0,10.0,2.0,2.0,0.0,74590,65543,146,127,62,61,392,353,70104,58248,48622,36766,60408,53760,1868.0,-1868.0,1197.0,-1197.0,2135.0,-2135.0,1493.0,-1493.0,500.0,-500.0,1873.0,-1873.0,-10.0,10.0,-24.0,24.0,-18.0,18.0,oe:team:3a1d18f46bcb3716ebcfcf4ef068934|oe:team:d723992568441c6bafa2658129eade7,LCK_20260802_Hanwha_Life_Esports_vs_KT_Rolster_S3,1,1,2,"[""Lucian"", ""Cassiopeia"", ""Milio"", ""Nautilus"", ""Jarvan IV"", ""Miss Fortune"", ""Locke"", ""Rumble"", ""Ambessa"", ""Skarner"", ""Pantheon"", ""Ryze"", ""Syndra"", ""Nocturne"", ""Alistar"", ""Shen"", ""Corki"", ""Jhin"", ""Gragas"", ""Anivia""]",20,False,70.0,38.0,0.5428571428571428,38.0,0.6052631578947368,4.0,0.75,66.0,42.0,0.6363636363636364,35.0,0.6285714285714286,5.0,0.4,7.0,0.42857142857142855,7.0,0.5714285714285714
LOLTMNT01_437088,2026-08-05 08:04:53+00:00,LCK,2026,1,Rounds 3-4,0,16.15,complete,,Nongshim RedForce,oe:team:5cd2cd09ec94296f605dd13a2924d6c,HANJIN BRION,oe:team:b77b3f6068e20a2b3edc0ecd3dc70d4,0,1,RED,HANJIN BRION,RED,Nocturne,Poppy,Camille,Cassiopeia,Vi,Rumble,Lee Sin,Skarner,Orianna,Locke,Olaf,Shen,Jax,Syndra,Jhin,Ambessa,Vayne,Ezreal,Anivia,Corki,2424,2424,20,32,32,20,45,78,1.0,0.0,0.0,1.0,1.0,5.0,0.0,1.0,1.0,2.0,0.0,1.0,0.0,3.0,1.0,0.0,3.0,9.0,0.0,1.0,137711,169770,184,142,64,77,451,461,75884,87740,49781,61637,74335,77688,366.0,-366.0,-823.0,823.0,1480.0,-1480.0,882.0,-882.0,-841.0,841.0,408.0,-408.0,3.0,-3.0,-14.0,14.0,0.0,0.0,oe:team:5cd2cd09ec94296f605dd13a2924d6c|oe:team:b77b3f6068e20a2b3edc0ecd3dc70d4,LCK_20260805_HANJIN_BRION_vs_Nongshim_RedForce_S3,0,0,0,[],0,False,67.0,25.0,0.373134328358209,24.0,0.375,0.0,,68.0,24.0,0.35294117647058826,39.0,0.28205128205128205,0.0,,5.0,0.4,5.0,0.6
LOLTMNT01_438084,2026-08-05 09:07:17+00:00,LCK,2026,2,Rounds 3-4,0,16.15,complete,,HANJIN BRION,oe:team:b77b3f6068e20a2b3edc0ecd3dc70d4,Nongshim RedForce,oe:team:5cd2cd09ec94296f605dd13a2924d6c,0,1,RED,Nongshim RedForce,RED,Orianna,Poppy,Ezreal,Jarvan IV,Locke,Vi,Ryze,Rumble,Lucian,Jayce,Naafiri,Syndra,Lulu,Karma,K'Sante,Sivir,Bard,Leona,Nautilus,Alistar,1826,1826,9,18,18,9,22,57,0.0,1.0,0.0,1.0,2.0,2.0,0.0,1.0,3.0,0.0,0.0,1.0,0.0,1.0,0.0,1.0,3.0,8.0,0.0,1.0,70118,91370,108,126,50,40,296,325,54279,64304,34276,44301,52838,58235,-147.0,147.0,-305.0,305.0,-29.0,29.0,238.0,-238.0,65.0,-65.0,2963.0,-2963.0,-1.0,1.0,-16.0,16.0,21.0,-21.0,oe:team:5cd2cd09ec94296f605dd13a2924d6c|oe:team:b77b3f6068e20a2b3edc0ecd3dc70d4,LCK_20260805_HANJIN_BRION_vs_Nongshim_RedForce_S3,1,0,1,"[""Camille"", ""Cassiopeia"", ""Lee Sin"", ""Skarner"", ""Olaf"", ""Shen"", ""Jhin"", ""Ambessa"", ""Anivia"", ""Corki""]",10,False,69.0,25.0,0.36231884057971014,29.0,0.4482758620689655,1.0,1.0,68.0,25.0,0.36764705882352944,43.0,0.37209302325581395,1.0,0.0,6.0,0.6666666666666666,6.0,0.3333333333333333
LOLTMNT01_438094,2026-08-05 09:59:25+00:00,LCK,2026,3,Rounds 3-4,0,16.15,complete,,Nongshim RedForce,oe:team:5cd2cd09ec94296f605dd13a2924d6c,HANJIN BRION,oe:team:b77b3f6068e20a2b3edc0ecd3dc70d4,0,1,RED,HANJIN BRION,BLUE,Poppy,Orianna,Jayce,Lucian,Bard,Locke,Milio,Xin Zhao,Nocturne,Vi,Xayah,Yorick,Pyke,Wukong,Viktor,Annie,Akali,Pantheon,Trundle,Yuumi,1879,1879,4,19,19,4,9,47,0.0,1.0,0.0,1.0,2.0,3.0,1.0,0.0,3.0,0.0,0.0,1.0,0.0,1.0,1.0,0.0,5.0,8.0,0.0,2.0,70088,79617,124,112,51,47,341,295,54317,62403,33773,41859,53865,54928,-1055.0,1055.0,1623.0,-1623.0,19.0,-19.0,-608.0,608.0,-739.0,739.0,-2793.0,2793.0,15.0,-15.0,20.0,-20.0,27.0,-27.0,oe:team:5cd2cd09ec94296f605dd13a2924d6c|oe:team:b77b3f6068e20a2b3edc0ecd3dc70d4,LCK_20260805_HANJIN_BRION_vs_Nongshim_RedForce_S3,1,1,2,"[""Camille"", ""Cassiopeia"", ""Lee Sin"", ""Skarner"", ""Olaf"", ""Shen"", ""Jhin"", ""Ambessa"", ""Anivia"", ""Corki"", ""Ezreal"", ""Jarvan IV"", ""Ryze"", ""Rumble"", ""Naafiri"", ""Syndra"", ""K'Sante"", ""Sivir"", ""Nautilus"", ""Alistar""]",20,False,69.0,26.0,0.37681159420289856,25.0,0.36,2.0,0.5,70.0,25.0,0.35714285714285715,40.0,0.3,2.0,0.5,7.0,0.42857142857142855,7.0,0.5714285714285714
LOLTMNT01_438137,2026-08-05 11:19:04+00:00,LCK,2026,1,Rounds 3-4,0,16.15,complete,,Gen.G,oe:team:50f58982d91a36557ec8aec52ab014f,Hanwha Life Esports,oe:team:3a1d18f46bcb3716ebcfcf4ef068934,1,0,BLUE,Gen.G,RED,Jayce,Ezreal,Anivia,Cassiopeia,Lucian,Galio,Jhin,Shen,Orianna,Vi,Lee Sin,Jarvan IV,Corki,Bard,Poppy,Miss Fortune,Olaf,Ambessa,Ornn,Rumble,2266,2266,17,8,8,17,38,19,1.0,0.0,0.0,1.0,4.0,2.0,0.0,1.0,1.0,2.0,1.0,0.0,1.0,0.0,0.0,1.0,8.0,1.0,2.0,0.0,108114,92809,174,149,74,78,416,431,74611,65976,50120,41485,67380,64915,-642.0,642.0,-84.0,84.0,-2057.0,2057.0,-375.0,375.0,2398.0,-2398.0,366.0,-366.0,-29.0,29.0,-14.0,14.0,-33.0,33.0,oe:team:3a1d18f46bcb3716ebcfcf4ef068934|oe:team:50f58982d91a36557ec8aec52ab014f,LCK_20260805_Gen_G_vs_Hanwha_Life_Esports_S4,0,0,0,[],0,False,74.0,55.0,0.7432432432432432,43.0,0.813953488372093,0.0,,67.0,42.0,0.6268656716417911,36.0,0.6111111111111112,0.0,,8.0,0.625,8.0,0.375
LOLTMNT01_437185,2026-08-05 12:23:01+00:00,LCK,2026,2,Rounds 3-4,0,16.15,complete,,Gen.G,oe:team:50f58982d91a36557ec8aec52ab014f,Hanwha Life Esports,oe:team:3a1d18f46bcb3716ebcfcf4ef068934,0,1,RED,Hanwha Life Esports,RED,Jayce,Camille,Ryze,Vi,Orianna,Galio,Pantheon,Corki,Lucian,Bard,Ezreal,Alistar,Taliyah,Vayne,Braum,Olaf,Ahri,Karma,Zaahen,Akali,1642,1642,5,16,16,5,12,44,0.0,1.0,0.0,1.0,0.0,4.0,0.0,1.0,0.0,3.0,,,0.0,0.0,1.0,0.0,2.0,7.0,0.0,1.0,61883,72833,109,103,45,51,265,297,48388,57165,30262,39039,46866,49403,-952.0,952.0,105.0,-105.0,-417.0,417.0,-1290.0,1290.0,-1232.0,1232.0,-1834.0,1834.0,-19.0,19.0,-22.0,22.0,-29.0,29.0,oe:team:3a1d18f46bcb3716ebcfcf4ef068934|oe:team:50f58982d91a36557ec8aec52ab014f,LCK_20260805_Gen_G_vs_Hanwha_Life_Esports_S4,1,0,1,"[""Anivia"", ""Cassiopeia"", ""Jhin"", ""Shen"", ""Lee Sin"", ""Jarvan IV"", ""Poppy"", ""Miss Fortune"", ""Ornn"", ""Rumble""]",10,False,75.0,56.0,0.7466666666666667,44.0,0.8181818181818182,1.0,1.0,68.0,42.0,0.6176470588235294,37.0,0.5945945945945946,1.0,0.0,9.0,0.6666666666666666,9.0,0.3333333333333333
LOLTMNT01_438177,2026-08-05 13:15:25+00:00,LCK,2026,3,Rounds 3-4,0,16.15,complete,,Hanwha Life Esports,oe:team:3a1d18f46bcb3716ebcfcf4ef068934,Gen.G,oe:team:50f58982d91a36557ec8aec52ab014f,0,1,RED,Gen.G,RED,Orianna,Bard,Viktor,Nocturne,Annie,Lucian,Shyvana,Varus,Jayce,Camille,Leona,Syndra,Sylas,Jax,Yunara,Kalista,Rakan,K'Sante,Dr. Mundo,Renata Glasc,2163,2163,14,27,27,14,26,63,1.0,0.0,0.0,1.0,1.0,4.0,0.0,1.0,0.0,3.0,1.0,0.0,1.0,2.0,0.0,1.0,6.0,9.0,1.0,1.0,87608,132596,131,157,77,76,380,412,68836,75428,45395,51987,65300,65010,-692.0,692.0,-1124.0,1124.0,-3410.0,3410.0,-745.0,745.0,-1393.0,1393.0,-3085.0,3085.0,-35.0,35.0,-27.0,27.0,-20.0,20.0,oe:team:3a1d18f46bcb3716ebcfcf4ef068934|oe:team:50f58982d91a36557ec8aec52ab014f,LCK_20260805_Gen_G_vs_Hanwha_Life_Esports_S4,1,1,2,"[""Anivia"", ""Cassiopeia"", ""Jhin"", ""Shen"", ""Lee Sin"", ""Jarvan IV"", ""Poppy"", ""Miss Fortune"", ""Ornn"", ""Rumble"", ""Ryze"", ""Vi"", ""Pantheon"", ""Corki"", ""Ezreal"", ""Alistar"", ""Braum"", ""Olaf"", ""Zaahen"", ""Akali""]",20,False,69.0,43.0,0.6231884057971014,31.0,0.6451612903225806,2.0,0.5,76.0,56.0,0.7368421052631579,31.0,0.6451612903225806,2.0,0.5,10.0,0.4,10.0,0.6
LOLTMNT01_437554,2026-08-06 08:07:39+00:00,LCK,2026,1,Rounds 3-4,0,16.15,complete,,Kiwoom DRX,oe:team:1d0389df0c5eea93b04122ba167c010,DN SOOPers,oe:team:b3c72a20aa56f5d28022ac04a7dc294,1,0,BLUE,Kiwoom DRX,RED,Lee Sin,Poppy,Jarvan IV,Camille,Vi,Ezreal,Ryze,Rumble,Cassiopeia,Orianna,Shen,Yone,Ziggs,Jayce,K'Sante,Corki,Taliyah,Ambessa,Xayah,Qiyana,1704,1704,27,6,6,27,60,15,1.0,0.0,1.0,0.0,4.0,0.0,1.0,0.0,0.0,3.0,1.0,0.0,1.0,0.0,0.0,1.0,8.0,2.0,1.0,0.0,85061,82092,91,99,50,40,296,275,62799,52875,44040,34116,53365,51943,-14.0,14.0,-73.0,73.0,2352.0,-2352.0,-35.0,35.0,449.0,-449.0,5027.0,-5027.0,-3.0,3.0,-13.0,13.0,15.0,-15.0,oe:team:1d0389df0c5eea93b04122ba167c010|oe:team:b3c72a20aa56f5d28022ac04a7dc294,LCK_20260806_DN_SOOPers_vs_Kiwoom_DRX_S5,0,0,0,[],0,False,82.0,33.0,0.4024390243902439,40.0,0.4,0.0,,75.0,20.0,0.26666666666666666,45.0,0.24444444444444444,0.0,,11.0,0.36363636363636365,11.0,0.6363636363636364
LOLTMNT01_437576,2026-08-06 08:57:28+00:00,LCK,2026,2,Rounds 3-4,0,16.15,complete,,DN SOOPers,oe:team:b3c72a20aa56f5d28022ac04a7dc294,Kiwoom DRX,oe:team:1d0389df0c5eea93b04122ba167c010,0,1,RED,Kiwoom DRX,RED,Orianna,Ezreal,Karma,Lee Sin,Cassiopeia,Bard,Skarner,Miss Fortune,Vi,Vayne,Sivir,Nautilus,Annie,Syndra,Viktor,Aurora,Akali,Olaf,Yorick,Jayce,1859,1859,8,23,23,8,20,56,0.0,1.0,0.0,1.0,2.0,3.0,0.0,1.0,3.0,0.0,0.0,1.0,0.0,1.0,0.0,1.0,1.0,7.0,0.0,1.0,76179,102682,128,112,42,49,280,318,54491,65628,34151,45288,53553,56520,-1395.0,1395.0,-2831.0,2831.0,-6046.0,6046.0,-508.0,508.0,-2913.0,2913.0,-5857.0,5857.0,-1.0,1.0,-52.0,52.0,-48.0,48.0,oe:team:1d0389df0c5eea93b04122ba167c010|oe:team:b3c72a20aa56f5d28022ac04a7dc294,LCK_20260806_DN_SOOPers_vs_Kiwoom_DRX_S5,0,1,1,"[""Jarvan IV"", ""Camille"", ""Ryze"", ""Rumble"", ""Shen"", ""Yone"", ""K'Sante"", ""Corki"", ""Xayah"", ""Qiyana""]",10,False,76.0,20.0,0.2631578947368421,30.0,0.3,1.0,0.0,83.0,34.0,0.40963855421686746,42.0,0.40476190476190477,1.0,1.0,12.0,0.5833333333333334,12.0,0.4166666666666667
LOLTMNT01_438592,2026-08-06 10:15:34+00:00,LCK,2026,1,Rounds 3-4,0,16.15,complete,,T1,oe:team:ce499dea30cfce118f4fe85da0227e8,Dplus Kia,oe:team:ef69efa6acebe94107f0cf1ba716806,1,0,BLUE,T1,RED,Jayce,Nocturne,Cassiopeia,Bard,Orianna,Poppy,Vi,Xin Zhao,Lucian,Camille,Ambessa,Ezreal,Renekton,Caitlyn,Shen,Anivia,Olaf,Kai'Sa,Jhin,Aatrox,1700,1700,20,4,4,20,34,7,1.0,0.0,0.0,1.0,3.0,1.0,1.0,0.0,3.0,0.0,1.0,0.0,1.0,0.0,1.0,0.0,8.0,1.0,1.0,0.0,92751,52331,110,113,42,46,282,298,61294,51149,42576,32431,52600,49643,4195.0,-4195.0,4589.0,-4589.0,5451.0,-5451.0,2405.0,-2405.0,2653.0,-2653.0,3296.0,-3296.0,34.0,-34.0,37.0,-37.0,29.0,-29.0,oe:team:ce499dea30cfce118f4fe85da0227e8|oe:team:ef69efa6acebe94107f0cf1ba716806,LCK_20260806_Dplus_Kia_vs_T1_S5,0,0,0,[],0,False,76.0,50.0,0.6578947368421053,41.0,0.6829268292682927,0.0,,89.0,50.0,0.5617977528089888,39.0,0.4358974358974359,0.0,,13.0,0.6153846153846154,13.0,0.38461538461538464
LOLTMNT01_438604,2026-08-06 11:06:48+00:00,LCK,2026,2,Rounds 3-4,0,16.15,complete,,T1,oe:team:ce499dea30cfce118f4fe85da0227e8,Dplus Kia,oe:team:ef69efa6acebe94107f0cf1ba716806,1,0,BLUE,T1,RED,Camille,Nocturne,Lucian,Jarvan IV,Orianna,Poppy,Jayce,Caitlyn,Lee Sin,Akali,Milio,Lux,Yorick,Twisted Fate,Ryze,Syndra,Rumble,Pantheon,Sejuani,Olaf,2213,2213,17,7,7,17,29,6,1.0,0.0,1.0,0.0,2.0,3.0,1.0,0.0,1.0,2.0,1.0,0.0,2.0,0.0,0.0,1.0,10.0,3.0,1.0,0.0,97187,68913,160,138,86,91,441,400,75624,65544,51673,41593,69930,65345,244.0,-244.0,490.0,-490.0,1136.0,-1136.0,-699.0,699.0,-532.0,532.0,-729.0,729.0,-27.0,27.0,-23.0,23.0,-23.0,23.0,oe:team:ce499dea30cfce118f4fe85da0227e8|oe:team:ef69efa6acebe94107f0cf1ba716806,LCK_20260806_Dplus_Kia_vs_T1_S5,1,0,1,"[""Cassiopeia"", ""Bard"", ""Vi"", ""Xin Zhao"", ""Ambessa"", ""Ezreal"", ""Shen"", ""Anivia"", ""Jhin"", ""Aatrox""]",10,False,77.0,51.0,0.6623376623376623,42.0,0.6904761904761905,1.0,1.0,90.0,50.0,0.5555555555555556,40.0,0.425,1.0,0.0,14.0,0.6428571428571429,14.0,0.35714285714285715
LOLTMNT01_437976,2026-08-07 08:07:40+00:00,LCK,2026,1,Rounds 3-4,0,16.15,complete,,Gen.G,oe:team:50f58982d91a36557ec8aec52ab014f,KT Rolster,oe:team:d723992568441c6bafa2658129eade7,1,0,BLUE,Gen.G,RED,Jayce,Camille,Nocturne,Vi,Cassiopeia,Poppy,Shen,Lucian,Orianna,Galio,Ryze,Milio,Gnar,Jhin,Kog'Maw,Rumble,Olaf,Ezreal,Lulu,Yone,1763,1763,11,0,0,11,28,0,1.0,0.0,1.0,0.0,4.0,1.0,1.0,0.0,0.0,3.0,1.0,0.0,1.0,0.0,1.0,0.0,8.0,0.0,1.0,0.0,55516,35282,117,116,59,51,346,293,59613,45420,40252,26059,51640,43505,1117.0,-1117.0,3083.0,-3083.0,4145.0,-4145.0,309.0,-309.0,319.0,-319.0,1263.0,-1263.0,29.0,-29.0,37.0,-37.0,33.0,-33.0,oe:team:50f58982d91a36557ec8aec52ab014f|oe:team:d723992568441c6bafa2658129eade7,LCK_20260807_Gen_G_vs_KT_Rolster_S5,0,0,0,[],0,False,77.0,57.0,0.7402597402597403,45.0,0.8,3.0,0.6666666666666666,71.0,39.0,0.5492957746478874,32.0,0.46875,0.0,,10.0,0.8,10.0,0.2
LOLTMNT01_439046,2026-08-07 08:59:42+00:00,LCK,2026,2,Rounds 3-4,0,16.15,complete,,Gen.G,oe:team:50f58982d91a36557ec8aec52ab014f,KT Rolster,oe:team:d723992568441c6bafa2658129eade7,1,0,BLUE,Gen.G,RED,Jayce,Camille,Olaf,Orianna,Cassiopeia,Vayne,Lee Sin,Skarner,Poppy,Anivia,Galio,Zaahen,Corki,Bard,Ezreal,Kai'Sa,Kalista,Seraphine,Leona,Nautilus,1509,1509,12,2,2,12,31,7,0.0,1.0,1.0,0.0,3.0,0.0,1.0,0.0,3.0,0.0,1.0,0.0,1.0,0.0,1.0,0.0,9.0,0.0,2.0,0.0,63669,46657,87,93,36,29,230,214,53210,38819,36440,22049,44428,37228,586.0,-586.0,2982.0,-2982.0,7931.0,-7931.0,643.0,-643.0,3464.0,-3464.0,4598.0,-4598.0,46.0,-46.0,85.0,-85.0,102.0,-102.0,oe:team:50f58982d91a36557ec8aec52ab014f|oe:team:d723992568441c6bafa2658129eade7,LCK_20260807_Gen_G_vs_KT_Rolster_S5,1,0,1,"[""Nocturne"", ""Vi"", ""Shen"", ""Lucian"", ""Ryze"", ""Milio"", ""Kog'Maw"", ""Rumble"", ""Lulu"", ""Yone""]",10,False,78.0,58.0,0.7435897435897436,46.0,0.8043478260869565,4.0,0.75,72.0,39.0,0.5416666666666666,33.0,0.45454545454545453,1.0,0.0,11.0,0.8181818181818182,11.0,0.18181818181818182
LOLTMNT01_440028,2026-08-07 10:11:30+00:00,LCK,2026,1,Rounds 3-4,0,16.15,complete,,HANJIN BRION,oe:team:b77b3f6068e20a2b3edc0ecd3dc70d4,BNK FEARX,oe:team:5c2e7e9ea8dfcba0150d9a5619baecf,1,0,BLUE,HANJIN BRION,RED,Orianna,Poppy,Lee Sin,Jarvan IV,Cassiopeia,Nocturne,Camille,Jhin,Vi,Ezreal,Corki,Shen,Syndra,Ryze,Jayce,Viktor,Rumble,Olaf,Locke,K'Sante,2312,2312,14,17,17,14,36,49,0.0,1.0,0.0,1.0,2.0,4.0,1.0,0.0,0.0,3.0,0.0,1.0,0.0,1.0,1.0,0.0,7.0,7.0,1.0,0.0,95478,94675,166,173,78,87,433,477,76030,72716,51070,47756,67663,66645,-61.0,61.0,808.0,-808.0,2441.0,-2441.0,-239.0,239.0,907.0,-907.0,-155.0,155.0,-23.0,23.0,-23.0,23.0,-11.0,11.0,oe:team:5c2e7e9ea8dfcba0150d9a5619baecf|oe:team:b77b3f6068e20a2b3edc0ecd3dc70d4,LCK_20260807_BNK_FEARX_vs_HANJIN_BRION_S4,0,0,0,[],0,False,71.0,26.0,0.36619718309859156,30.0,0.43333333333333335,3.0,0.6666666666666666,77.0,35.0,0.45454545454545453,31.0,0.45161290322580644,0.0,,7.0,0.7142857142857143,7.0,0.2857142857142857
LOLTMNT01_440045,2026-08-07 11:12:12+00:00,LCK,2026,2,Rounds 3-4,0,16.15,complete,,HANJIN BRION,oe:team:b77b3f6068e20a2b3edc0ecd3dc70d4,BNK FEARX,oe:team:5c2e7e9ea8dfcba0150d9a5619baecf,1,0,BLUE,HANJIN BRION,RED,Orianna,Poppy,Rumble,Vi,Lucian,Nocturne,Cassiopeia,Syndra,Bard,Akali,Pantheon,Ambessa,Lulu,Ezreal,Leona,Ziggs,Sivir,Nautilus,Kai'Sa,Rell,2195,2195,25,15,16,25,53,34,1.0,0.0,0.0,1.0,4.0,1.0,1.0,0.0,2.0,1.0,1.0,0.0,2.0,0.0,1.0,0.0,9.0,2.0,1.0,0.0,113834,114968,150,160,59,63,389,421,78735,67485,54968,43718,72075,64955,771.0,-771.0,46.0,-46.0,2927.0,-2927.0,921.0,-921.0,-310.0,310.0,1677.0,-1677.0,33.0,-33.0,18.0,-18.0,3.0,-3.0,oe:team:5c2e7e9ea8dfcba0150d9a5619baecf|oe:team:b77b3f6068e20a2b3edc0ecd3dc70d4,LCK_20260807_BNK_FEARX_vs_HANJIN_BRION_S4,1,0,1,"[""Lee Sin"", ""Jarvan IV"", ""Camille"", ""Jhin"", ""Corki"", ""Shen"", ""Jayce"", ""Viktor"", ""Locke"", ""K'Sante""]",10,False,72.0,27.0,0.375,31.0,0.45161290322580644,4.0,0.75,78.0,35.0,0.44871794871794873,32.0,0.4375,1.0,0.0,8.0,0.75,8.0,0.25
LOLTMNT01_440328,2026-08-08 08:08:11+00:00,LCK,2026,1,Rounds 3-4,0,16.15,complete,,T1,oe:team:ce499dea30cfce118f4fe85da0227e8,Hanwha Life Esports,oe:team:3a1d18f46bcb3716ebcfcf4ef068934,1,0,BLUE,T1,RED,Jayce,Poppy,Jhin,Vi,Cassiopeia,Bard,Camille,Shen,Orianna,Nocturne,Olaf,Corki,Yone,Lee Sin,Pantheon,Anivia,Jax,Xin Zhao,Galio,Ryze,1765,1765,19,2,2,19,47,7,1.0,0.0,1.0,0.0,4.0,0.0,1.0,0.0,0.0,3.0,1.0,0.0,1.0,0.0,1.0,0.0,9.0,0.0,2.0,0.0,89703,53497,106,101,48,40,286,257,63060,45697,43679,26316,53765,44308,2141.0,-2141.0,3772.0,-3772.0,5442.0,-5442.0,1588.0,-1588.0,3239.0,-3239.0,2621.0,-2621.0,15.0,-15.0,11.0,-11.0,-6.0,6.0,oe:team:3a1d18f46bcb3716ebcfcf4ef068934|oe:team:ce499dea30cfce118f4fe85da0227e8,LCK_20260808_Hanwha_Life_Esports_vs_T1_S5,0,0,0,[],0,False,78.0,52.0,0.6666666666666666,43.0,0.6976744186046512,2.0,1.0,70.0,43.0,0.6142857142857143,38.0,0.6052631578947368,3.0,0.3333333333333333,12.0,0.5,12.0,0.5
LOLTMNT01_439357,2026-08-08 08:59:05+00:00,LCK,2026,2,Rounds 3-4,0,16.15,complete,,T1,oe:team:ce499dea30cfce118f4fe85da0227e8,Hanwha Life Esports,oe:team:3a1d18f46bcb3716ebcfcf4ef068934,0,1,RED,Hanwha Life Esports,RED,Jayce,Poppy,Lee Sin,Orianna,Cassiopeia,Bard,Locke,Alistar,Nocturne,Skarner,Gnar,Jarvan IV,Vayne,Lucian,Caitlyn,Ziggs,Varus,Ezreal,Lux,Ambessa,2035,2035,9,12,12,9,23,35,0.0,1.0,1.0,0.0,4.0,2.0,1.0,0.0,0.0,3.0,1.0,0.0,1.0,1.0,0.0,1.0,2.0,7.0,0.0,1.0,66499,73111,129,137,66,73,361,396,63080,67895,40945,45760,58858,61565,122.0,-122.0,-1689.0,1689.0,-2678.0,2678.0,439.0,-439.0,-1151.0,1151.0,-2350.0,2350.0,-15.0,15.0,-35.0,35.0,-40.0,40.0,oe:team:3a1d18f46bcb3716ebcfcf4ef068934|oe:team:ce499dea30cfce118f4fe85da0227e8,LCK_20260808_Hanwha_Life_Esports_vs_T1_S5,1,0,1,"[""Jhin"", ""Vi"", ""Camille"", ""Shen"", ""Olaf"", ""Corki"", ""Pantheon"", ""Anivia"", ""Galio"", ""Ryze""]",10,False,79.0,53.0,0.6708860759493671,44.0,0.7045454545454546,3.0,1.0,71.0,43.0,0.6056338028169014,39.0,0.5897435897435898,4.0,0.25,13.0,0.5384615384615384,13.0,0.46153846153846156
LOLTMNT01_440356,2026-08-08 09:56:45+00:00,LCK,2026,3,Rounds 3-4,0,16.15,complete,,Hanwha Life Esports,oe:team:3a1d18f46bcb3716ebcfcf4ef068934,T1,oe:team:ce499dea30cfce118f4fe85da0227e8,1,0,BLUE,Hanwha Life Esports,RED,Cassiopeia,Lulu,Ezreal,Bard,Jayce,Rakan,Karma,Nocturne,Lucian,Nautilus,Naafiri,Varus,Sivir,Akali,Ahri,Rumble,Lissandra,Dr. Mundo,Cho'Gath,Viktor,2093,2093,28,13,13,28,63,28,0.0,1.0,1.0,0.0,4.0,1.0,1.0,0.0,3.0,0.0,1.0,0.0,2.0,0.0,1.0,0.0,9.0,1.0,2.0,0.0,116899,139369,117,161,96,47,433,362,75418,65715,52691,42988,67958,61670,1629.0,-1629.0,858.0,-858.0,3380.0,-3380.0,438.0,-438.0,-339.0,339.0,2132.0,-2132.0,16.0,-16.0,17.0,-17.0,40.0,-40.0,oe:team:3a1d18f46bcb3716ebcfcf4ef068934|oe:team:ce499dea30cfce118f4fe85da0227e8,LCK_20260808_Hanwha_Life_Esports_vs_T1_S5,1,1,2,"[""Jhin"", ""Vi"", ""Camille"", ""Shen"", ""Olaf"", ""Corki"", ""Pantheon"", ""Anivia"", ""Galio"", ""Ryze"", ""Lee Sin"", ""Orianna"", ""Locke"", ""Alistar"", ""Gnar"", ""Jarvan IV"", ""Caitlyn"", ""Ziggs"", ""Lux"", ""Ambessa""]",20,False,72.0,44.0,0.6111111111111112,32.0,0.625,5.0,0.4,80.0,53.0,0.6625,35.0,0.6285714285714286,4.0,0.75,14.0,0.5,14.0,0.5
LOLTMNT01_440394,2026-08-08 11:16:34+00:00,LCK,2026,1,Rounds 3-4,0,16.15,complete,,DN SOOPers,oe:team:b3c72a20aa56f5d28022ac04a7dc294,Nongshim RedForce,oe:team:5cd2cd09ec94296f605dd13a2924d6c,1,0,BLUE,DN SOOPers,RED,Orianna,Poppy,Camille,Vi,Cassiopeia,Nocturne,Ezreal,Lucian,Rumble,Lee Sin,Ryze,Milio,Taliyah,Pantheon,Naafiri,Syndra,Locke,Olaf,Yorick,Jayce,2155,2155,8,13,13,8,15,31,0.0,1.0,0.0,1.0,1.0,4.0,1.0,0.0,3.0,0.0,1.0,0.0,2.0,0.0,1.0,0.0,9.0,6.0,1.0,0.0,67930,92509,155,137,41,67,330,409,70322,68598,46963,45239,61621,66780,-351.0,351.0,-1682.0,1682.0,-1928.0,1928.0,202.0,-202.0,-1094.0,1094.0,-236.0,236.0,23.0,-23.0,16.0,-16.0,18.0,-18.0,oe:team:5cd2cd09ec94296f605dd13a2924d6c|oe:team:b3c72a20aa56f5d28022ac04a7dc294,LCK_20260808_DN_SOOPers_vs_Nongshim_RedForce_S4,0,0,0,[],0,False,77.0,20.0,0.2597402597402597,31.0,0.2903225806451613,2.0,0.0,70.0,26.0,0.37142857142857144,44.0,0.38636363636363635,3.0,0.3333333333333333,8.0,0.375,8.0,0.625
LOLTMNT01_439418,2026-08-08 12:13:56+00:00,LCK,2026,2,Rounds 3-4,0,16.15,complete,,DN SOOPers,oe:team:b3c72a20aa56f5d28022ac04a7dc294,Nongshim RedForce,oe:team:5cd2cd09ec94296f605dd13a2924d6c,1,0,BLUE,DN SOOPers,RED,Rumble,Poppy,Cassiopeia,Orianna,Bard,Nocturne,Lee Sin,Pantheon,Jarvan IV,Locke,Alistar,Shen,Olaf,Sivir,Jhin,Varus,Kai'Sa,Ziggs,Vayne,Gnar,1835,1835,27,16,16,27,62,29,1.0,0.0,1.0,0.0,1.0,2.0,1.0,0.0,3.0,0.0,1.0,0.0,1.0,0.0,0.0,1.0,9.0,3.0,1.0,0.0,83937,85160,133,118,39,44,310,296,65535,55696,45440,35601,58338,54588,1848.0,-1848.0,-125.0,125.0,2222.0,-2222.0,-384.0,384.0,-1539.0,1539.0,-2383.0,2383.0,32.0,-32.0,9.0,-9.0,-38.0,38.0,oe:team:5cd2cd09ec94296f605dd13a2924d6c|oe:team:b3c72a20aa56f5d28022ac04a7dc294,LCK_20260808_DN_SOOPers_vs_Nongshim_RedForce_S4,1,0,1,"[""Camille"", ""Vi"", ""Ezreal"", ""Lucian"", ""Ryze"", ""Milio"", ""Naafiri"", ""Syndra"", ""Yorick"", ""Jayce""]",10,False,78.0,21.0,0.2692307692307692,32.0,0.3125,3.0,0.3333333333333333,71.0,26.0,0.36619718309859156,45.0,0.37777777777777777,4.0,0.25,9.0,0.4444444444444444,9.0,0.5555555555555556
LOLTMNT01_439669,2026-08-09 08:07:07+00:00,LCK,2026,1,Rounds 3-4,0,16.15,complete,,KT Rolster,oe:team:d723992568441c6bafa2658129eade7,Dplus Kia,oe:team:ef69efa6acebe94107f0cf1ba716806,1,0,BLUE,KT Rolster,RED,Camille,Nocturne,Olaf,Vi,Orianna,Poppy,Ezreal,Lucian,Cassiopeia,Vayne,Nautilus,Milio,Jayce,Jarvan IV,Ryze,Taliyah,Syndra,Xin Zhao,Pantheon,Ambessa,1705,1705,14,3,4,14,36,7,1.0,0.0,0.0,1.0,3.0,1.0,1.0,0.0,3.0,0.0,1.0,0.0,1.0,0.0,0.0,1.0,8.0,3.0,1.0,0.0,67017,48077,95,101,46,43,278,265,59969,48951,41200,30182,51673,47305,1571.0,-1571.0,2197.0,-2197.0,2351.0,-2351.0,840.0,-840.0,1964.0,-1964.0,1469.0,-1469.0,45.0,-45.0,68.0,-68.0,44.0,-44.0,oe:team:d723992568441c6bafa2658129eade7|oe:team:ef69efa6acebe94107f0cf1ba716806,LCK_20260809_Dplus_Kia_vs_KT_Rolster_S4,0,0,0,[],0,False,73.0,39.0,0.5342465753424658,39.0,0.6153846153846154,2.0,0.0,91.0,50.0,0.5494505494505495,41.0,0.4146341463414634,2.0,0.0,10.0,0.7,10.0,0.3
LOLTMNT01_440665,2026-08-09 08:57:17+00:00,LCK,2026,2,Rounds 3-4,0,16.15,complete,,KT Rolster,oe:team:d723992568441c6bafa2658129eade7,Dplus Kia,oe:team:ef69efa6acebe94107f0cf1ba716806,0,1,RED,Dplus Kia,RED,Camille,Nocturne,Annie,Jayce,Orianna,Poppy,Bard,Jhin,Cassiopeia,Jarvan IV,Corki,Shen,Syndra,Trundle,Naafiri,Viktor,Skarner,Lee Sin,Yorick,Xin Zhao,1940,1940,7,17,17,7,11,39,0.0,1.0,0.0,1.0,0.0,4.0,1.0,0.0,0.0,3.0,0.0,1.0,0.0,2.0,0.0,1.0,3.0,11.0,0.0,3.0,69009,104267,123,130,63,51,350,362,56998,70740,35832,49574,55386,62555,-549.0,549.0,1507.0,-1507.0,-625.0,625.0,-208.0,208.0,847.0,-847.0,-3134.0,3134.0,-24.0,24.0,-41.0,41.0,-84.0,84.0,oe:team:d723992568441c6bafa2658129eade7|oe:team:ef69efa6acebe94107f0cf1ba716806,LCK_20260809_Dplus_Kia_vs_KT_Rolster_S4,1,0,1,"[""Olaf"", ""Vi"", ""Ezreal"", ""Lucian"", ""Nautilus"", ""Milio"", ""Ryze"", ""Taliyah"", ""Pantheon"", ""Ambessa""]",10,False,74.0,40.0,0.5405405405405406,40.0,0.625,3.0,0.3333333333333333,92.0,50.0,0.5434782608695652,42.0,0.40476190476190477,3.0,0.0,11.0,0.7272727272727273,11.0,0.2727272727272727
LOLTMNT01_440684,2026-08-09 09:51:31+00:00,LCK,2026,3,Rounds 3-4,0,16.15,complete,,KT Rolster,oe:team:d723992568441c6bafa2658129eade7,Dplus Kia,oe:team:ef69efa6acebe94107f0cf1ba716806,0,1,RED,Dplus Kia,RED,Camille,Nocturne,Rumble,Orianna,Cassiopeia,Poppy,Yone,Jarvan IV,Lulu,Syndra,Skarner,K'Sante,Caitlyn,Ziggs,Alistar,Kalista,Ashe,Miss Fortune,Mel,Renata Glasc,1769,1769,4,13,13,5,10,42,1.0,0.0,0.0,1.0,1.0,3.0,1.0,0.0,2.0,1.0,0.0,1.0,0.0,1.0,0.0,1.0,0.0,11.0,0.0,3.0,53845,77243,116,110,40,63,269,338,46459,62393,27037,42971,45345,54560,-988.0,988.0,-1972.0,1972.0,-5482.0,5482.0,-728.0,728.0,-1546.0,1546.0,-3479.0,3479.0,-38.0,38.0,-57.0,57.0,-91.0,91.0,oe:team:d723992568441c6bafa2658129eade7|oe:team:ef69efa6acebe94107f0cf1ba716806,LCK_20260809_Dplus_Kia_vs_KT_Rolster_S4,1,1,2,"[""Olaf"", ""Vi"", ""Ezreal"", ""Lucian"", ""Nautilus"", ""Milio"", ""Ryze"", ""Taliyah"", ""Pantheon"", ""Ambessa"", ""Annie"", ""Jayce"", ""Bard"", ""Jhin"", ""Corki"", ""Shen"", ""Naafiri"", ""Viktor"", ""Yorick"", ""Xin Zhao""]",20,False,75.0,40.0,0.5333333333333333,41.0,0.6097560975609756,4.0,0.25,93.0,51.0,0.5483870967741935,43.0,0.4186046511627907,4.0,0.25,12.0,0.6666666666666666,12.0,0.3333333333333333
LOLTMNT01_439728,2026-08-09 11:01:09+00:00,LCK,2026,1,Rounds 3-4,0,16.15,complete,,BNK FEARX,oe:team:5c2e7e9ea8dfcba0150d9a5619baecf,Kiwoom DRX,oe:team:1d0389df0c5eea93b04122ba167c010,1,0,BLUE,BNK FEARX,RED,Orianna,Poppy,Lucian,Camille,Cassiopeia,Shen,Nocturne,Jarvan IV,Vi,Olaf,Milio,Ryze,Ezreal,K'Sante,Syndra,Ziggs,Corki,Rumble,Nidalee,Jayce,1748,1748,16,6,6,16,33,14,1.0,0.0,0.0,1.0,1.0,1.0,1.0,0.0,3.0,0.0,1.0,0.0,1.0,0.0,1.0,0.0,11.0,0.0,3.0,0.0,90679,69975,115,83,37,35,280,250,60366,48132,41158,28924,53788,46755,469.0,-469.0,1036.0,-1036.0,3417.0,-3417.0,374.0,-374.0,908.0,-908.0,4834.0,-4834.0,11.0,-11.0,25.0,-25.0,42.0,-42.0,oe:team:1d0389df0c5eea93b04122ba167c010|oe:team:5c2e7e9ea8dfcba0150d9a5619baecf,LCK_20260809_BNK_FEARX_vs_Kiwoom_DRX_S3,0,0,0,[],0,False,79.0,35.0,0.4430379746835443,46.0,0.45652173913043476,2.0,0.0,84.0,35.0,0.4166666666666667,43.0,0.4186046511627907,2.0,1.0,5.0,0.8,5.0,0.2
LOLTMNT01_440741,2026-08-09 11:52:16+00:00,LCK,2026,2,Rounds 3-4,0,16.15,complete,,BNK FEARX,oe:team:5c2e7e9ea8dfcba0150d9a5619baecf,Kiwoom DRX,oe:team:1d0389df0c5eea93b04122ba167c010,1,0,BLUE,BNK FEARX,RED,Orianna,Poppy,Jhin,Lee Sin,Cassiopeia,Olaf,Shen,Gnar,Vi,Vayne,Pantheon,Annie,Ezreal,Rumble,Viktor,Miss Fortune,Corki,Ambessa,Renekton,Nautilus,2442,2442,26,10,10,26,66,26,0.0,1.0,0.0,1.0,3.0,3.0,1.0,0.0,1.0,2.0,1.0,0.0,2.0,0.0,1.0,0.0,11.0,1.0,4.0,0.0,136990,120689,182,149,62,69,412,404,81934,73032,55648,46746,76205,70533,-481.0,481.0,2916.0,-2916.0,3476.0,-3476.0,17.0,-17.0,1674.0,-1674.0,529.0,-529.0,-4.0,4.0,16.0,-16.0,17.0,-17.0,oe:team:1d0389df0c5eea93b04122ba167c010|oe:team:5c2e7e9ea8dfcba0150d9a5619baecf,LCK_20260809_BNK_FEARX_vs_Kiwoom_DRX_S3,1,0,1,"[""Lucian"", ""Camille"", ""Nocturne"", ""Jarvan IV"", ""Milio"", ""Ryze"", ""Syndra"", ""Ziggs"", ""Nidalee"", ""Jayce""]",10,False,80.0,36.0,0.45,47.0,0.46808510638297873,3.0,0.3333333333333333,85.0,35.0,0.4117647058823529,44.0,0.4090909090909091,3.0,0.6666666666666666,6.0,0.8333333333333334,6.0,0.16666666666666666
LOLTMNT01_442886,2026-08-12 08:07:18+00:00,LCK,2026,1,Rounds 3-4,0,16.15,complete,,Nongshim RedForce,oe:team:5cd2cd09ec94296f605dd13a2924d6c,DN SOOPers,oe:team:b3c72a20aa56f5d28022ac04a7dc294,1,0,BLUE,Nongshim RedForce,RED,Vi,Poppy,Orianna,Cassiopeia,Camille,Rumble,Jarvan IV,Lee Sin,Shen,Nocturne,Kled,Olaf,Bard,Lucian,Ezreal,Jhin,Locke,Lulu,Leona,Nautilus,1541,1541,20,9,9,20,43,21,0.0,1.0,0.0,1.0,2.0,1.0,1.0,0.0,0.0,3.0,1.0,0.0,1.0,0.0,0.0,1.0,8.0,1.0,1.0,0.0,78061,63164,78,88,37,31,230,210,54357,45725,37261,28629,48373,44080,1290.0,-1290.0,3725.0,-3725.0,4398.0,-4398.0,834.0,-834.0,5222.0,-5222.0,6239.0,-6239.0,-3.0,3.0,64.0,-64.0,103.0,-103.0,oe:team:5cd2cd09ec94296f605dd13a2924d6c|oe:team:b3c72a20aa56f5d28022ac04a7dc294,LCK_20260812_DN_SOOPers_vs_Nongshim_RedForce_S5,0,0,0,[],0,False,72.0,26.0,0.3611111111111111,26.0,0.34615384615384615,5.0,0.2,79.0,22.0,0.27848101265822783,46.0,0.2391304347826087,4.0,0.5,10.0,0.5,10.0,0.5
LOLTMNT01_441931,2026-08-12 08:54:07+00:00,LCK,2026,2,Rounds 3-4,0,16.15,complete,,DN SOOPers,oe:team:b3c72a20aa56f5d28022ac04a7dc294,Nongshim RedForce,oe:team:5cd2cd09ec94296f605dd13a2924d6c,1,0,BLUE,DN SOOPers,RED,Ryze,Vi,Jayce,Nocturne,Rumble,Camille,Shen,Yunara,Lucian,Bard,Ziggs,Lulu,K'Sante,Qiyana,Pantheon,Dr. Mundo,Yorick,Naafiri,Galio,Locke,1827,1827,25,6,6,25,50,13,1.0,0.0,1.0,0.0,3.0,2.0,0.0,1.0,2.0,1.0,1.0,0.0,1.0,0.0,1.0,0.0,10.0,5.0,2.0,0.0,111500,68876,121,116,48,52,318,309,64514,55765,44501,35752,59272,53515,1964.0,-1964.0,3401.0,-3401.0,4985.0,-4985.0,198.0,-198.0,1373.0,-1373.0,3504.0,-3504.0,15.0,-15.0,30.0,-30.0,32.0,-32.0,oe:team:5cd2cd09ec94296f605dd13a2924d6c|oe:team:b3c72a20aa56f5d28022ac04a7dc294,LCK_20260812_DN_SOOPers_vs_Nongshim_RedForce_S5,0,1,1,"[""Orianna"", ""Cassiopeia"", ""Jarvan IV"", ""Lee Sin"", ""Kled"", ""Olaf"", ""Ezreal"", ""Jhin"", ""Leona"", ""Nautilus""]",10,False,80.0,22.0,0.275,33.0,0.3333333333333333,5.0,0.4,73.0,27.0,0.3698630136986301,46.0,0.3695652173913043,6.0,0.3333333333333333,11.0,0.45454545454545453,11.0,0.5454545454545454
LOLTMNT01_441936,2026-08-12 09:46:34+00:00,LCK,2026,3,Rounds 3-4,0,16.15,complete,,DN SOOPers,oe:team:b3c72a20aa56f5d28022ac04a7dc294,Nongshim RedForce,oe:team:5cd2cd09ec94296f605dd13a2924d6c,1,0,BLUE,DN SOOPers,BLUE,Lucian,Vi,Naafiri,Wukong,Poppy,Camille,Akali,Syndra,Ryze,Bard,Rumble,Alistar,K'Sante,Ashe,Xayah,Yorick,Ambessa,Neeko,Rakan,Sivir,1726,1726,23,19,19,23,63,45,1.0,0.0,0.0,1.0,1.0,2.0,1.0,0.0,2.0,1.0,1.0,0.0,2.0,0.0,0.0,1.0,8.0,4.0,1.0,0.0,98112,95988,114,77,33,50,277,268,62409,59045,43426,40062,55730,57066,124.0,-124.0,1084.0,-1084.0,1969.0,-1969.0,-34.0,34.0,1135.0,-1135.0,2339.0,-2339.0,-10.0,10.0,13.0,-13.0,17.0,-17.0,oe:team:5cd2cd09ec94296f605dd13a2924d6c|oe:team:b3c72a20aa56f5d28022ac04a7dc294,LCK_20260812_DN_SOOPers_vs_Nongshim_RedForce_S5,1,1,2,"[""Orianna"", ""Cassiopeia"", ""Jarvan IV"", ""Lee Sin"", ""Kled"", ""Olaf"", ""Ezreal"", ""Jhin"", ""Leona"", ""Nautilus"", ""Jayce"", ""Nocturne"", ""Shen"", ""Yunara"", ""Ziggs"", ""Lulu"", ""Pantheon"", ""Dr. Mundo"", ""Galio"", ""Locke""]",20,False,81.0,23.0,0.2839506172839506,34.0,0.35294117647058826,6.0,0.5,74.0,27.0,0.36486486486486486,47.0,0.3617021276595745,7.0,0.2857142857142857,12.0,0.5,12.0,0.5
LOLTMNT01_441955,2026-08-12 11:02:08+00:00,LCK,2026,1,Rounds 3-4,0,16.15,complete,,Dplus Kia,oe:team:ef69efa6acebe94107f0cf1ba716806,KT Rolster,oe:team:d723992568441c6bafa2658129eade7,1,0,BLUE,Dplus Kia,RED,Orianna,Camille,Jhin,Olaf,Cassiopeia,Lucian,Kled,Ezreal,Nocturne,Jarvan IV,Karma,Shen,Vi,Lee Sin,Ryze,Viktor,Syndra,Poppy,Xin Zhao,Pantheon,1534,1534,16,3,3,16,28,4,1.0,0.0,1.0,0.0,3.0,0.0,1.0,0.0,2.0,1.0,1.0,0.0,1.0,0.0,1.0,0.0,10.0,1.0,2.0,0.0,64795,67096,97,91,39,31,265,202,55776,42233,38751,25208,49525,40473,1308.0,-1308.0,3320.0,-3320.0,5259.0,-5259.0,1462.0,-1462.0,3938.0,-3938.0,4372.0,-4372.0,-1.0,1.0,30.0,-30.0,36.0,-36.0,oe:team:d723992568441c6bafa2658129eade7|oe:team:ef69efa6acebe94107f0cf1ba716806,LCK_20260812_Dplus_Kia_vs_KT_Rolster_S5,0,0,0,[],0,False,94.0,52.0,0.5531914893617021,50.0,0.66,5.0,0.4,76.0,40.0,0.5263157894736842,34.0,0.4411764705882353,5.0,0.2,13.0,0.38461538461538464,13.0,0.6153846153846154
LOLTMNT01_441971,2026-08-12 11:48:44+00:00,LCK,2026,2,Rounds 3-4,0,16.15,complete,,Dplus Kia,oe:team:ef69efa6acebe94107f0cf1ba716806,KT Rolster,oe:team:d723992568441c6bafa2658129eade7,1,0,BLUE,Dplus Kia,RED,Orianna,Camille,Bard,Jayce,Nocturne,Lucian,K'Sante,Ziggs,Cassiopeia,Jarvan IV,Sivir,Nautilus,Poppy,Lee Sin,Vi,Naafiri,Trundle,Syndra,Taliyah,Annie,2033,2033,17,11,11,17,39,25,0.0,1.0,1.0,0.0,3.0,2.0,0.0,1.0,0.0,3.0,1.0,0.0,1.0,0.0,0.0,1.0,11.0,3.0,3.0,0.0,76490,97900,131,140,63,59,376,391,73252,60066,51137,37951,66045,59060,-1379.0,1379.0,-2675.0,2675.0,345.0,-345.0,-267.0,267.0,-1898.0,1898.0,1681.0,-1681.0,9.0,-9.0,-3.0,3.0,27.0,-27.0,oe:team:d723992568441c6bafa2658129eade7|oe:team:ef69efa6acebe94107f0cf1ba716806,LCK_20260812_Dplus_Kia_vs_KT_Rolster_S5,1,0,1,"[""Jhin"", ""Olaf"", ""Kled"", ""Ezreal"", ""Karma"", ""Shen"", ""Ryze"", ""Viktor"", ""Xin Zhao"", ""Pantheon""]",10,False,95.0,53.0,0.5578947368421052,51.0,0.6666666666666666,6.0,0.5,77.0,40.0,0.5194805194805194,35.0,0.42857142857142855,6.0,0.16666666666666666,14.0,0.42857142857142855,14.0,0.5714285714285714
LOLTMNT01_443225,2026-08-13 08:06:50+00:00,LCK,2026,1,Rounds 3-4,0,16.15,complete,,Kiwoom DRX,oe:team:1d0389df0c5eea93b04122ba167c010,BNK FEARX,oe:team:5c2e7e9ea8dfcba0150d9a5619baecf,1,0,BLUE,Kiwoom DRX,BLUE,Poppy,Orianna,Vi,Ezreal,Nocturne,Cassiopeia,Ryze,Olaf,Jarvan IV,Camille,Jax,Karma,Pantheon,Nautilus,Caitlyn,Xin Zhao,Lee Sin,Jhin,Bard,Syndra,1958,1958,23,6,6,23,51,14,1.0,0.0,0.0,1.0,4.0,1.0,1.0,0.0,3.0,0.0,0.0,1.0,1.0,1.0,1.0,0.0,9.0,4.0,1.0,0.0,86220,78775,127,127,48,59,326,326,71041,58903,49691,37553,62723,55853,1657.0,-1657.0,2391.0,-2391.0,4872.0,-4872.0,843.0,-843.0,1034.0,-1034.0,3667.0,-3667.0,17.0,-17.0,7.0,-7.0,-11.0,11.0,oe:team:1d0389df0c5eea93b04122ba167c010|oe:team:5c2e7e9ea8dfcba0150d9a5619baecf,LCK_20260813_BNK_FEARX_vs_Kiwoom_DRX_S4,0,0,0,[],0,False,86.0,35.0,0.4069767441860465,41.0,0.4146341463414634,4.0,0.5,81.0,37.0,0.4567901234567901,33.0,0.42424242424242425,4.0,0.5,7.0,0.14285714285714285,7.0,0.8571428571428571
LOLTMNT01_444209,2026-08-13 09:01:27+00:00,LCK,2026,2,Rounds 3-4,0,16.15,complete,,BNK FEARX,oe:team:5c2e7e9ea8dfcba0150d9a5619baecf,Kiwoom DRX,oe:team:1d0389df0c5eea93b04122ba167c010,1,0,BLUE,BNK FEARX,RED,Cassiopeia,Lucian,Yunara,Nocturne,Orianna,Jhin,Lulu,Rumble,Camille,Jarvan IV,K'Sante,Nautilus,Miss Fortune,Pantheon,Lee Sin,Corki,Varus,Annie,Lissandra,Locke,1566,1566,24,4,4,24,64,11,1.0,0.0,0.0,1.0,1.0,1.0,1.0,0.0,3.0,0.0,1.0,0.0,1.0,0.0,1.0,0.0,10.0,0.0,2.0,0.0,80289,53202,97,78,36,24,211,183,58678,43679,41327,26328,51515,41663,696.0,-696.0,6231.0,-6231.0,10741.0,-10741.0,639.0,-639.0,6007.0,-6007.0,7914.0,-7914.0,10.0,-10.0,29.0,-29.0,71.0,-71.0,oe:team:1d0389df0c5eea93b04122ba167c010|oe:team:5c2e7e9ea8dfcba0150d9a5619baecf,LCK_20260813_BNK_FEARX_vs_Kiwoom_DRX_S4,0,1,1,"[""Vi"", ""Ezreal"", ""Ryze"", ""Olaf"", ""Jax"", ""Karma"", ""Caitlyn"", ""Xin Zhao"", ""Bard"", ""Syndra""]",10,False,82.0,37.0,0.45121951219512196,48.0,0.4791666666666667,5.0,0.4,87.0,36.0,0.41379310344827586,45.0,0.4,5.0,0.6,8.0,0.75,8.0,0.25
LOLTMNT01_443259,2026-08-13 09:49:47+00:00,LCK,2026,3,Rounds 3-4,0,16.15,complete,,Kiwoom DRX,oe:team:1d0389df0c5eea93b04122ba167c010,BNK FEARX,oe:team:5c2e7e9ea8dfcba0150d9a5619baecf,0,1,RED,BNK FEARX,BLUE,Jarvan IV,Cassiopeia,Jhin,Annie,Pantheon,Orianna,Poppy,Shen,Akali,Lucian,Jayce,Naafiri,Yorick,Viktor,Alistar,Kai'Sa,Sivir,Wukong,Aurora,Vayne,1646,1646,7,17,17,7,16,36,0.0,1.0,0.0,1.0,0.0,4.0,1.0,0.0,0.0,3.0,0.0,1.0,0.0,1.0,0.0,1.0,1.0,8.0,0.0,1.0,51460,87671,87,111,44,40,251,285,45299,58706,27132,40539,43657,51768,-685.0,685.0,-537.0,537.0,-2076.0,2076.0,-1034.0,1034.0,-456.0,456.0,-2931.0,2931.0,-44.0,44.0,-55.0,55.0,-113.0,113.0,oe:team:1d0389df0c5eea93b04122ba167c010|oe:team:5c2e7e9ea8dfcba0150d9a5619baecf,LCK_20260813_BNK_FEARX_vs_Kiwoom_DRX_S4,1,1,2,"[""Vi"", ""Ezreal"", ""Ryze"", ""Olaf"", ""Jax"", ""Karma"", ""Caitlyn"", ""Xin Zhao"", ""Bard"", ""Syndra"", ""Yunara"", ""Nocturne"", ""Lulu"", ""Rumble"", ""K'Sante"", ""Nautilus"", ""Lee Sin"", ""Corki"", ""Lissandra"", ""Locke""]",20,False,88.0,36.0,0.4090909090909091,42.0,0.42857142857142855,6.0,0.5,83.0,38.0,0.4578313253012048,34.0,0.4117647058823529,6.0,0.5,9.0,0.2222222222222222,9.0,0.7777777777777778
LOLTMNT01_444239,2026-08-13 11:04:48+00:00,LCK,2026,1,Rounds 3-4,0,16.15,complete,,Hanwha Life Esports,oe:team:3a1d18f46bcb3716ebcfcf4ef068934,Gen.G,oe:team:50f58982d91a36557ec8aec52ab014f,0,1,RED,Gen.G,RED,Cassiopeia,Poppy,Jhin,Lee Sin,Jayce,Vi,Jarvan IV,Olaf,Orianna,Locke,Vayne,Ryze,Ezreal,Syndra,Annie,Caitlyn,Camille,Shen,Karma,Bard,2331,2331,10,15,15,10,26,38,1.0,0.0,0.0,1.0,3.0,3.0,1.0,0.0,3.0,0.0,0.0,1.0,0.0,1.0,0.0,1.0,4.0,8.0,0.0,1.0,104893,85053,159,164,74,75,428,459,68114,77031,42960,51877,64820,68730,1362.0,-1362.0,962.0,-962.0,-1880.0,1880.0,613.0,-613.0,660.0,-660.0,-1029.0,1029.0,39.0,-39.0,48.0,-48.0,-12.0,12.0,oe:team:3a1d18f46bcb3716ebcfcf4ef068934|oe:team:50f58982d91a36557ec8aec52ab014f,LCK_20260813_Gen_G_vs_Hanwha_Life_Esports_S5,0,0,0,[],0,False,73.0,45.0,0.6164383561643836,33.0,0.6363636363636364,6.0,0.5,79.0,59.0,0.7468354430379747,32.0,0.65625,5.0,0.8,11.0,0.36363636363636365,11.0,0.6363636363636364
LOLTMNT01_443303,2026-08-13 12:05:56+00:00,LCK,2026,2,Rounds 3-4,0,16.15,complete,,Gen.G,oe:team:50f58982d91a36557ec8aec52ab014f,Hanwha Life Esports,oe:team:3a1d18f46bcb3716ebcfcf4ef068934,1,0,BLUE,Gen.G,RED,Jayce,Poppy,Nocturne,Orianna,Lucian,Galio,Shen,Alistar,Vi,Camille,Cassiopeia,Corki,Naafiri,Ezreal,Seraphine,Gnar,Xin Zhao,Twisted Fate,Ambessa,Pantheon,1913,1913,21,19,19,21,57,55,1.0,0.0,0.0,1.0,4.0,1.0,1.0,0.0,3.0,0.0,1.0,0.0,1.0,1.0,1.0,0.0,8.0,5.0,1.0,0.0,104252,94018,123,121,51,47,346,296,65983,64440,45092,43549,60890,61906,707.0,-707.0,4443.0,-4443.0,6353.0,-6353.0,1390.0,-1390.0,4604.0,-4604.0,4658.0,-4658.0,40.0,-40.0,62.0,-62.0,76.0,-76.0,oe:team:3a1d18f46bcb3716ebcfcf4ef068934|oe:team:50f58982d91a36557ec8aec52ab014f,LCK_20260813_Gen_G_vs_Hanwha_Life_Esports_S5,1,0,1,"[""Jhin"", ""Lee Sin"", ""Jarvan IV"", ""Olaf"", ""Vayne"", ""Ryze"", ""Annie"", ""Caitlyn"", ""Karma"", ""Bard""]",10,False,80.0,60.0,0.75,47.0,0.8085106382978723,6.0,0.8333333333333334,74.0,45.0,0.6081081081081081,40.0,0.6,7.0,0.42857142857142855,12.0,0.6666666666666666,12.0,0.3333333333333333
LOLTMNT01_443574,2026-08-14 08:08:00+00:00,LCK,2026,1,Rounds 3-4,0,16.15,complete,,Dplus Kia,oe:team:ef69efa6acebe94107f0cf1ba716806,T1,oe:team:ce499dea30cfce118f4fe85da0227e8,0,1,RED,T1,RED,Nocturne,Poppy,Orianna,Camille,Bard,Shen,Jhin,Locke,Lucian,Cassiopeia,Xin Zhao,Vi,Ezreal,Kled,Rell,Olaf,Ziggs,Alistar,Jax,Kai'Sa,1867,1867,11,30,30,11,24,62,1.0,0.0,0.0,1.0,0.0,4.0,1.0,0.0,2.0,1.0,0.0,1.0,0.0,1.0,0.0,1.0,2.0,10.0,0.0,1.0,81748,95122,130,115,47,58,316,331,56790,70204,36369,49783,55173,62700,-625.0,625.0,-2241.0,2241.0,-5103.0,5103.0,-135.0,135.0,-1327.0,1327.0,-3721.0,3721.0,32.0,-32.0,24.0,-24.0,10.0,-10.0,oe:team:ce499dea30cfce118f4fe85da0227e8|oe:team:ef69efa6acebe94107f0cf1ba716806,LCK_20260814_Dplus_Kia_vs_T1_S6,0,0,0,[],0,False,96.0,54.0,0.5625,52.0,0.6730769230769231,7.0,0.5714285714285714,81.0,53.0,0.654320987654321,36.0,0.6111111111111112,5.0,0.6,15.0,0.3333333333333333,15.0,0.6666666666666666
LOLTMNT01_444547,2026-08-14 09:03:22+00:00,LCK,2026,2,Rounds 3-4,0,16.15,complete,,T1,oe:team:ce499dea30cfce118f4fe85da0227e8,Dplus Kia,oe:team:ef69efa6acebe94107f0cf1ba716806,0,1,RED,Dplus Kia,RED,Cassiopeia,Bard,Ryze,Ezreal,Jayce,Nocturne,Pantheon,Jarvan IV,Syndra,Lucian,Ambessa,Karma,Renekton,Nautilus,Caitlyn,Aatrox,Taliyah,Yunara,Lux,Twisted Fate,2636,2636,11,20,20,11,21,40,0.0,1.0,0.0,1.0,1.0,5.0,0.0,1.0,3.0,0.0,0.0,1.0,0.0,3.0,1.0,0.0,3.0,10.0,0.0,2.0,120791,129142,182,169,80,89,452,494,82932,94505,54667,66240,79965,86668,-938.0,938.0,-571.0,571.0,-1211.0,1211.0,-1131.0,1131.0,-1092.0,1092.0,-2774.0,2774.0,-9.0,9.0,-12.0,12.0,-17.0,17.0,oe:team:ce499dea30cfce118f4fe85da0227e8|oe:team:ef69efa6acebe94107f0cf1ba716806,LCK_20260814_Dplus_Kia_vs_T1_S6,1,0,1,"[""Orianna"", ""Camille"", ""Jhin"", ""Locke"", ""Xin Zhao"", ""Vi"", ""Rell"", ""Olaf"", ""Jax"", ""Kai'Sa""]",10,False,82.0,54.0,0.6585365853658537,45.0,0.6888888888888889,6.0,0.6666666666666666,97.0,54.0,0.5567010309278351,44.0,0.4318181818181818,8.0,0.5,16.0,0.6875,16.0,0.3125
LOLTMNT01_444568,2026-08-14 10:12:47+00:00,LCK,2026,3,Rounds 3-4,0,16.15,complete,,Dplus Kia,oe:team:ef69efa6acebe94107f0cf1ba716806,T1,oe:team:ce499dea30cfce118f4fe85da0227e8,1,0,BLUE,Dplus Kia,RED,Nocturne,Poppy,Cassiopeia,Jayce,Bard,Lulu,K'Sante,Ziggs,Lucian,Lee Sin,Naafiri,Trundle,Anivia,Nautilus,Rakan,Shen,Alistar,Sivir,Akali,Viktor,1764,1764,14,4,4,14,36,4,1.0,0.0,1.0,0.0,4.0,0.0,1.0,0.0,0.0,3.0,0.0,0.0,0.0,0.0,0.0,1.0,7.0,2.0,1.0,0.0,56557,60237,110,118,65,48,309,328,58623,50357,39252,30986,49575,48468,-526.0,526.0,-1387.0,1387.0,646.0,-646.0,464.0,-464.0,366.0,-366.0,306.0,-306.0,-8.0,8.0,-6.0,6.0,-24.0,24.0,oe:team:ce499dea30cfce118f4fe85da0227e8|oe:team:ef69efa6acebe94107f0cf1ba716806,LCK_20260814_Dplus_Kia_vs_T1_S6,1,1,2,"[""Orianna"", ""Camille"", ""Jhin"", ""Locke"", ""Xin Zhao"", ""Vi"", ""Rell"", ""Olaf"", ""Jax"", ""Kai'Sa"", ""Ryze"", ""Ezreal"", ""Pantheon"", ""Jarvan IV"", ""Ambessa"", ""Karma"", ""Caitlyn"", ""Aatrox"", ""Lux"", ""Twisted Fate""]",20,False,98.0,55.0,0.5612244897959183,53.0,0.660377358490566,9.0,0.5555555555555556,83.0,54.0,0.6506024096385542,37.0,0.6216216216216216,7.0,0.5714285714285714,17.0,0.35294117647058826,17.0,0.6470588235294118
LOLTMNT01_444599,2026-08-14 11:28:48+00:00,LCK,2026,1,Rounds 3-4,0,16.15,complete,,HANJIN BRION,oe:team:b77b3f6068e20a2b3edc0ecd3dc70d4,Nongshim RedForce,oe:team:5cd2cd09ec94296f605dd13a2924d6c,0,1,RED,Nongshim RedForce,RED,Lucian,Camille,Syndra,Cassiopeia,Nocturne,Vi,Jhin,Jarvan IV,Orianna,Locke,Lee Sin,Rumble,Sivir,Shen,Gnar,Ezreal,Yunara,Alistar,Rakan,Leona,1656,1656,10,13,13,10,24,26,0.0,1.0,0.0,1.0,1.0,2.0,0.0,1.0,0.0,3.0,0.0,1.0,0.0,1.0,0.0,1.0,1.0,10.0,0.0,2.0,53026,61127,114,104,37,52,275,288,49843,59265,31574,40996,47593,53543,-1495.0,1495.0,-1365.0,1365.0,-1538.0,1538.0,-316.0,316.0,581.0,-581.0,715.0,-715.0,-14.0,14.0,-33.0,33.0,-42.0,42.0,oe:team:5cd2cd09ec94296f605dd13a2924d6c|oe:team:b77b3f6068e20a2b3edc0ecd3dc70d4,LCK_20260814_HANJIN_BRION_vs_Nongshim_RedForce_S4,0,0,0,[],0,False,73.0,28.0,0.3835616438356164,32.0,0.46875,5.0,0.8,75.0,27.0,0.36,48.0,0.3541666666666667,8.0,0.25,8.0,0.625,8.0,0.375
LOLTMNT01_443649,2026-08-14 12:17:36+00:00,LCK,2026,2,Rounds 3-4,0,16.15,complete,,Nongshim RedForce,oe:team:5cd2cd09ec94296f605dd13a2924d6c,HANJIN BRION,oe:team:b77b3f6068e20a2b3edc0ecd3dc70d4,1,0,BLUE,Nongshim RedForce,RED,Camille,Poppy,Nocturne,Orianna,Vi,Lucian,Galio,Yunara,Bard,Locke,Olaf,Lulu,Jax,Nautilus,Neeko,Naafiri,Ambessa,Shen,Corki,Vayne,1520,1520,20,9,9,20,42,17,0.0,1.0,1.0,0.0,2.0,1.0,1.0,0.0,2.0,1.0,1.0,0.0,1.0,0.0,1.0,0.0,10.0,1.0,2.0,0.0,62741,56099,90,80,39,26,236,204,57017,47204,40135,30322,50973,44205,-1290.0,1290.0,534.0,-534.0,2527.0,-2527.0,-651.0,651.0,1425.0,-1425.0,1458.0,-1458.0,-19.0,19.0,1.0,-1.0,2.0,-2.0,oe:team:5cd2cd09ec94296f605dd13a2924d6c|oe:team:b77b3f6068e20a2b3edc0ecd3dc70d4,LCK_20260814_HANJIN_BRION_vs_Nongshim_RedForce_S4,1,0,1,"[""Syndra"", ""Cassiopeia"", ""Jhin"", ""Jarvan IV"", ""Lee Sin"", ""Rumble"", ""Gnar"", ""Ezreal"", ""Rakan"", ""Leona""]",10,False,76.0,28.0,0.3684210526315789,27.0,0.37037037037037035,9.0,0.3333333333333333,74.0,28.0,0.3783783783783784,41.0,0.3170731707317073,6.0,0.6666666666666666,9.0,0.4444444444444444,9.0,0.5555555555555556
LOLTMNT01_443758,2026-08-15 08:08:03+00:00,LCK,2026,1,Rounds 3-4,0,16.15,complete,,KT Rolster,oe:team:d723992568441c6bafa2658129eade7,Hanwha Life Esports,oe:team:3a1d18f46bcb3716ebcfcf4ef068934,1,0,BLUE,KT Rolster,RED,Cassiopeia,Poppy,Ezreal,Ryze,Camille,Nautilus,Syndra,Jayce,Vi,Orianna,K'Sante,Jarvan IV,Lucian,Pantheon,Bard,Karma,Ziggs,Naafiri,Xin Zhao,Jhin,2267,2267,28,9,9,28,74,27,1.0,0.0,0.0,1.0,4.0,2.0,1.0,0.0,1.0,1.0,1.0,0.0,3.0,0.0,0.0,1.0,10.0,3.0,3.0,0.0,114482,120310,156,138,68,56,415,380,80839,68388,56338,43887,73263,66435,-771.0,771.0,1788.0,-1788.0,2533.0,-2533.0,-372.0,372.0,1368.0,-1368.0,1705.0,-1705.0,-11.0,11.0,0.0,0.0,-41.0,41.0,oe:team:3a1d18f46bcb3716ebcfcf4ef068934|oe:team:d723992568441c6bafa2658129eade7,LCK_20260815_Hanwha_Life_Esports_vs_KT_Rolster_S4,0,0,0,[],0,False,78.0,40.0,0.5128205128205128,42.0,0.5952380952380952,7.0,0.14285714285714285,75.0,45.0,0.6,41.0,0.5853658536585366,8.0,0.375,8.0,0.5,8.0,0.5
LOLTMNT01_444718,2026-08-15 09:08:38+00:00,LCK,2026,2,Rounds 3-4,0,16.15,complete,,Hanwha Life Esports,oe:team:3a1d18f46bcb3716ebcfcf4ef068934,KT Rolster,oe:team:d723992568441c6bafa2658129eade7,1,0,BLUE,Hanwha Life Esports,BLUE,Poppy,Cassiopeia,Vi,Lucian,Nocturne,Camille,Xayah,Milio,Olaf,Orianna,Rakan,Trundle,Annie,Locke,Akali,Rumble,Ahri,Aurora,Ambessa,Galio,1472,1472,15,4,4,15,35,11,0.0,1.0,0.0,1.0,3.0,1.0,1.0,0.0,3.0,0.0,0.0,0.0,0.0,0.0,1.0,0.0,8.0,0.0,1.0,0.0,62329,47446,78,90,37,43,219,235,52703,40138,36311,23746,47665,39335,1630.0,-1630.0,5231.0,-5231.0,9008.0,-9008.0,469.0,-469.0,3756.0,-3756.0,6089.0,-6089.0,3.0,-3.0,46.0,-46.0,96.0,-96.0,oe:team:3a1d18f46bcb3716ebcfcf4ef068934|oe:team:d723992568441c6bafa2658129eade7,LCK_20260815_Hanwha_Life_Esports_vs_KT_Rolster_S4,0,1,1,"[""Ezreal"", ""Ryze"", ""Syndra"", ""Jayce"", ""K'Sante"", ""Jarvan IV"", ""Bard"", ""Karma"", ""Xin Zhao"", ""Jhin""]",10,False,76.0,45.0,0.5921052631578947,34.0,0.6176470588235294,9.0,0.3333333333333333,79.0,41.0,0.5189873417721519,36.0,0.4166666666666667,8.0,0.25,9.0,0.4444444444444444,9.0,0.5555555555555556
LOLTMNT01_443787,2026-08-15 09:54:58+00:00,LCK,2026,3,Rounds 3-4,0,16.15,complete,,Hanwha Life Esports,oe:team:3a1d18f46bcb3716ebcfcf4ef068934,KT Rolster,oe:team:d723992568441c6bafa2658129eade7,1,0,BLUE,Hanwha Life Esports,RED,Cassiopeia,Camille,Lulu,Nocturne,Annie,Lee Sin,Yunara,Corki,Orianna,Locke,Olaf,Nautilus,Vayne,Naafiri,Ahri,Kled,Zaahen,Wukong,Skarner,Aurora,1569,1569,17,4,4,17,34,12,1.0,0.0,1.0,0.0,4.0,0.0,1.0,0.0,3.0,0.0,1.0,0.0,1.0,0.0,1.0,0.0,11.0,1.0,3.0,0.0,59455,28794,91,82,31,36,236,215,57308,43000,39926,25618,51605,41358,3484.0,-3484.0,5586.0,-5586.0,7558.0,-7558.0,1957.0,-1957.0,3009.0,-3009.0,4007.0,-4007.0,44.0,-44.0,77.0,-77.0,89.0,-89.0,oe:team:3a1d18f46bcb3716ebcfcf4ef068934|oe:team:d723992568441c6bafa2658129eade7,LCK_20260815_Hanwha_Life_Esports_vs_KT_Rolster_S4,1,1,2,"[""Ezreal"", ""Ryze"", ""Syndra"", ""Jayce"", ""K'Sante"", ""Jarvan IV"", ""Bard"", ""Karma"", ""Xin Zhao"", ""Jhin"", ""Vi"", ""Lucian"", ""Xayah"", ""Milio"", ""Rakan"", ""Trundle"", ""Akali"", ""Rumble"", ""Ambessa"", ""Galio""]",20,False,77.0,46.0,0.5974025974025974,35.0,0.6285714285714286,10.0,0.4,80.0,41.0,0.5125,37.0,0.40540540540540543,9.0,0.2222222222222222,10.0,0.5,10.0,0.5
LOLTMNT01_444760,2026-08-15 11:08:43+00:00,LCK,2026,1,Rounds 3-4,0,16.15,complete,,BNK FEARX,oe:team:5c2e7e9ea8dfcba0150d9a5619baecf,DN SOOPers,oe:team:b3c72a20aa56f5d28022ac04a7dc294,0,1,RED,DN SOOPers,RED,Cassiopeia,Poppy,Ezreal,Lee Sin,Orianna,Lucian,Pantheon,Ryze,Camille,Vi,Bard,Olaf,Jhin,Vayne,Syndra,Sivir,Nautilus,Taliyah,Kled,Karma,1786,1786,10,20,20,10,21,50,1.0,0.0,0.0,1.0,1.0,3.0,1.0,0.0,1.0,2.0,0.0,1.0,0.0,1.0,1.0,0.0,6.0,10.0,0.0,2.0,81314,102294,107,121,59,43,299,290,55315,64820,35720,45225,52858,53520,1511.0,-1511.0,1792.0,-1792.0,3829.0,-3829.0,1738.0,-1738.0,2511.0,-2511.0,3354.0,-3354.0,15.0,-15.0,33.0,-33.0,43.0,-43.0,oe:team:5c2e7e9ea8dfcba0150d9a5619baecf|oe:team:b3c72a20aa56f5d28022ac04a7dc294,LCK_20260815_BNK_FEARX_vs_DN_SOOPers_S6,0,0,0,[],0,False,84.0,39.0,0.4642857142857143,49.0,0.4897959183673469,7.0,0.5714285714285714,82.0,24.0,0.2926829268292683,47.0,0.23404255319148937,7.0,0.5714285714285714,15.0,0.8,15.0,0.2
LOLTMNT01_444770,2026-08-15 11:59:11+00:00,LCK,2026,2,Rounds 3-4,0,16.15,complete,,BNK FEARX,oe:team:5c2e7e9ea8dfcba0150d9a5619baecf,DN SOOPers,oe:team:b3c72a20aa56f5d28022ac04a7dc294,0,1,RED,DN SOOPers,RED,Cassiopeia,Poppy,Jhin,Vi,Orianna,Lucian,Shen,Rumble,Camille,Lulu,Jarvan IV,Ahri,Kai'Sa,K'Sante,Udyr,Corki,Rakan,Lissandra,Akali,Rell,1812,1812,10,26,27,10,27,77,0.0,1.0,0.0,1.0,1.0,3.0,0.0,1.0,3.0,0.0,0.0,1.0,0.0,1.0,1.0,0.0,3.0,10.0,0.0,1.0,59230,97739,111,132,45,50,286,336,52454,69075,32594,49215,50000,61963,-854.0,854.0,-1512.0,1512.0,-4296.0,4296.0,-407.0,407.0,-904.0,904.0,-4330.0,4330.0,17.0,-17.0,6.0,-6.0,-34.0,34.0,oe:team:5c2e7e9ea8dfcba0150d9a5619baecf|oe:team:b3c72a20aa56f5d28022ac04a7dc294,LCK_20260815_BNK_FEARX_vs_DN_SOOPers_S6,0,1,1,"[""Ezreal"", ""Lee Sin"", ""Pantheon"", ""Ryze"", ""Bard"", ""Olaf"", ""Syndra"", ""Sivir"", ""Kled"", ""Karma""]",10,False,85.0,39.0,0.4588235294117647,50.0,0.48,8.0,0.5,83.0,25.0,0.30120481927710846,48.0,0.25,8.0,0.625,16.0,0.75,16.0,0.25
LOLTMNT01_444860,2026-08-16 08:07:26+00:00,LCK,2026,1,Rounds 3-4,0,16.15,complete,,Gen.G,oe:team:50f58982d91a36557ec8aec52ab014f,T1,oe:team:ce499dea30cfce118f4fe85da0227e8,1,0,BLUE,Gen.G,RED,Bard,Poppy,Olaf,Orianna,Lucian,Shen,Lee Sin,Camille,Nocturne,Vi,Galio,Jhin,Kled,Rakan,Kalista,Vayne,Jarvan IV,Ezreal,Renata Glasc,Pantheon,2603,2603,18,13,13,18,45,36,1.0,0.0,1.0,0.0,5.0,1.0,1.0,0.0,3.0,0.0,0.0,1.0,1.0,2.0,1.0,0.0,11.0,7.0,3.0,1.0,100473,117569,173,198,93,63,509,442,86394,80032,58465,52103,71675,77185,642.0,-642.0,2590.0,-2590.0,2741.0,-2741.0,180.0,-180.0,2873.0,-2873.0,2956.0,-2956.0,-3.0,3.0,-3.0,3.0,6.0,-6.0,oe:team:50f58982d91a36557ec8aec52ab014f|oe:team:ce499dea30cfce118f4fe85da0227e8,LCK_20260816_Gen_G_vs_T1_S5,0,0,0,[],0,False,81.0,61.0,0.7530864197530864,48.0,0.8125,7.0,0.8571428571428571,84.0,54.0,0.6428571428571429,38.0,0.6052631578947368,8.0,0.5,12.0,0.4166666666666667,12.0,0.5833333333333334
LOLTMNT01_443917,2026-08-16 09:15:34+00:00,LCK,2026,2,Rounds 3-4,0,16.15,complete,,Gen.G,oe:team:50f58982d91a36557ec8aec52ab014f,T1,oe:team:ce499dea30cfce118f4fe85da0227e8,1,0,BLUE,Gen.G,BLUE,Bard,Cassiopeia,Ezreal,Karma,Lucian,Vi,Jarvan IV,Caitlyn,Nocturne,Jayce,Seraphine,Xin Zhao,Ryze,Anivia,K'Sante,Twisted Fate,Locke,Gnar,Syndra,Ambessa,2385,2385,13,8,8,13,35,13,0.0,1.0,0.0,1.0,4.0,2.0,1.0,0.0,2.0,1.0,1.0,0.0,2.0,0.0,0.0,1.0,11.0,4.0,5.0,0.0,110920,88217,168,173,88,73,483,438,78562,74667,52857,48962,68228,72420,-513.0,513.0,-1911.0,1911.0,-1819.0,1819.0,519.0,-519.0,634.0,-634.0,2002.0,-2002.0,20.0,-20.0,25.0,-25.0,33.0,-33.0,oe:team:50f58982d91a36557ec8aec52ab014f|oe:team:ce499dea30cfce118f4fe85da0227e8,LCK_20260816_Gen_G_vs_T1_S5,1,0,1,"[""Olaf"", ""Orianna"", ""Lee Sin"", ""Camille"", ""Galio"", ""Jhin"", ""Kalista"", ""Vayne"", ""Renata Glasc"", ""Pantheon""]",10,False,82.0,62.0,0.7560975609756098,49.0,0.8163265306122449,8.0,0.875,85.0,54.0,0.6352941176470588,39.0,0.5897435897435898,9.0,0.4444444444444444,13.0,0.46153846153846156,13.0,0.5384615384615384
LOLTMNT01_443931,2026-08-16 10:44:01+00:00,LCK,2026,1,Rounds 3-4,0,16.15,complete,,HANJIN BRION,oe:team:b77b3f6068e20a2b3edc0ecd3dc70d4,Kiwoom DRX,oe:team:1d0389df0c5eea93b04122ba167c010,1,0,BLUE,HANJIN BRION,RED,Lucian,Camille,Jarvan IV,Orianna,Vi,Shen,Olaf,Lee Sin,Nocturne,Ezreal,Cassiopeia,Jax,Lulu,Corki,Caitlyn,Bard,Nautilus,Jhin,Elise,Yunara,2311,2311,18,11,11,18,37,23,1.0,0.0,1.0,0.0,4.0,2.0,1.0,0.0,3.0,0.0,1.0,0.0,1.0,1.0,1.0,0.0,10.0,7.0,1.0,1.0,93645,86506,157,147,66,74,446,424,75942,73895,50992,48945,68910,69798,843.0,-843.0,1230.0,-1230.0,132.0,-132.0,605.0,-605.0,-608.0,608.0,-92.0,92.0,21.0,-21.0,0.0,0.0,-17.0,17.0,oe:team:1d0389df0c5eea93b04122ba167c010|oe:team:b77b3f6068e20a2b3edc0ecd3dc70d4,LCK_20260816_HANJIN_BRION_vs_Kiwoom_DRX_S6,0,0,0,[],0,False,75.0,28.0,0.37333333333333335,33.0,0.45454545454545453,7.0,0.5714285714285714,89.0,36.0,0.4044943820224719,46.0,0.391304347826087,7.0,0.42857142857142855,17.0,0.35294117647058826,17.0,0.6470588235294118
LOLTMNT01_443935,2026-08-16 11:45:25+00:00,LCK,2026,2,Rounds 3-4,0,16.15,complete,,Kiwoom DRX,oe:team:1d0389df0c5eea93b04122ba167c010,HANJIN BRION,oe:team:b77b3f6068e20a2b3edc0ecd3dc70d4,1,0,BLUE,Kiwoom DRX,BLUE,Shen,Vi,Karma,Xin Zhao,Camille,Nocturne,Ezreal,Lucian,Rumble,Ryze,Wukong,Milio,Vayne,Annie,K'Sante,Jayce,Gnar,Syndra,Viktor,Akali,1767,1767,9,2,2,9,27,0,0.0,1.0,1.0,0.0,3.0,0.0,1.0,0.0,0.0,3.0,1.0,0.0,1.0,0.0,1.0,0.0,8.0,3.0,1.0,0.0,72911,55108,90,94,47,39,264,249,56211,47573,36810,28172,46886,45490,487.0,-487.0,805.0,-805.0,-409.0,409.0,-97.0,97.0,44.0,-44.0,-1811.0,1811.0,23.0,-23.0,40.0,-40.0,1.0,-1.0,oe:team:1d0389df0c5eea93b04122ba167c010|oe:team:b77b3f6068e20a2b3edc0ecd3dc70d4,LCK_20260816_HANJIN_BRION_vs_Kiwoom_DRX_S6,0,1,1,"[""Jarvan IV"", ""Orianna"", ""Olaf"", ""Lee Sin"", ""Cassiopeia"", ""Jax"", ""Caitlyn"", ""Bard"", ""Elise"", ""Yunara""]",10,False,90.0,36.0,0.4,43.0,0.4186046511627907,8.0,0.375,76.0,29.0,0.3815789473684211,42.0,0.30952380952380953,8.0,0.625,18.0,0.6111111111111112,18.0,0.3888888888888889
LOLTMNT01_443939,2026-08-16 12:38:36+00:00,LCK,2026,3,Rounds 3-4,0,16.15,complete,,Kiwoom DRX,oe:team:1d0389df0c5eea93b04122ba167c010,HANJIN BRION,oe:team:b77b3f6068e20a2b3edc0ecd3dc70d4,0,1,RED,HANJIN BRION,RED,Rumble,Poppy,Corki,Nocturne,Camille,Ryze,Ambessa,Neeko,Shen,Renekton,Vi,Kai'Sa,Zaahen,Nautilus,Alistar,Aatrox,Gnar,Locke,Annie,Aurora,2169,2169,5,22,22,5,13,55,0.0,1.0,1.0,0.0,2.0,3.0,1.0,0.0,0.0,3.0,0.0,1.0,0.0,1.0,0.0,1.0,1.0,9.0,0.0,1.0,73410,94416,122,150,66,73,367,430,60510,75853,37008,52351,58088,69675,-700.0,700.0,-4695.0,4695.0,-5683.0,5683.0,-342.0,342.0,-3089.0,3089.0,-2160.0,2160.0,-27.0,27.0,-31.0,31.0,-17.0,17.0,oe:team:1d0389df0c5eea93b04122ba167c010|oe:team:b77b3f6068e20a2b3edc0ecd3dc70d4,LCK_20260816_HANJIN_BRION_vs_Kiwoom_DRX_S6,1,1,2,"[""Jarvan IV"", ""Orianna"", ""Olaf"", ""Lee Sin"", ""Cassiopeia"", ""Jax"", ""Caitlyn"", ""Bard"", ""Elise"", ""Yunara"", ""Karma"", ""Xin Zhao"", ""Ezreal"", ""Lucian"", ""Wukong"", ""Milio"", ""K'Sante"", ""Jayce"", ""Viktor"", ""Akali""]",20,False,91.0,37.0,0.4065934065934066,44.0,0.4318181818181818,9.0,0.4444444444444444,77.0,29.0,0.37662337662337664,43.0,0.3023255813953488,9.0,0.5555555555555556,19.0,0.631578947368421,19.0,0.3684210526315789
LOLTMNT02_452633,2026-08-19 08:05:49+00:00,LCK,2026,1,Rounds 3-4,0,16.16,complete,,Gen.G,oe:team:50f58982d91a36557ec8aec52ab014f,KT Rolster,oe:team:d723992568441c6bafa2658129eade7,1,0,BLUE,Gen.G,BLUE,Ezreal,Cassiopeia,Ryze,Jhin,Vi,Orianna,Lee Sin,Karma,Syndra,Nocturne,Olaf,Naafiri,Annie,Nautilus,Yunara,Kled,Camille,Bard,Lulu,Twisted Fate,1942,1942,13,2,2,13,30,4,0.0,1.0,1.0,0.0,3.0,2.0,1.0,0.0,3.0,0.0,1.0,0.0,2.0,0.0,1.0,0.0,8.0,2.0,1.0,0.0,72296,58304,136,122,60,58,377,328,67758,54135,46572,32949,57055,51690,-272.0,272.0,322.0,-322.0,1662.0,-1662.0,229.0,-229.0,1077.0,-1077.0,253.0,-253.0,11.0,-11.0,48.0,-48.0,53.0,-53.0,oe:team:50f58982d91a36557ec8aec52ab014f|oe:team:d723992568441c6bafa2658129eade7,LCK_20260819_Gen_G_vs_KT_Rolster_S6,0,0,0,[],0,False,83.0,63.0,0.7590361445783133,50.0,0.82,0.0,,81.0,41.0,0.5061728395061729,38.0,0.39473684210526316,0.0,,12.0,0.8333333333333334,12.0,0.16666666666666666
LOLTMNT02_451793,2026-08-19 09:02:30+00:00,LCK,2026,2,Rounds 3-4,0,16.16,complete,,KT Rolster,oe:team:d723992568441c6bafa2658129eade7,Gen.G,oe:team:50f58982d91a36557ec8aec52ab014f,1,0,BLUE,KT Rolster,RED,Cassiopeia,Poppy,Ezreal,Jarvan IV,Orianna,Vi,Nocturne,Jayce,Lucian,Bard,K'Sante,Ziggs,Nautilus,Akali,Seraphine,Shen,Camille,Neeko,Syndra,Lissandra,1730,1730,18,6,6,18,45,13,1.0,0.0,1.0,0.0,4.0,0.0,1.0,0.0,3.0,0.0,1.0,0.0,1.0,0.0,1.0,0.0,11.0,2.0,4.0,0.0,79497,58672,108,103,48,50,297,299,63026,52775,44002,33751,54993,50950,423.0,-423.0,2380.0,-2380.0,4646.0,-4646.0,-155.0,155.0,2963.0,-2963.0,5167.0,-5167.0,4.0,-4.0,18.0,-18.0,36.0,-36.0,oe:team:50f58982d91a36557ec8aec52ab014f|oe:team:d723992568441c6bafa2658129eade7,LCK_20260819_Gen_G_vs_KT_Rolster_S6,0,1,1,"[""Ryze"", ""Jhin"", ""Lee Sin"", ""Karma"", ""Olaf"", ""Naafiri"", ""Yunara"", ""Kled"", ""Lulu"", ""Twisted Fate""]",10,False,82.0,41.0,0.5,43.0,0.6046511627906976,1.0,0.0,84.0,64.0,0.7619047619047619,33.0,0.6666666666666666,1.0,1.0,13.0,0.15384615384615385,13.0,0.8461538461538461
LOLTMNT02_451797,2026-08-19 09:53:34+00:00,LCK,2026,3,Rounds 3-4,0,16.16,complete,,KT Rolster,oe:team:d723992568441c6bafa2658129eade7,Gen.G,oe:team:50f58982d91a36557ec8aec52ab014f,0,1,RED,Gen.G,BLUE,Camille,Cassiopeia,Bard,Caitlyn,Kalista,Vi,Varus,Lux,Lucian,Orianna,Pantheon,Skarner,Renekton,Zoe,Jax,Ambessa,Anivia,Akali,Ahri,Galio,2453,2453,14,13,13,14,32,33,1.0,0.0,0.0,1.0,3.0,3.0,1.0,0.0,3.0,0.0,0.0,1.0,1.0,2.0,0.0,1.0,6.0,8.0,0.0,1.0,109538,110203,191,146,80,101,467,505,76338,81129,49939,54730,74613,70540,-907.0,907.0,232.0,-232.0,1637.0,-1637.0,-822.0,822.0,165.0,-165.0,1418.0,-1418.0,-9.0,9.0,-21.0,21.0,4.0,-4.0,oe:team:50f58982d91a36557ec8aec52ab014f|oe:team:d723992568441c6bafa2658129eade7,LCK_20260819_Gen_G_vs_KT_Rolster_S6,1,1,2,"[""Ryze"", ""Jhin"", ""Lee Sin"", ""Karma"", ""Olaf"", ""Naafiri"", ""Yunara"", ""Kled"", ""Lulu"", ""Twisted Fate"", ""Ezreal"", ""Jarvan IV"", ""Nocturne"", ""Jayce"", ""K'Sante"", ""Ziggs"", ""Seraphine"", ""Shen"", ""Syndra"", ""Lissandra""]",20,False,83.0,42.0,0.5060240963855421,44.0,0.6136363636363636,2.0,0.5,85.0,64.0,0.7529411764705882,34.0,0.6470588235294118,2.0,0.5,14.0,0.21428571428571427,14.0,0.7857142857142857
LOLTMNT02_451827,2026-08-19 11:22:14+00:00,LCK,2026,1,Rounds 3-4,0,16.16,complete,,DN SOOPers,oe:team:b3c72a20aa56f5d28022ac04a7dc294,HANJIN BRION,oe:team:b77b3f6068e20a2b3edc0ecd3dc70d4,0,1,RED,HANJIN BRION,RED,Nocturne,Poppy,Jhin,Jarvan IV,Lucian,Lee Sin,Orianna,Cassiopeia,Vi,Galio,Qiyana,Olaf,Lulu,Shen,Ambessa,Corki,Ezreal,Camille,Bard,Neeko,2001,2001,7,17,17,7,23,41,0.0,1.0,0.0,1.0,0.0,4.0,1.0,0.0,3.0,0.0,0.0,1.0,0.0,1.0,0.0,1.0,3.0,9.0,0.0,1.0,77588,79706,133,137,55,58,349,356,59972,68145,38184,46357,56125,60448,-1087.0,1087.0,-1010.0,1010.0,-364.0,364.0,-674.0,674.0,540.0,-540.0,1686.0,-1686.0,-12.0,12.0,-4.0,4.0,21.0,-21.0,oe:team:b3c72a20aa56f5d28022ac04a7dc294|oe:team:b77b3f6068e20a2b3edc0ecd3dc70d4,LCK_20260819_DN_SOOPers_vs_HANJIN_BRION_S4,0,0,0,[],0,False,84.0,26.0,0.30952380952380953,35.0,0.37142857142857144,0.0,,78.0,30.0,0.38461538461538464,44.0,0.3181818181818182,0.0,,7.0,0.2857142857142857,7.0,0.7142857142857143
LOLTMNT02_451854,2026-08-19 12:15:59+00:00,LCK,2026,2,Rounds 3-4,0,16.16,complete,,HANJIN BRION,oe:team:b77b3f6068e20a2b3edc0ecd3dc70d4,DN SOOPers,oe:team:b3c72a20aa56f5d28022ac04a7dc294,1,0,BLUE,HANJIN BRION,RED,Lee Sin,Poppy,Karma,Ezreal,Vi,Lucian,Pantheon,Seraphine,Nocturne,Ryze,Caitlyn,Skarner,Viktor,Locke,Syndra,Jayce,Yone,K'Sante,Yorick,Galio,1758,1758,26,5,5,26,60,12,1.0,0.0,1.0,0.0,3.0,1.0,1.0,0.0,0.0,3.0,1.0,0.0,2.0,0.0,1.0,0.0,9.0,2.0,1.0,0.0,98396,63191,103,101,42,34,295,243,64817,48772,45507,29462,58853,47570,531.0,-531.0,543.0,-543.0,4702.0,-4702.0,461.0,-461.0,364.0,-364.0,5084.0,-5084.0,2.0,-2.0,-16.0,16.0,5.0,-5.0,oe:team:b3c72a20aa56f5d28022ac04a7dc294|oe:team:b77b3f6068e20a2b3edc0ecd3dc70d4,LCK_20260819_DN_SOOPers_vs_HANJIN_BRION_S4,1,0,1,"[""Jhin"", ""Jarvan IV"", ""Orianna"", ""Cassiopeia"", ""Qiyana"", ""Olaf"", ""Ambessa"", ""Corki"", ""Bard"", ""Neeko""]",10,False,79.0,31.0,0.3924050632911392,34.0,0.47058823529411764,1.0,1.0,85.0,26.0,0.3058823529411765,49.0,0.2653061224489796,1.0,0.0,8.0,0.75,8.0,0.25
LOLTMNT02_454038,2026-08-20 08:07:41+00:00,LCK,2026,1,Rounds 3-4,0,16.16,complete,,Hanwha Life Esports,oe:team:3a1d18f46bcb3716ebcfcf4ef068934,Dplus Kia,oe:team:ef69efa6acebe94107f0cf1ba716806,1,0,BLUE,Hanwha Life Esports,RED,Cassiopeia,Nocturne,Camille,Jarvan IV,Orianna,Poppy,Lee Sin,Yunara,Vi,Bard,Ryze,Lulu,Syndra,Vayne,Ziggs,Olaf,K'Sante,Karma,Alistar,Twisted Fate,2034,2034,22,16,16,22,50,33,0.0,1.0,0.0,1.0,3.0,3.0,1.0,0.0,1.0,2.0,0.0,1.0,1.0,1.0,1.0,0.0,9.0,4.0,1.0,0.0,110387,86138,149,117,62,60,354,343,72678,65945,50553,43820,66753,64470,-298.0,298.0,-447.0,447.0,-1281.0,1281.0,-794.0,794.0,554.0,-554.0,-278.0,278.0,-4.0,4.0,13.0,-13.0,1.0,-1.0,oe:team:3a1d18f46bcb3716ebcfcf4ef068934|oe:team:ef69efa6acebe94107f0cf1ba716806,LCK_20260820_Dplus_Kia_vs_Hanwha_Life_Esports_S4,0,0,0,[],0,False,78.0,47.0,0.6025641025641025,36.0,0.6388888888888888,0.0,,99.0,56.0,0.5656565656565656,45.0,0.4444444444444444,0.0,,7.0,0.7142857142857143,7.0,0.2857142857142857
LOLTMNT02_454063,2026-08-20 09:05:41+00:00,LCK,2026,2,Rounds 3-4,0,16.16,complete,,Hanwha Life Esports,oe:team:3a1d18f46bcb3716ebcfcf4ef068934,Dplus Kia,oe:team:ef69efa6acebe94107f0cf1ba716806,1,0,BLUE,Hanwha Life Esports,RED,Cassiopeia,Nocturne,Orianna,Jayce,Vi,Poppy,Naafiri,Wukong,Bard,Lucian,Yorick,Viktor,Ezreal,Nautilus,Seraphine,Mel,Caitlyn,Jhin,Ashe,Shen,2500,2500,24,17,17,24,53,34,0.0,1.0,1.0,0.0,3.0,3.0,1.0,0.0,2.0,1.0,1.0,0.0,2.0,0.0,1.0,0.0,10.0,5.0,3.0,0.0,133344,128497,174,155,87,82,495,455,83896,80000,57018,53122,79128,78473,1341.0,-1341.0,1437.0,-1437.0,-819.0,819.0,1198.0,-1198.0,639.0,-639.0,-1625.0,1625.0,20.0,-20.0,12.0,-12.0,-9.0,9.0,oe:team:3a1d18f46bcb3716ebcfcf4ef068934|oe:team:ef69efa6acebe94107f0cf1ba716806,LCK_20260820_Dplus_Kia_vs_Hanwha_Life_Esports_S4,1,0,1,"[""Camille"", ""Jarvan IV"", ""Lee Sin"", ""Yunara"", ""Ryze"", ""Lulu"", ""Ziggs"", ""Olaf"", ""Alistar"", ""Twisted Fate""]",10,False,79.0,48.0,0.6075949367088608,37.0,0.6486486486486487,1.0,1.0,100.0,56.0,0.56,46.0,0.43478260869565216,1.0,0.0,8.0,0.75,8.0,0.25
LOLTMNT02_454084,2026-08-20 10:33:18+00:00,LCK,2026,1,Rounds 3-4,0,16.16,complete,,Kiwoom DRX,oe:team:1d0389df0c5eea93b04122ba167c010,Nongshim RedForce,oe:team:5cd2cd09ec94296f605dd13a2924d6c,0,1,RED,Nongshim RedForce,RED,Jarvan IV,Vi,Lee Sin,Ryze,Nocturne,Ezreal,Olaf,Lucian,Cassiopeia,Orianna,Annie,Milio,Pantheon,Nautilus,Yunara,Kled,Xin Zhao,Bard,Lulu,Naafiri,1982,1982,9,14,14,9,26,33,0.0,1.0,0.0,1.0,0.0,4.0,0.0,1.0,0.0,3.0,0.0,1.0,0.0,1.0,0.0,1.0,2.0,10.0,0.0,2.0,91631,87515,116,120,54,52,310,327,57997,64153,36403,42559,55805,59005,-625.0,625.0,-2160.0,2160.0,-3643.0,3643.0,-432.0,432.0,-2212.0,2212.0,-2040.0,2040.0,-5.0,5.0,-23.0,23.0,-16.0,16.0,oe:team:1d0389df0c5eea93b04122ba167c010|oe:team:5cd2cd09ec94296f605dd13a2924d6c,LCK_20260820_Kiwoom_DRX_vs_Nongshim_RedForce_S6,0,0,0,[],0,False,92.0,37.0,0.40217391304347827,45.0,0.4222222222222222,0.0,,77.0,29.0,0.37662337662337664,49.0,0.3673469387755102,0.0,,12.0,0.75,12.0,0.25
LOLTMNT02_453228,2026-08-20 11:31:37+00:00,LCK,2026,2,Rounds 3-4,0,16.16,complete,,Nongshim RedForce,oe:team:5cd2cd09ec94296f605dd13a2924d6c,Kiwoom DRX,oe:team:1d0389df0c5eea93b04122ba167c010,1,0,BLUE,Nongshim RedForce,RED,Vi,Nocturne,Ezreal,Orianna,Jarvan IV,Rumble,Karma,Jhin,Cassiopeia,Pantheon,Galio,Shen,Jayce,Camille,Wukong,K'Sante,Trundle,Xin Zhao,Gnar,Zaahen,1860,1860,15,9,9,15,42,20,0.0,1.0,0.0,1.0,2.0,2.0,1.0,0.0,3.0,0.0,1.0,0.0,1.0,0.0,0.0,1.0,11.0,1.0,3.0,0.0,102531,74386,100,115,60,43,308,298,63358,54334,43008,33984,61434,50263,206.0,-206.0,425.0,-425.0,1196.0,-1196.0,656.0,-656.0,644.0,-644.0,1759.0,-1759.0,8.0,-8.0,1.0,-1.0,0.0,0.0,oe:team:1d0389df0c5eea93b04122ba167c010|oe:team:5cd2cd09ec94296f605dd13a2924d6c,LCK_20260820_Kiwoom_DRX_vs_Nongshim_RedForce_S6,1,0,1,"[""Lee Sin"", ""Ryze"", ""Olaf"", ""Lucian"", ""Annie"", ""Milio"", ""Yunara"", ""Kled"", ""Lulu"", ""Naafiri""]",10,False,78.0,30.0,0.38461538461538464,28.0,0.39285714285714285,1.0,1.0,93.0,37.0,0.3978494623655914,47.0,0.3829787234042553,1.0,0.0,13.0,0.3076923076923077,13.0,0.6923076923076923
LOLTMNT02_457093,2026-08-21 08:07:26+00:00,LCK,2026,1,Rounds 3-4,0,16.16,complete,,BNK FEARX,oe:team:5c2e7e9ea8dfcba0150d9a5619baecf,HANJIN BRION,oe:team:b77b3f6068e20a2b3edc0ecd3dc70d4,1,0,BLUE,BNK FEARX,RED,Cassiopeia,Lucian,Annie,Ryze,Vi,Nocturne,Lee Sin,Pantheon,Orianna,Ezreal,K'Sante,Olaf,Seraphine,Kalista,Neeko,Corki,Caitlyn,Yunara,Sivir,Karma,2314,2314,18,17,17,18,56,37,1.0,0.0,0.0,1.0,3.0,3.0,1.0,0.0,3.0,0.0,1.0,0.0,1.0,0.0,0.0,1.0,9.0,3.0,2.0,0.0,127613,100313,162,139,74,76,427,407,77072,74503,52091,49522,70365,71978,1305.0,-1305.0,458.0,-458.0,-3008.0,3008.0,639.0,-639.0,-375.0,375.0,-2989.0,2989.0,27.0,-27.0,32.0,-32.0,22.0,-22.0,oe:team:5c2e7e9ea8dfcba0150d9a5619baecf|oe:team:b77b3f6068e20a2b3edc0ecd3dc70d4,LCK_20260821_BNK_FEARX_vs_HANJIN_BRION_S5,0,0,0,[],0,False,86.0,39.0,0.45348837209302323,51.0,0.47058823529411764,0.0,,80.0,32.0,0.4,45.0,0.3333333333333333,2.0,1.0,9.0,0.2222222222222222,9.0,0.7777777777777778
LOLTMNT02_456141,2026-08-21 09:09:34+00:00,LCK,2026,2,Rounds 3-4,0,16.16,complete,,BNK FEARX,oe:team:5c2e7e9ea8dfcba0150d9a5619baecf,HANJIN BRION,oe:team:b77b3f6068e20a2b3edc0ecd3dc70d4,0,1,RED,HANJIN BRION,RED,Cassiopeia,Lucian,Naafiri,Orianna,Vi,Bard,Galio,Trundle,Nocturne,Jarvan IV,Camille,Jayce,Caitlyn,Lulu,Rakan,Xayah,Kalista,Ashe,Ezreal,Alistar,2169,2169,9,16,16,9,15,37,1.0,0.0,0.0,1.0,0.0,4.0,1.0,0.0,1.0,2.0,0.0,1.0,0.0,1.0,1.0,0.0,6.0,9.0,0.0,1.0,77724,89300,145,146,66,52,409,350,65206,72557,41704,49055,63881,66005,931.0,-931.0,2981.0,-2981.0,2451.0,-2451.0,-439.0,439.0,1422.0,-1422.0,871.0,-871.0,-6.0,6.0,20.0,-20.0,54.0,-54.0,oe:team:5c2e7e9ea8dfcba0150d9a5619baecf|oe:team:b77b3f6068e20a2b3edc0ecd3dc70d4,LCK_20260821_BNK_FEARX_vs_HANJIN_BRION_S5,1,0,1,"[""Annie"", ""Ryze"", ""Lee Sin"", ""Pantheon"", ""K'Sante"", ""Olaf"", ""Neeko"", ""Corki"", ""Sivir"", ""Karma""]",10,False,87.0,40.0,0.45977011494252873,52.0,0.4807692307692308,1.0,1.0,81.0,32.0,0.3950617283950617,46.0,0.32608695652173914,3.0,0.6666666666666666,10.0,0.3,10.0,0.7
LOLTMNT02_457144,2026-08-21 10:08:13+00:00,LCK,2026,3,Rounds 3-4,0,16.16,complete,,HANJIN BRION,oe:team:b77b3f6068e20a2b3edc0ecd3dc70d4,BNK FEARX,oe:team:5c2e7e9ea8dfcba0150d9a5619baecf,0,1,RED,BNK FEARX,BLUE,Bard,Cassiopeia,Nocturne,Yunara,Caitlyn,Vi,Ashe,Lulu,Lucian,Locke,Seraphine,Jarvan IV,Akali,Ambessa,Ornn,Rumble,Sylas,Yorick,Aurora,Ahri,1530,1530,3,17,17,3,5,46,0.0,1.0,0.0,1.0,0.0,3.0,1.0,0.0,1.0,2.0,0.0,0.0,0.0,0.0,0.0,1.0,1.0,7.0,0.0,1.0,50542,63891,82,93,31,31,205,256,42503,52970,25519,35986,41015,45495,-723.0,723.0,-2940.0,2940.0,-6314.0,6314.0,-595.0,595.0,-1537.0,1537.0,-6244.0,6244.0,-19.0,19.0,-3.0,3.0,-68.0,68.0,oe:team:5c2e7e9ea8dfcba0150d9a5619baecf|oe:team:b77b3f6068e20a2b3edc0ecd3dc70d4,LCK_20260821_BNK_FEARX_vs_HANJIN_BRION_S5,1,1,2,"[""Annie"", ""Ryze"", ""Lee Sin"", ""Pantheon"", ""K'Sante"", ""Olaf"", ""Neeko"", ""Corki"", ""Sivir"", ""Karma"", ""Naafiri"", ""Orianna"", ""Galio"", ""Trundle"", ""Camille"", ""Jayce"", ""Rakan"", ""Xayah"", ""Ezreal"", ""Alistar""]",20,False,82.0,33.0,0.4024390243902439,35.0,0.4857142857142857,4.0,0.75,88.0,40.0,0.45454545454545453,35.0,0.42857142857142855,2.0,0.5,11.0,0.7272727272727273,11.0,0.2727272727272727
LOLTMNT02_457183,2026-08-21 11:24:11+00:00,LCK,2026,1,Rounds 3-4,0,16.16,complete,,T1,oe:team:ce499dea30cfce118f4fe85da0227e8,KT Rolster,oe:team:d723992568441c6bafa2658129eade7,0,1,RED,KT Rolster,RED,Cassiopeia,Bard,Yunara,Nocturne,Orianna,Lucian,Lulu,Olaf,Vi,Lee Sin,Jarvan IV,Ryze,Nautilus,Anivia,Jax,Ezreal,Karma,Syndra,Ahri,Seraphine,2133,2133,11,17,17,11,33,45,0.0,1.0,1.0,0.0,1.0,4.0,1.0,0.0,0.0,3.0,0.0,1.0,0.0,1.0,1.0,0.0,3.0,9.0,0.0,1.0,87907,98081,135,137,67,69,396,386,64821,71724,41686,48589,63028,65458,-1078.0,1078.0,-720.0,720.0,1450.0,-1450.0,-1119.0,1119.0,-524.0,524.0,-329.0,329.0,-22.0,22.0,-9.0,9.0,-39.0,39.0,oe:team:ce499dea30cfce118f4fe85da0227e8|oe:team:d723992568441c6bafa2658129eade7,LCK_20260821_KT_Rolster_vs_T1_S5,0,0,0,[],0,False,86.0,54.0,0.627906976744186,46.0,0.6739130434782609,0.0,,84.0,42.0,0.5,39.0,0.38461538461538464,3.0,0.3333333333333333,8.0,0.5,8.0,0.5
LOLTMNT02_457197,2026-08-21 12:21:05+00:00,LCK,2026,2,Rounds 3-4,0,16.16,complete,,KT Rolster,oe:team:d723992568441c6bafa2658129eade7,T1,oe:team:ce499dea30cfce118f4fe85da0227e8,0,1,RED,T1,RED,Bard,Poppy,Kalista,Vi,Lucian,Karma,Renata Glasc,Taliyah,Cassiopeia,Orianna,K'Sante,Rumble,Caitlyn,Pantheon,Wukong,Vayne,Xayah,Sylas,Syndra,Alistar,1955,1955,11,19,19,11,32,48,1.0,0.0,0.0,1.0,1.0,4.0,1.0,0.0,3.0,0.0,0.0,1.0,0.0,1.0,0.0,1.0,3.0,7.0,0.0,1.0,71031,87492,126,157,75,50,383,352,56738,63750,35419,42431,54568,57040,-277.0,277.0,-633.0,633.0,-1339.0,1339.0,-1620.0,1620.0,-2328.0,2328.0,-753.0,753.0,-29.0,29.0,-9.0,9.0,3.0,-3.0,oe:team:ce499dea30cfce118f4fe85da0227e8|oe:team:d723992568441c6bafa2658129eade7,LCK_20260821_KT_Rolster_vs_T1_S5,1,0,1,"[""Yunara"", ""Nocturne"", ""Lulu"", ""Olaf"", ""Jarvan IV"", ""Ryze"", ""Jax"", ""Ezreal"", ""Ahri"", ""Seraphine""]",10,False,85.0,43.0,0.5058823529411764,45.0,0.6,4.0,0.5,87.0,54.0,0.6206896551724138,40.0,0.575,1.0,0.0,9.0,0.5555555555555556,9.0,0.4444444444444444
LOLTMNT02_457213,2026-08-21 13:16:04+00:00,LCK,2026,3,Rounds 3-4,0,16.16,complete,,T1,oe:team:ce499dea30cfce118f4fe85da0227e8,KT Rolster,oe:team:d723992568441c6bafa2658129eade7,1,0,BLUE,T1,RED,Cassiopeia,Bard,Caitlyn,Karma,Orianna,Lucian,Lux,Jhin,Jayce,Yorick,Skarner,Pantheon,Akali,Galio,Anivia,Renekton,Locke,Varus,Gwen,Viktor,2061,2061,14,7,7,14,35,12,0.0,1.0,1.0,0.0,3.0,2.0,1.0,0.0,0.0,3.0,1.0,0.0,1.0,0.0,0.0,1.0,10.0,3.0,2.0,0.0,90521,85781,130,151,65,61,371,358,68885,60382,46485,37982,58935,57935,-601.0,601.0,-279.0,279.0,-1017.0,1017.0,-1082.0,1082.0,-52.0,52.0,-1508.0,1508.0,-27.0,27.0,-33.0,33.0,-41.0,41.0,oe:team:ce499dea30cfce118f4fe85da0227e8|oe:team:d723992568441c6bafa2658129eade7,LCK_20260821_KT_Rolster_vs_T1_S5,1,1,2,"[""Yunara"", ""Nocturne"", ""Lulu"", ""Olaf"", ""Jarvan IV"", ""Ryze"", ""Jax"", ""Ezreal"", ""Ahri"", ""Seraphine"", ""Kalista"", ""Vi"", ""Renata Glasc"", ""Taliyah"", ""K'Sante"", ""Rumble"", ""Wukong"", ""Vayne"", ""Syndra"", ""Alistar""]",20,False,88.0,55.0,0.625,47.0,0.6595744680851063,2.0,0.5,86.0,43.0,0.5,40.0,0.4,5.0,0.4,10.0,0.5,10.0,0.5
LOLTMNT02_456427,2026-08-22 08:08:17+00:00,LCK,2026,1,Rounds 3-4,0,16.16,complete,,Gen.G,oe:team:50f58982d91a36557ec8aec52ab014f,Dplus Kia,oe:team:ef69efa6acebe94107f0cf1ba716806,1,0,BLUE,Gen.G,RED,Cassiopeia,Nocturne,Olaf,Vi,Lucian,Poppy,Pantheon,Yunara,Orianna,Galio,Ryze,Lulu,Syndra,Karma,Seraphine,Locke,Ahri,Bard,Ezreal,Jax,1878,1878,19,11,11,19,37,20,1.0,0.0,1.0,0.0,4.0,0.0,1.0,0.0,0.0,3.0,0.0,1.0,0.0,1.0,1.0,0.0,9.0,3.0,1.0,0.0,77097,48244,125,119,49,47,318,302,66383,58422,45849,37888,53088,56038,3808.0,-3808.0,3141.0,-3141.0,3339.0,-3339.0,2799.0,-2799.0,2017.0,-2017.0,4071.0,-4071.0,56.0,-56.0,75.0,-75.0,97.0,-97.0,oe:team:50f58982d91a36557ec8aec52ab014f|oe:team:ef69efa6acebe94107f0cf1ba716806,LCK_20260822_Dplus_Kia_vs_Gen_G_S6,0,0,0,[],0,False,86.0,65.0,0.7558139534883721,51.0,0.8235294117647058,3.0,0.6666666666666666,101.0,56.0,0.5544554455445545,47.0,0.425531914893617,2.0,0.0,12.0,0.5833333333333334,12.0,0.4166666666666667
LOLTMNT02_456447,2026-08-22 09:02:36+00:00,LCK,2026,2,Rounds 3-4,0,16.16,complete,,Dplus Kia,oe:team:ef69efa6acebe94107f0cf1ba716806,Gen.G,oe:team:50f58982d91a36557ec8aec52ab014f,1,0,BLUE,Dplus Kia,BLUE,Nocturne,Lucian,Cassiopeia,Orianna,Poppy,Jayce,Lee Sin,Bard,Galio,Jarvan IV,Camille,Caitlyn,Skarner,Ziggs,Viktor,Xin Zhao,Vayne,Jhin,Gnar,Twisted Fate,1957,1957,17,12,12,17,37,34,0.0,1.0,1.0,0.0,3.0,2.0,1.0,0.0,0.0,3.0,1.0,0.0,1.0,0.0,0.0,1.0,9.0,3.0,1.0,0.0,69519,64755,135,129,55,69,345,376,67213,61605,45874,40266,58028,60815,-2010.0,2010.0,-2125.0,2125.0,797.0,-797.0,-828.0,828.0,75.0,-75.0,4496.0,-4496.0,0.0,0.0,24.0,-24.0,54.0,-54.0,oe:team:50f58982d91a36557ec8aec52ab014f|oe:team:ef69efa6acebe94107f0cf1ba716806,LCK_20260822_Dplus_Kia_vs_Gen_G_S6,0,1,1,"[""Olaf"", ""Vi"", ""Pantheon"", ""Yunara"", ""Ryze"", ""Lulu"", ""Seraphine"", ""Locke"", ""Ezreal"", ""Jax""]",10,False,102.0,56.0,0.5490196078431373,54.0,0.6666666666666666,3.0,0.0,87.0,66.0,0.7586206896551724,35.0,0.6571428571428571,4.0,0.75,13.0,0.38461538461538464,13.0,0.6153846153846154
LOLTMNT02_456460,2026-08-22 09:57:59+00:00,LCK,2026,3,Rounds 3-4,0,16.16,complete,,Dplus Kia,oe:team:ef69efa6acebe94107f0cf1ba716806,Gen.G,oe:team:50f58982d91a36557ec8aec52ab014f,1,0,BLUE,Dplus Kia,RED,Nocturne,Poppy,Jayce,Syndra,Renekton,Akali,Lucian,Kalista,K'Sante,Jarvan IV,Milio,Renata Glasc,Yorick,Annie,Ahri,Gragas,Sion,Qiyana,Maokai,Wukong,1986,1986,19,7,7,19,55,21,1.0,0.0,1.0,0.0,3.0,2.0,1.0,0.0,0.0,3.0,1.0,0.0,1.0,0.0,0.0,1.0,8.0,1.0,1.0,0.0,82819,57131,117,128,50,59,318,362,69252,56825,47617,35190,61875,55103,2658.0,-2658.0,2018.0,-2018.0,2140.0,-2140.0,1684.0,-1684.0,2757.0,-2757.0,1825.0,-1825.0,15.0,-15.0,34.0,-34.0,36.0,-36.0,oe:team:50f58982d91a36557ec8aec52ab014f|oe:team:ef69efa6acebe94107f0cf1ba716806,LCK_20260822_Dplus_Kia_vs_Gen_G_S6,1,1,2,"[""Olaf"", ""Vi"", ""Pantheon"", ""Yunara"", ""Ryze"", ""Lulu"", ""Seraphine"", ""Locke"", ""Ezreal"", ""Jax"", ""Cassiopeia"", ""Orianna"", ""Lee Sin"", ""Bard"", ""Camille"", ""Caitlyn"", ""Viktor"", ""Xin Zhao"", ""Gnar"", ""Twisted Fate""]",20,False,103.0,57.0,0.5533980582524272,55.0,0.6727272727272727,4.0,0.25,88.0,66.0,0.75,36.0,0.6388888888888888,5.0,0.6,14.0,0.42857142857142855,14.0,0.5714285714285714
LOLTMNT02_457532,2026-08-22 11:31:02+00:00,LCK,2026,1,Rounds 3-4,0,16.16,complete,,Kiwoom DRX,oe:team:1d0389df0c5eea93b04122ba167c010,DN SOOPers,oe:team:b3c72a20aa56f5d28022ac04a7dc294,0,1,RED,DN SOOPers,RED,Cassiopeia,Poppy,Olaf,Orianna,Vi,Ezreal,Lee Sin,Pantheon,Nocturne,Jarvan IV,Galio,Camille,Ambessa,Lulu,Lucian,Xayah,Jhin,Bard,Milio,Rakan,2244,2244,16,19,19,16,37,54,1.0,0.0,0.0,1.0,2.0,4.0,1.0,0.0,2.0,1.0,0.0,1.0,0.0,2.0,1.0,0.0,3.0,12.0,0.0,4.0,96028,106499,140,136,48,49,341,334,67889,77380,43622,53113,63700,71158,847.0,-847.0,1138.0,-1138.0,3801.0,-3801.0,76.0,-76.0,1120.0,-1120.0,6130.0,-6130.0,-2.0,2.0,-14.0,14.0,13.0,-13.0,oe:team:1d0389df0c5eea93b04122ba167c010|oe:team:b3c72a20aa56f5d28022ac04a7dc294,LCK_20260822_DN_SOOPers_vs_Kiwoom_DRX_S6,0,0,0,[],0,False,94.0,37.0,0.39361702127659576,46.0,0.41304347826086957,2.0,0.0,86.0,26.0,0.3023255813953488,50.0,0.26,2.0,0.0,13.0,0.46153846153846156,13.0,0.5384615384615384
LOLTMNT02_457558,2026-08-22 12:30:01+00:00,LCK,2026,2,Rounds 3-4,0,16.16,complete,,DN SOOPers,oe:team:b3c72a20aa56f5d28022ac04a7dc294,Kiwoom DRX,oe:team:1d0389df0c5eea93b04122ba167c010,1,0,BLUE,DN SOOPers,RED,Cassiopeia,Poppy,Bard,Ryze,Vi,Nocturne,Caitlyn,Ezreal,Jarvan IV,Shen,Syndra,Karma,Xin Zhao,Vayne,Naafiri,K'Sante,Trundle,Gnar,Mordekaiser,Wukong,1594,1594,12,2,2,12,20,4,1.0,0.0,1.0,0.0,4.0,0.0,1.0,0.0,3.0,0.0,1.0,0.0,1.0,0.0,1.0,0.0,9.0,0.0,1.0,0.0,72615,43112,95,93,45,40,277,246,56084,41996,38447,24359,49980,40386,997.0,-997.0,3373.0,-3373.0,6933.0,-6933.0,1888.0,-1888.0,2759.0,-2759.0,4552.0,-4552.0,18.0,-18.0,34.0,-34.0,59.0,-59.0,oe:team:1d0389df0c5eea93b04122ba167c010|oe:team:b3c72a20aa56f5d28022ac04a7dc294,LCK_20260822_DN_SOOPers_vs_Kiwoom_DRX_S6,1,0,1,"[""Olaf"", ""Orianna"", ""Lee Sin"", ""Pantheon"", ""Galio"", ""Camille"", ""Lucian"", ""Xayah"", ""Milio"", ""Rakan""]",10,False,87.0,27.0,0.3103448275862069,36.0,0.3611111111111111,3.0,0.3333333333333333,95.0,37.0,0.3894736842105263,48.0,0.375,3.0,0.0,14.0,0.5714285714285714,14.0,0.42857142857142855
LOLTMNT02_456749,2026-08-23 08:07:42+00:00,LCK,2026,1,Rounds 3-4,0,16.16,complete,,T1,oe:team:ce499dea30cfce118f4fe85da0227e8,Hanwha Life Esports,oe:team:3a1d18f46bcb3716ebcfcf4ef068934,0,1,RED,Hanwha Life Esports,RED,Camille,Bard,Ezreal,Cassiopeia,Lucian,Nocturne,Karma,Lee Sin,Vi,Poppy,Orianna,Jayce,Ziggs,Jarvan IV,K'Sante,Jhin,Nautilus,Olaf,Xin Zhao,Alistar,1722,1722,7,15,15,7,13,38,0.0,1.0,0.0,1.0,2.0,2.0,1.0,0.0,0.0,3.0,0.0,1.0,0.0,1.0,0.0,1.0,1.0,8.0,0.0,1.0,67647,76057,117,114,45,44,296,289,48596,58257,29654,39315,47323,51875,105.0,-105.0,-2819.0,2819.0,-1579.0,1579.0,690.0,-690.0,-762.0,762.0,221.0,-221.0,-21.0,21.0,-40.0,40.0,-48.0,48.0,oe:team:3a1d18f46bcb3716ebcfcf4ef068934|oe:team:ce499dea30cfce118f4fe85da0227e8,LCK_20260823_Hanwha_Life_Esports_vs_T1_S6,0,0,0,[],0,False,89.0,56.0,0.6292134831460674,48.0,0.6666666666666666,3.0,0.6666666666666666,80.0,49.0,0.6125,42.0,0.5714285714285714,2.0,1.0,15.0,0.4666666666666667,15.0,0.5333333333333333
LOLTMNT02_456759,2026-08-23 08:59:45+00:00,LCK,2026,2,Rounds 3-4,0,16.16,complete,,Hanwha Life Esports,oe:team:3a1d18f46bcb3716ebcfcf4ef068934,T1,oe:team:ce499dea30cfce118f4fe85da0227e8,1,0,BLUE,Hanwha Life Esports,RED,Bard,Camille,Lulu,Lucian,Vi,Poppy,Kog'Maw,Milio,Nocturne,Jarvan IV,Syndra,Ryze,Olaf,Naafiri,Pantheon,Gwen,Skarner,Jax,Kennen,Wukong,1372,1372,19,5,5,19,43,11,0.0,1.0,0.0,1.0,1.0,2.0,1.0,0.0,3.0,0.0,1.0,0.0,1.0,0.0,1.0,0.0,9.0,1.0,1.0,0.0,73022,40773,77,75,33,28,203,187,51976,38340,36604,22968,43900,35858,800.0,-800.0,3686.0,-3686.0,7257.0,-7257.0,944.0,-944.0,3899.0,-3899.0,5791.0,-5791.0,27.0,-27.0,42.0,-42.0,44.0,-44.0,oe:team:3a1d18f46bcb3716ebcfcf4ef068934|oe:team:ce499dea30cfce118f4fe85da0227e8,LCK_20260823_Hanwha_Life_Esports_vs_T1_S6,1,0,1,"[""Ezreal"", ""Cassiopeia"", ""Karma"", ""Lee Sin"", ""Orianna"", ""Jayce"", ""K'Sante"", ""Jhin"", ""Xin Zhao"", ""Alistar""]",10,False,81.0,50.0,0.6172839506172839,38.0,0.6578947368421053,3.0,1.0,90.0,56.0,0.6222222222222222,41.0,0.5853658536585366,4.0,0.5,16.0,0.5625,16.0,0.4375
LOLTMNT02_457803,2026-08-23 10:20:23+00:00,LCK,2026,1,Rounds 3-4,0,16.16,complete,,Nongshim RedForce,oe:team:5cd2cd09ec94296f605dd13a2924d6c,BNK FEARX,oe:team:5c2e7e9ea8dfcba0150d9a5619baecf,0,1,RED,BNK FEARX,RED,Vi,Poppy,Ezreal,Ryze,Lucian,Pantheon,Lee Sin,Jarvan IV,Cassiopeia,Orianna,Camille,Rumble,Shen,Galio,Anivia,Caitlyn,Leona,Syndra,Ambessa,Bard,1693,1693,11,20,20,11,22,52,1.0,0.0,0.0,1.0,1.0,2.0,0.0,1.0,3.0,0.0,0.0,0.0,0.0,0.0,1.0,0.0,2.0,7.0,0.0,1.0,71636,86597,110,113,38,49,275,302,50107,57363,31460,38716,49018,49445,-939.0,939.0,-754.0,754.0,-1773.0,1773.0,-1314.0,1314.0,-1083.0,1083.0,-1346.0,1346.0,-12.0,12.0,-22.0,22.0,-3.0,3.0,oe:team:5c2e7e9ea8dfcba0150d9a5619baecf|oe:team:5cd2cd09ec94296f605dd13a2924d6c,LCK_20260823_BNK_FEARX_vs_Nongshim_RedForce_S5,0,0,0,[],0,False,79.0,31.0,0.3924050632911392,29.0,0.41379310344827586,2.0,1.0,89.0,41.0,0.4606741573033708,36.0,0.4444444444444444,3.0,0.6666666666666666,9.0,0.4444444444444444,9.0,0.5555555555555556
LOLTMNT02_457811,2026-08-23 11:11:16+00:00,LCK,2026,2,Rounds 3-4,0,16.16,complete,,BNK FEARX,oe:team:5c2e7e9ea8dfcba0150d9a5619baecf,Nongshim RedForce,oe:team:5cd2cd09ec94296f605dd13a2924d6c,0,1,RED,Nongshim RedForce,RED,Cassiopeia,Vi,Yunara,Lucian,Orianna,Pantheon,Lulu,Milio,Nocturne,Nautilus,Vayne,Olaf,Twisted Fate,Akali,Annie,Azir,Syndra,Naafiri,Trundle,Xin Zhao,1486,1486,13,32,32,13,30,54,0.0,1.0,0.0,1.0,0.0,4.0,0.0,1.0,0.0,3.0,0.0,1.0,0.0,1.0,0.0,1.0,1.0,10.0,0.0,1.0,71875,86117,71,89,34,20,204,211,46482,57246,29947,40711,43953,52195,-1879.0,1879.0,-7230.0,7230.0,-3396.0,3396.0,-1745.0,1745.0,-6200.0,6200.0,-1654.0,1654.0,-2.0,2.0,-51.0,51.0,-20.0,20.0,oe:team:5c2e7e9ea8dfcba0150d9a5619baecf|oe:team:5cd2cd09ec94296f605dd13a2924d6c,LCK_20260823_BNK_FEARX_vs_Nongshim_RedForce_S5,1,0,1,"[""Ezreal"", ""Ryze"", ""Lee Sin"", ""Jarvan IV"", ""Camille"", ""Rumble"", ""Anivia"", ""Caitlyn"", ""Ambessa"", ""Bard""]",10,False,90.0,42.0,0.4666666666666667,53.0,0.4716981132075472,4.0,0.75,80.0,31.0,0.3875,50.0,0.38,3.0,0.6666666666666666,10.0,0.6,10.0,0.4
LOLTMNT02_456807,2026-08-23 11:57:33+00:00,LCK,2026,3,Rounds 3-4,0,16.16,complete,,Nongshim RedForce,oe:team:5cd2cd09ec94296f605dd13a2924d6c,BNK FEARX,oe:team:5c2e7e9ea8dfcba0150d9a5619baecf,1,0,BLUE,Nongshim RedForce,BLUE,Vi,Cassiopeia,Nocturne,Kalista,Locke,Orianna,Syndra,Renata Glasc,Jayce,Ashe,Gnar,Akali,Pantheon,Rakan,Jhin,Kha'Zix,Naafiri,Leona,Shen,Renekton,1673,1673,18,10,10,18,34,17,1.0,0.0,1.0,0.0,2.0,1.0,1.0,0.0,3.0,0.0,1.0,0.0,1.0,0.0,1.0,0.0,9.0,1.0,1.0,0.0,78982,53394,108,105,44,56,260,295,60002,50183,41559,31740,51233,48615,1874.0,-1874.0,2600.0,-2600.0,2631.0,-2631.0,1010.0,-1010.0,1257.0,-1257.0,941.0,-941.0,25.0,-25.0,38.0,-38.0,34.0,-34.0,oe:team:5c2e7e9ea8dfcba0150d9a5619baecf|oe:team:5cd2cd09ec94296f605dd13a2924d6c,LCK_20260823_BNK_FEARX_vs_Nongshim_RedForce_S5,1,1,2,"[""Ezreal"", ""Ryze"", ""Lee Sin"", ""Jarvan IV"", ""Camille"", ""Rumble"", ""Anivia"", ""Caitlyn"", ""Ambessa"", ""Bard"", ""Yunara"", ""Lucian"", ""Lulu"", ""Milio"", ""Vayne"", ""Olaf"", ""Annie"", ""Azir"", ""Trundle"", ""Xin Zhao""]",20,False,81.0,32.0,0.3950617283950617,30.0,0.4,4.0,0.75,91.0,42.0,0.46153846153846156,37.0,0.4594594594594595,5.0,0.6,11.0,0.45454545454545453,11.0,0.5454545454545454
LOLTMNT02_459552,2026-08-26 08:08:21+00:00,LCK,2026,1,Rounds 3-4,1,16.16,complete,,HANJIN BRION,oe:team:b77b3f6068e20a2b3edc0ecd3dc70d4,KT Rolster,oe:team:d723992568441c6bafa2658129eade7,0,1,RED,KT Rolster,RED,Cassiopeia,Ezreal,Lucian,Ryze,Orianna,Lee Sin,Jarvan IV,Nocturne,Vi,Syndra,Milio,Olaf,Lulu,K'Sante,Kled,Nautilus,Rakan,Galio,Anivia,Miss Fortune,2128,2128,11,24,24,11,23,64,0.0,1.0,0.0,1.0,1.0,4.0,1.0,0.0,0.0,3.0,0.0,1.0,0.0,2.0,0.0,1.0,3.0,10.0,0.0,1.0,73865,117847,133,133,49,64,335,379,62316,78029,39232,54945,60180,68560,-977.0,977.0,817.0,-817.0,1503.0,-1503.0,682.0,-682.0,2651.0,-2651.0,3459.0,-3459.0,2.0,-2.0,1.0,-1.0,8.0,-8.0,oe:team:b77b3f6068e20a2b3edc0ecd3dc70d4|oe:team:d723992568441c6bafa2658129eade7,LCK_20260826_HANJIN_BRION_vs_KT_Rolster_S4,0,0,0,[],0,False,83.0,33.0,0.39759036144578314,36.0,0.4722222222222222,5.0,0.6,87.0,43.0,0.4942528735632184,41.0,0.3902439024390244,6.0,0.3333333333333333,7.0,0.42857142857142855,7.0,0.5714285714285714
LOLTMNT02_459565,2026-08-26 09:10:31+00:00,LCK,2026,2,Rounds 3-4,1,16.16,complete,,KT Rolster,oe:team:d723992568441c6bafa2658129eade7,HANJIN BRION,oe:team:b77b3f6068e20a2b3edc0ecd3dc70d4,0,1,RED,HANJIN BRION,RED,Cassiopeia,Pantheon,Yunara,Vi,Caitlyn,Ezreal,Lulu,Rumble,Orianna,Galio,Naafiri,Ahri,Corki,K'Sante,Ornn,Kalista,Xayah,Lissandra,Syndra,Renata Glasc,1839,1839,6,12,12,6,17,36,1.0,0.0,0.0,1.0,0.0,5.0,0.0,1.0,3.0,0.0,0.0,1.0,0.0,1.0,0.0,1.0,3.0,7.0,0.0,1.0,51922,55834,133,117,53,60,311,356,50958,61105,30822,40969,50215,52255,375.0,-375.0,-107.0,107.0,2110.0,-2110.0,326.0,-326.0,-645.0,645.0,1511.0,-1511.0,2.0,-2.0,-21.0,21.0,-39.0,39.0,oe:team:b77b3f6068e20a2b3edc0ecd3dc70d4|oe:team:d723992568441c6bafa2658129eade7,LCK_20260826_HANJIN_BRION_vs_KT_Rolster_S4,1,0,1,"[""Lucian"", ""Ryze"", ""Jarvan IV"", ""Nocturne"", ""Milio"", ""Olaf"", ""Kled"", ""Nautilus"", ""Anivia"", ""Miss Fortune""]",10,False,88.0,44.0,0.5,46.0,0.5869565217391305,7.0,0.42857142857142855,84.0,33.0,0.39285714285714285,47.0,0.3404255319148936,6.0,0.5,8.0,0.625,8.0,0.375
LOLTMNT02_459574,2026-08-26 10:04:14+00:00,LCK,2026,3,Rounds 3-4,1,16.16,complete,,KT Rolster,oe:team:d723992568441c6bafa2658129eade7,HANJIN BRION,oe:team:b77b3f6068e20a2b3edc0ecd3dc70d4,0,1,RED,HANJIN BRION,RED,Cassiopeia,Pantheon,Bard,Ezreal,Orianna,Annie,Wukong,Elise,Lee Sin,Karma,Sivir,Xin Zhao,Locke,K'Sante,Zoe,Jayce,Akali,Viktor,Yorick,LeBlanc,2104,2104,3,13,13,3,6,23,1.0,0.0,0.0,1.0,0.0,4.0,0.0,1.0,1.0,2.0,0.0,1.0,0.0,2.0,1.0,0.0,2.0,10.0,0.0,3.0,61377,90371,155,132,56,70,365,378,58645,74048,35806,51209,58306,63763,-1508.0,1508.0,-2722.0,2722.0,-4304.0,4304.0,-231.0,231.0,-1349.0,1349.0,-3774.0,3774.0,-22.0,22.0,-51.0,51.0,-101.0,101.0,oe:team:b77b3f6068e20a2b3edc0ecd3dc70d4|oe:team:d723992568441c6bafa2658129eade7,LCK_20260826_HANJIN_BRION_vs_KT_Rolster_S4,1,1,2,"[""Lucian"", ""Ryze"", ""Jarvan IV"", ""Nocturne"", ""Milio"", ""Olaf"", ""Kled"", ""Nautilus"", ""Anivia"", ""Miss Fortune"", ""Yunara"", ""Vi"", ""Lulu"", ""Rumble"", ""Naafiri"", ""Ahri"", ""Ornn"", ""Kalista"", ""Syndra"", ""Renata Glasc""]",20,False,89.0,44.0,0.4943820224719101,47.0,0.574468085106383,8.0,0.375,85.0,34.0,0.4,48.0,0.3541666666666667,7.0,0.5714285714285714,9.0,0.5555555555555556,9.0,0.4444444444444444
LOLTMNT02_458575,2026-08-26 11:01:30+00:00,LCK,2026,4,Rounds 3-4,1,16.16,complete,,HANJIN BRION,oe:team:b77b3f6068e20a2b3edc0ecd3dc70d4,KT Rolster,oe:team:d723992568441c6bafa2658129eade7,0,1,RED,KT Rolster,BLUE,Yone,Cassiopeia,Pantheon,Ashe,Annie,Caitlyn,Locke,Seraphine,Karma,Orianna,Camille,Lee Sin,Galio,Mel,Jhin,Lissandra,Vayne,Ziggs,Gnar,Ambessa,2018,2018,8,17,17,8,16,48,1.0,0.0,0.0,1.0,2.0,3.0,1.0,0.0,1.0,2.0,0.0,1.0,0.0,1.0,1.0,0.0,3.0,9.0,0.0,1.0,56314,76607,127,133,56,58,320,374,60875,68134,38913,46172,59323,61600,962.0,-962.0,60.0,-60.0,1453.0,-1453.0,557.0,-557.0,-498.0,498.0,1769.0,-1769.0,22.0,-22.0,23.0,-23.0,38.0,-38.0,oe:team:b77b3f6068e20a2b3edc0ecd3dc70d4|oe:team:d723992568441c6bafa2658129eade7,LCK_20260826_HANJIN_BRION_vs_KT_Rolster_S4,2,1,3,"[""Lucian"", ""Ryze"", ""Jarvan IV"", ""Nocturne"", ""Milio"", ""Olaf"", ""Kled"", ""Nautilus"", ""Anivia"", ""Miss Fortune"", ""Yunara"", ""Vi"", ""Lulu"", ""Rumble"", ""Naafiri"", ""Ahri"", ""Ornn"", ""Kalista"", ""Syndra"", ""Renata Glasc"", ""Bard"", ""Ezreal"", ""Wukong"", ""Elise"", ""Sivir"", ""Xin Zhao"", ""Zoe"", ""Jayce"", ""Yorick"", ""LeBlanc""]",30,False,86.0,35.0,0.4069767441860465,37.0,0.4594594594594595,8.0,0.625,90.0,44.0,0.4888888888888889,42.0,0.40476190476190477,9.0,0.3333333333333333,10.0,0.5,10.0,0.5
LOLTMNT02_458596,2026-08-26 12:00:13+00:00,LCK,2026,5,Rounds 3-4,1,16.16,complete,,HANJIN BRION,oe:team:b77b3f6068e20a2b3edc0ecd3dc70d4,KT Rolster,oe:team:d723992568441c6bafa2658129eade7,0,1,RED,KT Rolster,BLUE,Yone,Cassiopeia,Neeko,Zeri,Xayah,Caitlyn,Kai'Sa,Yuumi,Maokai,Orianna,Annie,Trundle,Viktor,Qiyana,Zed,Galio,Vayne,Shyvana,Renekton,K'Sante,2730,2730,13,19,19,13,37,58,0.0,1.0,0.0,1.0,1.0,5.0,1.0,0.0,3.0,0.0,1.0,0.0,2.0,0.0,1.0,0.0,8.0,7.0,3.0,1.0,146056,116056,157,149,73,87,446,447,86438,86971,57214,57747,87340,77168,254.0,-254.0,-745.0,745.0,-978.0,978.0,101.0,-101.0,-1922.0,1922.0,-2048.0,2048.0,14.0,-14.0,0.0,0.0,4.0,-4.0,oe:team:b77b3f6068e20a2b3edc0ecd3dc70d4|oe:team:d723992568441c6bafa2658129eade7,LCK_20260826_HANJIN_BRION_vs_KT_Rolster_S4,2,2,4,"[""Lucian"", ""Ryze"", ""Jarvan IV"", ""Nocturne"", ""Milio"", ""Olaf"", ""Kled"", ""Nautilus"", ""Anivia"", ""Miss Fortune"", ""Yunara"", ""Vi"", ""Lulu"", ""Rumble"", ""Naafiri"", ""Ahri"", ""Ornn"", ""Kalista"", ""Syndra"", ""Renata Glasc"", ""Bard"", ""Ezreal"", ""Wukong"", ""Elise"", ""Sivir"", ""Xin Zhao"", ""Zoe"", ""Jayce"", ""Yorick"", ""LeBlanc"", ""Pantheon"", ""Ashe"", ""Locke"", ""Seraphine"", ""Camille"", ""Lee Sin"", ""Jhin"", ""Lissandra"", ""Gnar"", ""Ambessa""]",40,False,87.0,35.0,0.40229885057471265,38.0,0.4473684210526316,9.0,0.5555555555555556,91.0,45.0,0.4945054945054945,43.0,0.4186046511627907,10.0,0.4,11.0,0.45454545454545453,11.0,0.5454545454545454
LOLTMNT02_458778,2026-08-27 08:07:15+00:00,LCK,2026,1,Rounds 3-4,1,16.16,complete,,BNK FEARX,oe:team:5c2e7e9ea8dfcba0150d9a5619baecf,Nongshim RedForce,oe:team:5cd2cd09ec94296f605dd13a2924d6c,0,1,RED,Nongshim RedForce,RED,Cassiopeia,Vi,Galio,Orianna,Nocturne,Lucian,Lee Sin,Jhin,Ryze,Locke,Jayce,Camille,Olaf,Ezreal,Caitlyn,Shen,Pantheon,Corki,Bard,Jarvan IV,1668,1668,8,27,27,8,17,73,0.0,1.0,1.0,0.0,1.0,3.0,1.0,0.0,1.0,2.0,0.0,1.0,0.0,1.0,1.0,0.0,2.0,9.0,0.0,1.0,57584,80654,111,113,32,50,251,292,48482,63976,30090,45584,45945,58878,-906.0,906.0,-3824.0,3824.0,-7033.0,7033.0,-477.0,477.0,-3452.0,3452.0,-6410.0,6410.0,4.0,-4.0,-12.0,12.0,-57.0,57.0,oe:team:5c2e7e9ea8dfcba0150d9a5619baecf|oe:team:5cd2cd09ec94296f605dd13a2924d6c,LCK_20260827_BNK_FEARX_vs_Nongshim_RedForce_S6,0,0,0,[],0,False,92.0,42.0,0.45652173913043476,54.0,0.46296296296296297,6.0,0.5,82.0,33.0,0.4024390243902439,51.0,0.39215686274509803,5.0,0.8,12.0,0.5,12.0,0.5
LOLTMNT02_458797,2026-08-27 08:57:28+00:00,LCK,2026,2,Rounds 3-4,1,16.16,complete,,Nongshim RedForce,oe:team:5cd2cd09ec94296f605dd13a2924d6c,BNK FEARX,oe:team:5c2e7e9ea8dfcba0150d9a5619baecf,0,1,RED,BNK FEARX,RED,Cassiopeia,Vayne,Yunara,Vi,Ryze,Syndra,Lulu,Ezreal,Lucian,Poppy,Nocturne,Karma,K'Sante,Annie,Ambessa,Ahri,Renekton,Olaf,Locke,Rumble,1850,1850,12,27,27,12,29,74,1.0,0.0,1.0,0.0,2.0,2.0,1.0,0.0,2.0,1.0,0.0,1.0,0.0,1.0,0.0,1.0,3.0,8.0,0.0,1.0,72163,114604,108,108,50,41,285,283,55795,64556,35547,44308,54035,58923,-408.0,408.0,-2373.0,2373.0,339.0,-339.0,-328.0,328.0,-2658.0,2658.0,-1257.0,1257.0,-19.0,19.0,-25.0,25.0,18.0,-18.0,oe:team:5c2e7e9ea8dfcba0150d9a5619baecf|oe:team:5cd2cd09ec94296f605dd13a2924d6c,LCK_20260827_BNK_FEARX_vs_Nongshim_RedForce_S6,1,0,1,"[""Galio"", ""Orianna"", ""Lee Sin"", ""Jhin"", ""Jayce"", ""Camille"", ""Caitlyn"", ""Shen"", ""Bard"", ""Jarvan IV""]",10,False,83.0,34.0,0.40963855421686746,31.0,0.41935483870967744,6.0,0.8333333333333334,93.0,42.0,0.45161290322580644,38.0,0.4473684210526316,7.0,0.42857142857142855,13.0,0.5384615384615384,13.0,0.46153846153846156
LOLTMNT02_458808,2026-08-27 09:50:00+00:00,LCK,2026,3,Rounds 3-4,1,16.16,complete,,BNK FEARX,oe:team:5c2e7e9ea8dfcba0150d9a5619baecf,Nongshim RedForce,oe:team:5cd2cd09ec94296f605dd13a2924d6c,1,0,BLUE,BNK FEARX,RED,Cassiopeia,Pantheon,Olaf,Syndra,Ryze,Vayne,Seraphine,Naafiri,Lucian,Annie,Ashe,Jax,Zeri,Akali,Azir,Varus,Kalista,Diana,K'Sante,Nautilus,2210,2210,18,10,10,18,51,27,1.0,0.0,1.0,0.0,4.0,2.0,1.0,0.0,0.0,3.0,1.0,0.0,2.0,0.0,0.0,1.0,9.0,5.0,1.0,0.0,98754,84608,157,157,82,64,444,388,72860,66694,48940,42774,63480,66613,1450.0,-1450.0,1235.0,-1235.0,-435.0,435.0,315.0,-315.0,341.0,-341.0,-1986.0,1986.0,8.0,-8.0,27.0,-27.0,20.0,-20.0,oe:team:5c2e7e9ea8dfcba0150d9a5619baecf|oe:team:5cd2cd09ec94296f605dd13a2924d6c,LCK_20260827_BNK_FEARX_vs_Nongshim_RedForce_S6,1,1,2,"[""Galio"", ""Orianna"", ""Lee Sin"", ""Jhin"", ""Jayce"", ""Camille"", ""Caitlyn"", ""Shen"", ""Bard"", ""Jarvan IV"", ""Yunara"", ""Vi"", ""Lulu"", ""Ezreal"", ""Nocturne"", ""Karma"", ""Ambessa"", ""Ahri"", ""Locke"", ""Rumble""]",20,False,94.0,43.0,0.4574468085106383,55.0,0.45454545454545453,8.0,0.5,84.0,34.0,0.40476190476190477,52.0,0.40384615384615385,7.0,0.7142857142857143,14.0,0.5,14.0,0.5
LOLTMNT02_458824,2026-08-27 10:48:14+00:00,LCK,2026,4,Rounds 3-4,1,16.16,complete,,BNK FEARX,oe:team:5c2e7e9ea8dfcba0150d9a5619baecf,Nongshim RedForce,oe:team:5cd2cd09ec94296f605dd13a2924d6c,1,0,BLUE,BNK FEARX,RED,Cassiopeia,Vayne,Kalista,Ryze,Lucian,Pantheon,Renata Glasc,Wukong,Gnar,Maokai,Xin Zhao,Gwen,Aphelios,Kennen,Taliyah,Sivir,Xayah,Annie,Nidalee,Neeko,1544,1544,21,10,10,21,53,18,1.0,0.0,0.0,1.0,2.0,1.0,1.0,0.0,2.0,1.0,1.0,0.0,1.0,0.0,1.0,0.0,8.0,1.0,1.0,0.0,78086,67196,86,87,36,27,233,197,55491,43942,38364,26815,48113,42968,536.0,-536.0,838.0,-838.0,5980.0,-5980.0,90.0,-90.0,-469.0,469.0,3742.0,-3742.0,22.0,-22.0,19.0,-19.0,27.0,-27.0,oe:team:5c2e7e9ea8dfcba0150d9a5619baecf|oe:team:5cd2cd09ec94296f605dd13a2924d6c,LCK_20260827_BNK_FEARX_vs_Nongshim_RedForce_S6,2,1,3,"[""Galio"", ""Orianna"", ""Lee Sin"", ""Jhin"", ""Jayce"", ""Camille"", ""Caitlyn"", ""Shen"", ""Bard"", ""Jarvan IV"", ""Yunara"", ""Vi"", ""Lulu"", ""Ezreal"", ""Nocturne"", ""Karma"", ""Ambessa"", ""Ahri"", ""Locke"", ""Rumble"", ""Olaf"", ""Syndra"", ""Seraphine"", ""Naafiri"", ""Ashe"", ""Jax"", ""Azir"", ""Varus"", ""K'Sante"", ""Nautilus""]",30,False,95.0,44.0,0.4631578947368421,56.0,0.4642857142857143,9.0,0.5555555555555556,85.0,34.0,0.4,53.0,0.39622641509433965,8.0,0.625,15.0,0.5333333333333333,15.0,0.4666666666666667
LOLTMNT02_461046,2026-08-28 08:06:46+00:00,LCK,2026,1,Rounds 3-4,1,16.16,complete,,BNK FEARX,oe:team:5c2e7e9ea8dfcba0150d9a5619baecf,HANJIN BRION,oe:team:b77b3f6068e20a2b3edc0ecd3dc70d4,1,0,BLUE,BNK FEARX,RED,Vi,Lucian,Syndra,Ryze,Cassiopeia,Nocturne,Jarvan IV,Lee Sin,Orianna,Camille,K'Sante,Olaf,Seraphine,Yunara,Karma,Ezreal,Caitlyn,Kalista,Sivir,Bard,2028,2028,22,13,13,22,66,28,1.0,0.0,0.0,1.0,4.0,1.0,1.0,0.0,0.0,3.0,0.0,0.0,0.0,0.0,1.0,0.0,8.0,3.0,1.0,0.0,111668,89054,137,137,66,53,402,323,69210,61027,47146,38963,62035,59073,1996.0,-1996.0,1824.0,-1824.0,1695.0,-1695.0,1419.0,-1419.0,1300.0,-1300.0,707.0,-707.0,24.0,-24.0,35.0,-35.0,18.0,-18.0,oe:team:5c2e7e9ea8dfcba0150d9a5619baecf|oe:team:b77b3f6068e20a2b3edc0ecd3dc70d4,LCK_20260828_BNK_FEARX_vs_HANJIN_BRION_S6,0,0,0,[],0,False,96.0,45.0,0.46875,57.0,0.47368421052631576,10.0,0.6,88.0,35.0,0.3977272727272727,49.0,0.3673469387755102,10.0,0.5,12.0,0.3333333333333333,12.0,0.6666666666666666
LOLTMNT02_461064,2026-08-28 09:04:21+00:00,LCK,2026,2,Rounds 3-4,1,16.16,complete,,BNK FEARX,oe:team:5c2e7e9ea8dfcba0150d9a5619baecf,HANJIN BRION,oe:team:b77b3f6068e20a2b3edc0ecd3dc70d4,0,1,RED,HANJIN BRION,RED,Cassiopeia,Lulu,Kalista,Nocturne,Vi,Pantheon,Renata Glasc,Caitlyn,Orianna,Lucian,Naafiri,Neeko,Ambessa,Ahri,Rumble,Anivia,Taliyah,Annie,Twisted Fate,Aurora,1613,1613,9,29,29,9,22,69,0.0,1.0,0.0,1.0,0.0,3.0,0.0,1.0,0.0,3.0,0.0,1.0,0.0,1.0,0.0,1.0,2.0,10.0,0.0,2.0,66159,88612,81,93,34,38,200,256,49013,62018,31182,44187,45595,56640,-3898.0,3898.0,-5579.0,5579.0,-7952.0,7952.0,-1826.0,1826.0,-2481.0,2481.0,-4764.0,4764.0,-29.0,29.0,-61.0,61.0,-69.0,69.0,oe:team:5c2e7e9ea8dfcba0150d9a5619baecf|oe:team:b77b3f6068e20a2b3edc0ecd3dc70d4,LCK_20260828_BNK_FEARX_vs_HANJIN_BRION_S6,1,0,1,"[""Syndra"", ""Ryze"", ""Jarvan IV"", ""Lee Sin"", ""K'Sante"", ""Olaf"", ""Karma"", ""Ezreal"", ""Sivir"", ""Bard""]",10,False,97.0,46.0,0.4742268041237113,58.0,0.4827586206896552,11.0,0.6363636363636364,89.0,35.0,0.39325842696629215,50.0,0.36,11.0,0.45454545454545453,13.0,0.38461538461538464,13.0,0.6153846153846154
LOLTMNT02_461095,2026-08-28 09:54:08+00:00,LCK,2026,3,Rounds 3-4,1,16.16,complete,,HANJIN BRION,oe:team:b77b3f6068e20a2b3edc0ecd3dc70d4,BNK FEARX,oe:team:5c2e7e9ea8dfcba0150d9a5619baecf,1,0,BLUE,HANJIN BRION,RED,Cassiopeia,Lulu,Milio,Lucian,Vi,Skarner,Trundle,Yuumi,Pantheon,Orianna,Draven,Wukong,Ahri,Annie,Jayce,Vayne,Akali,Taliyah,Kennen,Galio,1838,1838,15,6,6,15,39,14,0.0,1.0,0.0,1.0,3.0,1.0,1.0,0.0,3.0,0.0,1.0,0.0,1.0,0.0,1.0,0.0,10.0,2.0,2.0,0.0,70268,50312,118,93,30,52,281,270,62977,52586,42851,32460,54323,49423,1510.0,-1510.0,5330.0,-5330.0,4899.0,-4899.0,1077.0,-1077.0,1712.0,-1712.0,1387.0,-1387.0,47.0,-47.0,44.0,-44.0,37.0,-37.0,oe:team:5c2e7e9ea8dfcba0150d9a5619baecf|oe:team:b77b3f6068e20a2b3edc0ecd3dc70d4,LCK_20260828_BNK_FEARX_vs_HANJIN_BRION_S6,1,1,2,"[""Syndra"", ""Ryze"", ""Jarvan IV"", ""Lee Sin"", ""K'Sante"", ""Olaf"", ""Karma"", ""Ezreal"", ""Sivir"", ""Bard"", ""Kalista"", ""Nocturne"", ""Renata Glasc"", ""Caitlyn"", ""Naafiri"", ""Neeko"", ""Rumble"", ""Anivia"", ""Twisted Fate"", ""Aurora""]",20,False,90.0,36.0,0.4,39.0,0.4358974358974359,12.0,0.5,98.0,46.0,0.46938775510204084,39.0,0.46153846153846156,12.0,0.5833333333333334,14.0,0.6428571428571429,14.0,0.35714285714285715
LOLTMNT02_461110,2026-08-28 10:46:56+00:00,LCK,2026,4,Rounds 3-4,1,16.16,complete,,HANJIN BRION,oe:team:b77b3f6068e20a2b3edc0ecd3dc70d4,BNK FEARX,oe:team:5c2e7e9ea8dfcba0150d9a5619baecf,0,1,RED,BNK FEARX,RED,Cassiopeia,Gnar,Lulu,Orianna,Vi,Locke,Pantheon,Yunara,Xin Zhao,Akali,Xayah,Nautilus,Qiyana,Azir,Renekton,Maokai,Skarner,Sylas,Ahri,Aatrox,1765,1765,6,20,20,6,14,55,1.0,0.0,1.0,0.0,1.0,3.0,1.0,0.0,0.0,3.0,0.0,1.0,0.0,1.0,1.0,0.0,3.0,10.0,0.0,1.0,51045,81969,102,121,40,56,268,331,52013,63907,32632,44526,51280,57140,1409.0,-1409.0,1849.0,-1849.0,1066.0,-1066.0,648.0,-648.0,1260.0,-1260.0,-605.0,605.0,24.0,-24.0,31.0,-31.0,32.0,-32.0,oe:team:5c2e7e9ea8dfcba0150d9a5619baecf|oe:team:b77b3f6068e20a2b3edc0ecd3dc70d4,LCK_20260828_BNK_FEARX_vs_HANJIN_BRION_S6,2,1,3,"[""Syndra"", ""Ryze"", ""Jarvan IV"", ""Lee Sin"", ""K'Sante"", ""Olaf"", ""Karma"", ""Ezreal"", ""Sivir"", ""Bard"", ""Kalista"", ""Nocturne"", ""Renata Glasc"", ""Caitlyn"", ""Naafiri"", ""Neeko"", ""Rumble"", ""Anivia"", ""Twisted Fate"", ""Aurora"", ""Milio"", ""Lucian"", ""Trundle"", ""Yuumi"", ""Draven"", ""Wukong"", ""Jayce"", ""Vayne"", ""Kennen"", ""Galio""]",30,False,91.0,37.0,0.4065934065934066,40.0,0.45,13.0,0.5384615384615384,99.0,46.0,0.46464646464646464,40.0,0.45,13.0,0.5384615384615384,15.0,0.6666666666666666,15.0,0.3333333333333333
LOLTMNT02_461127,2026-08-28 11:40:15+00:00,LCK,2026,5,Rounds 3-4,1,16.16,complete,,BNK FEARX,oe:team:5c2e7e9ea8dfcba0150d9a5619baecf,HANJIN BRION,oe:team:b77b3f6068e20a2b3edc0ecd3dc70d4,1,0,BLUE,BNK FEARX,RED,Cassiopeia,Gnar,Jhin,Skarner,Vi,Seraphine,Shen,Kai'Sa,Xin Zhao,Qiyana,Viktor,Rell,Akali,Camille,Nidalee,Annie,Locke,Sejuani,Irelia,Ambessa,1872,1872,14,6,6,14,35,18,0.0,1.0,1.0,0.0,3.0,1.0,1.0,0.0,3.0,0.0,1.0,0.0,1.0,0.0,1.0,0.0,10.0,0.0,2.0,0.0,80727,47538,125,116,66,51,370,301,66506,53131,46034,32659,59600,50665,2896.0,-2896.0,4676.0,-4676.0,6887.0,-6887.0,2337.0,-2337.0,4404.0,-4404.0,5966.0,-5966.0,75.0,-75.0,130.0,-130.0,185.0,-185.0,oe:team:5c2e7e9ea8dfcba0150d9a5619baecf|oe:team:b77b3f6068e20a2b3edc0ecd3dc70d4,LCK_20260828_BNK_FEARX_vs_HANJIN_BRION_S6,2,2,4,"[""Syndra"", ""Ryze"", ""Jarvan IV"", ""Lee Sin"", ""K'Sante"", ""Olaf"", ""Karma"", ""Ezreal"", ""Sivir"", ""Bard"", ""Kalista"", ""Nocturne"", ""Renata Glasc"", ""Caitlyn"", ""Naafiri"", ""Neeko"", ""Rumble"", ""Anivia"", ""Twisted Fate"", ""Aurora"", ""Milio"", ""Lucian"", ""Trundle"", ""Yuumi"", ""Draven"", ""Wukong"", ""Jayce"", ""Vayne"", ""Kennen"", ""Galio"", ""Lulu"", ""Orianna"", ""Pantheon"", ""Yunara"", ""Xayah"", ""Nautilus"", ""Renekton"", ""Maokai"", ""Ahri"", ""Aatrox""]",40,False,100.0,47.0,0.47,59.0,0.4745762711864407,14.0,0.5714285714285714,92.0,37.0,0.40217391304347827,51.0,0.37254901960784315,14.0,0.5,16.0,0.375,16.0,0.625
LOLTMNT02_461258,2026-08-29 08:07:39+00:00,LCK,2026,1,Rounds 3-4,1,16.16,complete,,BNK FEARX,oe:team:5c2e7e9ea8dfcba0150d9a5619baecf,T1,oe:team:ce499dea30cfce118f4fe85da0227e8,0,1,RED,T1,RED,Bard,Karma,Lucian,Vi,Nocturne,Lee Sin,Milio,Yunara,Cassiopeia,Orianna,Jarvan IV,Lulu,Syndra,Vayne,Ryze,Taliyah,Anivia,Olaf,K'Sante,Jayce,1989,1989,8,25,25,8,17,73,1.0,0.0,0.0,1.0,0.0,4.0,0.0,1.0,3.0,0.0,0.0,1.0,0.0,2.0,0.0,1.0,2.0,11.0,0.0,2.0,70032,119697,126,136,56,62,336,356,57475,73949,35809,52283,55470,67140,855.0,-855.0,-3783.0,3783.0,-4667.0,4667.0,606.0,-606.0,-2543.0,2543.0,-4028.0,4028.0,23.0,-23.0,-28.0,28.0,-41.0,41.0,oe:team:5c2e7e9ea8dfcba0150d9a5619baecf|oe:team:ce499dea30cfce118f4fe85da0227e8,LCK_20260829_BNK_FEARX_vs_T1_S5,0,0,0,[],0,False,101.0,48.0,0.4752475247524752,60.0,0.48333333333333334,15.0,0.6,91.0,56.0,0.6153846153846154,42.0,0.5714285714285714,5.0,0.4,11.0,0.36363636363636365,11.0,0.6363636363636364
LOLTMNT02_460279,2026-08-29 09:04:53+00:00,LCK,2026,2,Rounds 3-4,1,16.16,complete,,BNK FEARX,oe:team:5c2e7e9ea8dfcba0150d9a5619baecf,T1,oe:team:ce499dea30cfce118f4fe85da0227e8,1,0,BLUE,BNK FEARX,BLUE,Bard,Cassiopeia,Rumble,Nocturne,Ambessa,Orianna,Pantheon,Ornn,Camille,Karma,Ahri,Akali,Caitlyn,Nautilus,Zeri,Seraphine,Neeko,Kalista,Yuumi,Ezreal,1742,1742,22,4,4,22,56,10,1.0,0.0,0.0,1.0,3.0,1.0,1.0,0.0,3.0,0.0,1.0,0.0,1.0,0.0,1.0,0.0,9.0,1.0,1.0,0.0,95028,53692,85,81,36,43,236,236,62092,47802,42946,28656,56240,45848,856.0,-856.0,2148.0,-2148.0,2975.0,-2975.0,607.0,-607.0,2590.0,-2590.0,3595.0,-3595.0,-13.0,13.0,6.0,-6.0,0.0,0.0,oe:team:5c2e7e9ea8dfcba0150d9a5619baecf|oe:team:ce499dea30cfce118f4fe85da0227e8,LCK_20260829_BNK_FEARX_vs_T1_S5,0,1,1,"[""Lucian"", ""Vi"", ""Milio"", ""Yunara"", ""Jarvan IV"", ""Lulu"", ""Ryze"", ""Taliyah"", ""K'Sante"", ""Jayce""]",10,False,102.0,48.0,0.47058823529411764,61.0,0.47540983606557374,16.0,0.5625,92.0,57.0,0.6195652173913043,43.0,0.5813953488372093,6.0,0.5,12.0,0.3333333333333333,12.0,0.6666666666666666
LOLTMNT02_460287,2026-08-29 09:59:39+00:00,LCK,2026,3,Rounds 3-4,1,16.16,complete,,T1,oe:team:ce499dea30cfce118f4fe85da0227e8,BNK FEARX,oe:team:5c2e7e9ea8dfcba0150d9a5619baecf,0,1,RED,BNK FEARX,BLUE,Camille,Cassiopeia,Jhin,Lee Sin,Karma,Orianna,Naafiri,Shen,Poppy,Caitlyn,Bard,Kai'Sa,Syndra,Locke,Galio,Annie,Vayne,Viktor,Olaf,Kled,1803,1803,7,15,15,7,13,31,0.0,1.0,0.0,1.0,0.0,4.0,0.0,1.0,0.0,3.0,0.0,1.0,0.0,1.0,0.0,1.0,2.0,10.0,0.0,2.0,61345,68535,107,136,53,48,279,325,52959,61978,33190,42209,50640,54190,-2030.0,2030.0,-3082.0,3082.0,-3739.0,3739.0,-1569.0,1569.0,-1853.0,1853.0,-695.0,695.0,-17.0,17.0,-17.0,17.0,-16.0,16.0,oe:team:5c2e7e9ea8dfcba0150d9a5619baecf|oe:team:ce499dea30cfce118f4fe85da0227e8,LCK_20260829_BNK_FEARX_vs_T1_S5,1,1,2,"[""Lucian"", ""Vi"", ""Milio"", ""Yunara"", ""Jarvan IV"", ""Lulu"", ""Ryze"", ""Taliyah"", ""K'Sante"", ""Jayce"", ""Rumble"", ""Nocturne"", ""Pantheon"", ""Ornn"", ""Ahri"", ""Akali"", ""Zeri"", ""Seraphine"", ""Yuumi"", ""Ezreal""]",20,False,93.0,57.0,0.6129032258064516,49.0,0.6530612244897959,7.0,0.42857142857142855,103.0,49.0,0.47572815533980584,41.0,0.4634146341463415,17.0,0.5882352941176471,13.0,0.6153846153846154,13.0,0.38461538461538464
LOLTMNT02_461283,2026-08-29 10:53:48+00:00,LCK,2026,4,Rounds 3-4,1,16.16,complete,,BNK FEARX,oe:team:5c2e7e9ea8dfcba0150d9a5619baecf,T1,oe:team:ce499dea30cfce118f4fe85da0227e8,0,1,RED,T1,BLUE,Camille,Orianna,Viktor,Neeko,Xin Zhao,Cassiopeia,Yorick,Anivia,Caitlyn,Karma,Maokai,Skarner,Ambessa,Renata Glasc,Corki,Miss Fortune,Renekton,Alistar,Nami,Nasus,2561,2561,11,16,16,11,29,41,1.0,0.0,0.0,1.0,3.0,4.0,0.0,1.0,3.0,0.0,1.0,0.0,2.0,1.0,0.0,1.0,4.0,10.0,0.0,4.0,170616,122314,170,181,96,67,472,445,80473,83807,52973,56307,75131,81350,282.0,-282.0,-165.0,165.0,749.0,-749.0,-718.0,718.0,-132.0,132.0,1280.0,-1280.0,9.0,-9.0,18.0,-18.0,26.0,-26.0,oe:team:5c2e7e9ea8dfcba0150d9a5619baecf|oe:team:ce499dea30cfce118f4fe85da0227e8,LCK_20260829_BNK_FEARX_vs_T1_S5,2,1,3,"[""Lucian"", ""Vi"", ""Milio"", ""Yunara"", ""Jarvan IV"", ""Lulu"", ""Ryze"", ""Taliyah"", ""K'Sante"", ""Jayce"", ""Rumble"", ""Nocturne"", ""Pantheon"", ""Ornn"", ""Ahri"", ""Akali"", ""Zeri"", ""Seraphine"", ""Yuumi"", ""Ezreal"", ""Jhin"", ""Lee Sin"", ""Naafiri"", ""Shen"", ""Bard"", ""Kai'Sa"", ""Galio"", ""Annie"", ""Olaf"", ""Kled""]",30,False,104.0,50.0,0.4807692307692308,62.0,0.4838709677419355,18.0,0.6111111111111112,94.0,57.0,0.6063829787234043,44.0,0.5681818181818182,8.0,0.375,14.0,0.42857142857142855,14.0,0.5714285714285714
LOLTMNT02_461296,2026-08-29 12:01:33+00:00,LCK,2026,5,Rounds 3-4,1,16.16,complete,,T1,oe:team:ce499dea30cfce118f4fe85da0227e8,BNK FEARX,oe:team:5c2e7e9ea8dfcba0150d9a5619baecf,1,0,BLUE,T1,BLUE,Trundle,Caitlyn,Renata Glasc,Kalista,Syndra,Cassiopeia,Varus,Xin Zhao,Karma,Orianna,Poppy,Soraka,Vayne,Locke,Kennen,Azir,Twisted Fate,LeBlanc,Yone,Lissandra,1565,1565,27,7,8,27,51,18,1.0,0.0,1.0,0.0,4.0,0.0,0.0,1.0,0.0,3.0,1.0,0.0,1.0,0.0,1.0,0.0,9.0,2.0,1.0,0.0,88547,67398,87,97,43,38,266,242,60887,45231,43546,27890,55325,42225,1064.0,-1064.0,1944.0,-1944.0,7787.0,-7787.0,826.0,-826.0,1179.0,-1179.0,6441.0,-6441.0,28.0,-28.0,33.0,-33.0,78.0,-78.0,oe:team:5c2e7e9ea8dfcba0150d9a5619baecf|oe:team:ce499dea30cfce118f4fe85da0227e8,LCK_20260829_BNK_FEARX_vs_T1_S5,2,2,4,"[""Lucian"", ""Vi"", ""Milio"", ""Yunara"", ""Jarvan IV"", ""Lulu"", ""Ryze"", ""Taliyah"", ""K'Sante"", ""Jayce"", ""Rumble"", ""Nocturne"", ""Pantheon"", ""Ornn"", ""Ahri"", ""Akali"", ""Zeri"", ""Seraphine"", ""Yuumi"", ""Ezreal"", ""Jhin"", ""Lee Sin"", ""Naafiri"", ""Shen"", ""Bard"", ""Kai'Sa"", ""Galio"", ""Annie"", ""Olaf"", ""Kled"", ""Viktor"", ""Neeko"", ""Yorick"", ""Anivia"", ""Maokai"", ""Skarner"", ""Corki"", ""Miss Fortune"", ""Nami"", ""Nasus""]",40,False,95.0,58.0,0.6105263157894737,50.0,0.64,9.0,0.4444444444444444,105.0,50.0,0.47619047619047616,42.0,0.47619047619047616,19.0,0.5789473684210527,15.0,0.6,15.0,0.4
LOLTMNT02_461410,2026-08-30 08:10:04+00:00,LCK,2026,1,Rounds 3-4,1,16.16,complete,,KT Rolster,oe:team:d723992568441c6bafa2658129eade7,Dplus Kia,oe:team:ef69efa6acebe94107f0cf1ba716806,1,0,BLUE,KT Rolster,RED,Cassiopeia,Nocturne,Ezreal,Orianna,Vi,Poppy,Jarvan IV,Xin Zhao,Lee Sin,Ryze,Trundle,Olaf,Lucian,Karma,Syndra,Caitlyn,Lulu,Seraphine,Nautilus,Bard,2318,2318,15,11,11,15,36,28,0.0,1.0,0.0,1.0,5.0,1.0,0.0,1.0,1.0,2.0,1.0,0.0,1.0,0.0,1.0,0.0,10.0,4.0,2.0,0.0,100456,81603,165,157,86,79,465,427,77416,69703,52394,44681,68886,66875,-199.0,199.0,521.0,-521.0,777.0,-777.0,434.0,-434.0,1192.0,-1192.0,-395.0,395.0,32.0,-32.0,48.0,-48.0,40.0,-40.0,oe:team:d723992568441c6bafa2658129eade7|oe:team:ef69efa6acebe94107f0cf1ba716806,LCK_20260830_Dplus_Kia_vs_KT_Rolster_S6,0,0,0,[],0,False,92.0,46.0,0.5,48.0,0.5625,11.0,0.45454545454545453,104.0,58.0,0.5576923076923077,48.0,0.4166666666666667,5.0,0.4,15.0,0.5333333333333333,15.0,0.4666666666666667
LOLTMNT02_461420,2026-08-30 09:12:22+00:00,LCK,2026,2,Rounds 3-4,1,16.16,complete,,KT Rolster,oe:team:d723992568441c6bafa2658129eade7,Dplus Kia,oe:team:ef69efa6acebe94107f0cf1ba716806,1,0,BLUE,KT Rolster,RED,Cassiopeia,Nocturne,Kalista,Vi,Ryze,Poppy,Renata Glasc,Jayce,Lucian,Pantheon,Ahri,Taliyah,Viktor,K'Sante,Skarner,Annie,Lulu,Naafiri,Rumble,Alistar,2474,2474,15,13,13,15,46,34,0.0,1.0,1.0,0.0,3.0,3.0,1.0,0.0,2.0,1.0,0.0,1.0,1.0,2.0,0.0,1.0,6.0,9.0,1.0,1.0,96082,94639,187,174,104,97,504,510,80610,80208,53997,53595,72435,79675,-1817.0,1817.0,-2694.0,2694.0,-7463.0,7463.0,-1076.0,1076.0,-1760.0,1760.0,-6101.0,6101.0,-42.0,42.0,-60.0,60.0,-88.0,88.0,oe:team:d723992568441c6bafa2658129eade7|oe:team:ef69efa6acebe94107f0cf1ba716806,LCK_20260830_Dplus_Kia_vs_KT_Rolster_S6,1,0,1,"[""Ezreal"", ""Orianna"", ""Jarvan IV"", ""Xin Zhao"", ""Trundle"", ""Olaf"", ""Syndra"", ""Caitlyn"", ""Nautilus"", ""Bard""]",10,False,93.0,47.0,0.5053763440860215,49.0,0.5714285714285714,12.0,0.5,105.0,58.0,0.5523809523809524,49.0,0.40816326530612246,6.0,0.3333333333333333,16.0,0.5625,16.0,0.4375
LOLTMNT02_461430,2026-08-30 10:16:18+00:00,LCK,2026,3,Rounds 3-4,1,16.16,complete,,KT Rolster,oe:team:d723992568441c6bafa2658129eade7,Dplus Kia,oe:team:ef69efa6acebe94107f0cf1ba716806,1,0,BLUE,KT Rolster,BLUE,Lucian,Nocturne,Ryze,Lulu,Lee Sin,Cassiopeia,Ashe,Yunara,Viktor,Pantheon,Seraphine,Naafiri,Vayne,Poppy,Gnar,Aurora,Twisted Fate,Wukong,Cho'Gath,Ambessa,2304,2304,14,11,11,14,32,28,0.0,1.0,0.0,1.0,2.0,3.0,0.0,1.0,3.0,0.0,1.0,0.0,2.0,0.0,1.0,0.0,10.0,5.0,2.0,0.0,84975,81741,136,125,74,85,404,387,75649,73716,50770,48837,69558,71320,1311.0,-1311.0,1321.0,-1321.0,650.0,-650.0,1726.0,-1726.0,1708.0,-1708.0,-356.0,356.0,26.0,-26.0,29.0,-29.0,13.0,-13.0,oe:team:d723992568441c6bafa2658129eade7|oe:team:ef69efa6acebe94107f0cf1ba716806,LCK_20260830_Dplus_Kia_vs_KT_Rolster_S6,2,0,2,"[""Ezreal"", ""Orianna"", ""Jarvan IV"", ""Xin Zhao"", ""Trundle"", ""Olaf"", ""Syndra"", ""Caitlyn"", ""Nautilus"", ""Bard"", ""Kalista"", ""Vi"", ""Renata Glasc"", ""Jayce"", ""Ahri"", ""Taliyah"", ""Skarner"", ""Annie"", ""Rumble"", ""Alistar""]",20,False,94.0,48.0,0.5106382978723404,50.0,0.58,13.0,0.5384615384615384,106.0,58.0,0.5471698113207547,50.0,0.4,7.0,0.2857142857142857,17.0,0.5882352941176471,17.0,0.4117647058823529
